ISO-10303-21;
HEADER;
/* Generated by software containing ST-Developer
 * from STEP Tools, Inc. (www.steptools.com) 
 */
/* OPTION: using custom renumber hook */

FILE_DESCRIPTION(
/* description */ ('STEP AP242 Edition 2',
'CAx-IF Rec.Pracs.---Representation and Presentation of Product Manufa
cturing Information (PMI)---4.0---2014-10-13',
'CAx-IF Rec.Pracs.---3D Tessellated Geometry---0.4---2014-09-14','2;1',
'CAx-IF Rec.Pracs.---User Defined Attributes---1.5---2016-08-15'),
/* implementation_level */ '2;1');

FILE_NAME(
/* name */ 'Part Studio 1 - Case',
/* time_stamp */ '2026-08-26T07:20:17Z',
/* author */ (''),
/* organization */ (''),
/* preprocessor_version */ 'ST-DEVELOPER v20',
/* originating_system */ 'ONSHAPE BY PTC INC, 1.219',
/* authorisation */ '  ');

FILE_SCHEMA (('AP242_MANAGED_MODEL_BASED_3D_ENGINEERING_MIM_LF { 1 0 10303 442 3 1 4 }'));
ENDSEC;

DATA;
#10=SHAPE_REPRESENTATION_RELATIONSHIP('','',#7704,#11);
#11=ADVANCED_BREP_SHAPE_REPRESENTATION('',(#7702),#14562);
#12=TOROIDAL_SURFACE('',#8253,0.0547408001330082,0.003);
#13=TOROIDAL_SURFACE('',#8254,0.0547408001330082,0.003);
#14=(
BOUNDED_SURFACE()
B_SPLINE_SURFACE(3,2,((#10688,#10689,#10690),(#10691,#10692,#10693),(#10694,
#10695,#10696),(#10697,#10698,#10699)),.UNSPECIFIED.,.F.,.F.,.F.)
B_SPLINE_SURFACE_WITH_KNOTS((4,4),(3,3),(5.27192386947661,5.95102155872513),
(0.,1.),.PIECEWISE_BEZIER_KNOTS.)
GEOMETRIC_REPRESENTATION_ITEM()
RATIONAL_B_SPLINE_SURFACE(((1.,0.795423169276231,1.),(1.,0.825571519387687,
1.),(1.,0.847346738282141,1.),(1.,0.858099496253273,1.)))
REPRESENTATION_ITEM('')
SURFACE()
);
#15=(
BOUNDED_SURFACE()
B_SPLINE_SURFACE(3,2,((#11040,#11041,#11042),(#11043,#11044,#11045),(#11046,
#11047,#11048),(#11049,#11050,#11051),(#11052,#11053,#11054),(#11055,#11056,
#11057),(#11058,#11059,#11060)),.UNSPECIFIED.,.F.,.F.,.F.)
B_SPLINE_SURFACE_WITH_KNOTS((4,1,1,1,4),(3,3),(5.26386331835967,5.77352431276963,
6.28318530717959,6.79284630158955,7.3025072959995),(0.,1.),
 .UNSPECIFIED.)
GEOMETRIC_REPRESENTATION_ITEM()
RATIONAL_B_SPLINE_SURFACE(((1.,0.794346204384063,1.),(1.,0.817116779258846,
1.),(1.,0.853394970766414,1.),(1.,0.872340620293394,1.),(1.,0.853394970766639,
1.),(1.,0.817116779258324,1.),(1.,0.79434620438406,1.)))
REPRESENTATION_ITEM('')
SURFACE()
);
#16=(
BOUNDED_SURFACE()
B_SPLINE_SURFACE(3,2,((#11106,#11107,#11108),(#11109,#11110,#11111),(#11112,
#11113,#11114),(#11115,#11116,#11117),(#11118,#11119,#11120),(#11121,#11122,
#11123),(#11124,#11125,#11126)),.UNSPECIFIED.,.F.,.F.,.F.)
B_SPLINE_SURFACE_WITH_KNOTS((4,1,1,1,4),(3,3),(5.26386331835967,5.77352431276963,
6.28318530717959,6.79284630158955,7.3025072959995),(0.,1.),
 .UNSPECIFIED.)
GEOMETRIC_REPRESENTATION_ITEM()
RATIONAL_B_SPLINE_SURFACE(((1.,0.794346204384063,1.),(1.,0.81711677925861,
1.),(1.,0.853394970766554,1.),(1.,0.872340620293258,1.),(1.,0.853394970767043,
1.),(1.,0.817116779257473,1.),(1.,0.794346204384061,1.)))
REPRESENTATION_ITEM('')
SURFACE()
);
#17=(
BOUNDED_SURFACE()
B_SPLINE_SURFACE(3,2,((#11172,#11173,#11174),(#11175,#11176,#11177),(#11178,
#11179,#11180),(#11181,#11182,#11183),(#11184,#11185,#11186),(#11187,#11188,
#11189),(#11190,#11191,#11192)),.UNSPECIFIED.,.F.,.F.,.F.)
B_SPLINE_SURFACE_WITH_KNOTS((4,1,1,1,4),(3,3),(5.26386331835967,5.77352431276963,
6.28318530717959,6.79284630158955,7.3025072959995),(0.,1.),
 .UNSPECIFIED.)
GEOMETRIC_REPRESENTATION_ITEM()
RATIONAL_B_SPLINE_SURFACE(((1.,0.794346204384063,1.),(1.,0.817116779257523,
1.),(1.,0.853394970767078,1.),(1.,0.872340620293057,1.),(1.,0.853394970767323,
1.),(1.,0.817116779256953,1.),(1.,0.794346204384061,1.)))
REPRESENTATION_ITEM('')
SURFACE()
);
#18=(
BOUNDED_SURFACE()
B_SPLINE_SURFACE(3,2,((#11225,#11226,#11227),(#11228,#11229,#11230),(#11231,
#11232,#11233),(#11234,#11235,#11236)),.UNSPECIFIED.,.F.,.F.,.F.)
B_SPLINE_SURFACE_WITH_KNOTS((4,4),(3,3),(0.339506027907991,1.01121764677184),
(0.,1.),.PIECEWISE_BEZIER_KNOTS.)
GEOMETRIC_REPRESENTATION_ITEM()
RATIONAL_B_SPLINE_SURFACE(((1.,0.857746944590619,1.),(1.,0.846880573589048,
1.),(1.,0.825248412498756,1.),(1.,0.795429001432883,1.)))
REPRESENTATION_ITEM('')
SURFACE()
);
#19=(
BOUNDED_SURFACE()
B_SPLINE_SURFACE(3,2,((#11302,#11303,#11304),(#11305,#11306,#11307),(#11308,
#11309,#11310),(#11311,#11312,#11313),(#11314,#11315,#11316),(#11317,#11318,
#11319),(#11320,#11321,#11322)),.UNSPECIFIED.,.F.,.F.,.F.)
B_SPLINE_SURFACE_WITH_KNOTS((4,1,1,1,4),(3,3),(5.26386331835967,5.77352431276963,
6.28318530717959,6.79284630158954,7.3025072959995),(0.,1.),
 .UNSPECIFIED.)
GEOMETRIC_REPRESENTATION_ITEM()
RATIONAL_B_SPLINE_SURFACE(((1.,0.794346204384063,1.),(1.,0.817116779255773,
1.),(1.,0.853394970767914,1.),(1.,0.872340620292761,1.),(1.,0.85339497076767,
1.),(1.,0.81711677925634,1.),(1.,0.794346204384063,1.)))
REPRESENTATION_ITEM('')
SURFACE()
);
#20=(
BOUNDED_SURFACE()
B_SPLINE_SURFACE(3,2,((#11392,#11393,#11394),(#11395,#11396,#11397),(#11398,
#11399,#11400),(#11401,#11402,#11403),(#11404,#11405,#11406),(#11407,#11408,
#11409),(#11410,#11411,#11412)),.UNSPECIFIED.,.F.,.F.,.F.)
B_SPLINE_SURFACE_WITH_KNOTS((4,1,1,1,4),(3,3),(5.26386331835967,5.77352431276963,
6.28318530717959,6.79284630158954,7.3025072959995),(0.,1.),
 .UNSPECIFIED.)
GEOMETRIC_REPRESENTATION_ITEM()
RATIONAL_B_SPLINE_SURFACE(((1.,0.794346204384061,1.),(1.,0.817116779259129,
1.),(1.,0.853394970766254,1.),(1.,0.87234062029353,1.),(1.,0.853394970766255,
1.),(1.,0.817116779259129,1.),(1.,0.794346204384061,1.)))
REPRESENTATION_ITEM('')
SURFACE()
);
#21=(
BOUNDED_SURFACE()
B_SPLINE_SURFACE(3,2,((#11482,#11483,#11484),(#11485,#11486,#11487),(#11488,
#11489,#11490),(#11491,#11492,#11493),(#11494,#11495,#11496),(#11497,#11498,
#11499),(#11500,#11501,#11502)),.UNSPECIFIED.,.F.,.F.,.F.)
B_SPLINE_SURFACE_WITH_KNOTS((4,1,1,1,4),(3,3),(5.26386331835967,5.77352431276963,
6.28318530717959,6.79284630158955,7.3025072959995),(0.,1.),
 .UNSPECIFIED.)
GEOMETRIC_REPRESENTATION_ITEM()
RATIONAL_B_SPLINE_SURFACE(((1.,0.794346204384061,1.),(1.,0.817116779259129,
1.),(1.,0.853394970766218,1.),(1.,0.872340620293654,1.),(1.,0.853394970765795,
1.),(1.,0.817116779260121,1.),(1.,0.794346204384061,1.)))
REPRESENTATION_ITEM('')
SURFACE()
);
#22=(
BOUNDED_SURFACE()
B_SPLINE_SURFACE(3,2,((#11556,#11557,#11558),(#11559,#11560,#11561),(#11562,
#11563,#11564),(#11565,#11566,#11567),(#11568,#11569,#11570),(#11571,#11572,
#11573),(#11574,#11575,#11576)),.UNSPECIFIED.,.F.,.F.,.F.)
B_SPLINE_SURFACE_WITH_KNOTS((4,1,1,1,4),(3,3),(5.26386331835967,5.77352431276963,
6.28318530717959,6.79284630158954,7.3025072959995),(0.,1.),
 .UNSPECIFIED.)
GEOMETRIC_REPRESENTATION_ITEM()
RATIONAL_B_SPLINE_SURFACE(((1.,0.794346204384063,1.),(1.,0.817116779256293,
1.),(1.,0.853394970767673,1.),(1.,0.87234062029282,1.),(1.,0.853394970767674,
1.),(1.,0.817116779256293,1.),(1.,0.794346204384063,1.)))
REPRESENTATION_ITEM('')
SURFACE()
);
#23=(
BOUNDED_SURFACE()
B_SPLINE_SURFACE(3,2,((#11622,#11623,#11624),(#11625,#11626,#11627),(#11628,
#11629,#11630),(#11631,#11632,#11633),(#11634,#11635,#11636),(#11637,#11638,
#11639),(#11640,#11641,#11642)),.UNSPECIFIED.,.F.,.F.,.F.)
B_SPLINE_SURFACE_WITH_KNOTS((4,1,1,1,4),(3,3),(5.26386331835967,5.77352431276963,
6.28318530717959,6.79284630158954,7.3025072959995),(0.,1.),
 .UNSPECIFIED.)
GEOMETRIC_REPRESENTATION_ITEM()
RATIONAL_B_SPLINE_SURFACE(((1.,0.794346204384063,1.),(1.,0.817116779255679,
1.),(1.,0.853394970767959,1.),(1.,0.872340620292744,1.),(1.,0.853394970767696,
1.),(1.,0.817116779256293,1.),(1.,0.794346204384063,1.)))
REPRESENTATION_ITEM('')
SURFACE()
);
#24=(
BOUNDED_SURFACE()
B_SPLINE_SURFACE(3,2,((#11688,#11689,#11690),(#11691,#11692,#11693),(#11694,
#11695,#11696),(#11697,#11698,#11699),(#11700,#11701,#11702),(#11703,#11704,
#11705),(#11706,#11707,#11708)),.UNSPECIFIED.,.F.,.F.,.F.)
B_SPLINE_SURFACE_WITH_KNOTS((4,1,1,1,4),(3,3),(5.26386331835967,5.77352431276963,
6.28318530717959,6.79284630158955,7.3025072959995),(0.,1.),
 .UNSPECIFIED.)
GEOMETRIC_REPRESENTATION_ITEM()
RATIONAL_B_SPLINE_SURFACE(((1.,0.794346204384063,1.),(1.,0.817116779256671,
1.),(1.,0.853394970767529,1.),(1.,0.872340620292756,1.),(1.,0.853394970768076,
1.),(1.,0.817116779255394,1.),(1.,0.794346204384063,1.)))
REPRESENTATION_ITEM('')
SURFACE()
);
#25=(
BOUNDED_SURFACE()
B_SPLINE_SURFACE(3,2,((#11751,#11752,#11753),(#11754,#11755,#11756),(#11757,
#11758,#11759),(#11760,#11761,#11762),(#11763,#11764,#11765),(#11766,#11767,
#11768),(#11769,#11770,#11771)),.UNSPECIFIED.,.F.,.F.,.F.)
B_SPLINE_SURFACE_WITH_KNOTS((4,1,1,1,4),(3,3),(5.26386331835967,5.77352431276963,
6.28318530717959,6.79284630158954,7.3025072959995),(0.,1.),
 .UNSPECIFIED.)
GEOMETRIC_REPRESENTATION_ITEM()
RATIONAL_B_SPLINE_SURFACE(((1.,0.794346204384063,1.),(1.,0.817116779256387,
1.),(1.,0.853394970767641,1.),(1.,0.872340620292791,1.),(1.,0.853394970767824,
1.),(1.,0.817116779255962,1.),(1.,0.794346204384063,1.)))
REPRESENTATION_ITEM('')
SURFACE()
);
#26=(
BOUNDED_SURFACE()
B_SPLINE_SURFACE(3,2,((#11831,#11832,#11833),(#11834,#11835,#11836),(#11837,
#11838,#11839),(#11840,#11841,#11842),(#11843,#11844,#11845),(#11846,#11847,
#11848),(#11849,#11850,#11851)),.UNSPECIFIED.,.F.,.F.,.F.)
B_SPLINE_SURFACE_WITH_KNOTS((4,1,1,1,4),(3,3),(5.26386331835967,5.77352431276963,
6.28318530717959,6.79284630158955,7.3025072959995),(0.,1.),
 .UNSPECIFIED.)
GEOMETRIC_REPRESENTATION_ITEM()
RATIONAL_B_SPLINE_SURFACE(((1.,0.794346204384063,1.),(1.,0.817116779256104,
1.),(1.,0.853394970767771,1.),(1.,0.872340620292761,1.),(1.,0.853394970767812,
1.),(1.,0.817116779256009,1.),(1.,0.794346204384063,1.)))
REPRESENTATION_ITEM('')
SURFACE()
);
#27=(
BOUNDED_SURFACE()
B_SPLINE_SURFACE(3,2,((#11921,#11922,#11923),(#11924,#11925,#11926),(#11927,
#11928,#11929),(#11930,#11931,#11932),(#11933,#11934,#11935),(#11936,#11937,
#11938),(#11939,#11940,#11941)),.UNSPECIFIED.,.F.,.F.,.F.)
B_SPLINE_SURFACE_WITH_KNOTS((4,1,1,1,4),(3,3),(5.26386331835967,5.77352431276963,
6.28318530717959,6.79284630158955,7.3025072959995),(0.,1.),
 .UNSPECIFIED.)
GEOMETRIC_REPRESENTATION_ITEM()
RATIONAL_B_SPLINE_SURFACE(((1.,0.794346204384063,1.),(1.,0.817116779257144,
1.),(1.,0.853394970767285,1.),(1.,0.872340620292903,1.),(1.,0.85339497076773,
1.),(1.,0.817116779256103,1.),(1.,0.794346204384063,1.)))
REPRESENTATION_ITEM('')
SURFACE()
);
#28=(
BOUNDED_SURFACE()
B_SPLINE_SURFACE(3,2,((#12011,#12012,#12013),(#12014,#12015,#12016),(#12017,
#12018,#12019),(#12020,#12021,#12022),(#12023,#12024,#12025),(#12026,#12027,
#12028),(#12029,#12030,#12031)),.UNSPECIFIED.,.F.,.F.,.F.)
B_SPLINE_SURFACE_WITH_KNOTS((4,1,1,1,4),(3,3),(5.26386331835967,5.77352431276963,
6.28318530717959,6.79284630158954,7.3025072959995),(0.,1.),
 .UNSPECIFIED.)
GEOMETRIC_REPRESENTATION_ITEM()
RATIONAL_B_SPLINE_SURFACE(((1.,0.794346204384063,1.),(1.,0.817116779256671,
1.),(1.,0.853394970767487,1.),(1.,0.872340620292903,1.),(1.,0.853394970767529,
1.),(1.,0.817116779256576,1.),(1.,0.794346204384063,1.)))
REPRESENTATION_ITEM('')
SURFACE()
);
#29=(
BOUNDED_SURFACE()
B_SPLINE_SURFACE(3,2,((#12299,#12300,#12301),(#12302,#12303,#12304),(#12305,
#12306,#12307),(#12308,#12309,#12310),(#12311,#12312,#12313),(#12314,#12315,
#12316),(#12317,#12318,#12319)),.UNSPECIFIED.,.F.,.F.,.F.)
B_SPLINE_SURFACE_WITH_KNOTS((4,1,1,1,4),(3,3),(5.26386331835967,5.77352431276963,
6.28318530717959,6.79284630158955,7.3025072959995),(0.,1.),
 .UNSPECIFIED.)
GEOMETRIC_REPRESENTATION_ITEM()
RATIONAL_B_SPLINE_SURFACE(((1.,0.794346204384063,1.),(1.,0.817116779255536,
1.),(1.,0.853394970768037,1.),(1.,0.872340620292679,1.),(1.,0.853394970767876,
1.),(1.,0.817116779255915,1.),(1.,0.794346204384063,1.)))
REPRESENTATION_ITEM('')
SURFACE()
);
#30=(
BOUNDED_SURFACE()
B_SPLINE_SURFACE(3,2,((#12390,#12391,#12392),(#12393,#12394,#12395),(#12396,
#12397,#12398),(#12399,#12400,#12401)),.UNSPECIFIED.,.F.,.F.,.F.)
B_SPLINE_SURFACE_WITH_KNOTS((4,4),(3,3),(5.27192386947661,5.95102155872513),
(0.,1.),.PIECEWISE_BEZIER_KNOTS.)
GEOMETRIC_REPRESENTATION_ITEM()
RATIONAL_B_SPLINE_SURFACE(((1.,0.795423169276231,1.),(1.,0.825571519387687,
1.),(1.,0.847346738282141,1.),(1.,0.858099496253273,1.)))
REPRESENTATION_ITEM('')
SURFACE()
);
#31=(
BOUNDED_SURFACE()
B_SPLINE_SURFACE(3,2,((#12713,#12714,#12715),(#12716,#12717,#12718),(#12719,
#12720,#12721),(#12722,#12723,#12724),(#12725,#12726,#12727),(#12728,#12729,
#12730),(#12731,#12732,#12733)),.UNSPECIFIED.,.F.,.F.,.F.)
B_SPLINE_SURFACE_WITH_KNOTS((4,1,1,1,4),(3,3),(5.26386331835967,5.77352431276963,
6.28318530717959,6.79284630158955,7.3025072959995),(0.,1.),
 .UNSPECIFIED.)
GEOMETRIC_REPRESENTATION_ITEM()
RATIONAL_B_SPLINE_SURFACE(((1.,0.794346204384063,1.),(1.,0.817116779258846,
1.),(1.,0.853394970766414,1.),(1.,0.872340620293394,1.),(1.,0.853394970766639,
1.),(1.,0.817116779258324,1.),(1.,0.79434620438406,1.)))
REPRESENTATION_ITEM('')
SURFACE()
);
#32=(
BOUNDED_SURFACE()
B_SPLINE_SURFACE(3,2,((#12791,#12792,#12793),(#12794,#12795,#12796),(#12797,
#12798,#12799),(#12800,#12801,#12802),(#12803,#12804,#12805),(#12806,#12807,
#12808),(#12809,#12810,#12811)),.UNSPECIFIED.,.F.,.F.,.F.)
B_SPLINE_SURFACE_WITH_KNOTS((4,1,1,1,4),(3,3),(5.26386331835967,5.77352431276963,
6.28318530717959,6.79284630158955,7.3025072959995),(0.,1.),
 .UNSPECIFIED.)
GEOMETRIC_REPRESENTATION_ITEM()
RATIONAL_B_SPLINE_SURFACE(((1.,0.794346204384063,1.),(1.,0.81711677925861,
1.),(1.,0.853394970766554,1.),(1.,0.872340620293258,1.),(1.,0.853394970767043,
1.),(1.,0.817116779257473,1.),(1.,0.794346204384061,1.)))
REPRESENTATION_ITEM('')
SURFACE()
);
#33=(
BOUNDED_SURFACE()
B_SPLINE_SURFACE(3,2,((#12869,#12870,#12871),(#12872,#12873,#12874),(#12875,
#12876,#12877),(#12878,#12879,#12880),(#12881,#12882,#12883),(#12884,#12885,
#12886),(#12887,#12888,#12889)),.UNSPECIFIED.,.F.,.F.,.F.)
B_SPLINE_SURFACE_WITH_KNOTS((4,1,1,1,4),(3,3),(5.26386331835967,5.77352431276963,
6.28318530717959,6.79284630158955,7.3025072959995),(0.,1.),
 .UNSPECIFIED.)
GEOMETRIC_REPRESENTATION_ITEM()
RATIONAL_B_SPLINE_SURFACE(((1.,0.794346204384063,1.),(1.,0.817116779257523,
1.),(1.,0.853394970767078,1.),(1.,0.872340620293057,1.),(1.,0.853394970767323,
1.),(1.,0.817116779256953,1.),(1.,0.794346204384061,1.)))
REPRESENTATION_ITEM('')
SURFACE()
);
#34=(
BOUNDED_SURFACE()
B_SPLINE_SURFACE(3,2,((#12927,#12928,#12929),(#12930,#12931,#12932),(#12933,
#12934,#12935),(#12936,#12937,#12938)),.UNSPECIFIED.,.F.,.F.,.F.)
B_SPLINE_SURFACE_WITH_KNOTS((4,4),(3,3),(0.339506027907991,1.01121764677184),
(0.,1.),.PIECEWISE_BEZIER_KNOTS.)
GEOMETRIC_REPRESENTATION_ITEM()
RATIONAL_B_SPLINE_SURFACE(((1.,0.857746944590619,1.),(1.,0.846880573589048,
1.),(1.,0.825248412498756,1.),(1.,0.795429001432883,1.)))
REPRESENTATION_ITEM('')
SURFACE()
);
#35=(
BOUNDED_SURFACE()
B_SPLINE_SURFACE(3,2,((#13016,#13017,#13018),(#13019,#13020,#13021),(#13022,
#13023,#13024),(#13025,#13026,#13027),(#13028,#13029,#13030),(#13031,#13032,
#13033),(#13034,#13035,#13036)),.UNSPECIFIED.,.F.,.F.,.F.)
B_SPLINE_SURFACE_WITH_KNOTS((4,1,1,1,4),(3,3),(5.26386331835967,5.77352431276963,
6.28318530717959,6.79284630158954,7.3025072959995),(0.,1.),
 .UNSPECIFIED.)
GEOMETRIC_REPRESENTATION_ITEM()
RATIONAL_B_SPLINE_SURFACE(((1.,0.794346204384063,1.),(1.,0.817116779255773,
1.),(1.,0.853394970767914,1.),(1.,0.872340620292761,1.),(1.,0.85339497076767,
1.),(1.,0.81711677925634,1.),(1.,0.794346204384063,1.)))
REPRESENTATION_ITEM('')
SURFACE()
);
#36=(
BOUNDED_SURFACE()
B_SPLINE_SURFACE(3,2,((#13118,#13119,#13120),(#13121,#13122,#13123),(#13124,
#13125,#13126),(#13127,#13128,#13129),(#13130,#13131,#13132),(#13133,#13134,
#13135),(#13136,#13137,#13138)),.UNSPECIFIED.,.F.,.F.,.F.)
B_SPLINE_SURFACE_WITH_KNOTS((4,1,1,1,4),(3,3),(5.26386331835967,5.77352431276963,
6.28318530717959,6.79284630158954,7.3025072959995),(0.,1.),
 .UNSPECIFIED.)
GEOMETRIC_REPRESENTATION_ITEM()
RATIONAL_B_SPLINE_SURFACE(((1.,0.794346204384061,1.),(1.,0.817116779259129,
1.),(1.,0.853394970766254,1.),(1.,0.87234062029353,1.),(1.,0.853394970766255,
1.),(1.,0.817116779259129,1.),(1.,0.794346204384061,1.)))
REPRESENTATION_ITEM('')
SURFACE()
);
#37=(
BOUNDED_SURFACE()
B_SPLINE_SURFACE(3,2,((#13220,#13221,#13222),(#13223,#13224,#13225),(#13226,
#13227,#13228),(#13229,#13230,#13231),(#13232,#13233,#13234),(#13235,#13236,
#13237),(#13238,#13239,#13240)),.UNSPECIFIED.,.F.,.F.,.F.)
B_SPLINE_SURFACE_WITH_KNOTS((4,1,1,1,4),(3,3),(5.26386331835967,5.77352431276963,
6.28318530717959,6.79284630158955,7.3025072959995),(0.,1.),
 .UNSPECIFIED.)
GEOMETRIC_REPRESENTATION_ITEM()
RATIONAL_B_SPLINE_SURFACE(((1.,0.794346204384061,1.),(1.,0.817116779259129,
1.),(1.,0.853394970766218,1.),(1.,0.872340620293654,1.),(1.,0.853394970765795,
1.),(1.,0.817116779260121,1.),(1.,0.794346204384061,1.)))
REPRESENTATION_ITEM('')
SURFACE()
);
#38=(
BOUNDED_SURFACE()
B_SPLINE_SURFACE(3,2,((#13306,#13307,#13308),(#13309,#13310,#13311),(#13312,
#13313,#13314),(#13315,#13316,#13317),(#13318,#13319,#13320),(#13321,#13322,
#13323),(#13324,#13325,#13326)),.UNSPECIFIED.,.F.,.F.,.F.)
B_SPLINE_SURFACE_WITH_KNOTS((4,1,1,1,4),(3,3),(5.26386331835967,5.77352431276963,
6.28318530717959,6.79284630158954,7.3025072959995),(0.,1.),
 .UNSPECIFIED.)
GEOMETRIC_REPRESENTATION_ITEM()
RATIONAL_B_SPLINE_SURFACE(((1.,0.794346204384063,1.),(1.,0.817116779256293,
1.),(1.,0.853394970767673,1.),(1.,0.87234062029282,1.),(1.,0.853394970767674,
1.),(1.,0.817116779256293,1.),(1.,0.794346204384063,1.)))
REPRESENTATION_ITEM('')
SURFACE()
);
#39=(
BOUNDED_SURFACE()
B_SPLINE_SURFACE(3,2,((#13384,#13385,#13386),(#13387,#13388,#13389),(#13390,
#13391,#13392),(#13393,#13394,#13395),(#13396,#13397,#13398),(#13399,#13400,
#13401),(#13402,#13403,#13404)),.UNSPECIFIED.,.F.,.F.,.F.)
B_SPLINE_SURFACE_WITH_KNOTS((4,1,1,1,4),(3,3),(5.26386331835967,5.77352431276963,
6.28318530717959,6.79284630158954,7.3025072959995),(0.,1.),
 .UNSPECIFIED.)
GEOMETRIC_REPRESENTATION_ITEM()
RATIONAL_B_SPLINE_SURFACE(((1.,0.794346204384063,1.),(1.,0.817116779255679,
1.),(1.,0.853394970767959,1.),(1.,0.872340620292744,1.),(1.,0.853394970767696,
1.),(1.,0.817116779256293,1.),(1.,0.794346204384063,1.)))
REPRESENTATION_ITEM('')
SURFACE()
);
#40=(
BOUNDED_SURFACE()
B_SPLINE_SURFACE(3,2,((#13462,#13463,#13464),(#13465,#13466,#13467),(#13468,
#13469,#13470),(#13471,#13472,#13473),(#13474,#13475,#13476),(#13477,#13478,
#13479),(#13480,#13481,#13482)),.UNSPECIFIED.,.F.,.F.,.F.)
B_SPLINE_SURFACE_WITH_KNOTS((4,1,1,1,4),(3,3),(5.26386331835967,5.77352431276963,
6.28318530717959,6.79284630158955,7.3025072959995),(0.,1.),
 .UNSPECIFIED.)
GEOMETRIC_REPRESENTATION_ITEM()
RATIONAL_B_SPLINE_SURFACE(((1.,0.794346204384063,1.),(1.,0.817116779256671,
1.),(1.,0.853394970767529,1.),(1.,0.872340620292756,1.),(1.,0.853394970768076,
1.),(1.,0.817116779255394,1.),(1.,0.794346204384063,1.)))
REPRESENTATION_ITEM('')
SURFACE()
);
#41=(
BOUNDED_SURFACE()
B_SPLINE_SURFACE(3,2,((#13534,#13535,#13536),(#13537,#13538,#13539),(#13540,
#13541,#13542),(#13543,#13544,#13545),(#13546,#13547,#13548),(#13549,#13550,
#13551),(#13552,#13553,#13554)),.UNSPECIFIED.,.F.,.F.,.F.)
B_SPLINE_SURFACE_WITH_KNOTS((4,1,1,1,4),(3,3),(5.26386331835967,5.77352431276963,
6.28318530717959,6.79284630158954,7.3025072959995),(0.,1.),
 .UNSPECIFIED.)
GEOMETRIC_REPRESENTATION_ITEM()
RATIONAL_B_SPLINE_SURFACE(((1.,0.794346204384063,1.),(1.,0.817116779256387,
1.),(1.,0.853394970767641,1.),(1.,0.872340620292791,1.),(1.,0.853394970767824,
1.),(1.,0.817116779255962,1.),(1.,0.794346204384063,1.)))
REPRESENTATION_ITEM('')
SURFACE()
);
#42=(
BOUNDED_SURFACE()
B_SPLINE_SURFACE(3,2,((#13625,#13626,#13627),(#13628,#13629,#13630),(#13631,
#13632,#13633),(#13634,#13635,#13636),(#13637,#13638,#13639),(#13640,#13641,
#13642),(#13643,#13644,#13645)),.UNSPECIFIED.,.F.,.F.,.F.)
B_SPLINE_SURFACE_WITH_KNOTS((4,1,1,1,4),(3,3),(5.26386331835967,5.77352431276963,
6.28318530717959,6.79284630158955,7.3025072959995),(0.,1.),
 .UNSPECIFIED.)
GEOMETRIC_REPRESENTATION_ITEM()
RATIONAL_B_SPLINE_SURFACE(((1.,0.794346204384063,1.),(1.,0.817116779256104,
1.),(1.,0.853394970767771,1.),(1.,0.872340620292761,1.),(1.,0.853394970767812,
1.),(1.,0.817116779256009,1.),(1.,0.794346204384063,1.)))
REPRESENTATION_ITEM('')
SURFACE()
);
#43=(
BOUNDED_SURFACE()
B_SPLINE_SURFACE(3,2,((#13727,#13728,#13729),(#13730,#13731,#13732),(#13733,
#13734,#13735),(#13736,#13737,#13738),(#13739,#13740,#13741),(#13742,#13743,
#13744),(#13745,#13746,#13747)),.UNSPECIFIED.,.F.,.F.,.F.)
B_SPLINE_SURFACE_WITH_KNOTS((4,1,1,1,4),(3,3),(5.26386331835967,5.77352431276963,
6.28318530717959,6.79284630158955,7.3025072959995),(0.,1.),
 .UNSPECIFIED.)
GEOMETRIC_REPRESENTATION_ITEM()
RATIONAL_B_SPLINE_SURFACE(((1.,0.794346204384063,1.),(1.,0.817116779257144,
1.),(1.,0.853394970767285,1.),(1.,0.872340620292903,1.),(1.,0.85339497076773,
1.),(1.,0.817116779256103,1.),(1.,0.794346204384063,1.)))
REPRESENTATION_ITEM('')
SURFACE()
);
#44=(
BOUNDED_SURFACE()
B_SPLINE_SURFACE(3,2,((#13829,#13830,#13831),(#13832,#13833,#13834),(#13835,
#13836,#13837),(#13838,#13839,#13840),(#13841,#13842,#13843),(#13844,#13845,
#13846),(#13847,#13848,#13849)),.UNSPECIFIED.,.F.,.F.,.F.)
B_SPLINE_SURFACE_WITH_KNOTS((4,1,1,1,4),(3,3),(5.26386331835967,5.77352431276963,
6.28318530717959,6.79284630158954,7.3025072959995),(0.,1.),
 .UNSPECIFIED.)
GEOMETRIC_REPRESENTATION_ITEM()
RATIONAL_B_SPLINE_SURFACE(((1.,0.794346204384063,1.),(1.,0.817116779256671,
1.),(1.,0.853394970767487,1.),(1.,0.872340620292903,1.),(1.,0.853394970767529,
1.),(1.,0.817116779256576,1.),(1.,0.794346204384063,1.)))
REPRESENTATION_ITEM('')
SURFACE()
);
#45=(
BOUNDED_SURFACE()
B_SPLINE_SURFACE(3,2,((#14068,#14069,#14070),(#14071,#14072,#14073),(#14074,
#14075,#14076),(#14077,#14078,#14079),(#14080,#14081,#14082),(#14083,#14084,
#14085),(#14086,#14087,#14088)),.UNSPECIFIED.,.F.,.F.,.F.)
B_SPLINE_SURFACE_WITH_KNOTS((4,1,1,1,4),(3,3),(5.26386331835967,5.77352431276963,
6.28318530717959,6.79284630158955,7.3025072959995),(0.,1.),
 .UNSPECIFIED.)
GEOMETRIC_REPRESENTATION_ITEM()
RATIONAL_B_SPLINE_SURFACE(((1.,0.794346204384063,1.),(1.,0.817116779255536,
1.),(1.,0.853394970768037,1.),(1.,0.872340620292679,1.),(1.,0.853394970767876,
1.),(1.,0.817116779255915,1.),(1.,0.794346204384063,1.)))
REPRESENTATION_ITEM('')
SURFACE()
);
#46=B_SPLINE_SURFACE_WITH_KNOTS('',3,1,((#10670,#10671),(#10672,#10673),
(#10674,#10675),(#10676,#10677)),.SURF_OF_LINEAR_EXTRUSION.,.F.,.F.,.F.,
(4,4),(2,2),(0.723698798659282,1.),(0.,1.),.PIECEWISE_BEZIER_KNOTS.);
#47=B_SPLINE_SURFACE_WITH_KNOTS('',3,1,((#11016,#11017),(#11018,#11019),
(#11020,#11021),(#11022,#11023)),.SURF_OF_LINEAR_EXTRUSION.,.F.,.F.,.F.,
(4,4),(2,2),(0.566088752894663,1.),(0.,1.),.PIECEWISE_BEZIER_KNOTS.);
#48=B_SPLINE_SURFACE_WITH_KNOTS('',3,1,((#11028,#11029),(#11030,#11031),
(#11032,#11033),(#11034,#11035)),.SURF_OF_LINEAR_EXTRUSION.,.F.,.F.,.F.,
(4,4),(2,2),(0.,0.433911247105337),(0.,1.),.PIECEWISE_BEZIER_KNOTS.);
#49=B_SPLINE_SURFACE_WITH_KNOTS('',3,1,((#11082,#11083),(#11084,#11085),
(#11086,#11087),(#11088,#11089)),.SURF_OF_LINEAR_EXTRUSION.,.F.,.F.,.F.,
(4,4),(2,2),(0.566088752894662,1.),(0.,1.),.PIECEWISE_BEZIER_KNOTS.);
#50=B_SPLINE_SURFACE_WITH_KNOTS('',3,1,((#11094,#11095),(#11096,#11097),
(#11098,#11099),(#11100,#11101)),.SURF_OF_LINEAR_EXTRUSION.,.F.,.F.,.F.,
(4,4),(2,2),(0.,0.433911247105337),(0.,1.),.PIECEWISE_BEZIER_KNOTS.);
#51=B_SPLINE_SURFACE_WITH_KNOTS('',3,1,((#11148,#11149),(#11150,#11151),
(#11152,#11153),(#11154,#11155)),.SURF_OF_LINEAR_EXTRUSION.,.F.,.F.,.F.,
(4,4),(2,2),(0.566088752894664,1.),(0.,1.),.PIECEWISE_BEZIER_KNOTS.);
#52=B_SPLINE_SURFACE_WITH_KNOTS('',3,1,((#11160,#11161),(#11162,#11163),
(#11164,#11165),(#11166,#11167)),.SURF_OF_LINEAR_EXTRUSION.,.F.,.F.,.F.,
(4,4),(2,2),(0.,0.433911247105338),(0.,1.),.PIECEWISE_BEZIER_KNOTS.);
#53=B_SPLINE_SURFACE_WITH_KNOTS('',3,1,((#11208,#11209),(#11210,#11211),
(#11212,#11213),(#11214,#11215)),.SURF_OF_LINEAR_EXTRUSION.,.F.,.F.,.F.,
(4,4),(2,2),(0.,0.271635186098877),(0.,1.),.PIECEWISE_BEZIER_KNOTS.);
#54=B_SPLINE_SURFACE_WITH_KNOTS('',3,1,((#11268,#11269),(#11270,#11271),
(#11272,#11273),(#11274,#11275)),.SURF_OF_LINEAR_EXTRUSION.,.F.,.F.,.F.,
(4,4),(2,2),(0.566088752894663,1.),(0.,1.),.PIECEWISE_BEZIER_KNOTS.);
#55=B_SPLINE_SURFACE_WITH_KNOTS('',3,1,((#11285,#11286),(#11287,#11288),
(#11289,#11290),(#11291,#11292)),.SURF_OF_LINEAR_EXTRUSION.,.F.,.F.,.F.,
(4,4),(2,2),(0.,0.433911247105338),(0.,1.),.PIECEWISE_BEZIER_KNOTS.);
#56=B_SPLINE_SURFACE_WITH_KNOTS('',3,1,((#11358,#11359),(#11360,#11361),
(#11362,#11363),(#11364,#11365)),.SURF_OF_LINEAR_EXTRUSION.,.F.,.F.,.F.,
(4,4),(2,2),(0.566088752894663,1.),(0.,1.),.PIECEWISE_BEZIER_KNOTS.);
#57=B_SPLINE_SURFACE_WITH_KNOTS('',3,1,((#11375,#11376),(#11377,#11378),
(#11379,#11380),(#11381,#11382)),.SURF_OF_LINEAR_EXTRUSION.,.F.,.F.,.F.,
(4,4),(2,2),(0.,0.433911247105338),(0.,1.),.PIECEWISE_BEZIER_KNOTS.);
#58=B_SPLINE_SURFACE_WITH_KNOTS('',3,1,((#11448,#11449),(#11450,#11451),
(#11452,#11453),(#11454,#11455)),.SURF_OF_LINEAR_EXTRUSION.,.F.,.F.,.F.,
(4,4),(2,2),(0.566088752894662,1.),(0.,1.),.PIECEWISE_BEZIER_KNOTS.);
#59=B_SPLINE_SURFACE_WITH_KNOTS('',3,1,((#11465,#11466),(#11467,#11468),
(#11469,#11470),(#11471,#11472)),.SURF_OF_LINEAR_EXTRUSION.,.F.,.F.,.F.,
(4,4),(2,2),(0.,0.433911247105337),(0.,1.),.PIECEWISE_BEZIER_KNOTS.);
#60=B_SPLINE_SURFACE_WITH_KNOTS('',3,1,((#11532,#11533),(#11534,#11535),
(#11536,#11537),(#11538,#11539)),.SURF_OF_LINEAR_EXTRUSION.,.F.,.F.,.F.,
(4,4),(2,2),(0.566088752894662,1.),(0.,1.),.PIECEWISE_BEZIER_KNOTS.);
#61=B_SPLINE_SURFACE_WITH_KNOTS('',3,1,((#11544,#11545),(#11546,#11547),
(#11548,#11549),(#11550,#11551)),.SURF_OF_LINEAR_EXTRUSION.,.F.,.F.,.F.,
(4,4),(2,2),(0.,0.433911247105338),(0.,1.),.PIECEWISE_BEZIER_KNOTS.);
#62=B_SPLINE_SURFACE_WITH_KNOTS('',3,1,((#11598,#11599),(#11600,#11601),
(#11602,#11603),(#11604,#11605)),.SURF_OF_LINEAR_EXTRUSION.,.F.,.F.,.F.,
(4,4),(2,2),(0.566088752894662,1.),(0.,1.),.PIECEWISE_BEZIER_KNOTS.);
#63=B_SPLINE_SURFACE_WITH_KNOTS('',3,1,((#11610,#11611),(#11612,#11613),
(#11614,#11615),(#11616,#11617)),.SURF_OF_LINEAR_EXTRUSION.,.F.,.F.,.F.,
(4,4),(2,2),(0.,0.433911247105338),(0.,1.),.PIECEWISE_BEZIER_KNOTS.);
#64=B_SPLINE_SURFACE_WITH_KNOTS('',3,1,((#11664,#11665),(#11666,#11667),
(#11668,#11669),(#11670,#11671)),.SURF_OF_LINEAR_EXTRUSION.,.F.,.F.,.F.,
(4,4),(2,2),(0.566088752894662,1.),(0.,1.),.PIECEWISE_BEZIER_KNOTS.);
#65=B_SPLINE_SURFACE_WITH_KNOTS('',3,1,((#11676,#11677),(#11678,#11679),
(#11680,#11681),(#11682,#11683)),.SURF_OF_LINEAR_EXTRUSION.,.F.,.F.,.F.,
(4,4),(2,2),(0.,0.433911247105338),(0.,1.),.PIECEWISE_BEZIER_KNOTS.);
#66=B_SPLINE_SURFACE_WITH_KNOTS('',3,1,((#11727,#11728),(#11729,#11730),
(#11731,#11732),(#11733,#11734)),.SURF_OF_LINEAR_EXTRUSION.,.F.,.F.,.F.,
(4,4),(2,2),(0.566088752894663,1.),(0.,1.),.PIECEWISE_BEZIER_KNOTS.);
#67=B_SPLINE_SURFACE_WITH_KNOTS('',3,1,((#11739,#11740),(#11741,#11742),
(#11743,#11744),(#11745,#11746)),.SURF_OF_LINEAR_EXTRUSION.,.F.,.F.,.F.,
(4,4),(2,2),(0.,0.433911247105337),(0.,1.),.PIECEWISE_BEZIER_KNOTS.);
#68=B_SPLINE_SURFACE_WITH_KNOTS('',3,1,((#11797,#11798),(#11799,#11800),
(#11801,#11802),(#11803,#11804)),.SURF_OF_LINEAR_EXTRUSION.,.F.,.F.,.F.,
(4,4),(2,2),(0.566088752894663,1.),(0.,1.),.PIECEWISE_BEZIER_KNOTS.);
#69=B_SPLINE_SURFACE_WITH_KNOTS('',3,1,((#11814,#11815),(#11816,#11817),
(#11818,#11819),(#11820,#11821)),.SURF_OF_LINEAR_EXTRUSION.,.F.,.F.,.F.,
(4,4),(2,2),(0.,0.433911247105337),(0.,1.),.PIECEWISE_BEZIER_KNOTS.);
#70=B_SPLINE_SURFACE_WITH_KNOTS('',3,1,((#11887,#11888),(#11889,#11890),
(#11891,#11892),(#11893,#11894)),.SURF_OF_LINEAR_EXTRUSION.,.F.,.F.,.F.,
(4,4),(2,2),(0.566088752894662,1.),(0.,1.),.PIECEWISE_BEZIER_KNOTS.);
#71=B_SPLINE_SURFACE_WITH_KNOTS('',3,1,((#11904,#11905),(#11906,#11907),
(#11908,#11909),(#11910,#11911)),.SURF_OF_LINEAR_EXTRUSION.,.F.,.F.,.F.,
(4,4),(2,2),(0.,0.433911247105338),(0.,1.),.PIECEWISE_BEZIER_KNOTS.);
#72=B_SPLINE_SURFACE_WITH_KNOTS('',3,1,((#11977,#11978),(#11979,#11980),
(#11981,#11982),(#11983,#11984)),.SURF_OF_LINEAR_EXTRUSION.,.F.,.F.,.F.,
(4,4),(2,2),(0.566088752894662,1.),(0.,1.),.PIECEWISE_BEZIER_KNOTS.);
#73=B_SPLINE_SURFACE_WITH_KNOTS('',3,1,((#11994,#11995),(#11996,#11997),
(#11998,#11999),(#12000,#12001)),.SURF_OF_LINEAR_EXTRUSION.,.F.,.F.,.F.,
(4,4),(2,2),(0.,0.433911247105338),(0.,1.),.PIECEWISE_BEZIER_KNOTS.);
#74=B_SPLINE_SURFACE_WITH_KNOTS('',3,1,((#12259,#12260),(#12261,#12262),
(#12263,#12264),(#12265,#12266)),.SURF_OF_LINEAR_EXTRUSION.,.F.,.F.,.F.,
(4,4),(2,2),(0.566088752894662,1.),(0.,1.),.PIECEWISE_BEZIER_KNOTS.);
#75=B_SPLINE_SURFACE_WITH_KNOTS('',3,1,((#12278,#12279),(#12280,#12281),
(#12282,#12283),(#12284,#12285)),.SURF_OF_LINEAR_EXTRUSION.,.F.,.F.,.F.,
(4,4),(2,2),(0.,0.433911247105338),(0.,1.),.PIECEWISE_BEZIER_KNOTS.);
#76=B_SPLINE_SURFACE_WITH_KNOTS('',3,1,((#12370,#12371),(#12372,#12373),
(#12374,#12375),(#12376,#12377)),.SURF_OF_LINEAR_EXTRUSION.,.F.,.F.,.F.,
(4,4),(2,2),(0.723698798659282,1.),(0.,1.),.PIECEWISE_BEZIER_KNOTS.);
#77=B_SPLINE_SURFACE_WITH_KNOTS('',3,1,((#12683,#12684),(#12685,#12686),
(#12687,#12688),(#12689,#12690)),.SURF_OF_LINEAR_EXTRUSION.,.F.,.F.,.F.,
(4,4),(2,2),(0.566088752894663,1.),(0.,1.),.PIECEWISE_BEZIER_KNOTS.);
#78=B_SPLINE_SURFACE_WITH_KNOTS('',3,1,((#12698,#12699),(#12700,#12701),
(#12702,#12703),(#12704,#12705)),.SURF_OF_LINEAR_EXTRUSION.,.F.,.F.,.F.,
(4,4),(2,2),(0.,0.433911247105337),(0.,1.),.PIECEWISE_BEZIER_KNOTS.);
#79=B_SPLINE_SURFACE_WITH_KNOTS('',3,1,((#12761,#12762),(#12763,#12764),
(#12765,#12766),(#12767,#12768)),.SURF_OF_LINEAR_EXTRUSION.,.F.,.F.,.F.,
(4,4),(2,2),(0.566088752894662,1.),(0.,1.),.PIECEWISE_BEZIER_KNOTS.);
#80=B_SPLINE_SURFACE_WITH_KNOTS('',3,1,((#12776,#12777),(#12778,#12779),
(#12780,#12781),(#12782,#12783)),.SURF_OF_LINEAR_EXTRUSION.,.F.,.F.,.F.,
(4,4),(2,2),(0.,0.433911247105337),(0.,1.),.PIECEWISE_BEZIER_KNOTS.);
#81=B_SPLINE_SURFACE_WITH_KNOTS('',3,1,((#12839,#12840),(#12841,#12842),
(#12843,#12844),(#12845,#12846)),.SURF_OF_LINEAR_EXTRUSION.,.F.,.F.,.F.,
(4,4),(2,2),(0.566088752894664,1.),(0.,1.),.PIECEWISE_BEZIER_KNOTS.);
#82=B_SPLINE_SURFACE_WITH_KNOTS('',3,1,((#12854,#12855),(#12856,#12857),
(#12858,#12859),(#12860,#12861)),.SURF_OF_LINEAR_EXTRUSION.,.F.,.F.,.F.,
(4,4),(2,2),(0.,0.433911247105338),(0.,1.),.PIECEWISE_BEZIER_KNOTS.);
#83=B_SPLINE_SURFACE_WITH_KNOTS('',3,1,((#12907,#12908),(#12909,#12910),
(#12911,#12912),(#12913,#12914)),.SURF_OF_LINEAR_EXTRUSION.,.F.,.F.,.F.,
(4,4),(2,2),(0.,0.271635186098877),(0.,1.),.PIECEWISE_BEZIER_KNOTS.);
#84=B_SPLINE_SURFACE_WITH_KNOTS('',3,1,((#12976,#12977),(#12978,#12979),
(#12980,#12981),(#12982,#12983)),.SURF_OF_LINEAR_EXTRUSION.,.F.,.F.,.F.,
(4,4),(2,2),(0.566088752894663,1.),(0.,1.),.PIECEWISE_BEZIER_KNOTS.);
#85=B_SPLINE_SURFACE_WITH_KNOTS('',3,1,((#12996,#12997),(#12998,#12999),
(#13000,#13001),(#13002,#13003)),.SURF_OF_LINEAR_EXTRUSION.,.F.,.F.,.F.,
(4,4),(2,2),(0.,0.433911247105338),(0.,1.),.PIECEWISE_BEZIER_KNOTS.);
#86=B_SPLINE_SURFACE_WITH_KNOTS('',3,1,((#13078,#13079),(#13080,#13081),
(#13082,#13083),(#13084,#13085)),.SURF_OF_LINEAR_EXTRUSION.,.F.,.F.,.F.,
(4,4),(2,2),(0.566088752894663,1.),(0.,1.),.PIECEWISE_BEZIER_KNOTS.);
#87=B_SPLINE_SURFACE_WITH_KNOTS('',3,1,((#13098,#13099),(#13100,#13101),
(#13102,#13103),(#13104,#13105)),.SURF_OF_LINEAR_EXTRUSION.,.F.,.F.,.F.,
(4,4),(2,2),(0.,0.433911247105338),(0.,1.),.PIECEWISE_BEZIER_KNOTS.);
#88=B_SPLINE_SURFACE_WITH_KNOTS('',3,1,((#13180,#13181),(#13182,#13183),
(#13184,#13185),(#13186,#13187)),.SURF_OF_LINEAR_EXTRUSION.,.F.,.F.,.F.,
(4,4),(2,2),(0.566088752894662,1.),(0.,1.),.PIECEWISE_BEZIER_KNOTS.);
#89=B_SPLINE_SURFACE_WITH_KNOTS('',3,1,((#13200,#13201),(#13202,#13203),
(#13204,#13205),(#13206,#13207)),.SURF_OF_LINEAR_EXTRUSION.,.F.,.F.,.F.,
(4,4),(2,2),(0.,0.433911247105337),(0.,1.),.PIECEWISE_BEZIER_KNOTS.);
#90=B_SPLINE_SURFACE_WITH_KNOTS('',3,1,((#13276,#13277),(#13278,#13279),
(#13280,#13281),(#13282,#13283)),.SURF_OF_LINEAR_EXTRUSION.,.F.,.F.,.F.,
(4,4),(2,2),(0.566088752894662,1.),(0.,1.),.PIECEWISE_BEZIER_KNOTS.);
#91=B_SPLINE_SURFACE_WITH_KNOTS('',3,1,((#13291,#13292),(#13293,#13294),
(#13295,#13296),(#13297,#13298)),.SURF_OF_LINEAR_EXTRUSION.,.F.,.F.,.F.,
(4,4),(2,2),(0.,0.433911247105338),(0.,1.),.PIECEWISE_BEZIER_KNOTS.);
#92=B_SPLINE_SURFACE_WITH_KNOTS('',3,1,((#13354,#13355),(#13356,#13357),
(#13358,#13359),(#13360,#13361)),.SURF_OF_LINEAR_EXTRUSION.,.F.,.F.,.F.,
(4,4),(2,2),(0.566088752894662,1.),(0.,1.),.PIECEWISE_BEZIER_KNOTS.);
#93=B_SPLINE_SURFACE_WITH_KNOTS('',3,1,((#13369,#13370),(#13371,#13372),
(#13373,#13374),(#13375,#13376)),.SURF_OF_LINEAR_EXTRUSION.,.F.,.F.,.F.,
(4,4),(2,2),(0.,0.433911247105338),(0.,1.),.PIECEWISE_BEZIER_KNOTS.);
#94=B_SPLINE_SURFACE_WITH_KNOTS('',3,1,((#13432,#13433),(#13434,#13435),
(#13436,#13437),(#13438,#13439)),.SURF_OF_LINEAR_EXTRUSION.,.F.,.F.,.F.,
(4,4),(2,2),(0.566088752894662,1.),(0.,1.),.PIECEWISE_BEZIER_KNOTS.);
#95=B_SPLINE_SURFACE_WITH_KNOTS('',3,1,((#13447,#13448),(#13449,#13450),
(#13451,#13452),(#13453,#13454)),.SURF_OF_LINEAR_EXTRUSION.,.F.,.F.,.F.,
(4,4),(2,2),(0.,0.433911247105338),(0.,1.),.PIECEWISE_BEZIER_KNOTS.);
#96=B_SPLINE_SURFACE_WITH_KNOTS('',3,1,((#13504,#13505),(#13506,#13507),
(#13508,#13509),(#13510,#13511)),.SURF_OF_LINEAR_EXTRUSION.,.F.,.F.,.F.,
(4,4),(2,2),(0.566088752894663,1.),(0.,1.),.PIECEWISE_BEZIER_KNOTS.);
#97=B_SPLINE_SURFACE_WITH_KNOTS('',3,1,((#13519,#13520),(#13521,#13522),
(#13523,#13524),(#13525,#13526)),.SURF_OF_LINEAR_EXTRUSION.,.F.,.F.,.F.,
(4,4),(2,2),(0.,0.433911247105337),(0.,1.),.PIECEWISE_BEZIER_KNOTS.);
#98=B_SPLINE_SURFACE_WITH_KNOTS('',3,1,((#13585,#13586),(#13587,#13588),
(#13589,#13590),(#13591,#13592)),.SURF_OF_LINEAR_EXTRUSION.,.F.,.F.,.F.,
(4,4),(2,2),(0.566088752894663,1.),(0.,1.),.PIECEWISE_BEZIER_KNOTS.);
#99=B_SPLINE_SURFACE_WITH_KNOTS('',3,1,((#13605,#13606),(#13607,#13608),
(#13609,#13610),(#13611,#13612)),.SURF_OF_LINEAR_EXTRUSION.,.F.,.F.,.F.,
(4,4),(2,2),(0.,0.433911247105337),(0.,1.),.PIECEWISE_BEZIER_KNOTS.);
#100=B_SPLINE_SURFACE_WITH_KNOTS('',3,1,((#13687,#13688),(#13689,#13690),
(#13691,#13692),(#13693,#13694)),.SURF_OF_LINEAR_EXTRUSION.,.F.,.F.,.F.,
(4,4),(2,2),(0.566088752894662,1.),(0.,1.),.PIECEWISE_BEZIER_KNOTS.);
#101=B_SPLINE_SURFACE_WITH_KNOTS('',3,1,((#13707,#13708),(#13709,#13710),
(#13711,#13712),(#13713,#13714)),.SURF_OF_LINEAR_EXTRUSION.,.F.,.F.,.F.,
(4,4),(2,2),(0.,0.433911247105338),(0.,1.),.PIECEWISE_BEZIER_KNOTS.);
#102=B_SPLINE_SURFACE_WITH_KNOTS('',3,1,((#13789,#13790),(#13791,#13792),
(#13793,#13794),(#13795,#13796)),.SURF_OF_LINEAR_EXTRUSION.,.F.,.F.,.F.,
(4,4),(2,2),(0.566088752894662,1.),(0.,1.),.PIECEWISE_BEZIER_KNOTS.);
#103=B_SPLINE_SURFACE_WITH_KNOTS('',3,1,((#13809,#13810),(#13811,#13812),
(#13813,#13814),(#13815,#13816)),.SURF_OF_LINEAR_EXTRUSION.,.F.,.F.,.F.,
(4,4),(2,2),(0.,0.433911247105338),(0.,1.),.PIECEWISE_BEZIER_KNOTS.);
#104=B_SPLINE_SURFACE_WITH_KNOTS('',3,1,((#14044,#14045),(#14046,#14047),
(#14048,#14049),(#14050,#14051)),.SURF_OF_LINEAR_EXTRUSION.,.F.,.F.,.F.,
(4,4),(2,2),(0.566088752894662,1.),(0.,1.),.PIECEWISE_BEZIER_KNOTS.);
#105=B_SPLINE_SURFACE_WITH_KNOTS('',3,1,((#14056,#14057),(#14058,#14059),
(#14060,#14061),(#14062,#14063)),.SURF_OF_LINEAR_EXTRUSION.,.F.,.F.,.F.,
(4,4),(2,2),(0.,0.433911247105338),(0.,1.),.PIECEWISE_BEZIER_KNOTS.);
#106=B_SPLINE_SURFACE_WITH_KNOTS('',3,1,((#14118,#14119),(#14120,#14121),
(#14122,#14123),(#14124,#14125)),.SURF_OF_LINEAR_EXTRUSION.,.F.,.F.,.F.,
(4,4),(2,2),(0.,1.),(0.,1.),.PIECEWISE_BEZIER_KNOTS.);
#107=B_SPLINE_SURFACE_WITH_KNOTS('',3,1,((#14133,#14134),(#14135,#14136),
(#14137,#14138),(#14139,#14140)),.SURF_OF_LINEAR_EXTRUSION.,.F.,.F.,.F.,
(4,4),(2,2),(0.,1.),(0.,1.),.PIECEWISE_BEZIER_KNOTS.);
#108=B_SPLINE_SURFACE_WITH_KNOTS('',3,1,((#14146,#14147),(#14148,#14149),
(#14150,#14151),(#14152,#14153)),.SURF_OF_LINEAR_EXTRUSION.,.F.,.F.,.F.,
(4,4),(2,2),(0.,1.),(0.,1.),.PIECEWISE_BEZIER_KNOTS.);
#109=B_SPLINE_SURFACE_WITH_KNOTS('',3,1,((#14159,#14160),(#14161,#14162),
(#14163,#14164),(#14165,#14166)),.SURF_OF_LINEAR_EXTRUSION.,.F.,.F.,.F.,
(4,4),(2,2),(0.,1.),(0.,1.),.PIECEWISE_BEZIER_KNOTS.);
#110=B_SPLINE_SURFACE_WITH_KNOTS('',3,1,((#14172,#14173),(#14174,#14175),
(#14176,#14177),(#14178,#14179)),.SURF_OF_LINEAR_EXTRUSION.,.F.,.F.,.F.,
(4,4),(2,2),(0.,1.),(0.,1.),.PIECEWISE_BEZIER_KNOTS.);
#111=B_SPLINE_SURFACE_WITH_KNOTS('',3,1,((#14185,#14186),(#14187,#14188),
(#14189,#14190),(#14191,#14192)),.SURF_OF_LINEAR_EXTRUSION.,.F.,.F.,.F.,
(4,4),(2,2),(0.,1.),(0.,1.),.PIECEWISE_BEZIER_KNOTS.);
#112=B_SPLINE_SURFACE_WITH_KNOTS('',3,1,((#14198,#14199),(#14200,#14201),
(#14202,#14203),(#14204,#14205)),.SURF_OF_LINEAR_EXTRUSION.,.F.,.F.,.F.,
(4,4),(2,2),(0.,1.),(0.,1.),.PIECEWISE_BEZIER_KNOTS.);
#113=B_SPLINE_SURFACE_WITH_KNOTS('',3,1,((#14211,#14212),(#14213,#14214),
(#14215,#14216),(#14217,#14218)),.SURF_OF_LINEAR_EXTRUSION.,.F.,.F.,.F.,
(4,4),(2,2),(0.,1.),(0.,1.),.PIECEWISE_BEZIER_KNOTS.);
#114=B_SPLINE_SURFACE_WITH_KNOTS('',3,1,((#14224,#14225),(#14226,#14227),
(#14228,#14229),(#14230,#14231)),.SURF_OF_LINEAR_EXTRUSION.,.F.,.F.,.F.,
(4,4),(2,2),(0.,1.),(0.,1.),.PIECEWISE_BEZIER_KNOTS.);
#115=B_SPLINE_SURFACE_WITH_KNOTS('',3,1,((#14241,#14242),(#14243,#14244),
(#14245,#14246),(#14247,#14248)),.SURF_OF_LINEAR_EXTRUSION.,.F.,.F.,.F.,
(4,4),(2,2),(0.,1.),(0.,1.),.PIECEWISE_BEZIER_KNOTS.);
#116=B_SPLINE_SURFACE_WITH_KNOTS('',3,1,((#14254,#14255),(#14256,#14257),
(#14258,#14259),(#14260,#14261)),.SURF_OF_LINEAR_EXTRUSION.,.F.,.F.,.F.,
(4,4),(2,2),(0.,1.),(0.,1.),.PIECEWISE_BEZIER_KNOTS.);
#117=B_SPLINE_SURFACE_WITH_KNOTS('',3,1,((#14267,#14268),(#14269,#14270),
(#14271,#14272),(#14273,#14274)),.SURF_OF_LINEAR_EXTRUSION.,.F.,.F.,.F.,
(4,4),(2,2),(0.,1.),(0.,1.),.PIECEWISE_BEZIER_KNOTS.);
#118=B_SPLINE_SURFACE_WITH_KNOTS('',3,1,((#14280,#14281),(#14282,#14283),
(#14284,#14285),(#14286,#14287)),.SURF_OF_LINEAR_EXTRUSION.,.F.,.F.,.F.,
(4,4),(2,2),(0.,1.),(0.,1.),.PIECEWISE_BEZIER_KNOTS.);
#119=B_SPLINE_SURFACE_WITH_KNOTS('',3,1,((#14293,#14294),(#14295,#14296),
(#14297,#14298),(#14299,#14300)),.SURF_OF_LINEAR_EXTRUSION.,.F.,.F.,.F.,
(4,4),(2,2),(0.,1.),(0.,1.),.PIECEWISE_BEZIER_KNOTS.);
#120=B_SPLINE_SURFACE_WITH_KNOTS('',3,1,((#14306,#14307),(#14308,#14309),
(#14310,#14311),(#14312,#14313)),.SURF_OF_LINEAR_EXTRUSION.,.F.,.F.,.F.,
(4,4),(2,2),(0.,1.),(0.,1.),.PIECEWISE_BEZIER_KNOTS.);
#121=B_SPLINE_SURFACE_WITH_KNOTS('',3,1,((#14319,#14320),(#14321,#14322),
(#14323,#14324),(#14325,#14326)),.SURF_OF_LINEAR_EXTRUSION.,.F.,.F.,.F.,
(4,4),(2,2),(0.,1.),(0.,1.),.PIECEWISE_BEZIER_KNOTS.);
#122=B_SPLINE_SURFACE_WITH_KNOTS('',3,1,((#14332,#14333),(#14334,#14335),
(#14336,#14337),(#14338,#14339)),.SURF_OF_LINEAR_EXTRUSION.,.F.,.F.,.F.,
(4,4),(2,2),(0.,1.),(0.,1.),.PIECEWISE_BEZIER_KNOTS.);
#123=B_SPLINE_SURFACE_WITH_KNOTS('',3,1,((#14345,#14346),(#14347,#14348),
(#14349,#14350),(#14351,#14352)),.SURF_OF_LINEAR_EXTRUSION.,.F.,.F.,.F.,
(4,4),(2,2),(0.,1.),(0.,1.),.PIECEWISE_BEZIER_KNOTS.);
#124=B_SPLINE_SURFACE_WITH_KNOTS('',3,1,((#14358,#14359),(#14360,#14361),
(#14362,#14363),(#14364,#14365)),.SURF_OF_LINEAR_EXTRUSION.,.F.,.F.,.F.,
(4,4),(2,2),(0.,1.),(0.,1.),.PIECEWISE_BEZIER_KNOTS.);
#125=B_SPLINE_SURFACE_WITH_KNOTS('',3,1,((#14383,#14384),(#14385,#14386),
(#14387,#14388),(#14389,#14390)),.SURF_OF_LINEAR_EXTRUSION.,.F.,.F.,.F.,
(4,4),(2,2),(0.,1.),(0.,1.),.PIECEWISE_BEZIER_KNOTS.);
#126=B_SPLINE_SURFACE_WITH_KNOTS('',3,1,((#14396,#14397),(#14398,#14399),
(#14400,#14401),(#14402,#14403)),.SURF_OF_LINEAR_EXTRUSION.,.F.,.F.,.F.,
(4,4),(2,2),(0.,1.),(0.,1.),.PIECEWISE_BEZIER_KNOTS.);
#127=ELLIPSE('',#7748,0.055848463653716,0.055);
#128=ELLIPSE('',#7749,0.055848463653716,0.055);
#129=ELLIPSE('',#7752,0.055848463653716,0.055);
#130=ELLIPSE('',#7753,0.055848463653716,0.055);
#131=ELLIPSE('',#7755,0.055848463653716,0.055);
#132=ELLIPSE('',#7756,0.055848463653716,0.055);
#133=ELLIPSE('',#7759,0.055848463653716,0.055);
#134=ELLIPSE('',#7760,0.055848463653716,0.055);
#135=ELLIPSE('',#7763,0.00435889894354067,0.0035);
#136=ELLIPSE('',#7768,0.00519615242270663,0.0045);
#137=ELLIPSE('',#7821,0.00435889894354067,0.0035);
#138=ELLIPSE('',#7824,0.00519615242270663,0.0045);
#139=ELLIPSE('',#7826,0.00435889894354067,0.0035);
#140=ELLIPSE('',#7829,0.00519615242270663,0.0045);
#141=ELLIPSE('',#7831,0.00435889894354067,0.0035);
#142=ELLIPSE('',#7834,0.00519615242270663,0.0045);
#143=ELLIPSE('',#7836,0.00435889894354067,0.0035);
#144=ELLIPSE('',#7841,0.00519615242270663,0.0045);
#145=ELLIPSE('',#7844,0.00435889894354067,0.0035);
#146=ELLIPSE('',#7848,0.00519615242270663,0.0045);
#147=ELLIPSE('',#7851,0.00435889894354067,0.0035);
#148=ELLIPSE('',#7855,0.00519615242270663,0.0045);
#149=ELLIPSE('',#7858,0.00435889894354067,0.0035);
#150=ELLIPSE('',#7862,0.00519615242270663,0.0045);
#151=ELLIPSE('',#7864,0.00435889894354067,0.0035);
#152=ELLIPSE('',#7867,0.00519615242270663,0.0045);
#153=ELLIPSE('',#7869,0.00435889894354067,0.0035);
#154=ELLIPSE('',#7872,0.00519615242270663,0.0045);
#155=ELLIPSE('',#7874,0.00435889894354067,0.0035);
#156=ELLIPSE('',#7877,0.00519615242270663,0.0045);
#157=ELLIPSE('',#7879,0.00435889894354067,0.0035);
#158=ELLIPSE('',#7881,0.00519615242270663,0.0045);
#159=ELLIPSE('',#7884,0.00435889894354067,0.0035);
#160=ELLIPSE('',#7888,0.00519615242270663,0.0045);
#161=ELLIPSE('',#7891,0.00435889894354067,0.0035);
#162=ELLIPSE('',#7895,0.00519615242270663,0.0045);
#163=ELLIPSE('',#7898,0.00435889894354067,0.0035);
#164=ELLIPSE('',#7902,0.00519615242270663,0.0045);
#165=ELLIPSE('',#7974,0.00435889894354067,0.0035);
#166=ELLIPSE('',#7976,0.00519615242270663,0.0045);
#167=ELLIPSE('',#8002,0.00435889894354067,0.0035);
#168=ELLIPSE('',#8007,0.00519615242270663,0.0045);
#169=ELLIPSE('',#8064,0.00435889894354067,0.0035);
#170=ELLIPSE('',#8068,0.00519615242270663,0.0045);
#171=ELLIPSE('',#8070,0.00435889894354067,0.0035);
#172=ELLIPSE('',#8074,0.00519615242270663,0.0045);
#173=ELLIPSE('',#8076,0.00435889894354067,0.0035);
#174=ELLIPSE('',#8080,0.00519615242270663,0.0045);
#175=ELLIPSE('',#8082,0.00435889894354067,0.0035);
#176=ELLIPSE('',#8088,0.00519615242270663,0.0045);
#177=ELLIPSE('',#8091,0.00435889894354067,0.0035);
#178=ELLIPSE('',#8096,0.00519615242270663,0.0045);
#179=ELLIPSE('',#8099,0.00435889894354067,0.0035);
#180=ELLIPSE('',#8104,0.00519615242270663,0.0045);
#181=ELLIPSE('',#8107,0.00435889894354067,0.0035);
#182=ELLIPSE('',#8112,0.00519615242270663,0.0045);
#183=ELLIPSE('',#8114,0.00435889894354067,0.0035);
#184=ELLIPSE('',#8118,0.00519615242270663,0.0045);
#185=ELLIPSE('',#8120,0.00435889894354067,0.0035);
#186=ELLIPSE('',#8124,0.00519615242270663,0.0045);
#187=ELLIPSE('',#8126,0.00435889894354067,0.0035);
#188=ELLIPSE('',#8130,0.00519615242270663,0.0045);
#189=ELLIPSE('',#8132,0.00435889894354067,0.0035);
#190=ELLIPSE('',#8134,0.00519615242270663,0.0045);
#191=ELLIPSE('',#8137,0.00435889894354067,0.0035);
#192=ELLIPSE('',#8142,0.00519615242270663,0.0045);
#193=ELLIPSE('',#8145,0.00435889894354067,0.0035);
#194=ELLIPSE('',#8150,0.00519615242270663,0.0045);
#195=ELLIPSE('',#8153,0.00435889894354067,0.0035);
#196=ELLIPSE('',#8158,0.00519615242270663,0.0045);
#197=ELLIPSE('',#8227,0.00519615242270663,0.0045);
#198=ELLIPSE('',#8229,0.00435889894354067,0.0035);
#199=CYLINDRICAL_SURFACE('',#7747,0.055);
#200=CYLINDRICAL_SURFACE('',#7754,0.055);
#201=CYLINDRICAL_SURFACE('',#7762,0.0035);
#202=CYLINDRICAL_SURFACE('',#7765,0.0035);
#203=CYLINDRICAL_SURFACE('',#7769,0.0035);
#204=CYLINDRICAL_SURFACE('',#7771,0.0035);
#205=CYLINDRICAL_SURFACE('',#7773,0.0035);
#206=CYLINDRICAL_SURFACE('',#7775,0.0035);
#207=CYLINDRICAL_SURFACE('',#7796,0.055);
#208=CYLINDRICAL_SURFACE('',#7818,0.0025);
#209=CYLINDRICAL_SURFACE('',#7819,0.0025);
#210=CYLINDRICAL_SURFACE('',#7820,0.0035);
#211=CYLINDRICAL_SURFACE('',#7822,0.0035);
#212=CYLINDRICAL_SURFACE('',#7825,0.0035);
#213=CYLINDRICAL_SURFACE('',#7827,0.0035);
#214=CYLINDRICAL_SURFACE('',#7830,0.0035);
#215=CYLINDRICAL_SURFACE('',#7832,0.0035);
#216=CYLINDRICAL_SURFACE('',#7835,0.0035);
#217=CYLINDRICAL_SURFACE('',#7838,0.0035);
#218=CYLINDRICAL_SURFACE('',#7842,0.0035);
#219=CYLINDRICAL_SURFACE('',#7845,0.0035);
#220=CYLINDRICAL_SURFACE('',#7849,0.0035);
#221=CYLINDRICAL_SURFACE('',#7852,0.0035);
#222=CYLINDRICAL_SURFACE('',#7856,0.0035);
#223=CYLINDRICAL_SURFACE('',#7859,0.0035);
#224=CYLINDRICAL_SURFACE('',#7863,0.0035);
#225=CYLINDRICAL_SURFACE('',#7865,0.0035);
#226=CYLINDRICAL_SURFACE('',#7868,0.0035);
#227=CYLINDRICAL_SURFACE('',#7870,0.0035);
#228=CYLINDRICAL_SURFACE('',#7873,0.0035);
#229=CYLINDRICAL_SURFACE('',#7875,0.0035);
#230=CYLINDRICAL_SURFACE('',#7878,0.0035);
#231=CYLINDRICAL_SURFACE('',#7882,0.0035);
#232=CYLINDRICAL_SURFACE('',#7885,0.0035);
#233=CYLINDRICAL_SURFACE('',#7889,0.0035);
#234=CYLINDRICAL_SURFACE('',#7892,0.0035);
#235=CYLINDRICAL_SURFACE('',#7896,0.0035);
#236=CYLINDRICAL_SURFACE('',#7899,0.0035);
#237=CYLINDRICAL_SURFACE('',#7903,0.0035);
#238=CYLINDRICAL_SURFACE('',#7905,0.0035);
#239=CYLINDRICAL_SURFACE('',#7907,0.0035);
#240=CYLINDRICAL_SURFACE('',#7909,0.0035);
#241=CYLINDRICAL_SURFACE('',#7911,0.0035);
#242=CYLINDRICAL_SURFACE('',#7912,0.0035);
#243=CYLINDRICAL_SURFACE('',#7926,0.0035);
#244=CYLINDRICAL_SURFACE('',#7929,0.0035);
#245=CYLINDRICAL_SURFACE('',#7932,0.0035);
#246=CYLINDRICAL_SURFACE('',#7939,0.055);
#247=CYLINDRICAL_SURFACE('',#7951,0.0577408001330082);
#248=CYLINDRICAL_SURFACE('',#7964,0.0045);
#249=CYLINDRICAL_SURFACE('',#7965,0.0045);
#250=CYLINDRICAL_SURFACE('',#7966,0.002);
#251=CYLINDRICAL_SURFACE('',#7969,0.002);
#252=CYLINDRICAL_SURFACE('',#7972,0.0035);
#253=CYLINDRICAL_SURFACE('',#7973,0.0035);
#254=CYLINDRICAL_SURFACE('',#7977,0.0025);
#255=CYLINDRICAL_SURFACE('',#7978,0.0025);
#256=CYLINDRICAL_SURFACE('',#7979,0.0025);
#257=CYLINDRICAL_SURFACE('',#7980,0.0025);
#258=CYLINDRICAL_SURFACE('',#7981,0.0025);
#259=CYLINDRICAL_SURFACE('',#7982,0.0025);
#260=CYLINDRICAL_SURFACE('',#7983,0.0025);
#261=CYLINDRICAL_SURFACE('',#7984,0.0025);
#262=CYLINDRICAL_SURFACE('',#7985,0.0025);
#263=CYLINDRICAL_SURFACE('',#7986,0.0025);
#264=CYLINDRICAL_SURFACE('',#7987,0.0025);
#265=CYLINDRICAL_SURFACE('',#7988,0.0025);
#266=CYLINDRICAL_SURFACE('',#7989,0.0025);
#267=CYLINDRICAL_SURFACE('',#7990,0.0025);
#268=CYLINDRICAL_SURFACE('',#7991,0.0025);
#269=CYLINDRICAL_SURFACE('',#7992,0.0025);
#270=CYLINDRICAL_SURFACE('',#8000,0.0035);
#271=CYLINDRICAL_SURFACE('',#8003,0.0035);
#272=CYLINDRICAL_SURFACE('',#8008,0.0035);
#273=CYLINDRICAL_SURFACE('',#8011,0.0035);
#274=CYLINDRICAL_SURFACE('',#8014,0.0035);
#275=CYLINDRICAL_SURFACE('',#8017,0.0035);
#276=CYLINDRICAL_SURFACE('',#8039,0.055);
#277=CYLINDRICAL_SURFACE('',#8061,0.0025);
#278=CYLINDRICAL_SURFACE('',#8062,0.0025);
#279=CYLINDRICAL_SURFACE('',#8063,0.0035);
#280=CYLINDRICAL_SURFACE('',#8065,0.0035);
#281=CYLINDRICAL_SURFACE('',#8069,0.0035);
#282=CYLINDRICAL_SURFACE('',#8071,0.0035);
#283=CYLINDRICAL_SURFACE('',#8075,0.0035);
#284=CYLINDRICAL_SURFACE('',#8077,0.0035);
#285=CYLINDRICAL_SURFACE('',#8081,0.0035);
#286=CYLINDRICAL_SURFACE('',#8084,0.0035);
#287=CYLINDRICAL_SURFACE('',#8089,0.0035);
#288=CYLINDRICAL_SURFACE('',#8092,0.0035);
#289=CYLINDRICAL_SURFACE('',#8097,0.0035);
#290=CYLINDRICAL_SURFACE('',#8100,0.0035);
#291=CYLINDRICAL_SURFACE('',#8105,0.0035);
#292=CYLINDRICAL_SURFACE('',#8108,0.0035);
#293=CYLINDRICAL_SURFACE('',#8113,0.0035);
#294=CYLINDRICAL_SURFACE('',#8115,0.0035);
#295=CYLINDRICAL_SURFACE('',#8119,0.0035);
#296=CYLINDRICAL_SURFACE('',#8121,0.0035);
#297=CYLINDRICAL_SURFACE('',#8125,0.0035);
#298=CYLINDRICAL_SURFACE('',#8127,0.0035);
#299=CYLINDRICAL_SURFACE('',#8131,0.0035);
#300=CYLINDRICAL_SURFACE('',#8135,0.0035);
#301=CYLINDRICAL_SURFACE('',#8138,0.0035);
#302=CYLINDRICAL_SURFACE('',#8143,0.0035);
#303=CYLINDRICAL_SURFACE('',#8146,0.0035);
#304=CYLINDRICAL_SURFACE('',#8151,0.0035);
#305=CYLINDRICAL_SURFACE('',#8154,0.0035);
#306=CYLINDRICAL_SURFACE('',#8159,0.0035);
#307=CYLINDRICAL_SURFACE('',#8162,0.0035);
#308=CYLINDRICAL_SURFACE('',#8165,0.0035);
#309=CYLINDRICAL_SURFACE('',#8168,0.0035);
#310=CYLINDRICAL_SURFACE('',#8171,0.0035);
#311=CYLINDRICAL_SURFACE('',#8173,0.0035);
#312=CYLINDRICAL_SURFACE('',#8176,0.0035);
#313=CYLINDRICAL_SURFACE('',#8180,0.0035);
#314=CYLINDRICAL_SURFACE('',#8184,0.0035);
#315=CYLINDRICAL_SURFACE('',#8192,0.055);
#316=CYLINDRICAL_SURFACE('',#8217,0.0045);
#317=CYLINDRICAL_SURFACE('',#8218,0.0045);
#318=CYLINDRICAL_SURFACE('',#8219,0.002);
#319=CYLINDRICAL_SURFACE('',#8222,0.002);
#320=CYLINDRICAL_SURFACE('',#8225,0.0035);
#321=CYLINDRICAL_SURFACE('',#8228,0.0035);
#322=CYLINDRICAL_SURFACE('',#8230,0.0025);
#323=CYLINDRICAL_SURFACE('',#8231,0.0025);
#324=CYLINDRICAL_SURFACE('',#8232,0.0025);
#325=CYLINDRICAL_SURFACE('',#8233,0.0025);
#326=CYLINDRICAL_SURFACE('',#8234,0.0025);
#327=CYLINDRICAL_SURFACE('',#8235,0.0025);
#328=CYLINDRICAL_SURFACE('',#8236,0.0025);
#329=CYLINDRICAL_SURFACE('',#8237,0.0025);
#330=CYLINDRICAL_SURFACE('',#8238,0.0025);
#331=CYLINDRICAL_SURFACE('',#8239,0.0025);
#332=CYLINDRICAL_SURFACE('',#8240,0.0025);
#333=CYLINDRICAL_SURFACE('',#8241,0.0025);
#334=CYLINDRICAL_SURFACE('',#8242,0.0025);
#335=CYLINDRICAL_SURFACE('',#8243,0.0025);
#336=CYLINDRICAL_SURFACE('',#8244,0.0025);
#337=CYLINDRICAL_SURFACE('',#8245,0.0025);
#338=CYLINDRICAL_SURFACE('',#8252,0.0025);
#339=CYLINDRICAL_SURFACE('',#8256,0.00358673654711404);
#340=CYLINDRICAL_SURFACE('',#8258,0.00376410421787066);
#341=CYLINDRICAL_SURFACE('',#8264,0.00934765881295937);
#342=CYLINDRICAL_SURFACE('',#8266,0.00931469312840002);
#343=CYLINDRICAL_SURFACE('',#8278,0.0114429471737892);
#344=CYLINDRICAL_SURFACE('',#8280,0.0545823158514908);
#345=CYLINDRICAL_SURFACE('',#8288,0.0189115618133099);
#346=CYLINDRICAL_SURFACE('',#8306,0.0045);
#347=CYLINDRICAL_SURFACE('',#8307,0.0045);
#348=CYLINDRICAL_SURFACE('',#8308,0.002);
#349=CIRCLE('',#7707,0.0025);
#350=CIRCLE('',#7709,0.0025);
#351=CIRCLE('',#7711,0.0035);
#352=CIRCLE('',#7712,0.0035);
#353=CIRCLE('',#7713,0.0035);
#354=CIRCLE('',#7714,0.0035);
#355=CIRCLE('',#7715,0.0035);
#356=CIRCLE('',#7716,0.0035);
#357=CIRCLE('',#7717,0.0547408001330082);
#358=CIRCLE('',#7718,0.0035);
#359=CIRCLE('',#7719,0.0035);
#360=CIRCLE('',#7720,0.0035);
#361=CIRCLE('',#7721,0.0035);
#362=CIRCLE('',#7722,0.0035);
#363=CIRCLE('',#7723,0.0035);
#364=CIRCLE('',#7724,0.0035);
#365=CIRCLE('',#7725,0.0035);
#366=CIRCLE('',#7726,0.0035);
#367=CIRCLE('',#7727,0.0035);
#368=CIRCLE('',#7728,0.0035);
#369=CIRCLE('',#7729,0.0035);
#370=CIRCLE('',#7730,0.0035);
#371=CIRCLE('',#7731,0.0035);
#372=CIRCLE('',#7732,0.0035);
#373=CIRCLE('',#7733,0.0035);
#374=CIRCLE('',#7734,0.0035);
#375=CIRCLE('',#7735,0.0035);
#376=CIRCLE('',#7736,0.0035);
#377=CIRCLE('',#7737,0.0035);
#378=CIRCLE('',#7738,0.0035);
#379=CIRCLE('',#7739,0.0035);
#380=CIRCLE('',#7740,0.00376410421787066);
#381=CIRCLE('',#7741,0.00358673654711404);
#382=CIRCLE('',#7742,0.00931469312840002);
#383=CIRCLE('',#7743,0.00934765881295937);
#384=CIRCLE('',#7744,0.0189115618133099);
#385=CIRCLE('',#7745,0.0545823158514908);
#386=CIRCLE('',#7746,0.0114429471737892);
#387=CIRCLE('',#7750,0.055);
#388=CIRCLE('',#7751,0.055);
#389=CIRCLE('',#7757,0.055);
#390=CIRCLE('',#7758,0.055);
#391=CIRCLE('',#7764,0.0035);
#392=CIRCLE('',#7766,0.0035);
#393=CIRCLE('',#7770,0.0035);
#394=CIRCLE('',#7772,0.0035);
#395=CIRCLE('',#7774,0.0035);
#396=CIRCLE('',#7776,0.0035);
#397=CIRCLE('',#7778,0.0035);
#398=CIRCLE('',#7779,0.0035);
#399=CIRCLE('',#7780,0.0035);
#400=CIRCLE('',#7781,0.0035);
#401=CIRCLE('',#7782,0.0035);
#402=CIRCLE('',#7783,0.0035);
#403=CIRCLE('',#7784,0.0035);
#404=CIRCLE('',#7785,0.0035);
#405=CIRCLE('',#7786,0.0035);
#406=CIRCLE('',#7787,0.0035);
#407=CIRCLE('',#7788,0.0035);
#408=CIRCLE('',#7789,0.0035);
#409=CIRCLE('',#7790,0.0035);
#410=CIRCLE('',#7791,0.055);
#411=CIRCLE('',#7792,0.0035);
#412=CIRCLE('',#7793,0.0035);
#413=CIRCLE('',#7794,0.0035);
#414=CIRCLE('',#7795,0.0035);
#415=CIRCLE('',#7797,0.055);
#416=CIRCLE('',#7799,0.0025);
#417=CIRCLE('',#7800,0.0025);
#418=CIRCLE('',#7801,0.0025);
#419=CIRCLE('',#7802,0.0025);
#420=CIRCLE('',#7803,0.0025);
#421=CIRCLE('',#7804,0.0025);
#422=CIRCLE('',#7805,0.0025);
#423=CIRCLE('',#7806,0.0025);
#424=CIRCLE('',#7807,0.0025);
#425=CIRCLE('',#7809,0.0025);
#426=CIRCLE('',#7810,0.0025);
#427=CIRCLE('',#7811,0.0025);
#428=CIRCLE('',#7812,0.0025);
#429=CIRCLE('',#7813,0.0025);
#430=CIRCLE('',#7814,0.0025);
#431=CIRCLE('',#7815,0.0025);
#432=CIRCLE('',#7816,0.0025);
#433=CIRCLE('',#7817,0.0025);
#434=CIRCLE('',#7837,0.0035);
#435=CIRCLE('',#7839,0.0035);
#436=CIRCLE('',#7843,0.0035);
#437=CIRCLE('',#7846,0.0035);
#438=CIRCLE('',#7850,0.0035);
#439=CIRCLE('',#7853,0.0035);
#440=CIRCLE('',#7857,0.0035);
#441=CIRCLE('',#7860,0.0035);
#442=CIRCLE('',#7883,0.0035);
#443=CIRCLE('',#7886,0.0035);
#444=CIRCLE('',#7890,0.0035);
#445=CIRCLE('',#7893,0.0035);
#446=CIRCLE('',#7897,0.0035);
#447=CIRCLE('',#7900,0.0035);
#448=CIRCLE('',#7904,0.0035);
#449=CIRCLE('',#7913,0.0035);
#450=CIRCLE('',#7915,0.002);
#451=CIRCLE('',#7916,0.0045);
#452=CIRCLE('',#7917,0.0045);
#453=CIRCLE('',#7918,0.002);
#454=CIRCLE('',#7919,0.002);
#455=CIRCLE('',#7920,0.002);
#456=CIRCLE('',#7921,0.002);
#457=CIRCLE('',#7922,0.0045);
#458=CIRCLE('',#7923,0.0045);
#459=CIRCLE('',#7924,0.0045);
#460=CIRCLE('',#7925,0.0045);
#461=CIRCLE('',#7927,0.0035);
#462=CIRCLE('',#7930,0.0035);
#463=CIRCLE('',#7933,0.0035);
#464=CIRCLE('',#7935,0.0035);
#465=CIRCLE('',#7936,0.055);
#466=CIRCLE('',#7937,0.0035);
#467=CIRCLE('',#7940,0.055);
#468=CIRCLE('',#7942,0.0025);
#469=CIRCLE('',#7943,0.0025);
#470=CIRCLE('',#7944,0.0025);
#471=CIRCLE('',#7945,0.0025);
#472=CIRCLE('',#7946,0.0025);
#473=CIRCLE('',#7947,0.0025);
#474=CIRCLE('',#7948,0.0025);
#475=CIRCLE('',#7949,0.0025);
#476=CIRCLE('',#7950,0.0025);
#477=CIRCLE('',#7952,0.0577408001330082);
#478=CIRCLE('',#7953,0.0577408001330082);
#479=CIRCLE('',#7955,0.0025);
#480=CIRCLE('',#7956,0.0025);
#481=CIRCLE('',#7957,0.0025);
#482=CIRCLE('',#7958,0.0025);
#483=CIRCLE('',#7959,0.0025);
#484=CIRCLE('',#7960,0.0025);
#485=CIRCLE('',#7961,0.0025);
#486=CIRCLE('',#7962,0.0025);
#487=CIRCLE('',#7963,0.0025);
#488=CIRCLE('',#7967,0.002);
#489=CIRCLE('',#7970,0.002);
#490=CIRCLE('',#8001,0.0035);
#491=CIRCLE('',#8004,0.0035);
#492=CIRCLE('',#8005,0.0035);
#493=CIRCLE('',#8009,0.0035);
#494=CIRCLE('',#8010,0.0035);
#495=CIRCLE('',#8012,0.0035);
#496=CIRCLE('',#8013,0.0035);
#497=CIRCLE('',#8015,0.0035);
#498=CIRCLE('',#8016,0.0035);
#499=CIRCLE('',#8018,0.0035);
#500=CIRCLE('',#8019,0.0035);
#501=CIRCLE('',#8021,0.0035);
#502=CIRCLE('',#8022,0.0035);
#503=CIRCLE('',#8023,0.0035);
#504=CIRCLE('',#8024,0.0035);
#505=CIRCLE('',#8025,0.0035);
#506=CIRCLE('',#8026,0.0035);
#507=CIRCLE('',#8027,0.0035);
#508=CIRCLE('',#8028,0.0035);
#509=CIRCLE('',#8029,0.0035);
#510=CIRCLE('',#8030,0.0035);
#511=CIRCLE('',#8031,0.0035);
#512=CIRCLE('',#8032,0.0035);
#513=CIRCLE('',#8033,0.0035);
#514=CIRCLE('',#8034,0.0035);
#515=CIRCLE('',#8035,0.0035);
#516=CIRCLE('',#8036,0.0035);
#517=CIRCLE('',#8037,0.055);
#518=CIRCLE('',#8038,0.0035);
#519=CIRCLE('',#8040,0.055);
#520=CIRCLE('',#8042,0.0025);
#521=CIRCLE('',#8043,0.0025);
#522=CIRCLE('',#8044,0.0025);
#523=CIRCLE('',#8045,0.0025);
#524=CIRCLE('',#8046,0.0025);
#525=CIRCLE('',#8047,0.0025);
#526=CIRCLE('',#8048,0.0025);
#527=CIRCLE('',#8049,0.0025);
#528=CIRCLE('',#8050,0.0025);
#529=CIRCLE('',#8052,0.0025);
#530=CIRCLE('',#8053,0.0025);
#531=CIRCLE('',#8054,0.0025);
#532=CIRCLE('',#8055,0.0025);
#533=CIRCLE('',#8056,0.0025);
#534=CIRCLE('',#8057,0.0025);
#535=CIRCLE('',#8058,0.0025);
#536=CIRCLE('',#8059,0.0025);
#537=CIRCLE('',#8060,0.0025);
#538=CIRCLE('',#8066,0.0035);
#539=CIRCLE('',#8072,0.0035);
#540=CIRCLE('',#8078,0.0035);
#541=CIRCLE('',#8083,0.0035);
#542=CIRCLE('',#8085,0.0035);
#543=CIRCLE('',#8086,0.0035);
#544=CIRCLE('',#8090,0.0035);
#545=CIRCLE('',#8093,0.0035);
#546=CIRCLE('',#8094,0.0035);
#547=CIRCLE('',#8098,0.0035);
#548=CIRCLE('',#8101,0.0035);
#549=CIRCLE('',#8102,0.0035);
#550=CIRCLE('',#8106,0.0035);
#551=CIRCLE('',#8109,0.0035);
#552=CIRCLE('',#8110,0.0035);
#553=CIRCLE('',#8116,0.0035);
#554=CIRCLE('',#8122,0.0035);
#555=CIRCLE('',#8128,0.0035);
#556=CIRCLE('',#8136,0.0035);
#557=CIRCLE('',#8139,0.0035);
#558=CIRCLE('',#8140,0.0035);
#559=CIRCLE('',#8144,0.0035);
#560=CIRCLE('',#8147,0.0035);
#561=CIRCLE('',#8148,0.0035);
#562=CIRCLE('',#8152,0.0035);
#563=CIRCLE('',#8155,0.0035);
#564=CIRCLE('',#8156,0.0035);
#565=CIRCLE('',#8160,0.0035);
#566=CIRCLE('',#8161,0.0035);
#567=CIRCLE('',#8163,0.0035);
#568=CIRCLE('',#8166,0.0035);
#569=CIRCLE('',#8169,0.0035);
#570=CIRCLE('',#8172,0.0035);
#571=CIRCLE('',#8174,0.0035);
#572=CIRCLE('',#8175,0.0035);
#573=CIRCLE('',#8177,0.0035);
#574=CIRCLE('',#8178,0.0035);
#575=CIRCLE('',#8181,0.0035);
#576=CIRCLE('',#8182,0.0035);
#577=CIRCLE('',#8185,0.0035);
#578=CIRCLE('',#8186,0.0035);
#579=CIRCLE('',#8188,0.055);
#580=CIRCLE('',#8189,0.0035);
#581=CIRCLE('',#8190,0.0035);
#582=CIRCLE('',#8193,0.055);
#583=CIRCLE('',#8195,0.0025);
#584=CIRCLE('',#8196,0.0025);
#585=CIRCLE('',#8197,0.0025);
#586=CIRCLE('',#8198,0.0025);
#587=CIRCLE('',#8199,0.0025);
#588=CIRCLE('',#8200,0.0025);
#589=CIRCLE('',#8201,0.0025);
#590=CIRCLE('',#8202,0.0025);
#591=CIRCLE('',#8203,0.0025);
#592=CIRCLE('',#8205,0.0547408001330082);
#593=CIRCLE('',#8206,0.0035);
#594=CIRCLE('',#8208,0.0025);
#595=CIRCLE('',#8209,0.0025);
#596=CIRCLE('',#8210,0.0025);
#597=CIRCLE('',#8211,0.0025);
#598=CIRCLE('',#8212,0.0025);
#599=CIRCLE('',#8213,0.0025);
#600=CIRCLE('',#8214,0.0025);
#601=CIRCLE('',#8215,0.0025);
#602=CIRCLE('',#8216,0.0025);
#603=CIRCLE('',#8220,0.002);
#604=CIRCLE('',#8223,0.002);
#605=CIRCLE('',#8257,0.00358673654711404);
#606=CIRCLE('',#8259,0.00376410421787066);
#607=CIRCLE('',#8265,0.00934765881295937);
#608=CIRCLE('',#8267,0.00931469312840002);
#609=CIRCLE('',#8279,0.0114429471737892);
#610=CIRCLE('',#8281,0.0545823158514908);
#611=CIRCLE('',#8289,0.0189115618133099);
#612=CIRCLE('',#8309,0.002);
#613=B_SPLINE_CURVE_WITH_KNOTS('',3,(#10009,#10010,#10011,#10012),
 .UNSPECIFIED.,.F.,.F.,(4,4),(4.93406102549106E-17,0.00117687378840345),
 .UNSPECIFIED.);
#614=B_SPLINE_CURVE_WITH_KNOTS('',3,(#10099,#10100,#10101,#10102),
 .UNSPECIFIED.,.F.,.F.,(4,4),(0.,0.00117088775715599),.UNSPECIFIED.);
#615=B_SPLINE_CURVE_WITH_KNOTS('',2,(#10130,#10131,#10132),
 .UNSPECIFIED.,.F.,.F.,(3,3),(0.,1.),.PIECEWISE_BEZIER_KNOTS.);
#616=B_SPLINE_CURVE_WITH_KNOTS('',2,(#10147,#10148,#10149),
 .UNSPECIFIED.,.F.,.F.,(3,3),(0.,1.),.PIECEWISE_BEZIER_KNOTS.);
#617=B_SPLINE_CURVE_WITH_KNOTS('',2,(#10157,#10158,#10159),
 .UNSPECIFIED.,.F.,.F.,(3,3),(0.,1.),.PIECEWISE_BEZIER_KNOTS.);
#618=B_SPLINE_CURVE_WITH_KNOTS('',2,(#10163,#10164,#10165),
 .UNSPECIFIED.,.F.,.F.,(3,3),(0.,1.),.PIECEWISE_BEZIER_KNOTS.);
#619=B_SPLINE_CURVE_WITH_KNOTS('',2,(#10213,#10214,#10215),
 .UNSPECIFIED.,.F.,.F.,(3,3),(0.,1.),.PIECEWISE_BEZIER_KNOTS.);
#620=B_SPLINE_CURVE_WITH_KNOTS('',2,(#10219,#10220,#10221),
 .UNSPECIFIED.,.F.,.F.,(3,3),(0.,1.),.PIECEWISE_BEZIER_KNOTS.);
#621=B_SPLINE_CURVE_WITH_KNOTS('',2,(#10222,#10223,#10224),
 .UNSPECIFIED.,.F.,.F.,(3,3),(0.,1.),.PIECEWISE_BEZIER_KNOTS.);
#622=B_SPLINE_CURVE_WITH_KNOTS('',2,(#10229,#10230,#10231),
 .UNSPECIFIED.,.F.,.F.,(3,3),(0.,1.),.PIECEWISE_BEZIER_KNOTS.);
#623=B_SPLINE_CURVE_WITH_KNOTS('',2,(#10234,#10235,#10236),
 .UNSPECIFIED.,.F.,.F.,(3,3),(0.,1.),.PIECEWISE_BEZIER_KNOTS.);
#624=B_SPLINE_CURVE_WITH_KNOTS('',2,(#10241,#10242,#10243),
 .UNSPECIFIED.,.F.,.F.,(3,3),(0.,1.),.PIECEWISE_BEZIER_KNOTS.);
#625=B_SPLINE_CURVE_WITH_KNOTS('',2,(#10246,#10247,#10248),
 .UNSPECIFIED.,.F.,.F.,(3,3),(0.,1.),.PIECEWISE_BEZIER_KNOTS.);
#626=B_SPLINE_CURVE_WITH_KNOTS('',2,(#10253,#10254,#10255),
 .UNSPECIFIED.,.F.,.F.,(3,3),(0.,1.),.PIECEWISE_BEZIER_KNOTS.);
#627=B_SPLINE_CURVE_WITH_KNOTS('',2,(#10258,#10259,#10260),
 .UNSPECIFIED.,.F.,.F.,(3,3),(0.,1.),.PIECEWISE_BEZIER_KNOTS.);
#628=B_SPLINE_CURVE_WITH_KNOTS('',2,(#10265,#10266,#10267),
 .UNSPECIFIED.,.F.,.F.,(3,3),(0.,1.),.PIECEWISE_BEZIER_KNOTS.);
#629=B_SPLINE_CURVE_WITH_KNOTS('',2,(#10270,#10271,#10272),
 .UNSPECIFIED.,.F.,.F.,(3,3),(0.,1.),.PIECEWISE_BEZIER_KNOTS.);
#630=B_SPLINE_CURVE_WITH_KNOTS('',2,(#10277,#10278,#10279),
 .UNSPECIFIED.,.F.,.F.,(3,3),(0.,1.),.PIECEWISE_BEZIER_KNOTS.);
#631=B_SPLINE_CURVE_WITH_KNOTS('',2,(#10282,#10283,#10284),
 .UNSPECIFIED.,.F.,.F.,(3,3),(0.,1.),.PIECEWISE_BEZIER_KNOTS.);
#632=B_SPLINE_CURVE_WITH_KNOTS('',2,(#10289,#10290,#10291),
 .UNSPECIFIED.,.F.,.F.,(3,3),(0.,1.),.PIECEWISE_BEZIER_KNOTS.);
#633=B_SPLINE_CURVE_WITH_KNOTS('',2,(#10294,#10295,#10296),
 .UNSPECIFIED.,.F.,.F.,(3,3),(0.,1.),.PIECEWISE_BEZIER_KNOTS.);
#634=B_SPLINE_CURVE_WITH_KNOTS('',2,(#10301,#10302,#10303),
 .UNSPECIFIED.,.F.,.F.,(3,3),(0.,1.),.PIECEWISE_BEZIER_KNOTS.);
#635=B_SPLINE_CURVE_WITH_KNOTS('',2,(#10306,#10307,#10308),
 .UNSPECIFIED.,.F.,.F.,(3,3),(0.,1.),.PIECEWISE_BEZIER_KNOTS.);
#636=B_SPLINE_CURVE_WITH_KNOTS('',2,(#10313,#10314,#10315),
 .UNSPECIFIED.,.F.,.F.,(3,3),(0.,1.),.PIECEWISE_BEZIER_KNOTS.);
#637=B_SPLINE_CURVE_WITH_KNOTS('',2,(#10318,#10319,#10320),
 .UNSPECIFIED.,.F.,.F.,(3,3),(0.,1.),.PIECEWISE_BEZIER_KNOTS.);
#638=B_SPLINE_CURVE_WITH_KNOTS('',2,(#10325,#10326,#10327),
 .UNSPECIFIED.,.F.,.F.,(3,3),(0.,1.),.PIECEWISE_BEZIER_KNOTS.);
#639=B_SPLINE_CURVE_WITH_KNOTS('',2,(#10330,#10331,#10332),
 .UNSPECIFIED.,.F.,.F.,(3,3),(0.,1.),.PIECEWISE_BEZIER_KNOTS.);
#640=B_SPLINE_CURVE_WITH_KNOTS('',2,(#10337,#10338,#10339),
 .UNSPECIFIED.,.F.,.F.,(3,3),(0.,1.),.PIECEWISE_BEZIER_KNOTS.);
#641=B_SPLINE_CURVE_WITH_KNOTS('',2,(#10342,#10343,#10344),
 .UNSPECIFIED.,.F.,.F.,(3,3),(0.,1.),.PIECEWISE_BEZIER_KNOTS.);
#642=B_SPLINE_CURVE_WITH_KNOTS('',2,(#10349,#10350,#10351),
 .UNSPECIFIED.,.F.,.F.,(3,3),(0.,1.),.PIECEWISE_BEZIER_KNOTS.);
#643=B_SPLINE_CURVE_WITH_KNOTS('',2,(#10354,#10355,#10356),
 .UNSPECIFIED.,.F.,.F.,(3,3),(0.,1.),.PIECEWISE_BEZIER_KNOTS.);
#644=B_SPLINE_CURVE_WITH_KNOTS('',2,(#10361,#10362,#10363),
 .UNSPECIFIED.,.F.,.F.,(3,3),(0.,1.),.PIECEWISE_BEZIER_KNOTS.);
#645=B_SPLINE_CURVE_WITH_KNOTS('',2,(#10366,#10367,#10368),
 .UNSPECIFIED.,.F.,.F.,(3,3),(0.,1.),.PIECEWISE_BEZIER_KNOTS.);
#646=B_SPLINE_CURVE_WITH_KNOTS('',2,(#10371,#10372,#10373),
 .UNSPECIFIED.,.F.,.F.,(3,3),(0.,1.),.PIECEWISE_BEZIER_KNOTS.);
#647=B_SPLINE_CURVE_WITH_KNOTS('',2,(#10375,#10376,#10377),
 .UNSPECIFIED.,.F.,.F.,(3,3),(0.,1.),.PIECEWISE_BEZIER_KNOTS.);
#648=B_SPLINE_CURVE_WITH_KNOTS('',2,(#10379,#10380,#10381),
 .UNSPECIFIED.,.F.,.F.,(3,3),(0.,1.),.PIECEWISE_BEZIER_KNOTS.);
#649=B_SPLINE_CURVE_WITH_KNOTS('',2,(#10389,#10390,#10391),
 .UNSPECIFIED.,.F.,.F.,(3,3),(0.,1.),.PIECEWISE_BEZIER_KNOTS.);
#650=B_SPLINE_CURVE_WITH_KNOTS('',2,(#10393,#10394,#10395),
 .UNSPECIFIED.,.F.,.F.,(3,3),(0.,1.),.PIECEWISE_BEZIER_KNOTS.);
#651=B_SPLINE_CURVE_WITH_KNOTS('',2,(#10397,#10398,#10399),
 .UNSPECIFIED.,.F.,.F.,(3,3),(0.,1.),.PIECEWISE_BEZIER_KNOTS.);
#652=B_SPLINE_CURVE_WITH_KNOTS('',2,(#10401,#10402,#10403),
 .UNSPECIFIED.,.F.,.F.,(3,3),(0.,1.),.PIECEWISE_BEZIER_KNOTS.);
#653=B_SPLINE_CURVE_WITH_KNOTS('',2,(#10405,#10406,#10407),
 .UNSPECIFIED.,.F.,.F.,(3,3),(0.,1.),.PIECEWISE_BEZIER_KNOTS.);
#654=B_SPLINE_CURVE_WITH_KNOTS('',2,(#10409,#10410,#10411),
 .UNSPECIFIED.,.F.,.F.,(3,3),(0.,1.),.PIECEWISE_BEZIER_KNOTS.);
#655=B_SPLINE_CURVE_WITH_KNOTS('',2,(#10413,#10414,#10415),
 .UNSPECIFIED.,.F.,.F.,(3,3),(0.,1.),.PIECEWISE_BEZIER_KNOTS.);
#656=B_SPLINE_CURVE_WITH_KNOTS('',2,(#10417,#10418,#10419),
 .UNSPECIFIED.,.F.,.F.,(3,3),(0.,1.),.PIECEWISE_BEZIER_KNOTS.);
#657=B_SPLINE_CURVE_WITH_KNOTS('',2,(#10421,#10422,#10423),
 .UNSPECIFIED.,.F.,.F.,(3,3),(0.,1.),.PIECEWISE_BEZIER_KNOTS.);
#658=B_SPLINE_CURVE_WITH_KNOTS('',2,(#10425,#10426,#10427),
 .UNSPECIFIED.,.F.,.F.,(3,3),(0.,1.),.PIECEWISE_BEZIER_KNOTS.);
#659=B_SPLINE_CURVE_WITH_KNOTS('',2,(#10431,#10432,#10433),
 .UNSPECIFIED.,.F.,.F.,(3,3),(0.,1.),.PIECEWISE_BEZIER_KNOTS.);
#660=B_SPLINE_CURVE_WITH_KNOTS('',2,(#10435,#10436,#10437),
 .UNSPECIFIED.,.F.,.F.,(3,3),(0.,1.),.PIECEWISE_BEZIER_KNOTS.);
#661=B_SPLINE_CURVE_WITH_KNOTS('',2,(#10439,#10440,#10441),
 .UNSPECIFIED.,.F.,.F.,(3,3),(0.,1.),.PIECEWISE_BEZIER_KNOTS.);
#662=B_SPLINE_CURVE_WITH_KNOTS('',2,(#10443,#10444,#10445),
 .UNSPECIFIED.,.F.,.F.,(3,3),(0.,1.),.PIECEWISE_BEZIER_KNOTS.);
#663=B_SPLINE_CURVE_WITH_KNOTS('',2,(#10447,#10448,#10449),
 .UNSPECIFIED.,.F.,.F.,(3,3),(0.,1.),.PIECEWISE_BEZIER_KNOTS.);
#664=B_SPLINE_CURVE_WITH_KNOTS('',2,(#10451,#10452,#10453),
 .UNSPECIFIED.,.F.,.F.,(3,3),(0.,1.),.PIECEWISE_BEZIER_KNOTS.);
#665=B_SPLINE_CURVE_WITH_KNOTS('',2,(#10455,#10456,#10457),
 .UNSPECIFIED.,.F.,.F.,(3,3),(0.,1.),.PIECEWISE_BEZIER_KNOTS.);
#666=B_SPLINE_CURVE_WITH_KNOTS('',3,(#10531,#10532,#10533,#10534,#10535,
#10536,#10537),.UNSPECIFIED.,.F.,.F.,(4,1,1,1,4),(0.,0.00275688688324549,
0.00551377376649098,0.00827066064973647,0.011027547532982),
 .UNSPECIFIED.);
#667=B_SPLINE_CURVE_WITH_KNOTS('',3,(#10560,#10561,#10562,#10563,#10564,
#10565,#10566),.UNSPECIFIED.,.F.,.F.,(4,1,1,1,4),(0.,0.00275688688324549,
0.00551377376649098,0.00827066064973647,0.011027547532982),
 .UNSPECIFIED.);
#668=B_SPLINE_CURVE_WITH_KNOTS('',3,(#10615,#10616,#10617,#10618),
 .UNSPECIFIED.,.F.,.F.,(4,4),(4.93406102549106E-17,0.00117687378840345),
 .UNSPECIFIED.);
#669=B_SPLINE_CURVE_WITH_KNOTS('',3,(#10664,#10665,#10666,#10667),
 .UNSPECIFIED.,.F.,.F.,(4,4),(0.00150833030292393,0.00409792647233124),
 .UNSPECIFIED.);
#670=B_SPLINE_CURVE_WITH_KNOTS('',3,(#10679,#10680,#10681,#10682),
 .UNSPECIFIED.,.F.,.F.,(4,4),(0.,0.000694699031770812),.UNSPECIFIED.);
#671=B_SPLINE_CURVE_WITH_KNOTS('',3,(#10684,#10685,#10686,#10687),
 .UNSPECIFIED.,.F.,.F.,(4,4),(0.00112463432384463,0.00315262024138423),
 .UNSPECIFIED.);
#672=B_SPLINE_CURVE_WITH_KNOTS('',3,(#10700,#10701,#10702,#10703),
 .UNSPECIFIED.,.F.,.F.,(4,4),(0.,0.00117088775715599),.UNSPECIFIED.);
#673=B_SPLINE_CURVE_WITH_KNOTS('',3,(#10704,#10705,#10706,#10707),
 .UNSPECIFIED.,.F.,.F.,(4,4),(0.,0.000702268417061249),.UNSPECIFIED.);
#674=B_SPLINE_CURVE_WITH_KNOTS('',3,(#10734,#10735,#10736,#10737),
 .UNSPECIFIED.,.F.,.F.,(4,4),(0.,0.000694699031771773),.UNSPECIFIED.);
#675=B_SPLINE_CURVE_WITH_KNOTS('',3,(#10739,#10740,#10741,#10742),
 .UNSPECIFIED.,.F.,.F.,(4,4),(0.,0.000702268417061249),.UNSPECIFIED.);
#676=B_SPLINE_CURVE_WITH_KNOTS('',3,(#10746,#10747,#10748,#10749),
 .UNSPECIFIED.,.F.,.F.,(4,4),(6.2546344413855E-18,0.000702268417061237),
 .UNSPECIFIED.);
#677=B_SPLINE_CURVE_WITH_KNOTS('',3,(#10751,#10752,#10753,#10754),
 .UNSPECIFIED.,.F.,.F.,(4,4),(0.,0.000694699031770798),.UNSPECIFIED.);
#678=B_SPLINE_CURVE_WITH_KNOTS('',3,(#10758,#10759,#10760,#10761),
 .UNSPECIFIED.,.F.,.F.,(4,4),(0.,0.000694699031771776),.UNSPECIFIED.);
#679=B_SPLINE_CURVE_WITH_KNOTS('',3,(#10763,#10764,#10765,#10766),
 .UNSPECIFIED.,.F.,.F.,(4,4),(0.,0.000702268417061241),.UNSPECIFIED.);
#680=B_SPLINE_CURVE_WITH_KNOTS('',3,(#10770,#10771,#10772,#10773),
 .UNSPECIFIED.,.F.,.F.,(4,4),(6.2546344413855E-18,0.000702268417061237),
 .UNSPECIFIED.);
#681=B_SPLINE_CURVE_WITH_KNOTS('',3,(#10775,#10776,#10777,#10778),
 .UNSPECIFIED.,.F.,.F.,(4,4),(0.,0.000694699031770798),.UNSPECIFIED.);
#682=B_SPLINE_CURVE_WITH_KNOTS('',3,(#10782,#10783,#10784,#10785),
 .UNSPECIFIED.,.F.,.F.,(4,4),(0.,0.000694699031771777),.UNSPECIFIED.);
#683=B_SPLINE_CURVE_WITH_KNOTS('',3,(#10787,#10788,#10789,#10790),
 .UNSPECIFIED.,.F.,.F.,(4,4),(0.,0.000702268417061241),.UNSPECIFIED.);
#684=B_SPLINE_CURVE_WITH_KNOTS('',3,(#10794,#10795,#10796,#10797),
 .UNSPECIFIED.,.F.,.F.,(4,4),(8.67361737988404E-18,0.000702268417061232),
 .UNSPECIFIED.);
#685=B_SPLINE_CURVE_WITH_KNOTS('',3,(#10799,#10800,#10801,#10802),
 .UNSPECIFIED.,.F.,.F.,(4,4),(0.,0.000694699031770798),.UNSPECIFIED.);
#686=B_SPLINE_CURVE_WITH_KNOTS('',3,(#10806,#10807,#10808,#10809),
 .UNSPECIFIED.,.F.,.F.,(4,4),(0.,0.00069469903177176),.UNSPECIFIED.);
#687=B_SPLINE_CURVE_WITH_KNOTS('',3,(#10811,#10812,#10813,#10814),
 .UNSPECIFIED.,.F.,.F.,(4,4),(0.,0.00070226841706126),.UNSPECIFIED.);
#688=B_SPLINE_CURVE_WITH_KNOTS('',3,(#10818,#10819,#10820,#10821),
 .UNSPECIFIED.,.F.,.F.,(4,4),(0.,0.000702268417061251),.UNSPECIFIED.);
#689=B_SPLINE_CURVE_WITH_KNOTS('',3,(#10823,#10824,#10825,#10826),
 .UNSPECIFIED.,.F.,.F.,(4,4),(0.,0.000694699031770812),.UNSPECIFIED.);
#690=B_SPLINE_CURVE_WITH_KNOTS('',3,(#10830,#10831,#10832,#10833),
 .UNSPECIFIED.,.F.,.F.,(4,4),(0.,0.000694699031771755),.UNSPECIFIED.);
#691=B_SPLINE_CURVE_WITH_KNOTS('',3,(#10835,#10836,#10837,#10838),
 .UNSPECIFIED.,.F.,.F.,(4,4),(0.,0.000702268417061259),.UNSPECIFIED.);
#692=B_SPLINE_CURVE_WITH_KNOTS('',3,(#10842,#10843,#10844,#10845),
 .UNSPECIFIED.,.F.,.F.,(4,4),(0.,0.000702268417061257),.UNSPECIFIED.);
#693=B_SPLINE_CURVE_WITH_KNOTS('',3,(#10847,#10848,#10849,#10850),
 .UNSPECIFIED.,.F.,.F.,(4,4),(0.,0.000694699031770811),.UNSPECIFIED.);
#694=B_SPLINE_CURVE_WITH_KNOTS('',3,(#10854,#10855,#10856,#10857),
 .UNSPECIFIED.,.F.,.F.,(4,4),(0.,0.000694699031771757),.UNSPECIFIED.);
#695=B_SPLINE_CURVE_WITH_KNOTS('',3,(#10859,#10860,#10861,#10862),
 .UNSPECIFIED.,.F.,.F.,(4,4),(0.,0.000702268417061259),.UNSPECIFIED.);
#696=B_SPLINE_CURVE_WITH_KNOTS('',3,(#10866,#10867,#10868,#10869),
 .UNSPECIFIED.,.F.,.F.,(4,4),(0.,0.000702268417061254),.UNSPECIFIED.);
#697=B_SPLINE_CURVE_WITH_KNOTS('',3,(#10871,#10872,#10873,#10874),
 .UNSPECIFIED.,.F.,.F.,(4,4),(0.,0.000694699031770811),.UNSPECIFIED.);
#698=B_SPLINE_CURVE_WITH_KNOTS('',3,(#10880,#10881,#10882,#10883),
 .UNSPECIFIED.,.F.,.F.,(4,4),(0.,0.000694699031771779),.UNSPECIFIED.);
#699=B_SPLINE_CURVE_WITH_KNOTS('',3,(#10885,#10886,#10887,#10888),
 .UNSPECIFIED.,.F.,.F.,(4,4),(0.,0.000702268417061244),.UNSPECIFIED.);
#700=B_SPLINE_CURVE_WITH_KNOTS('',3,(#10892,#10893,#10894,#10895),
 .UNSPECIFIED.,.F.,.F.,(4,4),(7.35980840008019E-18,0.000702268417061229),
 .UNSPECIFIED.);
#701=B_SPLINE_CURVE_WITH_KNOTS('',3,(#10897,#10898,#10899,#10900),
 .UNSPECIFIED.,.F.,.F.,(4,4),(0.,0.000694699031770803),.UNSPECIFIED.);
#702=B_SPLINE_CURVE_WITH_KNOTS('',3,(#10928,#10929,#10930,#10931,#10932,
#10933,#10934),.UNSPECIFIED.,.F.,.F.,(4,1,1,1,4),(0.0134543079346368,0.0148609943046678,
0.0162676806746989,0.01767436704473,0.0190810534147611),.UNSPECIFIED.);
#703=B_SPLINE_CURVE_WITH_KNOTS('',3,(#11001,#11002,#11003,#11004,#11005,
#11006),.UNSPECIFIED.,.F.,.F.,(4,1,1,4),(2.13086398563068E-11,0.00102448163406429,
0.00204896324681994,0.00409792647233124),.UNSPECIFIED.);
#704=B_SPLINE_CURVE_WITH_KNOTS('',3,(#11010,#11011,#11012,#11013,#11014,
#11015),.UNSPECIFIED.,.F.,.F.,(4,1,1,4),(0.00253106458597119,0.00456594246793517,
0.00558338140891717,0.00660082034989916),.UNSPECIFIED.);
#705=B_SPLINE_CURVE_WITH_KNOTS('',3,(#11024,#11025,#11026,#11027),
 .UNSPECIFIED.,.F.,.F.,(4,4),(0.00112463432384475,0.00315262024138456),
 .UNSPECIFIED.);
#706=B_SPLINE_CURVE_WITH_KNOTS('',3,(#11036,#11037,#11038,#11039),
 .UNSPECIFIED.,.F.,.F.,(4,4),(0.,0.00200655196528642),.UNSPECIFIED.);
#707=B_SPLINE_CURVE_WITH_KNOTS('',3,(#11067,#11068,#11069,#11070,#11071,
#11072),.UNSPECIFIED.,.F.,.F.,(4,1,1,4),(2.13086361673059E-11,0.00102448163406429,
0.00204896324681994,0.00409792647233124),.UNSPECIFIED.);
#708=B_SPLINE_CURVE_WITH_KNOTS('',3,(#11076,#11077,#11078,#11079,#11080,
#11081),.UNSPECIFIED.,.F.,.F.,(4,1,1,4),(0.00253106458597119,0.00456594246793518,
0.00558338140891717,0.00660082034989916),.UNSPECIFIED.);
#709=B_SPLINE_CURVE_WITH_KNOTS('',3,(#11090,#11091,#11092,#11093),
 .UNSPECIFIED.,.F.,.F.,(4,4),(0.00112463432384476,0.0031526202413846),
 .UNSPECIFIED.);
#710=B_SPLINE_CURVE_WITH_KNOTS('',3,(#11102,#11103,#11104,#11105),
 .UNSPECIFIED.,.F.,.F.,(4,4),(0.,0.00200655196528642),.UNSPECIFIED.);
#711=B_SPLINE_CURVE_WITH_KNOTS('',3,(#11133,#11134,#11135,#11136,#11137,
#11138),.UNSPECIFIED.,.F.,.F.,(4,1,1,4),(2.13086621122504E-11,0.00102448163406431,
0.00204896324681995,0.00409792647233123),.UNSPECIFIED.);
#712=B_SPLINE_CURVE_WITH_KNOTS('',3,(#11142,#11143,#11144,#11145,#11146,
#11147),.UNSPECIFIED.,.F.,.F.,(4,1,1,4),(0.00253106458597119,0.00456594246793517,
0.00558338140891716,0.00660082034989916),.UNSPECIFIED.);
#713=B_SPLINE_CURVE_WITH_KNOTS('',3,(#11156,#11157,#11158,#11159),
 .UNSPECIFIED.,.F.,.F.,(4,4),(0.00112463432384464,0.00315262024138425),
 .UNSPECIFIED.);
#714=B_SPLINE_CURVE_WITH_KNOTS('',3,(#11168,#11169,#11170,#11171),
 .UNSPECIFIED.,.F.,.F.,(4,4),(1.93947980722443E-18,0.00200655196528642),
 .UNSPECIFIED.);
#715=B_SPLINE_CURVE_WITH_KNOTS('',3,(#11202,#11203,#11204,#11205),
 .UNSPECIFIED.,.F.,.F.,(4,4),(0.00253106458597119,0.00505026449003256),
 .UNSPECIFIED.);
#716=B_SPLINE_CURVE_WITH_KNOTS('',3,(#11216,#11217,#11218,#11219),
 .UNSPECIFIED.,.F.,.F.,(4,4),(1.78811203067275E-18,0.00200655196528642),
 .UNSPECIFIED.);
#717=B_SPLINE_CURVE_WITH_KNOTS('',3,(#11221,#11222,#11223,#11224),
 .UNSPECIFIED.,.F.,.F.,(4,4),(0.,0.00069469903177176),.UNSPECIFIED.);
#718=B_SPLINE_CURVE_WITH_KNOTS('',3,(#11237,#11238,#11239,#11240),
 .UNSPECIFIED.,.F.,.F.,(4,4),(0.,0.000702268417061259),.UNSPECIFIED.);
#719=B_SPLINE_CURVE_WITH_KNOTS('',3,(#11253,#11254,#11255,#11256,#11257,
#11258),.UNSPECIFIED.,.F.,.F.,(4,1,1,4),(2.13086561365834E-11,0.0010244816340643,
0.00204896324681995,0.00409792647233124),.UNSPECIFIED.);
#720=B_SPLINE_CURVE_WITH_KNOTS('',3,(#11262,#11263,#11264,#11265,#11266,
#11267),.UNSPECIFIED.,.F.,.F.,(4,1,1,4),(0.0025310645859712,0.00456594246793518,
0.00558338140891717,0.00660082034989916),.UNSPECIFIED.);
#721=B_SPLINE_CURVE_WITH_KNOTS('',3,(#11276,#11277,#11278,#11279),
 .UNSPECIFIED.,.F.,.F.,(4,4),(0.,0.000694699031770812),.UNSPECIFIED.);
#722=B_SPLINE_CURVE_WITH_KNOTS('',3,(#11281,#11282,#11283,#11284),
 .UNSPECIFIED.,.F.,.F.,(4,4),(0.00112463432384463,0.00315262024138421),
 .UNSPECIFIED.);
#723=B_SPLINE_CURVE_WITH_KNOTS('',3,(#11293,#11294,#11295,#11296),
 .UNSPECIFIED.,.F.,.F.,(4,4),(0.,0.00200655196528642),.UNSPECIFIED.);
#724=B_SPLINE_CURVE_WITH_KNOTS('',3,(#11298,#11299,#11300,#11301),
 .UNSPECIFIED.,.F.,.F.,(4,4),(0.,0.000694699031771759),.UNSPECIFIED.);
#725=B_SPLINE_CURVE_WITH_KNOTS('',3,(#11323,#11324,#11325,#11326),
 .UNSPECIFIED.,.F.,.F.,(4,4),(0.,0.000702268417061251),.UNSPECIFIED.);
#726=B_SPLINE_CURVE_WITH_KNOTS('',3,(#11327,#11328,#11329,#11330),
 .UNSPECIFIED.,.F.,.F.,(4,4),(0.,0.000702268417061251),.UNSPECIFIED.);
#727=B_SPLINE_CURVE_WITH_KNOTS('',3,(#11343,#11344,#11345,#11346,#11347,
#11348),.UNSPECIFIED.,.F.,.F.,(4,1,1,4),(2.13086398563068E-11,0.00102448163406429,
0.00204896324681995,0.00409792647233125),.UNSPECIFIED.);
#728=B_SPLINE_CURVE_WITH_KNOTS('',3,(#11352,#11353,#11354,#11355,#11356,
#11357),.UNSPECIFIED.,.F.,.F.,(4,1,1,4),(0.00253106458597119,0.00456594246793518,
0.00558338140891717,0.00660082034989916),.UNSPECIFIED.);
#729=B_SPLINE_CURVE_WITH_KNOTS('',3,(#11366,#11367,#11368,#11369),
 .UNSPECIFIED.,.F.,.F.,(4,4),(0.,0.000694699031770811),.UNSPECIFIED.);
#730=B_SPLINE_CURVE_WITH_KNOTS('',3,(#11371,#11372,#11373,#11374),
 .UNSPECIFIED.,.F.,.F.,(4,4),(0.00112463432384477,0.00315262024138461),
 .UNSPECIFIED.);
#731=B_SPLINE_CURVE_WITH_KNOTS('',3,(#11383,#11384,#11385,#11386),
 .UNSPECIFIED.,.F.,.F.,(4,4),(0.,0.00200655196528642),.UNSPECIFIED.);
#732=B_SPLINE_CURVE_WITH_KNOTS('',3,(#11388,#11389,#11390,#11391),
 .UNSPECIFIED.,.F.,.F.,(4,4),(0.,0.000694699031771757),.UNSPECIFIED.);
#733=B_SPLINE_CURVE_WITH_KNOTS('',3,(#11413,#11414,#11415,#11416),
 .UNSPECIFIED.,.F.,.F.,(4,4),(0.,0.000702268417061257),.UNSPECIFIED.);
#734=B_SPLINE_CURVE_WITH_KNOTS('',3,(#11417,#11418,#11419,#11420),
 .UNSPECIFIED.,.F.,.F.,(4,4),(0.,0.000702268417061256),.UNSPECIFIED.);
#735=B_SPLINE_CURVE_WITH_KNOTS('',3,(#11433,#11434,#11435,#11436,#11437,
#11438),.UNSPECIFIED.,.F.,.F.,(4,1,1,4),(2.13086398563068E-11,0.00102448163406429,
0.00204896324681994,0.00409792647233124),.UNSPECIFIED.);
#736=B_SPLINE_CURVE_WITH_KNOTS('',3,(#11442,#11443,#11444,#11445,#11446,
#11447),.UNSPECIFIED.,.F.,.F.,(4,1,1,4),(0.00253106458597119,0.00456594246793517,
0.00558338140891717,0.00660082034989916),.UNSPECIFIED.);
#737=B_SPLINE_CURVE_WITH_KNOTS('',3,(#11456,#11457,#11458,#11459),
 .UNSPECIFIED.,.F.,.F.,(4,4),(0.,0.000694699031770809),.UNSPECIFIED.);
#738=B_SPLINE_CURVE_WITH_KNOTS('',3,(#11461,#11462,#11463,#11464),
 .UNSPECIFIED.,.F.,.F.,(4,4),(0.00112463432384475,0.00315262024138455),
 .UNSPECIFIED.);
#739=B_SPLINE_CURVE_WITH_KNOTS('',3,(#11473,#11474,#11475,#11476),
 .UNSPECIFIED.,.F.,.F.,(4,4),(0.,0.00200655196528642),.UNSPECIFIED.);
#740=B_SPLINE_CURVE_WITH_KNOTS('',3,(#11478,#11479,#11480,#11481),
 .UNSPECIFIED.,.F.,.F.,(4,4),(0.,0.000694699031771755),.UNSPECIFIED.);
#741=B_SPLINE_CURVE_WITH_KNOTS('',3,(#11503,#11504,#11505,#11506),
 .UNSPECIFIED.,.F.,.F.,(4,4),(0.,0.000702268417061262),.UNSPECIFIED.);
#742=B_SPLINE_CURVE_WITH_KNOTS('',3,(#11507,#11508,#11509,#11510),
 .UNSPECIFIED.,.F.,.F.,(4,4),(0.,0.000702268417061263),.UNSPECIFIED.);
#743=B_SPLINE_CURVE_WITH_KNOTS('',3,(#11517,#11518,#11519,#11520,#11521,
#11522),.UNSPECIFIED.,.F.,.F.,(4,1,1,4),(2.13086292314702E-11,0.00102448163406428,
0.00204896324681993,0.00409792647233123),.UNSPECIFIED.);
#744=B_SPLINE_CURVE_WITH_KNOTS('',3,(#11526,#11527,#11528,#11529,#11530,
#11531),.UNSPECIFIED.,.F.,.F.,(4,1,1,4),(0.0025310645859712,0.00456594246793518,
0.00558338140891717,0.00660082034989917),.UNSPECIFIED.);
#745=B_SPLINE_CURVE_WITH_KNOTS('',3,(#11540,#11541,#11542,#11543),
 .UNSPECIFIED.,.F.,.F.,(4,4),(0.0011246343238452,0.00315262024138578),
 .UNSPECIFIED.);
#746=B_SPLINE_CURVE_WITH_KNOTS('',3,(#11552,#11553,#11554,#11555),
 .UNSPECIFIED.,.F.,.F.,(4,4),(8.67361737988404E-18,0.00200655196528641),
 .UNSPECIFIED.);
#747=B_SPLINE_CURVE_WITH_KNOTS('',3,(#11583,#11584,#11585,#11586,#11587,
#11588),.UNSPECIFIED.,.F.,.F.,(4,1,1,4),(2.13086287893043E-11,0.00102448163406428,
0.00204896324681993,0.00409792647233123),.UNSPECIFIED.);
#748=B_SPLINE_CURVE_WITH_KNOTS('',3,(#11592,#11593,#11594,#11595,#11596,
#11597),.UNSPECIFIED.,.F.,.F.,(4,1,1,4),(0.0025310645859712,0.00456594246793518,
0.00558338140891717,0.00660082034989916),.UNSPECIFIED.);
#749=B_SPLINE_CURVE_WITH_KNOTS('',3,(#11606,#11607,#11608,#11609),
 .UNSPECIFIED.,.F.,.F.,(4,4),(0.00112463432384519,0.00315262024138577),
 .UNSPECIFIED.);
#750=B_SPLINE_CURVE_WITH_KNOTS('',3,(#11618,#11619,#11620,#11621),
 .UNSPECIFIED.,.F.,.F.,(4,4),(9.34177181294034E-18,0.00200655196528641),
 .UNSPECIFIED.);
#751=B_SPLINE_CURVE_WITH_KNOTS('',3,(#11649,#11650,#11651,#11652,#11653,
#11654),.UNSPECIFIED.,.F.,.F.,(4,1,1,4),(2.13086287893043E-11,0.00102448163406428,
0.00204896324681993,0.00409792647233122),.UNSPECIFIED.);
#752=B_SPLINE_CURVE_WITH_KNOTS('',3,(#11658,#11659,#11660,#11661,#11662,
#11663),.UNSPECIFIED.,.F.,.F.,(4,1,1,4),(0.0025310645859712,0.00456594246793519,
0.00558338140891718,0.00660082034989917),.UNSPECIFIED.);
#753=B_SPLINE_CURVE_WITH_KNOTS('',3,(#11672,#11673,#11674,#11675),
 .UNSPECIFIED.,.F.,.F.,(4,4),(0.00112463432384519,0.00315262024138575),
 .UNSPECIFIED.);
#754=B_SPLINE_CURVE_WITH_KNOTS('',3,(#11684,#11685,#11686,#11687),
 .UNSPECIFIED.,.F.,.F.,(4,4),(8.84538885469324E-18,0.00200655196528641),
 .UNSPECIFIED.);
#755=B_SPLINE_CURVE_WITH_KNOTS('',3,(#11712,#11713,#11714,#11715,#11716,
#11717),.UNSPECIFIED.,.F.,.F.,(4,1,1,4),(2.13086531487499E-11,0.0010244816340643,
0.00204896324681994,0.00409792647233123),.UNSPECIFIED.);
#756=B_SPLINE_CURVE_WITH_KNOTS('',3,(#11721,#11722,#11723,#11724,#11725,
#11726),.UNSPECIFIED.,.F.,.F.,(4,1,1,4),(0.0025310645859712,0.00456594246793518,
0.00558338140891717,0.00660082034989916),.UNSPECIFIED.);
#757=B_SPLINE_CURVE_WITH_KNOTS('',3,(#11735,#11736,#11737,#11738),
 .UNSPECIFIED.,.F.,.F.,(4,4),(0.0011246343238451,0.0031526202413855),
 .UNSPECIFIED.);
#758=B_SPLINE_CURVE_WITH_KNOTS('',3,(#11747,#11748,#11749,#11750),
 .UNSPECIFIED.,.F.,.F.,(4,4),(8.84538885469324E-18,0.00200655196528641),
 .UNSPECIFIED.);
#759=B_SPLINE_CURVE_WITH_KNOTS('',3,(#11782,#11783,#11784,#11785,#11786,
#11787),.UNSPECIFIED.,.F.,.F.,(4,1,1,4),(2.13086494597492E-11,0.00102448163406429,
0.00204896324681994,0.00409792647233122),.UNSPECIFIED.);
#760=B_SPLINE_CURVE_WITH_KNOTS('',3,(#11791,#11792,#11793,#11794,#11795,
#11796),.UNSPECIFIED.,.F.,.F.,(4,1,1,4),(0.0025310645859712,0.00456594246793518,
0.00558338140891717,0.00660082034989916),.UNSPECIFIED.);
#761=B_SPLINE_CURVE_WITH_KNOTS('',3,(#11805,#11806,#11807,#11808),
 .UNSPECIFIED.,.F.,.F.,(4,4),(0.,0.000694699031770802),.UNSPECIFIED.);
#762=B_SPLINE_CURVE_WITH_KNOTS('',3,(#11810,#11811,#11812,#11813),
 .UNSPECIFIED.,.F.,.F.,(4,4),(0.00112463432384509,0.00315262024138547),
 .UNSPECIFIED.);
#763=B_SPLINE_CURVE_WITH_KNOTS('',3,(#11822,#11823,#11824,#11825),
 .UNSPECIFIED.,.F.,.F.,(4,4),(3.87895961444886E-18,0.00200655196528641),
 .UNSPECIFIED.);
#764=B_SPLINE_CURVE_WITH_KNOTS('',3,(#11827,#11828,#11829,#11830),
 .UNSPECIFIED.,.F.,.F.,(4,4),(0.,0.00069469903177178),.UNSPECIFIED.);
#765=B_SPLINE_CURVE_WITH_KNOTS('',3,(#11852,#11853,#11854,#11855),
 .UNSPECIFIED.,.F.,.F.,(4,4),(0.,0.000702268417061243),.UNSPECIFIED.);
#766=B_SPLINE_CURVE_WITH_KNOTS('',3,(#11856,#11857,#11858,#11859),
 .UNSPECIFIED.,.F.,.F.,(4,4),(7.35980840008019E-18,0.000702268417061228),
 .UNSPECIFIED.);
#767=B_SPLINE_CURVE_WITH_KNOTS('',3,(#11872,#11873,#11874,#11875,#11876,
#11877),.UNSPECIFIED.,.F.,.F.,(4,1,1,4),(2.13086366094717E-11,0.00102448163406428,
0.00204896324681993,0.00409792647233123),.UNSPECIFIED.);
#768=B_SPLINE_CURVE_WITH_KNOTS('',3,(#11881,#11882,#11883,#11884,#11885,
#11886),.UNSPECIFIED.,.F.,.F.,(4,1,1,4),(0.0025310645859712,0.00456594246793518,
0.00558338140891717,0.00660082034989917),.UNSPECIFIED.);
#769=B_SPLINE_CURVE_WITH_KNOTS('',3,(#11895,#11896,#11897,#11898),
 .UNSPECIFIED.,.F.,.F.,(4,4),(0.,0.000694699031770801),.UNSPECIFIED.);
#770=B_SPLINE_CURVE_WITH_KNOTS('',3,(#11900,#11901,#11902,#11903),
 .UNSPECIFIED.,.F.,.F.,(4,4),(0.00112463432384515,0.00315262024138564),
 .UNSPECIFIED.);
#771=B_SPLINE_CURVE_WITH_KNOTS('',3,(#11912,#11913,#11914,#11915),
 .UNSPECIFIED.,.F.,.F.,(4,4),(9.34177181294034E-18,0.00200655196528641),
 .UNSPECIFIED.);
#772=B_SPLINE_CURVE_WITH_KNOTS('',3,(#11917,#11918,#11919,#11920),
 .UNSPECIFIED.,.F.,.F.,(4,4),(0.,0.000694699031771776),.UNSPECIFIED.);
#773=B_SPLINE_CURVE_WITH_KNOTS('',3,(#11942,#11943,#11944,#11945),
 .UNSPECIFIED.,.F.,.F.,(4,4),(0.,0.000702268417061244),.UNSPECIFIED.);
#774=B_SPLINE_CURVE_WITH_KNOTS('',3,(#11946,#11947,#11948,#11949),
 .UNSPECIFIED.,.F.,.F.,(4,4),(7.35980840008019E-18,0.00070226841706123),
 .UNSPECIFIED.);
#775=B_SPLINE_CURVE_WITH_KNOTS('',3,(#11962,#11963,#11964,#11965,#11966,
#11967),.UNSPECIFIED.,.F.,.F.,(4,1,1,4),(2.13086320361393E-11,0.00102448163406428,
0.00204896324681993,0.00409792647233122),.UNSPECIFIED.);
#776=B_SPLINE_CURVE_WITH_KNOTS('',3,(#11971,#11972,#11973,#11974,#11975,
#11976),.UNSPECIFIED.,.F.,.F.,(4,1,1,4),(0.0025310645859712,0.00456594246793519,
0.00558338140891718,0.00660082034989917),.UNSPECIFIED.);
#777=B_SPLINE_CURVE_WITH_KNOTS('',3,(#11985,#11986,#11987,#11988),
 .UNSPECIFIED.,.F.,.F.,(4,4),(0.,0.000694699031770798),.UNSPECIFIED.);
#778=B_SPLINE_CURVE_WITH_KNOTS('',3,(#11990,#11991,#11992,#11993),
 .UNSPECIFIED.,.F.,.F.,(4,4),(0.0011246343238452,0.0031526202413858),
 .UNSPECIFIED.);
#779=B_SPLINE_CURVE_WITH_KNOTS('',3,(#12002,#12003,#12004,#12005),
 .UNSPECIFIED.,.F.,.F.,(4,4),(9.34177181294034E-18,0.00200655196528641),
 .UNSPECIFIED.);
#780=B_SPLINE_CURVE_WITH_KNOTS('',3,(#12007,#12008,#12009,#12010),
 .UNSPECIFIED.,.F.,.F.,(4,4),(0.,0.000694699031771775),.UNSPECIFIED.);
#781=B_SPLINE_CURVE_WITH_KNOTS('',3,(#12032,#12033,#12034,#12035),
 .UNSPECIFIED.,.F.,.F.,(4,4),(0.,0.000702268417061245),.UNSPECIFIED.);
#782=B_SPLINE_CURVE_WITH_KNOTS('',3,(#12036,#12037,#12038,#12039),
 .UNSPECIFIED.,.F.,.F.,(4,4),(6.2546344413855E-18,0.000702268417061235),
 .UNSPECIFIED.);
#783=B_SPLINE_CURVE_WITH_KNOTS('',3,(#12084,#12085,#12086,#12087,#12088),
 .UNSPECIFIED.,.F.,.F.,(4,1,4),(0.,0.00245729360503706,0.00491458721007413),
 .UNSPECIFIED.);
#784=B_SPLINE_CURVE_WITH_KNOTS('',3,(#12118,#12119,#12120,#12121,#12122),
 .UNSPECIFIED.,.F.,.F.,(4,1,4),(0.,0.00245728411698214,0.00491456823396427),
 .UNSPECIFIED.);
#785=B_SPLINE_CURVE_WITH_KNOTS('',3,(#12126,#12127,#12128,#12129,#12130),
 .UNSPECIFIED.,.F.,.F.,(4,1,4),(0.,0.00245729360503701,0.00491458721007401),
 .UNSPECIFIED.);
#786=B_SPLINE_CURVE_WITH_KNOTS('',3,(#12143,#12144,#12145,#12146,#12147),
 .UNSPECIFIED.,.F.,.F.,(4,1,4),(0.,0.00245728411698216,0.00491456823396432),
 .UNSPECIFIED.);
#787=B_SPLINE_CURVE_WITH_KNOTS('',3,(#12175,#12176,#12177,#12178),
 .UNSPECIFIED.,.F.,.F.,(4,4),(0.,0.000694699031771775),.UNSPECIFIED.);
#788=B_SPLINE_CURVE_WITH_KNOTS('',3,(#12180,#12181,#12182,#12183),
 .UNSPECIFIED.,.F.,.F.,(4,4),(0.,0.000702268417061241),.UNSPECIFIED.);
#789=B_SPLINE_CURVE_WITH_KNOTS('',3,(#12187,#12188,#12189,#12190),
 .UNSPECIFIED.,.F.,.F.,(4,4),(8.67361737988404E-18,0.000702268417061235),
 .UNSPECIFIED.);
#790=B_SPLINE_CURVE_WITH_KNOTS('',3,(#12192,#12193,#12194,#12195),
 .UNSPECIFIED.,.F.,.F.,(4,4),(0.,0.000694699031770799),.UNSPECIFIED.);
#791=B_SPLINE_CURVE_WITH_KNOTS('',3,(#12199,#12200,#12201,#12202,#12203,
#12204,#12205),.UNSPECIFIED.,.F.,.F.,(4,1,1,1,4),(0.0134543079346369,0.0148609943046683,
0.0162676806746998,0.0176743670447312,0.0190810534147626),.UNSPECIFIED.);
#792=B_SPLINE_CURVE_WITH_KNOTS('',3,(#12267,#12268,#12269,#12270),
 .UNSPECIFIED.,.F.,.F.,(4,4),(0.00112463432384522,0.00315262024138584),
 .UNSPECIFIED.);
#793=B_SPLINE_CURVE_WITH_KNOTS('',3,(#12272,#12273,#12274,#12275,#12276,
#12277),.UNSPECIFIED.,.F.,.F.,(4,1,1,4),(2.13086279049727E-11,0.00102448163406428,
0.00204896324681993,0.00409792647233124),.UNSPECIFIED.);
#794=B_SPLINE_CURVE_WITH_KNOTS('',3,(#12286,#12287,#12288,#12289,#12290,
#12291),.UNSPECIFIED.,.F.,.F.,(4,1,1,4),(0.0025310645859712,0.00456594246793519,
0.00558338140891718,0.00660082034989917),.UNSPECIFIED.);
#795=B_SPLINE_CURVE_WITH_KNOTS('',3,(#12293,#12294,#12295,#12296),
 .UNSPECIFIED.,.F.,.F.,(4,4),(8.67361737988404E-18,0.00200655196528641),
 .UNSPECIFIED.);
#796=B_SPLINE_CURVE_WITH_KNOTS('',3,(#12366,#12367,#12368,#12369),
 .UNSPECIFIED.,.F.,.F.,(4,4),(0.00150833030292393,0.00409792647233124),
 .UNSPECIFIED.);
#797=B_SPLINE_CURVE_WITH_KNOTS('',3,(#12378,#12379,#12380,#12381),
 .UNSPECIFIED.,.F.,.F.,(4,4),(0.00112463432384463,0.00315262024138423),
 .UNSPECIFIED.);
#798=B_SPLINE_CURVE_WITH_KNOTS('',3,(#12383,#12384,#12385,#12386),
 .UNSPECIFIED.,.F.,.F.,(4,4),(0.,0.000694699031770812),.UNSPECIFIED.);
#799=B_SPLINE_CURVE_WITH_KNOTS('',2,(#12387,#12388,#12389),
 .UNSPECIFIED.,.F.,.F.,(3,3),(0.,1.),.PIECEWISE_BEZIER_KNOTS.);
#800=B_SPLINE_CURVE_WITH_KNOTS('',3,(#12402,#12403,#12404,#12405),
 .UNSPECIFIED.,.F.,.F.,(4,4),(0.,0.000702268417061249),.UNSPECIFIED.);
#801=B_SPLINE_CURVE_WITH_KNOTS('',3,(#12431,#12432,#12433,#12434),
 .UNSPECIFIED.,.F.,.F.,(4,4),(0.,0.000694699031770798),.UNSPECIFIED.);
#802=B_SPLINE_CURVE_WITH_KNOTS('',3,(#12436,#12437,#12438,#12439),
 .UNSPECIFIED.,.F.,.F.,(4,4),(6.2546344413855E-18,0.000702268417061237),
 .UNSPECIFIED.);
#803=B_SPLINE_CURVE_WITH_KNOTS('',3,(#12443,#12444,#12445,#12446),
 .UNSPECIFIED.,.F.,.F.,(4,4),(0.,0.000702268417061249),.UNSPECIFIED.);
#804=B_SPLINE_CURVE_WITH_KNOTS('',3,(#12448,#12449,#12450,#12451),
 .UNSPECIFIED.,.F.,.F.,(4,4),(0.,0.000694699031771773),.UNSPECIFIED.);
#805=B_SPLINE_CURVE_WITH_KNOTS('',3,(#12455,#12456,#12457,#12458),
 .UNSPECIFIED.,.F.,.F.,(4,4),(0.,0.000694699031770798),.UNSPECIFIED.);
#806=B_SPLINE_CURVE_WITH_KNOTS('',3,(#12460,#12461,#12462,#12463),
 .UNSPECIFIED.,.F.,.F.,(4,4),(6.2546344413855E-18,0.000702268417061237),
 .UNSPECIFIED.);
#807=B_SPLINE_CURVE_WITH_KNOTS('',3,(#12467,#12468,#12469,#12470),
 .UNSPECIFIED.,.F.,.F.,(4,4),(0.,0.000702268417061241),.UNSPECIFIED.);
#808=B_SPLINE_CURVE_WITH_KNOTS('',3,(#12472,#12473,#12474,#12475),
 .UNSPECIFIED.,.F.,.F.,(4,4),(0.,0.000694699031771776),.UNSPECIFIED.);
#809=B_SPLINE_CURVE_WITH_KNOTS('',3,(#12479,#12480,#12481,#12482),
 .UNSPECIFIED.,.F.,.F.,(4,4),(0.,0.000694699031770798),.UNSPECIFIED.);
#810=B_SPLINE_CURVE_WITH_KNOTS('',3,(#12484,#12485,#12486,#12487),
 .UNSPECIFIED.,.F.,.F.,(4,4),(8.67361737988404E-18,0.000702268417061232),
 .UNSPECIFIED.);
#811=B_SPLINE_CURVE_WITH_KNOTS('',3,(#12491,#12492,#12493,#12494),
 .UNSPECIFIED.,.F.,.F.,(4,4),(0.,0.000702268417061241),.UNSPECIFIED.);
#812=B_SPLINE_CURVE_WITH_KNOTS('',3,(#12496,#12497,#12498,#12499),
 .UNSPECIFIED.,.F.,.F.,(4,4),(0.,0.000694699031771777),.UNSPECIFIED.);
#813=B_SPLINE_CURVE_WITH_KNOTS('',3,(#12503,#12504,#12505,#12506),
 .UNSPECIFIED.,.F.,.F.,(4,4),(0.,0.000694699031770812),.UNSPECIFIED.);
#814=B_SPLINE_CURVE_WITH_KNOTS('',3,(#12508,#12509,#12510,#12511),
 .UNSPECIFIED.,.F.,.F.,(4,4),(0.,0.000702268417061251),.UNSPECIFIED.);
#815=B_SPLINE_CURVE_WITH_KNOTS('',3,(#12515,#12516,#12517,#12518),
 .UNSPECIFIED.,.F.,.F.,(4,4),(0.,0.00070226841706126),.UNSPECIFIED.);
#816=B_SPLINE_CURVE_WITH_KNOTS('',3,(#12520,#12521,#12522,#12523),
 .UNSPECIFIED.,.F.,.F.,(4,4),(0.,0.00069469903177176),.UNSPECIFIED.);
#817=B_SPLINE_CURVE_WITH_KNOTS('',3,(#12527,#12528,#12529,#12530),
 .UNSPECIFIED.,.F.,.F.,(4,4),(0.,0.000694699031770811),.UNSPECIFIED.);
#818=B_SPLINE_CURVE_WITH_KNOTS('',3,(#12532,#12533,#12534,#12535),
 .UNSPECIFIED.,.F.,.F.,(4,4),(0.,0.000702268417061257),.UNSPECIFIED.);
#819=B_SPLINE_CURVE_WITH_KNOTS('',3,(#12539,#12540,#12541,#12542),
 .UNSPECIFIED.,.F.,.F.,(4,4),(0.,0.000702268417061259),.UNSPECIFIED.);
#820=B_SPLINE_CURVE_WITH_KNOTS('',3,(#12544,#12545,#12546,#12547),
 .UNSPECIFIED.,.F.,.F.,(4,4),(0.,0.000694699031771755),.UNSPECIFIED.);
#821=B_SPLINE_CURVE_WITH_KNOTS('',3,(#12551,#12552,#12553,#12554),
 .UNSPECIFIED.,.F.,.F.,(4,4),(0.,0.000694699031770811),.UNSPECIFIED.);
#822=B_SPLINE_CURVE_WITH_KNOTS('',3,(#12556,#12557,#12558,#12559),
 .UNSPECIFIED.,.F.,.F.,(4,4),(0.,0.000702268417061254),.UNSPECIFIED.);
#823=B_SPLINE_CURVE_WITH_KNOTS('',3,(#12563,#12564,#12565,#12566),
 .UNSPECIFIED.,.F.,.F.,(4,4),(0.,0.000702268417061259),.UNSPECIFIED.);
#824=B_SPLINE_CURVE_WITH_KNOTS('',3,(#12568,#12569,#12570,#12571),
 .UNSPECIFIED.,.F.,.F.,(4,4),(0.,0.000694699031771757),.UNSPECIFIED.);
#825=B_SPLINE_CURVE_WITH_KNOTS('',3,(#12588,#12589,#12590,#12591),
 .UNSPECIFIED.,.F.,.F.,(4,4),(0.,0.000694699031770803),.UNSPECIFIED.);
#826=B_SPLINE_CURVE_WITH_KNOTS('',3,(#12593,#12594,#12595,#12596),
 .UNSPECIFIED.,.F.,.F.,(4,4),(7.35980840008019E-18,0.000702268417061229),
 .UNSPECIFIED.);
#827=B_SPLINE_CURVE_WITH_KNOTS('',3,(#12600,#12601,#12602,#12603),
 .UNSPECIFIED.,.F.,.F.,(4,4),(0.,0.000702268417061244),.UNSPECIFIED.);
#828=B_SPLINE_CURVE_WITH_KNOTS('',3,(#12605,#12606,#12607,#12608),
 .UNSPECIFIED.,.F.,.F.,(4,4),(0.,0.000694699031771779),.UNSPECIFIED.);
#829=B_SPLINE_CURVE_WITH_KNOTS('',3,(#12610,#12611,#12612,#12613,#12614,
#12615,#12616),.UNSPECIFIED.,.F.,.F.,(4,1,1,1,4),(0.0134543079346368,0.0148609943046678,
0.0162676806746989,0.01767436704473,0.0190810534147611),.UNSPECIFIED.);
#830=B_SPLINE_CURVE_WITH_KNOTS('',3,(#12665,#12666,#12667,#12668,#12669,
#12670),.UNSPECIFIED.,.F.,.F.,(4,1,1,4),(2.13086398563068E-11,0.00102448163406429,
0.00204896324681994,0.00409792647233124),.UNSPECIFIED.);
#831=B_SPLINE_CURVE_WITH_KNOTS('',3,(#12675,#12676,#12677,#12678,#12679,
#12680),.UNSPECIFIED.,.F.,.F.,(4,1,1,4),(0.00253106458597119,0.00456594246793517,
0.00558338140891717,0.00660082034989916),.UNSPECIFIED.);
#832=B_SPLINE_CURVE_WITH_KNOTS('',2,(#12691,#12692,#12693),
 .UNSPECIFIED.,.F.,.F.,(3,3),(0.,1.),.PIECEWISE_BEZIER_KNOTS.);
#833=B_SPLINE_CURVE_WITH_KNOTS('',3,(#12694,#12695,#12696,#12697),
 .UNSPECIFIED.,.F.,.F.,(4,4),(0.00112463432384475,0.00315262024138456),
 .UNSPECIFIED.);
#834=B_SPLINE_CURVE_WITH_KNOTS('',3,(#12706,#12707,#12708,#12709),
 .UNSPECIFIED.,.F.,.F.,(4,4),(0.,0.00200655196528642),.UNSPECIFIED.);
#835=B_SPLINE_CURVE_WITH_KNOTS('',2,(#12710,#12711,#12712),
 .UNSPECIFIED.,.F.,.F.,(3,3),(0.,1.),.PIECEWISE_BEZIER_KNOTS.);
#836=B_SPLINE_CURVE_WITH_KNOTS('',3,(#12743,#12744,#12745,#12746,#12747,
#12748),.UNSPECIFIED.,.F.,.F.,(4,1,1,4),(2.13086361673059E-11,0.00102448163406429,
0.00204896324681994,0.00409792647233124),.UNSPECIFIED.);
#837=B_SPLINE_CURVE_WITH_KNOTS('',3,(#12753,#12754,#12755,#12756,#12757,
#12758),.UNSPECIFIED.,.F.,.F.,(4,1,1,4),(0.00253106458597119,0.00456594246793518,
0.00558338140891717,0.00660082034989916),.UNSPECIFIED.);
#838=B_SPLINE_CURVE_WITH_KNOTS('',2,(#12769,#12770,#12771),
 .UNSPECIFIED.,.F.,.F.,(3,3),(0.,1.),.PIECEWISE_BEZIER_KNOTS.);
#839=B_SPLINE_CURVE_WITH_KNOTS('',3,(#12772,#12773,#12774,#12775),
 .UNSPECIFIED.,.F.,.F.,(4,4),(0.00112463432384476,0.0031526202413846),
 .UNSPECIFIED.);
#840=B_SPLINE_CURVE_WITH_KNOTS('',3,(#12784,#12785,#12786,#12787),
 .UNSPECIFIED.,.F.,.F.,(4,4),(0.,0.00200655196528642),.UNSPECIFIED.);
#841=B_SPLINE_CURVE_WITH_KNOTS('',2,(#12788,#12789,#12790),
 .UNSPECIFIED.,.F.,.F.,(3,3),(0.,1.),.PIECEWISE_BEZIER_KNOTS.);
#842=B_SPLINE_CURVE_WITH_KNOTS('',3,(#12821,#12822,#12823,#12824,#12825,
#12826),.UNSPECIFIED.,.F.,.F.,(4,1,1,4),(2.13086621122504E-11,0.00102448163406431,
0.00204896324681995,0.00409792647233123),.UNSPECIFIED.);
#843=B_SPLINE_CURVE_WITH_KNOTS('',3,(#12831,#12832,#12833,#12834,#12835,
#12836),.UNSPECIFIED.,.F.,.F.,(4,1,1,4),(0.00253106458597119,0.00456594246793517,
0.00558338140891716,0.00660082034989916),.UNSPECIFIED.);
#844=B_SPLINE_CURVE_WITH_KNOTS('',2,(#12847,#12848,#12849),
 .UNSPECIFIED.,.F.,.F.,(3,3),(0.,1.),.PIECEWISE_BEZIER_KNOTS.);
#845=B_SPLINE_CURVE_WITH_KNOTS('',3,(#12850,#12851,#12852,#12853),
 .UNSPECIFIED.,.F.,.F.,(4,4),(0.00112463432384464,0.00315262024138425),
 .UNSPECIFIED.);
#846=B_SPLINE_CURVE_WITH_KNOTS('',3,(#12862,#12863,#12864,#12865),
 .UNSPECIFIED.,.F.,.F.,(4,4),(1.93947980722443E-18,0.00200655196528642),
 .UNSPECIFIED.);
#847=B_SPLINE_CURVE_WITH_KNOTS('',2,(#12866,#12867,#12868),
 .UNSPECIFIED.,.F.,.F.,(3,3),(0.,1.),.PIECEWISE_BEZIER_KNOTS.);
#848=B_SPLINE_CURVE_WITH_KNOTS('',3,(#12901,#12902,#12903,#12904),
 .UNSPECIFIED.,.F.,.F.,(4,4),(0.00253106458597119,0.00505026449003256),
 .UNSPECIFIED.);
#849=B_SPLINE_CURVE_WITH_KNOTS('',2,(#12915,#12916,#12917),
 .UNSPECIFIED.,.F.,.F.,(3,3),(0.,1.),.PIECEWISE_BEZIER_KNOTS.);
#850=B_SPLINE_CURVE_WITH_KNOTS('',3,(#12918,#12919,#12920,#12921),
 .UNSPECIFIED.,.F.,.F.,(4,4),(0.,0.00069469903177176),.UNSPECIFIED.);
#851=B_SPLINE_CURVE_WITH_KNOTS('',3,(#12923,#12924,#12925,#12926),
 .UNSPECIFIED.,.F.,.F.,(4,4),(1.78811203067275E-18,0.00200655196528642),
 .UNSPECIFIED.);
#852=B_SPLINE_CURVE_WITH_KNOTS('',3,(#12939,#12940,#12941,#12942),
 .UNSPECIFIED.,.F.,.F.,(4,4),(0.,0.000702268417061259),.UNSPECIFIED.);
#853=B_SPLINE_CURVE_WITH_KNOTS('',3,(#12958,#12959,#12960,#12961,#12962,
#12963),.UNSPECIFIED.,.F.,.F.,(4,1,1,4),(2.13086561365834E-11,0.0010244816340643,
0.00204896324681995,0.00409792647233124),.UNSPECIFIED.);
#854=B_SPLINE_CURVE_WITH_KNOTS('',3,(#12968,#12969,#12970,#12971,#12972,
#12973),.UNSPECIFIED.,.F.,.F.,(4,1,1,4),(0.0025310645859712,0.00456594246793518,
0.00558338140891717,0.00660082034989916),.UNSPECIFIED.);
#855=B_SPLINE_CURVE_WITH_KNOTS('',2,(#12984,#12985,#12986),
 .UNSPECIFIED.,.F.,.F.,(3,3),(0.,1.),.PIECEWISE_BEZIER_KNOTS.);
#856=B_SPLINE_CURVE_WITH_KNOTS('',3,(#12987,#12988,#12989,#12990),
 .UNSPECIFIED.,.F.,.F.,(4,4),(0.00112463432384463,0.00315262024138421),
 .UNSPECIFIED.);
#857=B_SPLINE_CURVE_WITH_KNOTS('',3,(#12992,#12993,#12994,#12995),
 .UNSPECIFIED.,.F.,.F.,(4,4),(0.,0.000694699031770812),.UNSPECIFIED.);
#858=B_SPLINE_CURVE_WITH_KNOTS('',3,(#13004,#13005,#13006,#13007),
 .UNSPECIFIED.,.F.,.F.,(4,4),(0.,0.000694699031771759),.UNSPECIFIED.);
#859=B_SPLINE_CURVE_WITH_KNOTS('',3,(#13009,#13010,#13011,#13012),
 .UNSPECIFIED.,.F.,.F.,(4,4),(0.,0.00200655196528642),.UNSPECIFIED.);
#860=B_SPLINE_CURVE_WITH_KNOTS('',2,(#13013,#13014,#13015),
 .UNSPECIFIED.,.F.,.F.,(3,3),(0.,1.),.PIECEWISE_BEZIER_KNOTS.);
#861=B_SPLINE_CURVE_WITH_KNOTS('',3,(#13037,#13038,#13039,#13040),
 .UNSPECIFIED.,.F.,.F.,(4,4),(0.,0.000702268417061251),.UNSPECIFIED.);
#862=B_SPLINE_CURVE_WITH_KNOTS('',3,(#13041,#13042,#13043,#13044),
 .UNSPECIFIED.,.F.,.F.,(4,4),(0.,0.000702268417061251),.UNSPECIFIED.);
#863=B_SPLINE_CURVE_WITH_KNOTS('',3,(#13060,#13061,#13062,#13063,#13064,
#13065),.UNSPECIFIED.,.F.,.F.,(4,1,1,4),(2.13086398563068E-11,0.00102448163406429,
0.00204896324681995,0.00409792647233125),.UNSPECIFIED.);
#864=B_SPLINE_CURVE_WITH_KNOTS('',3,(#13070,#13071,#13072,#13073,#13074,
#13075),.UNSPECIFIED.,.F.,.F.,(4,1,1,4),(0.00253106458597119,0.00456594246793518,
0.00558338140891717,0.00660082034989916),.UNSPECIFIED.);
#865=B_SPLINE_CURVE_WITH_KNOTS('',2,(#13086,#13087,#13088),
 .UNSPECIFIED.,.F.,.F.,(3,3),(0.,1.),.PIECEWISE_BEZIER_KNOTS.);
#866=B_SPLINE_CURVE_WITH_KNOTS('',3,(#13089,#13090,#13091,#13092),
 .UNSPECIFIED.,.F.,.F.,(4,4),(0.00112463432384477,0.00315262024138461),
 .UNSPECIFIED.);
#867=B_SPLINE_CURVE_WITH_KNOTS('',3,(#13094,#13095,#13096,#13097),
 .UNSPECIFIED.,.F.,.F.,(4,4),(0.,0.000694699031770811),.UNSPECIFIED.);
#868=B_SPLINE_CURVE_WITH_KNOTS('',3,(#13106,#13107,#13108,#13109),
 .UNSPECIFIED.,.F.,.F.,(4,4),(0.,0.000694699031771757),.UNSPECIFIED.);
#869=B_SPLINE_CURVE_WITH_KNOTS('',3,(#13111,#13112,#13113,#13114),
 .UNSPECIFIED.,.F.,.F.,(4,4),(0.,0.00200655196528642),.UNSPECIFIED.);
#870=B_SPLINE_CURVE_WITH_KNOTS('',2,(#13115,#13116,#13117),
 .UNSPECIFIED.,.F.,.F.,(3,3),(0.,1.),.PIECEWISE_BEZIER_KNOTS.);
#871=B_SPLINE_CURVE_WITH_KNOTS('',3,(#13139,#13140,#13141,#13142),
 .UNSPECIFIED.,.F.,.F.,(4,4),(0.,0.000702268417061256),.UNSPECIFIED.);
#872=B_SPLINE_CURVE_WITH_KNOTS('',3,(#13143,#13144,#13145,#13146),
 .UNSPECIFIED.,.F.,.F.,(4,4),(0.,0.000702268417061257),.UNSPECIFIED.);
#873=B_SPLINE_CURVE_WITH_KNOTS('',3,(#13162,#13163,#13164,#13165,#13166,
#13167),.UNSPECIFIED.,.F.,.F.,(4,1,1,4),(2.13086398563068E-11,0.00102448163406429,
0.00204896324681994,0.00409792647233124),.UNSPECIFIED.);
#874=B_SPLINE_CURVE_WITH_KNOTS('',3,(#13172,#13173,#13174,#13175,#13176,
#13177),.UNSPECIFIED.,.F.,.F.,(4,1,1,4),(0.00253106458597119,0.00456594246793517,
0.00558338140891717,0.00660082034989916),.UNSPECIFIED.);
#875=B_SPLINE_CURVE_WITH_KNOTS('',2,(#13188,#13189,#13190),
 .UNSPECIFIED.,.F.,.F.,(3,3),(0.,1.),.PIECEWISE_BEZIER_KNOTS.);
#876=B_SPLINE_CURVE_WITH_KNOTS('',3,(#13191,#13192,#13193,#13194),
 .UNSPECIFIED.,.F.,.F.,(4,4),(0.00112463432384475,0.00315262024138455),
 .UNSPECIFIED.);
#877=B_SPLINE_CURVE_WITH_KNOTS('',3,(#13196,#13197,#13198,#13199),
 .UNSPECIFIED.,.F.,.F.,(4,4),(0.,0.000694699031770809),.UNSPECIFIED.);
#878=B_SPLINE_CURVE_WITH_KNOTS('',3,(#13208,#13209,#13210,#13211),
 .UNSPECIFIED.,.F.,.F.,(4,4),(0.,0.000694699031771755),.UNSPECIFIED.);
#879=B_SPLINE_CURVE_WITH_KNOTS('',3,(#13213,#13214,#13215,#13216),
 .UNSPECIFIED.,.F.,.F.,(4,4),(0.,0.00200655196528642),.UNSPECIFIED.);
#880=B_SPLINE_CURVE_WITH_KNOTS('',2,(#13217,#13218,#13219),
 .UNSPECIFIED.,.F.,.F.,(3,3),(0.,1.),.PIECEWISE_BEZIER_KNOTS.);
#881=B_SPLINE_CURVE_WITH_KNOTS('',3,(#13241,#13242,#13243,#13244),
 .UNSPECIFIED.,.F.,.F.,(4,4),(0.,0.000702268417061263),.UNSPECIFIED.);
#882=B_SPLINE_CURVE_WITH_KNOTS('',3,(#13245,#13246,#13247,#13248),
 .UNSPECIFIED.,.F.,.F.,(4,4),(0.,0.000702268417061262),.UNSPECIFIED.);
#883=B_SPLINE_CURVE_WITH_KNOTS('',3,(#13258,#13259,#13260,#13261,#13262,
#13263),.UNSPECIFIED.,.F.,.F.,(4,1,1,4),(2.13086292314702E-11,0.00102448163406428,
0.00204896324681993,0.00409792647233123),.UNSPECIFIED.);
#884=B_SPLINE_CURVE_WITH_KNOTS('',3,(#13268,#13269,#13270,#13271,#13272,
#13273),.UNSPECIFIED.,.F.,.F.,(4,1,1,4),(0.0025310645859712,0.00456594246793518,
0.00558338140891717,0.00660082034989917),.UNSPECIFIED.);
#885=B_SPLINE_CURVE_WITH_KNOTS('',2,(#13284,#13285,#13286),
 .UNSPECIFIED.,.F.,.F.,(3,3),(0.,1.),.PIECEWISE_BEZIER_KNOTS.);
#886=B_SPLINE_CURVE_WITH_KNOTS('',3,(#13287,#13288,#13289,#13290),
 .UNSPECIFIED.,.F.,.F.,(4,4),(0.0011246343238452,0.00315262024138578),
 .UNSPECIFIED.);
#887=B_SPLINE_CURVE_WITH_KNOTS('',3,(#13299,#13300,#13301,#13302),
 .UNSPECIFIED.,.F.,.F.,(4,4),(8.67361737988404E-18,0.00200655196528641),
 .UNSPECIFIED.);
#888=B_SPLINE_CURVE_WITH_KNOTS('',2,(#13303,#13304,#13305),
 .UNSPECIFIED.,.F.,.F.,(3,3),(0.,1.),.PIECEWISE_BEZIER_KNOTS.);
#889=B_SPLINE_CURVE_WITH_KNOTS('',3,(#13336,#13337,#13338,#13339,#13340,
#13341),.UNSPECIFIED.,.F.,.F.,(4,1,1,4),(2.13086287893043E-11,0.00102448163406428,
0.00204896324681993,0.00409792647233123),.UNSPECIFIED.);
#890=B_SPLINE_CURVE_WITH_KNOTS('',3,(#13346,#13347,#13348,#13349,#13350,
#13351),.UNSPECIFIED.,.F.,.F.,(4,1,1,4),(0.0025310645859712,0.00456594246793518,
0.00558338140891717,0.00660082034989916),.UNSPECIFIED.);
#891=B_SPLINE_CURVE_WITH_KNOTS('',2,(#13362,#13363,#13364),
 .UNSPECIFIED.,.F.,.F.,(3,3),(0.,1.),.PIECEWISE_BEZIER_KNOTS.);
#892=B_SPLINE_CURVE_WITH_KNOTS('',3,(#13365,#13366,#13367,#13368),
 .UNSPECIFIED.,.F.,.F.,(4,4),(0.00112463432384519,0.00315262024138577),
 .UNSPECIFIED.);
#893=B_SPLINE_CURVE_WITH_KNOTS('',3,(#13377,#13378,#13379,#13380),
 .UNSPECIFIED.,.F.,.F.,(4,4),(9.34177181294034E-18,0.00200655196528641),
 .UNSPECIFIED.);
#894=B_SPLINE_CURVE_WITH_KNOTS('',2,(#13381,#13382,#13383),
 .UNSPECIFIED.,.F.,.F.,(3,3),(0.,1.),.PIECEWISE_BEZIER_KNOTS.);
#895=B_SPLINE_CURVE_WITH_KNOTS('',3,(#13414,#13415,#13416,#13417,#13418,
#13419),.UNSPECIFIED.,.F.,.F.,(4,1,1,4),(2.13086287893043E-11,0.00102448163406428,
0.00204896324681993,0.00409792647233122),.UNSPECIFIED.);
#896=B_SPLINE_CURVE_WITH_KNOTS('',3,(#13424,#13425,#13426,#13427,#13428,
#13429),.UNSPECIFIED.,.F.,.F.,(4,1,1,4),(0.0025310645859712,0.00456594246793519,
0.00558338140891718,0.00660082034989917),.UNSPECIFIED.);
#897=B_SPLINE_CURVE_WITH_KNOTS('',2,(#13440,#13441,#13442),
 .UNSPECIFIED.,.F.,.F.,(3,3),(0.,1.),.PIECEWISE_BEZIER_KNOTS.);
#898=B_SPLINE_CURVE_WITH_KNOTS('',3,(#13443,#13444,#13445,#13446),
 .UNSPECIFIED.,.F.,.F.,(4,4),(0.00112463432384519,0.00315262024138575),
 .UNSPECIFIED.);
#899=B_SPLINE_CURVE_WITH_KNOTS('',3,(#13455,#13456,#13457,#13458),
 .UNSPECIFIED.,.F.,.F.,(4,4),(8.84538885469324E-18,0.00200655196528641),
 .UNSPECIFIED.);
#900=B_SPLINE_CURVE_WITH_KNOTS('',2,(#13459,#13460,#13461),
 .UNSPECIFIED.,.F.,.F.,(3,3),(0.,1.),.PIECEWISE_BEZIER_KNOTS.);
#901=B_SPLINE_CURVE_WITH_KNOTS('',3,(#13486,#13487,#13488,#13489,#13490,
#13491),.UNSPECIFIED.,.F.,.F.,(4,1,1,4),(2.13086531487499E-11,0.0010244816340643,
0.00204896324681994,0.00409792647233123),.UNSPECIFIED.);
#902=B_SPLINE_CURVE_WITH_KNOTS('',3,(#13496,#13497,#13498,#13499,#13500,
#13501),.UNSPECIFIED.,.F.,.F.,(4,1,1,4),(0.0025310645859712,0.00456594246793518,
0.00558338140891717,0.00660082034989916),.UNSPECIFIED.);
#903=B_SPLINE_CURVE_WITH_KNOTS('',2,(#13512,#13513,#13514),
 .UNSPECIFIED.,.F.,.F.,(3,3),(0.,1.),.PIECEWISE_BEZIER_KNOTS.);
#904=B_SPLINE_CURVE_WITH_KNOTS('',3,(#13515,#13516,#13517,#13518),
 .UNSPECIFIED.,.F.,.F.,(4,4),(0.0011246343238451,0.0031526202413855),
 .UNSPECIFIED.);
#905=B_SPLINE_CURVE_WITH_KNOTS('',3,(#13527,#13528,#13529,#13530),
 .UNSPECIFIED.,.F.,.F.,(4,4),(8.84538885469324E-18,0.00200655196528641),
 .UNSPECIFIED.);
#906=B_SPLINE_CURVE_WITH_KNOTS('',2,(#13531,#13532,#13533),
 .UNSPECIFIED.,.F.,.F.,(3,3),(0.,1.),.PIECEWISE_BEZIER_KNOTS.);
#907=B_SPLINE_CURVE_WITH_KNOTS('',3,(#13567,#13568,#13569,#13570,#13571,
#13572),.UNSPECIFIED.,.F.,.F.,(4,1,1,4),(2.13086494597492E-11,0.00102448163406429,
0.00204896324681994,0.00409792647233122),.UNSPECIFIED.);
#908=B_SPLINE_CURVE_WITH_KNOTS('',3,(#13577,#13578,#13579,#13580,#13581,
#13582),.UNSPECIFIED.,.F.,.F.,(4,1,1,4),(0.0025310645859712,0.00456594246793518,
0.00558338140891717,0.00660082034989916),.UNSPECIFIED.);
#909=B_SPLINE_CURVE_WITH_KNOTS('',2,(#13593,#13594,#13595),
 .UNSPECIFIED.,.F.,.F.,(3,3),(0.,1.),.PIECEWISE_BEZIER_KNOTS.);
#910=B_SPLINE_CURVE_WITH_KNOTS('',3,(#13596,#13597,#13598,#13599),
 .UNSPECIFIED.,.F.,.F.,(4,4),(0.00112463432384509,0.00315262024138547),
 .UNSPECIFIED.);
#911=B_SPLINE_CURVE_WITH_KNOTS('',3,(#13601,#13602,#13603,#13604),
 .UNSPECIFIED.,.F.,.F.,(4,4),(0.,0.000694699031770802),.UNSPECIFIED.);
#912=B_SPLINE_CURVE_WITH_KNOTS('',3,(#13613,#13614,#13615,#13616),
 .UNSPECIFIED.,.F.,.F.,(4,4),(0.,0.00069469903177178),.UNSPECIFIED.);
#913=B_SPLINE_CURVE_WITH_KNOTS('',3,(#13618,#13619,#13620,#13621),
 .UNSPECIFIED.,.F.,.F.,(4,4),(3.87895961444886E-18,0.00200655196528641),
 .UNSPECIFIED.);
#914=B_SPLINE_CURVE_WITH_KNOTS('',2,(#13622,#13623,#13624),
 .UNSPECIFIED.,.F.,.F.,(3,3),(0.,1.),.PIECEWISE_BEZIER_KNOTS.);
#915=B_SPLINE_CURVE_WITH_KNOTS('',3,(#13646,#13647,#13648,#13649),
 .UNSPECIFIED.,.F.,.F.,(4,4),(7.35980840008019E-18,0.000702268417061228),
 .UNSPECIFIED.);
#916=B_SPLINE_CURVE_WITH_KNOTS('',3,(#13650,#13651,#13652,#13653),
 .UNSPECIFIED.,.F.,.F.,(4,4),(0.,0.000702268417061243),.UNSPECIFIED.);
#917=B_SPLINE_CURVE_WITH_KNOTS('',3,(#13669,#13670,#13671,#13672,#13673,
#13674),.UNSPECIFIED.,.F.,.F.,(4,1,1,4),(2.13086366094717E-11,0.00102448163406428,
0.00204896324681993,0.00409792647233123),.UNSPECIFIED.);
#918=B_SPLINE_CURVE_WITH_KNOTS('',3,(#13679,#13680,#13681,#13682,#13683,
#13684),.UNSPECIFIED.,.F.,.F.,(4,1,1,4),(0.0025310645859712,0.00456594246793518,
0.00558338140891717,0.00660082034989917),.UNSPECIFIED.);
#919=B_SPLINE_CURVE_WITH_KNOTS('',2,(#13695,#13696,#13697),
 .UNSPECIFIED.,.F.,.F.,(3,3),(0.,1.),.PIECEWISE_BEZIER_KNOTS.);
#920=B_SPLINE_CURVE_WITH_KNOTS('',3,(#13698,#13699,#13700,#13701),
 .UNSPECIFIED.,.F.,.F.,(4,4),(0.00112463432384515,0.00315262024138564),
 .UNSPECIFIED.);
#921=B_SPLINE_CURVE_WITH_KNOTS('',3,(#13703,#13704,#13705,#13706),
 .UNSPECIFIED.,.F.,.F.,(4,4),(0.,0.000694699031770801),.UNSPECIFIED.);
#922=B_SPLINE_CURVE_WITH_KNOTS('',3,(#13715,#13716,#13717,#13718),
 .UNSPECIFIED.,.F.,.F.,(4,4),(0.,0.000694699031771776),.UNSPECIFIED.);
#923=B_SPLINE_CURVE_WITH_KNOTS('',3,(#13720,#13721,#13722,#13723),
 .UNSPECIFIED.,.F.,.F.,(4,4),(9.34177181294034E-18,0.00200655196528641),
 .UNSPECIFIED.);
#924=B_SPLINE_CURVE_WITH_KNOTS('',2,(#13724,#13725,#13726),
 .UNSPECIFIED.,.F.,.F.,(3,3),(0.,1.),.PIECEWISE_BEZIER_KNOTS.);
#925=B_SPLINE_CURVE_WITH_KNOTS('',3,(#13748,#13749,#13750,#13751),
 .UNSPECIFIED.,.F.,.F.,(4,4),(7.35980840008019E-18,0.00070226841706123),
 .UNSPECIFIED.);
#926=B_SPLINE_CURVE_WITH_KNOTS('',3,(#13752,#13753,#13754,#13755),
 .UNSPECIFIED.,.F.,.F.,(4,4),(0.,0.000702268417061244),.UNSPECIFIED.);
#927=B_SPLINE_CURVE_WITH_KNOTS('',3,(#13771,#13772,#13773,#13774,#13775,
#13776),.UNSPECIFIED.,.F.,.F.,(4,1,1,4),(2.13086320361393E-11,0.00102448163406428,
0.00204896324681993,0.00409792647233122),.UNSPECIFIED.);
#928=B_SPLINE_CURVE_WITH_KNOTS('',3,(#13781,#13782,#13783,#13784,#13785,
#13786),.UNSPECIFIED.,.F.,.F.,(4,1,1,4),(0.0025310645859712,0.00456594246793519,
0.00558338140891718,0.00660082034989917),.UNSPECIFIED.);
#929=B_SPLINE_CURVE_WITH_KNOTS('',2,(#13797,#13798,#13799),
 .UNSPECIFIED.,.F.,.F.,(3,3),(0.,1.),.PIECEWISE_BEZIER_KNOTS.);
#930=B_SPLINE_CURVE_WITH_KNOTS('',3,(#13800,#13801,#13802,#13803),
 .UNSPECIFIED.,.F.,.F.,(4,4),(0.0011246343238452,0.0031526202413858),
 .UNSPECIFIED.);
#931=B_SPLINE_CURVE_WITH_KNOTS('',3,(#13805,#13806,#13807,#13808),
 .UNSPECIFIED.,.F.,.F.,(4,4),(0.,0.000694699031770798),.UNSPECIFIED.);
#932=B_SPLINE_CURVE_WITH_KNOTS('',3,(#13817,#13818,#13819,#13820),
 .UNSPECIFIED.,.F.,.F.,(4,4),(0.,0.000694699031771775),.UNSPECIFIED.);
#933=B_SPLINE_CURVE_WITH_KNOTS('',3,(#13822,#13823,#13824,#13825),
 .UNSPECIFIED.,.F.,.F.,(4,4),(9.34177181294034E-18,0.00200655196528641),
 .UNSPECIFIED.);
#934=B_SPLINE_CURVE_WITH_KNOTS('',2,(#13826,#13827,#13828),
 .UNSPECIFIED.,.F.,.F.,(3,3),(0.,1.),.PIECEWISE_BEZIER_KNOTS.);
#935=B_SPLINE_CURVE_WITH_KNOTS('',3,(#13850,#13851,#13852,#13853),
 .UNSPECIFIED.,.F.,.F.,(4,4),(6.2546344413855E-18,0.000702268417061235),
 .UNSPECIFIED.);
#936=B_SPLINE_CURVE_WITH_KNOTS('',3,(#13854,#13855,#13856,#13857),
 .UNSPECIFIED.,.F.,.F.,(4,4),(0.,0.000702268417061245),.UNSPECIFIED.);
#937=B_SPLINE_CURVE_WITH_KNOTS('',3,(#13933,#13934,#13935,#13936),
 .UNSPECIFIED.,.F.,.F.,(4,4),(0.,0.000694699031770799),.UNSPECIFIED.);
#938=B_SPLINE_CURVE_WITH_KNOTS('',3,(#13938,#13939,#13940,#13941),
 .UNSPECIFIED.,.F.,.F.,(4,4),(8.67361737988404E-18,0.000702268417061235),
 .UNSPECIFIED.);
#939=B_SPLINE_CURVE_WITH_KNOTS('',3,(#13945,#13946,#13947,#13948),
 .UNSPECIFIED.,.F.,.F.,(4,4),(0.,0.000702268417061241),.UNSPECIFIED.);
#940=B_SPLINE_CURVE_WITH_KNOTS('',3,(#13950,#13951,#13952,#13953),
 .UNSPECIFIED.,.F.,.F.,(4,4),(0.,0.000694699031771775),.UNSPECIFIED.);
#941=B_SPLINE_CURVE_WITH_KNOTS('',3,(#13961,#13962,#13963,#13964,#13965,
#13966,#13967),.UNSPECIFIED.,.F.,.F.,(4,1,1,1,4),(0.0134543079346369,0.0148609943046683,
0.0162676806746998,0.0176743670447312,0.0190810534147626),.UNSPECIFIED.);
#942=B_SPLINE_CURVE_WITH_KNOTS('',2,(#13989,#13990,#13991),
 .UNSPECIFIED.,.F.,.F.,(3,3),(0.,1.),.PIECEWISE_BEZIER_KNOTS.);
#943=B_SPLINE_CURVE_WITH_KNOTS('',2,(#13993,#13994,#13995),
 .UNSPECIFIED.,.F.,.F.,(3,3),(0.,1.),.PIECEWISE_BEZIER_KNOTS.);
#944=B_SPLINE_CURVE_WITH_KNOTS('',3,(#14027,#14028,#14029,#14030,#14031,
#14032),.UNSPECIFIED.,.F.,.F.,(4,1,1,4),(2.13086279049727E-11,0.00102448163406428,
0.00204896324681993,0.00409792647233124),.UNSPECIFIED.);
#945=B_SPLINE_CURVE_WITH_KNOTS('',3,(#14034,#14035,#14036,#14037,#14038,
#14039),.UNSPECIFIED.,.F.,.F.,(4,1,1,4),(0.0025310645859712,0.00456594246793519,
0.00558338140891718,0.00660082034989917),.UNSPECIFIED.);
#946=B_SPLINE_CURVE_WITH_KNOTS('',3,(#14052,#14053,#14054,#14055),
 .UNSPECIFIED.,.F.,.F.,(4,4),(0.00112463432384522,0.00315262024138584),
 .UNSPECIFIED.);
#947=B_SPLINE_CURVE_WITH_KNOTS('',3,(#14064,#14065,#14066,#14067),
 .UNSPECIFIED.,.F.,.F.,(4,4),(8.67361737988404E-18,0.00200655196528641),
 .UNSPECIFIED.);
#948=B_SPLINE_CURVE_WITH_KNOTS('',2,(#14128,#14129,#14130),
 .UNSPECIFIED.,.F.,.F.,(3,3),(0.,1.),.PIECEWISE_BEZIER_KNOTS.);
#949=B_SPLINE_CURVE_WITH_KNOTS('',2,(#14143,#14144,#14145),
 .UNSPECIFIED.,.F.,.F.,(3,3),(0.,1.),.PIECEWISE_BEZIER_KNOTS.);
#950=B_SPLINE_CURVE_WITH_KNOTS('',2,(#14156,#14157,#14158),
 .UNSPECIFIED.,.F.,.F.,(3,3),(0.,1.),.PIECEWISE_BEZIER_KNOTS.);
#951=B_SPLINE_CURVE_WITH_KNOTS('',2,(#14169,#14170,#14171),
 .UNSPECIFIED.,.F.,.F.,(3,3),(0.,1.),.PIECEWISE_BEZIER_KNOTS.);
#952=B_SPLINE_CURVE_WITH_KNOTS('',2,(#14182,#14183,#14184),
 .UNSPECIFIED.,.F.,.F.,(3,3),(0.,1.),.PIECEWISE_BEZIER_KNOTS.);
#953=B_SPLINE_CURVE_WITH_KNOTS('',2,(#14195,#14196,#14197),
 .UNSPECIFIED.,.F.,.F.,(3,3),(0.,1.),.PIECEWISE_BEZIER_KNOTS.);
#954=B_SPLINE_CURVE_WITH_KNOTS('',2,(#14208,#14209,#14210),
 .UNSPECIFIED.,.F.,.F.,(3,3),(0.,1.),.PIECEWISE_BEZIER_KNOTS.);
#955=B_SPLINE_CURVE_WITH_KNOTS('',2,(#14221,#14222,#14223),
 .UNSPECIFIED.,.F.,.F.,(3,3),(0.,1.),.PIECEWISE_BEZIER_KNOTS.);
#956=B_SPLINE_CURVE_WITH_KNOTS('',2,(#14234,#14235,#14236),
 .UNSPECIFIED.,.F.,.F.,(3,3),(0.,1.),.PIECEWISE_BEZIER_KNOTS.);
#957=B_SPLINE_CURVE_WITH_KNOTS('',2,(#14251,#14252,#14253),
 .UNSPECIFIED.,.F.,.F.,(3,3),(0.,1.),.PIECEWISE_BEZIER_KNOTS.);
#958=B_SPLINE_CURVE_WITH_KNOTS('',2,(#14264,#14265,#14266),
 .UNSPECIFIED.,.F.,.F.,(3,3),(0.,1.),.PIECEWISE_BEZIER_KNOTS.);
#959=B_SPLINE_CURVE_WITH_KNOTS('',2,(#14277,#14278,#14279),
 .UNSPECIFIED.,.F.,.F.,(3,3),(0.,1.),.PIECEWISE_BEZIER_KNOTS.);
#960=B_SPLINE_CURVE_WITH_KNOTS('',2,(#14290,#14291,#14292),
 .UNSPECIFIED.,.F.,.F.,(3,3),(0.,1.),.PIECEWISE_BEZIER_KNOTS.);
#961=B_SPLINE_CURVE_WITH_KNOTS('',2,(#14303,#14304,#14305),
 .UNSPECIFIED.,.F.,.F.,(3,3),(0.,1.),.PIECEWISE_BEZIER_KNOTS.);
#962=B_SPLINE_CURVE_WITH_KNOTS('',2,(#14316,#14317,#14318),
 .UNSPECIFIED.,.F.,.F.,(3,3),(0.,1.),.PIECEWISE_BEZIER_KNOTS.);
#963=B_SPLINE_CURVE_WITH_KNOTS('',2,(#14329,#14330,#14331),
 .UNSPECIFIED.,.F.,.F.,(3,3),(0.,1.),.PIECEWISE_BEZIER_KNOTS.);
#964=B_SPLINE_CURVE_WITH_KNOTS('',2,(#14342,#14343,#14344),
 .UNSPECIFIED.,.F.,.F.,(3,3),(0.,1.),.PIECEWISE_BEZIER_KNOTS.);
#965=B_SPLINE_CURVE_WITH_KNOTS('',2,(#14355,#14356,#14357),
 .UNSPECIFIED.,.F.,.F.,(3,3),(0.,1.),.PIECEWISE_BEZIER_KNOTS.);
#966=B_SPLINE_CURVE_WITH_KNOTS('',2,(#14368,#14369,#14370),
 .UNSPECIFIED.,.F.,.F.,(3,3),(0.,1.),.PIECEWISE_BEZIER_KNOTS.);
#967=B_SPLINE_CURVE_WITH_KNOTS('',2,(#14393,#14394,#14395),
 .UNSPECIFIED.,.F.,.F.,(3,3),(0.,1.),.PIECEWISE_BEZIER_KNOTS.);
#968=B_SPLINE_CURVE_WITH_KNOTS('',2,(#14404,#14405,#14406),
 .UNSPECIFIED.,.F.,.F.,(3,3),(0.,1.),.PIECEWISE_BEZIER_KNOTS.);
#969=ORIENTED_EDGE('',*,*,#3259,.F.);
#970=ORIENTED_EDGE('',*,*,#3260,.T.);
#971=ORIENTED_EDGE('',*,*,#3261,.F.);
#972=ORIENTED_EDGE('',*,*,#3262,.F.);
#973=ORIENTED_EDGE('',*,*,#3263,.T.);
#974=ORIENTED_EDGE('',*,*,#3264,.F.);
#975=ORIENTED_EDGE('',*,*,#3265,.F.);
#976=ORIENTED_EDGE('',*,*,#3266,.T.);
#977=ORIENTED_EDGE('',*,*,#3267,.T.);
#978=ORIENTED_EDGE('',*,*,#3268,.F.);
#979=ORIENTED_EDGE('',*,*,#3269,.F.);
#980=ORIENTED_EDGE('',*,*,#3270,.T.);
#981=ORIENTED_EDGE('',*,*,#3271,.T.);
#982=ORIENTED_EDGE('',*,*,#3272,.T.);
#983=ORIENTED_EDGE('',*,*,#3273,.T.);
#984=ORIENTED_EDGE('',*,*,#3274,.F.);
#985=ORIENTED_EDGE('',*,*,#3275,.T.);
#986=ORIENTED_EDGE('',*,*,#3276,.F.);
#987=ORIENTED_EDGE('',*,*,#3277,.T.);
#988=ORIENTED_EDGE('',*,*,#3278,.T.);
#989=ORIENTED_EDGE('',*,*,#3279,.T.);
#990=ORIENTED_EDGE('',*,*,#3280,.F.);
#991=ORIENTED_EDGE('',*,*,#3281,.T.);
#992=ORIENTED_EDGE('',*,*,#3282,.T.);
#993=ORIENTED_EDGE('',*,*,#3283,.T.);
#994=ORIENTED_EDGE('',*,*,#3284,.F.);
#995=ORIENTED_EDGE('',*,*,#3285,.T.);
#996=ORIENTED_EDGE('',*,*,#3286,.T.);
#997=ORIENTED_EDGE('',*,*,#3287,.T.);
#998=ORIENTED_EDGE('',*,*,#3288,.F.);
#999=ORIENTED_EDGE('',*,*,#3289,.F.);
#1000=ORIENTED_EDGE('',*,*,#3290,.T.);
#1001=ORIENTED_EDGE('',*,*,#3291,.F.);
#1002=ORIENTED_EDGE('',*,*,#3292,.T.);
#1003=ORIENTED_EDGE('',*,*,#3293,.T.);
#1004=ORIENTED_EDGE('',*,*,#3294,.F.);
#1005=ORIENTED_EDGE('',*,*,#3295,.F.);
#1006=ORIENTED_EDGE('',*,*,#3296,.F.);
#1007=ORIENTED_EDGE('',*,*,#3297,.T.);
#1008=ORIENTED_EDGE('',*,*,#3298,.F.);
#1009=ORIENTED_EDGE('',*,*,#3299,.T.);
#1010=ORIENTED_EDGE('',*,*,#3300,.F.);
#1011=ORIENTED_EDGE('',*,*,#3301,.T.);
#1012=ORIENTED_EDGE('',*,*,#3302,.T.);
#1013=ORIENTED_EDGE('',*,*,#3303,.T.);
#1014=ORIENTED_EDGE('',*,*,#3304,.F.);
#1015=ORIENTED_EDGE('',*,*,#3305,.F.);
#1016=ORIENTED_EDGE('',*,*,#3306,.F.);
#1017=ORIENTED_EDGE('',*,*,#3307,.T.);
#1018=ORIENTED_EDGE('',*,*,#3308,.F.);
#1019=ORIENTED_EDGE('',*,*,#3309,.F.);
#1020=ORIENTED_EDGE('',*,*,#3310,.F.);
#1021=ORIENTED_EDGE('',*,*,#3311,.T.);
#1022=ORIENTED_EDGE('',*,*,#3312,.F.);
#1023=ORIENTED_EDGE('',*,*,#3313,.F.);
#1024=ORIENTED_EDGE('',*,*,#3314,.F.);
#1025=ORIENTED_EDGE('',*,*,#3315,.T.);
#1026=ORIENTED_EDGE('',*,*,#3316,.F.);
#1027=ORIENTED_EDGE('',*,*,#3317,.T.);
#1028=ORIENTED_EDGE('',*,*,#3318,.F.);
#1029=ORIENTED_EDGE('',*,*,#3319,.F.);
#1030=ORIENTED_EDGE('',*,*,#3320,.F.);
#1031=ORIENTED_EDGE('',*,*,#3321,.F.);
#1032=ORIENTED_EDGE('',*,*,#3322,.T.);
#1033=ORIENTED_EDGE('',*,*,#3323,.T.);
#1034=ORIENTED_EDGE('',*,*,#3324,.F.);
#1035=ORIENTED_EDGE('',*,*,#3325,.F.);
#1036=ORIENTED_EDGE('',*,*,#3326,.T.);
#1037=ORIENTED_EDGE('',*,*,#3327,.T.);
#1038=ORIENTED_EDGE('',*,*,#3328,.F.);
#1039=ORIENTED_EDGE('',*,*,#3329,.T.);
#1040=ORIENTED_EDGE('',*,*,#3330,.T.);
#1041=ORIENTED_EDGE('',*,*,#3331,.F.);
#1042=ORIENTED_EDGE('',*,*,#3332,.F.);
#1043=ORIENTED_EDGE('',*,*,#3333,.F.);
#1044=ORIENTED_EDGE('',*,*,#3334,.F.);
#1045=ORIENTED_EDGE('',*,*,#3335,.T.);
#1046=ORIENTED_EDGE('',*,*,#3336,.F.);
#1047=ORIENTED_EDGE('',*,*,#3337,.T.);
#1048=ORIENTED_EDGE('',*,*,#3338,.F.);
#1049=ORIENTED_EDGE('',*,*,#3339,.F.);
#1050=ORIENTED_EDGE('',*,*,#3340,.F.);
#1051=ORIENTED_EDGE('',*,*,#3341,.F.);
#1052=ORIENTED_EDGE('',*,*,#3342,.F.);
#1053=ORIENTED_EDGE('',*,*,#3343,.F.);
#1054=ORIENTED_EDGE('',*,*,#3344,.F.);
#1055=ORIENTED_EDGE('',*,*,#3345,.F.);
#1056=ORIENTED_EDGE('',*,*,#3346,.F.);
#1057=ORIENTED_EDGE('',*,*,#3347,.T.);
#1058=ORIENTED_EDGE('',*,*,#3348,.T.);
#1059=ORIENTED_EDGE('',*,*,#3349,.T.);
#1060=ORIENTED_EDGE('',*,*,#3350,.F.);
#1061=ORIENTED_EDGE('',*,*,#3351,.T.);
#1062=ORIENTED_EDGE('',*,*,#3352,.F.);
#1063=ORIENTED_EDGE('',*,*,#3353,.T.);
#1064=ORIENTED_EDGE('',*,*,#3354,.F.);
#1065=ORIENTED_EDGE('',*,*,#3355,.T.);
#1066=ORIENTED_EDGE('',*,*,#3356,.F.);
#1067=ORIENTED_EDGE('',*,*,#3357,.T.);
#1068=ORIENTED_EDGE('',*,*,#3358,.F.);
#1069=ORIENTED_EDGE('',*,*,#3359,.T.);
#1070=ORIENTED_EDGE('',*,*,#3360,.F.);
#1071=ORIENTED_EDGE('',*,*,#3361,.T.);
#1072=ORIENTED_EDGE('',*,*,#3362,.F.);
#1073=ORIENTED_EDGE('',*,*,#3363,.T.);
#1074=ORIENTED_EDGE('',*,*,#3364,.F.);
#1075=ORIENTED_EDGE('',*,*,#3365,.F.);
#1076=ORIENTED_EDGE('',*,*,#3366,.T.);
#1077=ORIENTED_EDGE('',*,*,#3367,.F.);
#1078=ORIENTED_EDGE('',*,*,#3368,.F.);
#1079=ORIENTED_EDGE('',*,*,#3369,.F.);
#1080=ORIENTED_EDGE('',*,*,#3370,.F.);
#1081=ORIENTED_EDGE('',*,*,#3371,.F.);
#1082=ORIENTED_EDGE('',*,*,#3372,.F.);
#1083=ORIENTED_EDGE('',*,*,#3373,.F.);
#1084=ORIENTED_EDGE('',*,*,#3374,.F.);
#1085=ORIENTED_EDGE('',*,*,#3375,.F.);
#1086=ORIENTED_EDGE('',*,*,#3376,.F.);
#1087=ORIENTED_EDGE('',*,*,#3377,.F.);
#1088=ORIENTED_EDGE('',*,*,#3378,.F.);
#1089=ORIENTED_EDGE('',*,*,#3379,.F.);
#1090=ORIENTED_EDGE('',*,*,#3380,.F.);
#1091=ORIENTED_EDGE('',*,*,#3381,.F.);
#1092=ORIENTED_EDGE('',*,*,#3382,.F.);
#1093=ORIENTED_EDGE('',*,*,#3383,.F.);
#1094=ORIENTED_EDGE('',*,*,#3384,.F.);
#1095=ORIENTED_EDGE('',*,*,#3385,.F.);
#1096=ORIENTED_EDGE('',*,*,#3386,.F.);
#1097=ORIENTED_EDGE('',*,*,#3387,.F.);
#1098=ORIENTED_EDGE('',*,*,#3388,.F.);
#1099=ORIENTED_EDGE('',*,*,#3389,.F.);
#1100=ORIENTED_EDGE('',*,*,#3390,.F.);
#1101=ORIENTED_EDGE('',*,*,#3391,.F.);
#1102=ORIENTED_EDGE('',*,*,#3392,.F.);
#1103=ORIENTED_EDGE('',*,*,#3393,.F.);
#1104=ORIENTED_EDGE('',*,*,#3394,.F.);
#1105=ORIENTED_EDGE('',*,*,#3395,.F.);
#1106=ORIENTED_EDGE('',*,*,#3396,.F.);
#1107=ORIENTED_EDGE('',*,*,#3397,.F.);
#1108=ORIENTED_EDGE('',*,*,#3398,.F.);
#1109=ORIENTED_EDGE('',*,*,#3399,.F.);
#1110=ORIENTED_EDGE('',*,*,#3400,.F.);
#1111=ORIENTED_EDGE('',*,*,#3401,.F.);
#1112=ORIENTED_EDGE('',*,*,#3402,.F.);
#1113=ORIENTED_EDGE('',*,*,#3403,.F.);
#1114=ORIENTED_EDGE('',*,*,#3404,.F.);
#1115=ORIENTED_EDGE('',*,*,#3405,.F.);
#1116=ORIENTED_EDGE('',*,*,#3406,.F.);
#1117=ORIENTED_EDGE('',*,*,#3407,.F.);
#1118=ORIENTED_EDGE('',*,*,#3408,.F.);
#1119=ORIENTED_EDGE('',*,*,#3409,.F.);
#1120=ORIENTED_EDGE('',*,*,#3410,.F.);
#1121=ORIENTED_EDGE('',*,*,#3411,.F.);
#1122=ORIENTED_EDGE('',*,*,#3412,.F.);
#1123=ORIENTED_EDGE('',*,*,#3413,.F.);
#1124=ORIENTED_EDGE('',*,*,#3414,.F.);
#1125=ORIENTED_EDGE('',*,*,#3415,.F.);
#1126=ORIENTED_EDGE('',*,*,#3416,.F.);
#1127=ORIENTED_EDGE('',*,*,#3417,.F.);
#1128=ORIENTED_EDGE('',*,*,#3418,.F.);
#1129=ORIENTED_EDGE('',*,*,#3419,.T.);
#1130=ORIENTED_EDGE('',*,*,#3420,.T.);
#1131=ORIENTED_EDGE('',*,*,#3421,.T.);
#1132=ORIENTED_EDGE('',*,*,#3422,.T.);
#1133=ORIENTED_EDGE('',*,*,#3423,.T.);
#1134=ORIENTED_EDGE('',*,*,#3424,.T.);
#1135=ORIENTED_EDGE('',*,*,#3425,.T.);
#1136=ORIENTED_EDGE('',*,*,#3426,.T.);
#1137=ORIENTED_EDGE('',*,*,#3427,.T.);
#1138=ORIENTED_EDGE('',*,*,#3428,.T.);
#1139=ORIENTED_EDGE('',*,*,#3429,.T.);
#1140=ORIENTED_EDGE('',*,*,#3430,.T.);
#1141=ORIENTED_EDGE('',*,*,#3431,.T.);
#1142=ORIENTED_EDGE('',*,*,#3432,.T.);
#1143=ORIENTED_EDGE('',*,*,#3433,.T.);
#1144=ORIENTED_EDGE('',*,*,#3434,.T.);
#1145=ORIENTED_EDGE('',*,*,#3435,.T.);
#1146=ORIENTED_EDGE('',*,*,#3436,.T.);
#1147=ORIENTED_EDGE('',*,*,#3437,.T.);
#1148=ORIENTED_EDGE('',*,*,#3438,.T.);
#1149=ORIENTED_EDGE('',*,*,#3439,.T.);
#1150=ORIENTED_EDGE('',*,*,#3440,.T.);
#1151=ORIENTED_EDGE('',*,*,#3441,.T.);
#1152=ORIENTED_EDGE('',*,*,#3442,.T.);
#1153=ORIENTED_EDGE('',*,*,#3443,.T.);
#1154=ORIENTED_EDGE('',*,*,#3444,.T.);
#1155=ORIENTED_EDGE('',*,*,#3445,.T.);
#1156=ORIENTED_EDGE('',*,*,#3446,.T.);
#1157=ORIENTED_EDGE('',*,*,#3447,.T.);
#1158=ORIENTED_EDGE('',*,*,#3448,.T.);
#1159=ORIENTED_EDGE('',*,*,#3449,.T.);
#1160=ORIENTED_EDGE('',*,*,#3450,.T.);
#1161=ORIENTED_EDGE('',*,*,#3451,.T.);
#1162=ORIENTED_EDGE('',*,*,#3452,.T.);
#1163=ORIENTED_EDGE('',*,*,#3453,.T.);
#1164=ORIENTED_EDGE('',*,*,#3454,.T.);
#1165=ORIENTED_EDGE('',*,*,#3455,.T.);
#1166=ORIENTED_EDGE('',*,*,#3456,.T.);
#1167=ORIENTED_EDGE('',*,*,#3457,.T.);
#1168=ORIENTED_EDGE('',*,*,#3458,.T.);
#1169=ORIENTED_EDGE('',*,*,#3459,.T.);
#1170=ORIENTED_EDGE('',*,*,#3460,.T.);
#1171=ORIENTED_EDGE('',*,*,#3461,.T.);
#1172=ORIENTED_EDGE('',*,*,#3462,.T.);
#1173=ORIENTED_EDGE('',*,*,#3463,.T.);
#1174=ORIENTED_EDGE('',*,*,#3464,.T.);
#1175=ORIENTED_EDGE('',*,*,#3465,.T.);
#1176=ORIENTED_EDGE('',*,*,#3466,.T.);
#1177=ORIENTED_EDGE('',*,*,#3467,.T.);
#1178=ORIENTED_EDGE('',*,*,#3468,.T.);
#1179=ORIENTED_EDGE('',*,*,#3469,.T.);
#1180=ORIENTED_EDGE('',*,*,#3470,.T.);
#1181=ORIENTED_EDGE('',*,*,#3471,.T.);
#1182=ORIENTED_EDGE('',*,*,#3472,.T.);
#1183=ORIENTED_EDGE('',*,*,#3473,.T.);
#1184=ORIENTED_EDGE('',*,*,#3474,.T.);
#1185=ORIENTED_EDGE('',*,*,#3475,.T.);
#1186=ORIENTED_EDGE('',*,*,#3476,.T.);
#1187=ORIENTED_EDGE('',*,*,#3477,.T.);
#1188=ORIENTED_EDGE('',*,*,#3478,.T.);
#1189=ORIENTED_EDGE('',*,*,#3479,.T.);
#1190=ORIENTED_EDGE('',*,*,#3480,.F.);
#1191=ORIENTED_EDGE('',*,*,#3300,.T.);
#1192=ORIENTED_EDGE('',*,*,#3481,.F.);
#1193=ORIENTED_EDGE('',*,*,#3482,.F.);
#1194=ORIENTED_EDGE('',*,*,#3483,.T.);
#1195=ORIENTED_EDGE('',*,*,#3327,.F.);
#1196=ORIENTED_EDGE('',*,*,#3484,.T.);
#1197=ORIENTED_EDGE('',*,*,#3485,.F.);
#1198=ORIENTED_EDGE('',*,*,#3486,.F.);
#1199=ORIENTED_EDGE('',*,*,#3487,.T.);
#1200=ORIENTED_EDGE('',*,*,#3488,.F.);
#1201=ORIENTED_EDGE('',*,*,#3489,.T.);
#1202=ORIENTED_EDGE('',*,*,#3490,.T.);
#1203=ORIENTED_EDGE('',*,*,#3491,.T.);
#1204=ORIENTED_EDGE('',*,*,#3492,.F.);
#1205=ORIENTED_EDGE('',*,*,#3493,.F.);
#1206=ORIENTED_EDGE('',*,*,#3494,.T.);
#1207=ORIENTED_EDGE('',*,*,#3495,.T.);
#1208=ORIENTED_EDGE('',*,*,#3496,.F.);
#1209=ORIENTED_EDGE('',*,*,#3497,.F.);
#1210=ORIENTED_EDGE('',*,*,#3498,.F.);
#1211=ORIENTED_EDGE('',*,*,#3499,.T.);
#1212=ORIENTED_EDGE('',*,*,#3500,.T.);
#1213=ORIENTED_EDGE('',*,*,#3264,.T.);
#1214=ORIENTED_EDGE('',*,*,#3501,.T.);
#1215=ORIENTED_EDGE('',*,*,#3502,.F.);
#1216=ORIENTED_EDGE('',*,*,#3503,.F.);
#1217=ORIENTED_EDGE('',*,*,#3260,.F.);
#1218=ORIENTED_EDGE('',*,*,#3504,.F.);
#1219=ORIENTED_EDGE('',*,*,#3505,.F.);
#1220=ORIENTED_EDGE('',*,*,#3506,.T.);
#1221=ORIENTED_EDGE('',*,*,#3507,.F.);
#1222=ORIENTED_EDGE('',*,*,#3508,.F.);
#1223=ORIENTED_EDGE('',*,*,#3509,.F.);
#1224=ORIENTED_EDGE('',*,*,#3510,.T.);
#1225=ORIENTED_EDGE('',*,*,#3511,.F.);
#1226=ORIENTED_EDGE('',*,*,#3335,.F.);
#1227=ORIENTED_EDGE('',*,*,#3512,.F.);
#1228=ORIENTED_EDGE('',*,*,#3513,.T.);
#1229=ORIENTED_EDGE('',*,*,#3514,.F.);
#1230=ORIENTED_EDGE('',*,*,#3366,.F.);
#1231=ORIENTED_EDGE('',*,*,#3515,.F.);
#1232=ORIENTED_EDGE('',*,*,#3516,.T.);
#1233=ORIENTED_EDGE('',*,*,#3517,.F.);
#1234=ORIENTED_EDGE('',*,*,#3518,.T.);
#1235=ORIENTED_EDGE('',*,*,#3519,.F.);
#1236=ORIENTED_EDGE('',*,*,#3520,.F.);
#1237=ORIENTED_EDGE('',*,*,#3337,.F.);
#1238=ORIENTED_EDGE('',*,*,#3521,.F.);
#1239=ORIENTED_EDGE('',*,*,#3522,.T.);
#1240=ORIENTED_EDGE('',*,*,#3523,.T.);
#1241=ORIENTED_EDGE('',*,*,#3524,.F.);
#1242=ORIENTED_EDGE('',*,*,#3525,.F.);
#1243=ORIENTED_EDGE('',*,*,#3526,.T.);
#1244=ORIENTED_EDGE('',*,*,#3497,.T.);
#1245=ORIENTED_EDGE('',*,*,#3527,.F.);
#1246=ORIENTED_EDGE('',*,*,#3528,.T.);
#1247=ORIENTED_EDGE('',*,*,#3529,.T.);
#1248=ORIENTED_EDGE('',*,*,#3493,.T.);
#1249=ORIENTED_EDGE('',*,*,#3530,.F.);
#1250=ORIENTED_EDGE('',*,*,#3531,.F.);
#1251=ORIENTED_EDGE('',*,*,#3532,.F.);
#1252=ORIENTED_EDGE('',*,*,#3533,.T.);
#1253=ORIENTED_EDGE('',*,*,#3534,.F.);
#1254=ORIENTED_EDGE('',*,*,#3535,.T.);
#1255=ORIENTED_EDGE('',*,*,#3536,.T.);
#1256=ORIENTED_EDGE('',*,*,#3537,.F.);
#1257=ORIENTED_EDGE('',*,*,#3538,.T.);
#1258=ORIENTED_EDGE('',*,*,#3539,.T.);
#1259=ORIENTED_EDGE('',*,*,#3333,.T.);
#1260=ORIENTED_EDGE('',*,*,#3540,.F.);
#1261=ORIENTED_EDGE('',*,*,#3541,.T.);
#1262=ORIENTED_EDGE('',*,*,#3542,.T.);
#1263=ORIENTED_EDGE('',*,*,#3543,.F.);
#1264=ORIENTED_EDGE('',*,*,#3331,.T.);
#1265=ORIENTED_EDGE('',*,*,#3539,.F.);
#1266=ORIENTED_EDGE('',*,*,#3544,.F.);
#1267=ORIENTED_EDGE('',*,*,#3545,.T.);
#1268=ORIENTED_EDGE('',*,*,#3541,.F.);
#1269=ORIENTED_EDGE('',*,*,#3535,.F.);
#1270=ORIENTED_EDGE('',*,*,#3546,.T.);
#1271=ORIENTED_EDGE('',*,*,#3542,.F.);
#1272=ORIENTED_EDGE('',*,*,#3545,.F.);
#1273=ORIENTED_EDGE('',*,*,#3547,.F.);
#1274=ORIENTED_EDGE('',*,*,#3548,.F.);
#1275=ORIENTED_EDGE('',*,*,#3339,.T.);
#1276=ORIENTED_EDGE('',*,*,#3549,.F.);
#1277=ORIENTED_EDGE('',*,*,#3550,.T.);
#1278=ORIENTED_EDGE('',*,*,#3551,.F.);
#1279=ORIENTED_EDGE('',*,*,#3552,.T.);
#1280=ORIENTED_EDGE('',*,*,#3553,.T.);
#1281=ORIENTED_EDGE('',*,*,#3341,.T.);
#1282=ORIENTED_EDGE('',*,*,#3367,.T.);
#1283=ORIENTED_EDGE('',*,*,#3514,.T.);
#1284=ORIENTED_EDGE('',*,*,#3554,.T.);
#1285=ORIENTED_EDGE('',*,*,#3555,.T.);
#1286=ORIENTED_EDGE('',*,*,#3556,.F.);
#1287=ORIENTED_EDGE('',*,*,#3346,.T.);
#1288=ORIENTED_EDGE('',*,*,#3557,.F.);
#1289=ORIENTED_EDGE('',*,*,#3558,.F.);
#1290=ORIENTED_EDGE('',*,*,#3559,.F.);
#1291=ORIENTED_EDGE('',*,*,#3560,.T.);
#1292=ORIENTED_EDGE('',*,*,#3561,.T.);
#1293=ORIENTED_EDGE('',*,*,#3562,.F.);
#1294=ORIENTED_EDGE('',*,*,#3563,.T.);
#1295=ORIENTED_EDGE('',*,*,#3564,.T.);
#1296=ORIENTED_EDGE('',*,*,#3565,.F.);
#1297=ORIENTED_EDGE('',*,*,#3566,.T.);
#1298=ORIENTED_EDGE('',*,*,#3567,.T.);
#1299=ORIENTED_EDGE('',*,*,#3568,.F.);
#1300=ORIENTED_EDGE('',*,*,#3569,.T.);
#1301=ORIENTED_EDGE('',*,*,#3570,.T.);
#1302=ORIENTED_EDGE('',*,*,#3571,.F.);
#1303=ORIENTED_EDGE('',*,*,#3572,.T.);
#1304=ORIENTED_EDGE('',*,*,#3573,.T.);
#1305=ORIENTED_EDGE('',*,*,#3574,.F.);
#1306=ORIENTED_EDGE('',*,*,#3575,.T.);
#1307=ORIENTED_EDGE('',*,*,#3576,.T.);
#1308=ORIENTED_EDGE('',*,*,#3577,.F.);
#1309=ORIENTED_EDGE('',*,*,#3578,.T.);
#1310=ORIENTED_EDGE('',*,*,#3579,.T.);
#1311=ORIENTED_EDGE('',*,*,#3580,.F.);
#1312=ORIENTED_EDGE('',*,*,#3581,.T.);
#1313=ORIENTED_EDGE('',*,*,#3582,.T.);
#1314=ORIENTED_EDGE('',*,*,#3583,.F.);
#1315=ORIENTED_EDGE('',*,*,#3584,.T.);
#1316=ORIENTED_EDGE('',*,*,#3585,.T.);
#1317=ORIENTED_EDGE('',*,*,#3586,.F.);
#1318=ORIENTED_EDGE('',*,*,#3587,.T.);
#1319=ORIENTED_EDGE('',*,*,#3588,.T.);
#1320=ORIENTED_EDGE('',*,*,#3589,.F.);
#1321=ORIENTED_EDGE('',*,*,#3590,.T.);
#1322=ORIENTED_EDGE('',*,*,#3591,.T.);
#1323=ORIENTED_EDGE('',*,*,#3592,.F.);
#1324=ORIENTED_EDGE('',*,*,#3593,.T.);
#1325=ORIENTED_EDGE('',*,*,#3594,.T.);
#1326=ORIENTED_EDGE('',*,*,#3595,.F.);
#1327=ORIENTED_EDGE('',*,*,#3596,.T.);
#1328=ORIENTED_EDGE('',*,*,#3558,.T.);
#1329=ORIENTED_EDGE('',*,*,#3597,.T.);
#1330=ORIENTED_EDGE('',*,*,#3550,.F.);
#1331=ORIENTED_EDGE('',*,*,#3598,.T.);
#1332=ORIENTED_EDGE('',*,*,#3599,.T.);
#1333=ORIENTED_EDGE('',*,*,#3600,.F.);
#1334=ORIENTED_EDGE('',*,*,#3601,.T.);
#1335=ORIENTED_EDGE('',*,*,#3602,.T.);
#1336=ORIENTED_EDGE('',*,*,#3552,.F.);
#1337=ORIENTED_EDGE('',*,*,#3603,.T.);
#1338=ORIENTED_EDGE('',*,*,#3536,.F.);
#1339=ORIENTED_EDGE('',*,*,#3547,.T.);
#1340=ORIENTED_EDGE('',*,*,#3544,.T.);
#1341=ORIENTED_EDGE('',*,*,#3538,.F.);
#1342=ORIENTED_EDGE('',*,*,#3604,.T.);
#1343=ORIENTED_EDGE('',*,*,#3605,.F.);
#1344=ORIENTED_EDGE('',*,*,#3606,.T.);
#1345=ORIENTED_EDGE('',*,*,#3607,.F.);
#1346=ORIENTED_EDGE('',*,*,#3608,.T.);
#1347=ORIENTED_EDGE('',*,*,#3609,.F.);
#1348=ORIENTED_EDGE('',*,*,#3610,.T.);
#1349=ORIENTED_EDGE('',*,*,#3611,.F.);
#1350=ORIENTED_EDGE('',*,*,#3612,.T.);
#1351=ORIENTED_EDGE('',*,*,#3613,.F.);
#1352=ORIENTED_EDGE('',*,*,#3614,.T.);
#1353=ORIENTED_EDGE('',*,*,#3605,.T.);
#1354=ORIENTED_EDGE('',*,*,#3615,.T.);
#1355=ORIENTED_EDGE('',*,*,#3616,.T.);
#1356=ORIENTED_EDGE('',*,*,#3617,.F.);
#1357=ORIENTED_EDGE('',*,*,#3618,.T.);
#1358=ORIENTED_EDGE('',*,*,#3619,.T.);
#1359=ORIENTED_EDGE('',*,*,#3620,.T.);
#1360=ORIENTED_EDGE('',*,*,#3621,.T.);
#1361=ORIENTED_EDGE('',*,*,#3622,.T.);
#1362=ORIENTED_EDGE('',*,*,#3623,.T.);
#1363=ORIENTED_EDGE('',*,*,#3624,.T.);
#1364=ORIENTED_EDGE('',*,*,#3625,.F.);
#1365=ORIENTED_EDGE('',*,*,#3626,.T.);
#1366=ORIENTED_EDGE('',*,*,#3627,.F.);
#1367=ORIENTED_EDGE('',*,*,#3616,.F.);
#1368=ORIENTED_EDGE('',*,*,#3628,.F.);
#1369=ORIENTED_EDGE('',*,*,#3629,.T.);
#1370=ORIENTED_EDGE('',*,*,#3630,.F.);
#1371=ORIENTED_EDGE('',*,*,#3631,.T.);
#1372=ORIENTED_EDGE('',*,*,#3632,.F.);
#1373=ORIENTED_EDGE('',*,*,#3633,.F.);
#1374=ORIENTED_EDGE('',*,*,#3634,.F.);
#1375=ORIENTED_EDGE('',*,*,#3635,.F.);
#1376=ORIENTED_EDGE('',*,*,#3636,.F.);
#1377=ORIENTED_EDGE('',*,*,#3637,.F.);
#1378=ORIENTED_EDGE('',*,*,#3638,.F.);
#1379=ORIENTED_EDGE('',*,*,#3639,.F.);
#1380=ORIENTED_EDGE('',*,*,#3640,.T.);
#1381=ORIENTED_EDGE('',*,*,#3641,.F.);
#1382=ORIENTED_EDGE('',*,*,#3642,.T.);
#1383=ORIENTED_EDGE('',*,*,#3643,.F.);
#1384=ORIENTED_EDGE('',*,*,#3644,.T.);
#1385=ORIENTED_EDGE('',*,*,#3486,.T.);
#1386=ORIENTED_EDGE('',*,*,#3645,.F.);
#1387=ORIENTED_EDGE('',*,*,#3643,.T.);
#1388=ORIENTED_EDGE('',*,*,#3646,.F.);
#1389=ORIENTED_EDGE('',*,*,#3629,.F.);
#1390=ORIENTED_EDGE('',*,*,#3647,.F.);
#1391=ORIENTED_EDGE('',*,*,#3641,.T.);
#1392=ORIENTED_EDGE('',*,*,#3648,.F.);
#1393=ORIENTED_EDGE('',*,*,#3631,.F.);
#1394=ORIENTED_EDGE('',*,*,#3592,.T.);
#1395=ORIENTED_EDGE('',*,*,#3649,.T.);
#1396=ORIENTED_EDGE('',*,*,#3650,.F.);
#1397=ORIENTED_EDGE('',*,*,#3589,.T.);
#1398=ORIENTED_EDGE('',*,*,#3651,.T.);
#1399=ORIENTED_EDGE('',*,*,#3374,.T.);
#1400=ORIENTED_EDGE('',*,*,#3652,.T.);
#1401=ORIENTED_EDGE('',*,*,#3653,.T.);
#1402=ORIENTED_EDGE('',*,*,#3654,.T.);
#1403=ORIENTED_EDGE('',*,*,#3372,.T.);
#1404=ORIENTED_EDGE('',*,*,#3371,.T.);
#1405=ORIENTED_EDGE('',*,*,#3651,.F.);
#1406=ORIENTED_EDGE('',*,*,#3594,.F.);
#1407=ORIENTED_EDGE('',*,*,#3655,.T.);
#1408=ORIENTED_EDGE('',*,*,#3652,.F.);
#1409=ORIENTED_EDGE('',*,*,#3650,.T.);
#1410=ORIENTED_EDGE('',*,*,#3373,.T.);
#1411=ORIENTED_EDGE('',*,*,#3654,.F.);
#1412=ORIENTED_EDGE('',*,*,#3656,.T.);
#1413=ORIENTED_EDGE('',*,*,#3590,.F.);
#1414=ORIENTED_EDGE('',*,*,#3649,.F.);
#1415=ORIENTED_EDGE('',*,*,#3591,.F.);
#1416=ORIENTED_EDGE('',*,*,#3656,.F.);
#1417=ORIENTED_EDGE('',*,*,#3653,.F.);
#1418=ORIENTED_EDGE('',*,*,#3655,.F.);
#1419=ORIENTED_EDGE('',*,*,#3593,.F.);
#1420=ORIENTED_EDGE('',*,*,#3586,.T.);
#1421=ORIENTED_EDGE('',*,*,#3657,.T.);
#1422=ORIENTED_EDGE('',*,*,#3658,.F.);
#1423=ORIENTED_EDGE('',*,*,#3583,.T.);
#1424=ORIENTED_EDGE('',*,*,#3659,.T.);
#1425=ORIENTED_EDGE('',*,*,#3378,.T.);
#1426=ORIENTED_EDGE('',*,*,#3660,.T.);
#1427=ORIENTED_EDGE('',*,*,#3661,.T.);
#1428=ORIENTED_EDGE('',*,*,#3662,.T.);
#1429=ORIENTED_EDGE('',*,*,#3376,.T.);
#1430=ORIENTED_EDGE('',*,*,#3375,.T.);
#1431=ORIENTED_EDGE('',*,*,#3659,.F.);
#1432=ORIENTED_EDGE('',*,*,#3588,.F.);
#1433=ORIENTED_EDGE('',*,*,#3663,.T.);
#1434=ORIENTED_EDGE('',*,*,#3660,.F.);
#1435=ORIENTED_EDGE('',*,*,#3658,.T.);
#1436=ORIENTED_EDGE('',*,*,#3377,.T.);
#1437=ORIENTED_EDGE('',*,*,#3662,.F.);
#1438=ORIENTED_EDGE('',*,*,#3664,.T.);
#1439=ORIENTED_EDGE('',*,*,#3584,.F.);
#1440=ORIENTED_EDGE('',*,*,#3657,.F.);
#1441=ORIENTED_EDGE('',*,*,#3585,.F.);
#1442=ORIENTED_EDGE('',*,*,#3664,.F.);
#1443=ORIENTED_EDGE('',*,*,#3661,.F.);
#1444=ORIENTED_EDGE('',*,*,#3663,.F.);
#1445=ORIENTED_EDGE('',*,*,#3587,.F.);
#1446=ORIENTED_EDGE('',*,*,#3580,.T.);
#1447=ORIENTED_EDGE('',*,*,#3665,.T.);
#1448=ORIENTED_EDGE('',*,*,#3666,.F.);
#1449=ORIENTED_EDGE('',*,*,#3577,.T.);
#1450=ORIENTED_EDGE('',*,*,#3667,.T.);
#1451=ORIENTED_EDGE('',*,*,#3382,.T.);
#1452=ORIENTED_EDGE('',*,*,#3668,.T.);
#1453=ORIENTED_EDGE('',*,*,#3669,.T.);
#1454=ORIENTED_EDGE('',*,*,#3670,.T.);
#1455=ORIENTED_EDGE('',*,*,#3380,.T.);
#1456=ORIENTED_EDGE('',*,*,#3379,.T.);
#1457=ORIENTED_EDGE('',*,*,#3667,.F.);
#1458=ORIENTED_EDGE('',*,*,#3582,.F.);
#1459=ORIENTED_EDGE('',*,*,#3671,.T.);
#1460=ORIENTED_EDGE('',*,*,#3668,.F.);
#1461=ORIENTED_EDGE('',*,*,#3666,.T.);
#1462=ORIENTED_EDGE('',*,*,#3381,.T.);
#1463=ORIENTED_EDGE('',*,*,#3670,.F.);
#1464=ORIENTED_EDGE('',*,*,#3672,.T.);
#1465=ORIENTED_EDGE('',*,*,#3578,.F.);
#1466=ORIENTED_EDGE('',*,*,#3665,.F.);
#1467=ORIENTED_EDGE('',*,*,#3579,.F.);
#1468=ORIENTED_EDGE('',*,*,#3672,.F.);
#1469=ORIENTED_EDGE('',*,*,#3669,.F.);
#1470=ORIENTED_EDGE('',*,*,#3671,.F.);
#1471=ORIENTED_EDGE('',*,*,#3581,.F.);
#1472=ORIENTED_EDGE('',*,*,#3673,.T.);
#1473=ORIENTED_EDGE('',*,*,#3517,.T.);
#1474=ORIENTED_EDGE('',*,*,#3674,.T.);
#1475=ORIENTED_EDGE('',*,*,#3675,.T.);
#1476=ORIENTED_EDGE('',*,*,#3521,.T.);
#1477=ORIENTED_EDGE('',*,*,#3336,.T.);
#1478=ORIENTED_EDGE('',*,*,#3676,.F.);
#1479=ORIENTED_EDGE('',*,*,#3677,.T.);
#1480=ORIENTED_EDGE('',*,*,#3519,.T.);
#1481=ORIENTED_EDGE('',*,*,#3678,.T.);
#1482=ORIENTED_EDGE('',*,*,#3338,.T.);
#1483=ORIENTED_EDGE('',*,*,#3520,.T.);
#1484=ORIENTED_EDGE('',*,*,#3677,.F.);
#1485=ORIENTED_EDGE('',*,*,#3679,.T.);
#1486=ORIENTED_EDGE('',*,*,#3680,.F.);
#1487=ORIENTED_EDGE('',*,*,#3676,.T.);
#1488=ORIENTED_EDGE('',*,*,#3518,.F.);
#1489=ORIENTED_EDGE('',*,*,#3673,.F.);
#1490=ORIENTED_EDGE('',*,*,#3681,.F.);
#1491=ORIENTED_EDGE('',*,*,#3679,.F.);
#1492=ORIENTED_EDGE('',*,*,#3678,.F.);
#1493=ORIENTED_EDGE('',*,*,#3682,.T.);
#1494=ORIENTED_EDGE('',*,*,#3683,.T.);
#1495=ORIENTED_EDGE('',*,*,#3684,.F.);
#1496=ORIENTED_EDGE('',*,*,#3685,.T.);
#1497=ORIENTED_EDGE('',*,*,#3686,.T.);
#1498=ORIENTED_EDGE('',*,*,#3386,.T.);
#1499=ORIENTED_EDGE('',*,*,#3687,.T.);
#1500=ORIENTED_EDGE('',*,*,#3688,.T.);
#1501=ORIENTED_EDGE('',*,*,#3689,.T.);
#1502=ORIENTED_EDGE('',*,*,#3384,.T.);
#1503=ORIENTED_EDGE('',*,*,#3383,.T.);
#1504=ORIENTED_EDGE('',*,*,#3686,.F.);
#1505=ORIENTED_EDGE('',*,*,#3690,.F.);
#1506=ORIENTED_EDGE('',*,*,#3691,.T.);
#1507=ORIENTED_EDGE('',*,*,#3687,.F.);
#1508=ORIENTED_EDGE('',*,*,#3684,.T.);
#1509=ORIENTED_EDGE('',*,*,#3385,.T.);
#1510=ORIENTED_EDGE('',*,*,#3689,.F.);
#1511=ORIENTED_EDGE('',*,*,#3692,.T.);
#1512=ORIENTED_EDGE('',*,*,#3693,.F.);
#1513=ORIENTED_EDGE('',*,*,#3683,.F.);
#1514=ORIENTED_EDGE('',*,*,#3694,.F.);
#1515=ORIENTED_EDGE('',*,*,#3692,.F.);
#1516=ORIENTED_EDGE('',*,*,#3688,.F.);
#1517=ORIENTED_EDGE('',*,*,#3691,.F.);
#1518=ORIENTED_EDGE('',*,*,#3695,.F.);
#1519=ORIENTED_EDGE('',*,*,#3696,.T.);
#1520=ORIENTED_EDGE('',*,*,#3697,.T.);
#1521=ORIENTED_EDGE('',*,*,#3698,.F.);
#1522=ORIENTED_EDGE('',*,*,#3699,.T.);
#1523=ORIENTED_EDGE('',*,*,#3700,.T.);
#1524=ORIENTED_EDGE('',*,*,#3390,.T.);
#1525=ORIENTED_EDGE('',*,*,#3701,.T.);
#1526=ORIENTED_EDGE('',*,*,#3702,.T.);
#1527=ORIENTED_EDGE('',*,*,#3703,.T.);
#1528=ORIENTED_EDGE('',*,*,#3388,.T.);
#1529=ORIENTED_EDGE('',*,*,#3387,.T.);
#1530=ORIENTED_EDGE('',*,*,#3700,.F.);
#1531=ORIENTED_EDGE('',*,*,#3704,.F.);
#1532=ORIENTED_EDGE('',*,*,#3705,.T.);
#1533=ORIENTED_EDGE('',*,*,#3701,.F.);
#1534=ORIENTED_EDGE('',*,*,#3698,.T.);
#1535=ORIENTED_EDGE('',*,*,#3389,.T.);
#1536=ORIENTED_EDGE('',*,*,#3703,.F.);
#1537=ORIENTED_EDGE('',*,*,#3706,.T.);
#1538=ORIENTED_EDGE('',*,*,#3707,.F.);
#1539=ORIENTED_EDGE('',*,*,#3697,.F.);
#1540=ORIENTED_EDGE('',*,*,#3708,.F.);
#1541=ORIENTED_EDGE('',*,*,#3706,.F.);
#1542=ORIENTED_EDGE('',*,*,#3702,.F.);
#1543=ORIENTED_EDGE('',*,*,#3705,.F.);
#1544=ORIENTED_EDGE('',*,*,#3709,.F.);
#1545=ORIENTED_EDGE('',*,*,#3710,.T.);
#1546=ORIENTED_EDGE('',*,*,#3711,.T.);
#1547=ORIENTED_EDGE('',*,*,#3712,.F.);
#1548=ORIENTED_EDGE('',*,*,#3713,.T.);
#1549=ORIENTED_EDGE('',*,*,#3714,.T.);
#1550=ORIENTED_EDGE('',*,*,#3394,.T.);
#1551=ORIENTED_EDGE('',*,*,#3715,.T.);
#1552=ORIENTED_EDGE('',*,*,#3716,.T.);
#1553=ORIENTED_EDGE('',*,*,#3717,.T.);
#1554=ORIENTED_EDGE('',*,*,#3392,.T.);
#1555=ORIENTED_EDGE('',*,*,#3391,.T.);
#1556=ORIENTED_EDGE('',*,*,#3714,.F.);
#1557=ORIENTED_EDGE('',*,*,#3718,.F.);
#1558=ORIENTED_EDGE('',*,*,#3719,.T.);
#1559=ORIENTED_EDGE('',*,*,#3715,.F.);
#1560=ORIENTED_EDGE('',*,*,#3712,.T.);
#1561=ORIENTED_EDGE('',*,*,#3393,.T.);
#1562=ORIENTED_EDGE('',*,*,#3717,.F.);
#1563=ORIENTED_EDGE('',*,*,#3720,.T.);
#1564=ORIENTED_EDGE('',*,*,#3721,.F.);
#1565=ORIENTED_EDGE('',*,*,#3711,.F.);
#1566=ORIENTED_EDGE('',*,*,#3722,.F.);
#1567=ORIENTED_EDGE('',*,*,#3720,.F.);
#1568=ORIENTED_EDGE('',*,*,#3716,.F.);
#1569=ORIENTED_EDGE('',*,*,#3719,.F.);
#1570=ORIENTED_EDGE('',*,*,#3723,.F.);
#1571=ORIENTED_EDGE('',*,*,#3574,.T.);
#1572=ORIENTED_EDGE('',*,*,#3724,.T.);
#1573=ORIENTED_EDGE('',*,*,#3725,.F.);
#1574=ORIENTED_EDGE('',*,*,#3571,.T.);
#1575=ORIENTED_EDGE('',*,*,#3726,.T.);
#1576=ORIENTED_EDGE('',*,*,#3398,.T.);
#1577=ORIENTED_EDGE('',*,*,#3727,.T.);
#1578=ORIENTED_EDGE('',*,*,#3728,.T.);
#1579=ORIENTED_EDGE('',*,*,#3729,.T.);
#1580=ORIENTED_EDGE('',*,*,#3396,.T.);
#1581=ORIENTED_EDGE('',*,*,#3395,.T.);
#1582=ORIENTED_EDGE('',*,*,#3726,.F.);
#1583=ORIENTED_EDGE('',*,*,#3576,.F.);
#1584=ORIENTED_EDGE('',*,*,#3730,.T.);
#1585=ORIENTED_EDGE('',*,*,#3727,.F.);
#1586=ORIENTED_EDGE('',*,*,#3725,.T.);
#1587=ORIENTED_EDGE('',*,*,#3397,.T.);
#1588=ORIENTED_EDGE('',*,*,#3729,.F.);
#1589=ORIENTED_EDGE('',*,*,#3731,.T.);
#1590=ORIENTED_EDGE('',*,*,#3572,.F.);
#1591=ORIENTED_EDGE('',*,*,#3724,.F.);
#1592=ORIENTED_EDGE('',*,*,#3573,.F.);
#1593=ORIENTED_EDGE('',*,*,#3731,.F.);
#1594=ORIENTED_EDGE('',*,*,#3728,.F.);
#1595=ORIENTED_EDGE('',*,*,#3730,.F.);
#1596=ORIENTED_EDGE('',*,*,#3575,.F.);
#1597=ORIENTED_EDGE('',*,*,#3568,.T.);
#1598=ORIENTED_EDGE('',*,*,#3732,.T.);
#1599=ORIENTED_EDGE('',*,*,#3733,.F.);
#1600=ORIENTED_EDGE('',*,*,#3565,.T.);
#1601=ORIENTED_EDGE('',*,*,#3734,.T.);
#1602=ORIENTED_EDGE('',*,*,#3402,.T.);
#1603=ORIENTED_EDGE('',*,*,#3735,.T.);
#1604=ORIENTED_EDGE('',*,*,#3736,.T.);
#1605=ORIENTED_EDGE('',*,*,#3737,.T.);
#1606=ORIENTED_EDGE('',*,*,#3400,.T.);
#1607=ORIENTED_EDGE('',*,*,#3399,.T.);
#1608=ORIENTED_EDGE('',*,*,#3734,.F.);
#1609=ORIENTED_EDGE('',*,*,#3570,.F.);
#1610=ORIENTED_EDGE('',*,*,#3738,.T.);
#1611=ORIENTED_EDGE('',*,*,#3735,.F.);
#1612=ORIENTED_EDGE('',*,*,#3733,.T.);
#1613=ORIENTED_EDGE('',*,*,#3401,.T.);
#1614=ORIENTED_EDGE('',*,*,#3737,.F.);
#1615=ORIENTED_EDGE('',*,*,#3739,.T.);
#1616=ORIENTED_EDGE('',*,*,#3566,.F.);
#1617=ORIENTED_EDGE('',*,*,#3732,.F.);
#1618=ORIENTED_EDGE('',*,*,#3567,.F.);
#1619=ORIENTED_EDGE('',*,*,#3739,.F.);
#1620=ORIENTED_EDGE('',*,*,#3736,.F.);
#1621=ORIENTED_EDGE('',*,*,#3738,.F.);
#1622=ORIENTED_EDGE('',*,*,#3569,.F.);
#1623=ORIENTED_EDGE('',*,*,#3562,.T.);
#1624=ORIENTED_EDGE('',*,*,#3740,.T.);
#1625=ORIENTED_EDGE('',*,*,#3741,.F.);
#1626=ORIENTED_EDGE('',*,*,#3559,.T.);
#1627=ORIENTED_EDGE('',*,*,#3742,.T.);
#1628=ORIENTED_EDGE('',*,*,#3406,.T.);
#1629=ORIENTED_EDGE('',*,*,#3743,.T.);
#1630=ORIENTED_EDGE('',*,*,#3744,.T.);
#1631=ORIENTED_EDGE('',*,*,#3745,.T.);
#1632=ORIENTED_EDGE('',*,*,#3404,.T.);
#1633=ORIENTED_EDGE('',*,*,#3403,.T.);
#1634=ORIENTED_EDGE('',*,*,#3742,.F.);
#1635=ORIENTED_EDGE('',*,*,#3564,.F.);
#1636=ORIENTED_EDGE('',*,*,#3746,.T.);
#1637=ORIENTED_EDGE('',*,*,#3743,.F.);
#1638=ORIENTED_EDGE('',*,*,#3741,.T.);
#1639=ORIENTED_EDGE('',*,*,#3405,.T.);
#1640=ORIENTED_EDGE('',*,*,#3745,.F.);
#1641=ORIENTED_EDGE('',*,*,#3747,.T.);
#1642=ORIENTED_EDGE('',*,*,#3560,.F.);
#1643=ORIENTED_EDGE('',*,*,#3740,.F.);
#1644=ORIENTED_EDGE('',*,*,#3561,.F.);
#1645=ORIENTED_EDGE('',*,*,#3747,.F.);
#1646=ORIENTED_EDGE('',*,*,#3744,.F.);
#1647=ORIENTED_EDGE('',*,*,#3746,.F.);
#1648=ORIENTED_EDGE('',*,*,#3563,.F.);
#1649=ORIENTED_EDGE('',*,*,#3600,.T.);
#1650=ORIENTED_EDGE('',*,*,#3748,.T.);
#1651=ORIENTED_EDGE('',*,*,#3749,.T.);
#1652=ORIENTED_EDGE('',*,*,#3750,.T.);
#1653=ORIENTED_EDGE('',*,*,#3751,.T.);
#1654=ORIENTED_EDGE('',*,*,#3343,.T.);
#1655=ORIENTED_EDGE('',*,*,#3342,.T.);
#1656=ORIENTED_EDGE('',*,*,#3553,.F.);
#1657=ORIENTED_EDGE('',*,*,#3602,.F.);
#1658=ORIENTED_EDGE('',*,*,#3752,.T.);
#1659=ORIENTED_EDGE('',*,*,#3749,.F.);
#1660=ORIENTED_EDGE('',*,*,#3549,.T.);
#1661=ORIENTED_EDGE('',*,*,#3344,.T.);
#1662=ORIENTED_EDGE('',*,*,#3751,.F.);
#1663=ORIENTED_EDGE('',*,*,#3753,.T.);
#1664=ORIENTED_EDGE('',*,*,#3598,.F.);
#1665=ORIENTED_EDGE('',*,*,#3748,.F.);
#1666=ORIENTED_EDGE('',*,*,#3599,.F.);
#1667=ORIENTED_EDGE('',*,*,#3753,.F.);
#1668=ORIENTED_EDGE('',*,*,#3750,.F.);
#1669=ORIENTED_EDGE('',*,*,#3752,.F.);
#1670=ORIENTED_EDGE('',*,*,#3601,.F.);
#1671=ORIENTED_EDGE('',*,*,#3754,.T.);
#1672=ORIENTED_EDGE('',*,*,#3755,.T.);
#1673=ORIENTED_EDGE('',*,*,#3756,.T.);
#1674=ORIENTED_EDGE('',*,*,#3515,.T.);
#1675=ORIENTED_EDGE('',*,*,#3365,.T.);
#1676=ORIENTED_EDGE('',*,*,#3757,.F.);
#1677=ORIENTED_EDGE('',*,*,#3758,.T.);
#1678=ORIENTED_EDGE('',*,*,#3759,.T.);
#1679=ORIENTED_EDGE('',*,*,#3760,.T.);
#1680=ORIENTED_EDGE('',*,*,#3369,.T.);
#1681=ORIENTED_EDGE('',*,*,#3368,.T.);
#1682=ORIENTED_EDGE('',*,*,#3555,.F.);
#1683=ORIENTED_EDGE('',*,*,#3761,.F.);
#1684=ORIENTED_EDGE('',*,*,#3762,.T.);
#1685=ORIENTED_EDGE('',*,*,#3758,.F.);
#1686=ORIENTED_EDGE('',*,*,#3757,.T.);
#1687=ORIENTED_EDGE('',*,*,#3370,.T.);
#1688=ORIENTED_EDGE('',*,*,#3760,.F.);
#1689=ORIENTED_EDGE('',*,*,#3763,.T.);
#1690=ORIENTED_EDGE('',*,*,#3764,.F.);
#1691=ORIENTED_EDGE('',*,*,#3755,.F.);
#1692=ORIENTED_EDGE('',*,*,#3765,.F.);
#1693=ORIENTED_EDGE('',*,*,#3763,.F.);
#1694=ORIENTED_EDGE('',*,*,#3759,.F.);
#1695=ORIENTED_EDGE('',*,*,#3762,.F.);
#1696=ORIENTED_EDGE('',*,*,#3766,.F.);
#1697=ORIENTED_EDGE('',*,*,#3767,.T.);
#1698=ORIENTED_EDGE('',*,*,#3768,.T.);
#1699=ORIENTED_EDGE('',*,*,#3769,.F.);
#1700=ORIENTED_EDGE('',*,*,#3770,.T.);
#1701=ORIENTED_EDGE('',*,*,#3771,.T.);
#1702=ORIENTED_EDGE('',*,*,#3410,.T.);
#1703=ORIENTED_EDGE('',*,*,#3772,.T.);
#1704=ORIENTED_EDGE('',*,*,#3773,.T.);
#1705=ORIENTED_EDGE('',*,*,#3774,.T.);
#1706=ORIENTED_EDGE('',*,*,#3408,.T.);
#1707=ORIENTED_EDGE('',*,*,#3407,.T.);
#1708=ORIENTED_EDGE('',*,*,#3771,.F.);
#1709=ORIENTED_EDGE('',*,*,#3775,.F.);
#1710=ORIENTED_EDGE('',*,*,#3776,.T.);
#1711=ORIENTED_EDGE('',*,*,#3772,.F.);
#1712=ORIENTED_EDGE('',*,*,#3769,.T.);
#1713=ORIENTED_EDGE('',*,*,#3409,.T.);
#1714=ORIENTED_EDGE('',*,*,#3774,.F.);
#1715=ORIENTED_EDGE('',*,*,#3777,.T.);
#1716=ORIENTED_EDGE('',*,*,#3778,.F.);
#1717=ORIENTED_EDGE('',*,*,#3768,.F.);
#1718=ORIENTED_EDGE('',*,*,#3779,.F.);
#1719=ORIENTED_EDGE('',*,*,#3777,.F.);
#1720=ORIENTED_EDGE('',*,*,#3773,.F.);
#1721=ORIENTED_EDGE('',*,*,#3776,.F.);
#1722=ORIENTED_EDGE('',*,*,#3780,.F.);
#1723=ORIENTED_EDGE('',*,*,#3781,.T.);
#1724=ORIENTED_EDGE('',*,*,#3782,.T.);
#1725=ORIENTED_EDGE('',*,*,#3783,.F.);
#1726=ORIENTED_EDGE('',*,*,#3784,.T.);
#1727=ORIENTED_EDGE('',*,*,#3785,.T.);
#1728=ORIENTED_EDGE('',*,*,#3414,.T.);
#1729=ORIENTED_EDGE('',*,*,#3786,.T.);
#1730=ORIENTED_EDGE('',*,*,#3787,.T.);
#1731=ORIENTED_EDGE('',*,*,#3788,.T.);
#1732=ORIENTED_EDGE('',*,*,#3412,.T.);
#1733=ORIENTED_EDGE('',*,*,#3411,.T.);
#1734=ORIENTED_EDGE('',*,*,#3785,.F.);
#1735=ORIENTED_EDGE('',*,*,#3789,.F.);
#1736=ORIENTED_EDGE('',*,*,#3790,.T.);
#1737=ORIENTED_EDGE('',*,*,#3786,.F.);
#1738=ORIENTED_EDGE('',*,*,#3783,.T.);
#1739=ORIENTED_EDGE('',*,*,#3413,.T.);
#1740=ORIENTED_EDGE('',*,*,#3788,.F.);
#1741=ORIENTED_EDGE('',*,*,#3791,.T.);
#1742=ORIENTED_EDGE('',*,*,#3792,.F.);
#1743=ORIENTED_EDGE('',*,*,#3782,.F.);
#1744=ORIENTED_EDGE('',*,*,#3793,.F.);
#1745=ORIENTED_EDGE('',*,*,#3791,.F.);
#1746=ORIENTED_EDGE('',*,*,#3787,.F.);
#1747=ORIENTED_EDGE('',*,*,#3790,.F.);
#1748=ORIENTED_EDGE('',*,*,#3794,.F.);
#1749=ORIENTED_EDGE('',*,*,#3795,.F.);
#1750=ORIENTED_EDGE('',*,*,#3796,.T.);
#1751=ORIENTED_EDGE('',*,*,#3797,.T.);
#1752=ORIENTED_EDGE('',*,*,#3418,.T.);
#1753=ORIENTED_EDGE('',*,*,#3608,.F.);
#1754=ORIENTED_EDGE('',*,*,#3798,.F.);
#1755=ORIENTED_EDGE('',*,*,#3364,.T.);
#1756=ORIENTED_EDGE('',*,*,#3799,.F.);
#1757=ORIENTED_EDGE('',*,*,#3609,.T.);
#1758=ORIENTED_EDGE('',*,*,#3799,.T.);
#1759=ORIENTED_EDGE('',*,*,#3363,.F.);
#1760=ORIENTED_EDGE('',*,*,#3800,.T.);
#1761=ORIENTED_EDGE('',*,*,#3610,.F.);
#1762=ORIENTED_EDGE('',*,*,#3800,.F.);
#1763=ORIENTED_EDGE('',*,*,#3362,.T.);
#1764=ORIENTED_EDGE('',*,*,#3801,.F.);
#1765=ORIENTED_EDGE('',*,*,#3611,.T.);
#1766=ORIENTED_EDGE('',*,*,#3801,.T.);
#1767=ORIENTED_EDGE('',*,*,#3361,.F.);
#1768=ORIENTED_EDGE('',*,*,#3802,.T.);
#1769=ORIENTED_EDGE('',*,*,#3612,.F.);
#1770=ORIENTED_EDGE('',*,*,#3802,.F.);
#1771=ORIENTED_EDGE('',*,*,#3360,.T.);
#1772=ORIENTED_EDGE('',*,*,#3803,.F.);
#1773=ORIENTED_EDGE('',*,*,#3613,.T.);
#1774=ORIENTED_EDGE('',*,*,#3803,.T.);
#1775=ORIENTED_EDGE('',*,*,#3359,.F.);
#1776=ORIENTED_EDGE('',*,*,#3804,.T.);
#1777=ORIENTED_EDGE('',*,*,#3614,.F.);
#1778=ORIENTED_EDGE('',*,*,#3804,.F.);
#1779=ORIENTED_EDGE('',*,*,#3358,.T.);
#1780=ORIENTED_EDGE('',*,*,#3805,.F.);
#1781=ORIENTED_EDGE('',*,*,#3334,.T.);
#1782=ORIENTED_EDGE('',*,*,#3511,.T.);
#1783=ORIENTED_EDGE('',*,*,#3806,.F.);
#1784=ORIENTED_EDGE('',*,*,#3512,.T.);
#1785=ORIENTED_EDGE('',*,*,#3807,.F.);
#1786=ORIENTED_EDGE('',*,*,#3302,.F.);
#1787=ORIENTED_EDGE('',*,*,#3808,.T.);
#1788=ORIENTED_EDGE('',*,*,#3809,.F.);
#1789=ORIENTED_EDGE('',*,*,#3639,.T.);
#1790=ORIENTED_EDGE('',*,*,#3485,.T.);
#1791=ORIENTED_EDGE('',*,*,#3810,.F.);
#1792=ORIENTED_EDGE('',*,*,#3505,.T.);
#1793=ORIENTED_EDGE('',*,*,#3811,.T.);
#1794=ORIENTED_EDGE('',*,*,#3289,.T.);
#1795=ORIENTED_EDGE('',*,*,#3812,.F.);
#1796=ORIENTED_EDGE('',*,*,#3499,.F.);
#1797=ORIENTED_EDGE('',*,*,#3813,.T.);
#1798=ORIENTED_EDGE('',*,*,#3814,.T.);
#1799=ORIENTED_EDGE('',*,*,#3815,.F.);
#1800=ORIENTED_EDGE('',*,*,#3816,.F.);
#1801=ORIENTED_EDGE('',*,*,#3817,.T.);
#1802=ORIENTED_EDGE('',*,*,#3818,.T.);
#1803=ORIENTED_EDGE('',*,*,#3819,.T.);
#1804=ORIENTED_EDGE('',*,*,#3820,.T.);
#1805=ORIENTED_EDGE('',*,*,#3821,.F.);
#1806=ORIENTED_EDGE('',*,*,#3822,.F.);
#1807=ORIENTED_EDGE('',*,*,#3823,.F.);
#1808=ORIENTED_EDGE('',*,*,#3824,.T.);
#1809=ORIENTED_EDGE('',*,*,#3285,.F.);
#1810=ORIENTED_EDGE('',*,*,#3825,.F.);
#1811=ORIENTED_EDGE('',*,*,#3826,.F.);
#1812=ORIENTED_EDGE('',*,*,#3827,.T.);
#1813=ORIENTED_EDGE('',*,*,#3828,.F.);
#1814=ORIENTED_EDGE('',*,*,#3829,.F.);
#1815=ORIENTED_EDGE('',*,*,#3306,.T.);
#1816=ORIENTED_EDGE('',*,*,#3830,.T.);
#1817=ORIENTED_EDGE('',*,*,#3831,.T.);
#1818=ORIENTED_EDGE('',*,*,#3832,.F.);
#1819=ORIENTED_EDGE('',*,*,#3833,.F.);
#1820=ORIENTED_EDGE('',*,*,#3834,.T.);
#1821=ORIENTED_EDGE('',*,*,#3835,.T.);
#1822=ORIENTED_EDGE('',*,*,#3836,.F.);
#1823=ORIENTED_EDGE('',*,*,#3837,.T.);
#1824=ORIENTED_EDGE('',*,*,#3347,.F.);
#1825=ORIENTED_EDGE('',*,*,#3798,.T.);
#1826=ORIENTED_EDGE('',*,*,#3607,.T.);
#1827=ORIENTED_EDGE('',*,*,#3838,.F.);
#1828=ORIENTED_EDGE('',*,*,#3626,.F.);
#1829=ORIENTED_EDGE('',*,*,#3839,.F.);
#1830=ORIENTED_EDGE('',*,*,#3595,.T.);
#1831=ORIENTED_EDGE('',*,*,#3805,.T.);
#1832=ORIENTED_EDGE('',*,*,#3357,.F.);
#1833=ORIENTED_EDGE('',*,*,#3840,.T.);
#1834=ORIENTED_EDGE('',*,*,#3841,.T.);
#1835=ORIENTED_EDGE('',*,*,#3509,.T.);
#1836=ORIENTED_EDGE('',*,*,#3842,.F.);
#1837=ORIENTED_EDGE('',*,*,#3843,.T.);
#1838=ORIENTED_EDGE('',*,*,#3844,.T.);
#1839=ORIENTED_EDGE('',*,*,#3845,.T.);
#1840=ORIENTED_EDGE('',*,*,#3349,.F.);
#1841=ORIENTED_EDGE('',*,*,#3846,.T.);
#1842=ORIENTED_EDGE('',*,*,#3847,.F.);
#1843=ORIENTED_EDGE('',*,*,#3840,.F.);
#1844=ORIENTED_EDGE('',*,*,#3356,.T.);
#1845=ORIENTED_EDGE('',*,*,#3848,.F.);
#1846=ORIENTED_EDGE('',*,*,#3849,.T.);
#1847=ORIENTED_EDGE('',*,*,#3848,.T.);
#1848=ORIENTED_EDGE('',*,*,#3355,.F.);
#1849=ORIENTED_EDGE('',*,*,#3850,.T.);
#1850=ORIENTED_EDGE('',*,*,#3851,.F.);
#1851=ORIENTED_EDGE('',*,*,#3850,.F.);
#1852=ORIENTED_EDGE('',*,*,#3354,.T.);
#1853=ORIENTED_EDGE('',*,*,#3852,.F.);
#1854=ORIENTED_EDGE('',*,*,#3853,.T.);
#1855=ORIENTED_EDGE('',*,*,#3852,.T.);
#1856=ORIENTED_EDGE('',*,*,#3353,.F.);
#1857=ORIENTED_EDGE('',*,*,#3854,.T.);
#1858=ORIENTED_EDGE('',*,*,#3855,.F.);
#1859=ORIENTED_EDGE('',*,*,#3854,.F.);
#1860=ORIENTED_EDGE('',*,*,#3352,.T.);
#1861=ORIENTED_EDGE('',*,*,#3856,.F.);
#1862=ORIENTED_EDGE('',*,*,#3510,.F.);
#1863=ORIENTED_EDGE('',*,*,#3841,.F.);
#1864=ORIENTED_EDGE('',*,*,#3847,.T.);
#1865=ORIENTED_EDGE('',*,*,#3849,.F.);
#1866=ORIENTED_EDGE('',*,*,#3851,.T.);
#1867=ORIENTED_EDGE('',*,*,#3853,.F.);
#1868=ORIENTED_EDGE('',*,*,#3855,.T.);
#1869=ORIENTED_EDGE('',*,*,#3857,.F.);
#1870=ORIENTED_EDGE('',*,*,#3858,.T.);
#1871=ORIENTED_EDGE('',*,*,#3844,.F.);
#1872=ORIENTED_EDGE('',*,*,#3859,.F.);
#1873=ORIENTED_EDGE('',*,*,#3860,.F.);
#1874=ORIENTED_EDGE('',*,*,#3522,.F.);
#1875=ORIENTED_EDGE('',*,*,#3675,.F.);
#1876=ORIENTED_EDGE('',*,*,#3680,.T.);
#1877=ORIENTED_EDGE('',*,*,#3681,.T.);
#1878=ORIENTED_EDGE('',*,*,#3674,.F.);
#1879=ORIENTED_EDGE('',*,*,#3516,.F.);
#1880=ORIENTED_EDGE('',*,*,#3756,.F.);
#1881=ORIENTED_EDGE('',*,*,#3764,.T.);
#1882=ORIENTED_EDGE('',*,*,#3765,.T.);
#1883=ORIENTED_EDGE('',*,*,#3754,.F.);
#1884=ORIENTED_EDGE('',*,*,#3766,.T.);
#1885=ORIENTED_EDGE('',*,*,#3761,.T.);
#1886=ORIENTED_EDGE('',*,*,#3554,.F.);
#1887=ORIENTED_EDGE('',*,*,#3513,.F.);
#1888=ORIENTED_EDGE('',*,*,#3806,.T.);
#1889=ORIENTED_EDGE('',*,*,#3685,.F.);
#1890=ORIENTED_EDGE('',*,*,#3693,.T.);
#1891=ORIENTED_EDGE('',*,*,#3694,.T.);
#1892=ORIENTED_EDGE('',*,*,#3682,.F.);
#1893=ORIENTED_EDGE('',*,*,#3695,.T.);
#1894=ORIENTED_EDGE('',*,*,#3690,.T.);
#1895=ORIENTED_EDGE('',*,*,#3699,.F.);
#1896=ORIENTED_EDGE('',*,*,#3707,.T.);
#1897=ORIENTED_EDGE('',*,*,#3708,.T.);
#1898=ORIENTED_EDGE('',*,*,#3696,.F.);
#1899=ORIENTED_EDGE('',*,*,#3709,.T.);
#1900=ORIENTED_EDGE('',*,*,#3704,.T.);
#1901=ORIENTED_EDGE('',*,*,#3713,.F.);
#1902=ORIENTED_EDGE('',*,*,#3721,.T.);
#1903=ORIENTED_EDGE('',*,*,#3722,.T.);
#1904=ORIENTED_EDGE('',*,*,#3710,.F.);
#1905=ORIENTED_EDGE('',*,*,#3723,.T.);
#1906=ORIENTED_EDGE('',*,*,#3718,.T.);
#1907=ORIENTED_EDGE('',*,*,#3770,.F.);
#1908=ORIENTED_EDGE('',*,*,#3778,.T.);
#1909=ORIENTED_EDGE('',*,*,#3779,.T.);
#1910=ORIENTED_EDGE('',*,*,#3767,.F.);
#1911=ORIENTED_EDGE('',*,*,#3780,.T.);
#1912=ORIENTED_EDGE('',*,*,#3775,.T.);
#1913=ORIENTED_EDGE('',*,*,#3784,.F.);
#1914=ORIENTED_EDGE('',*,*,#3792,.T.);
#1915=ORIENTED_EDGE('',*,*,#3793,.T.);
#1916=ORIENTED_EDGE('',*,*,#3781,.F.);
#1917=ORIENTED_EDGE('',*,*,#3794,.T.);
#1918=ORIENTED_EDGE('',*,*,#3789,.T.);
#1919=ORIENTED_EDGE('',*,*,#3796,.F.);
#1920=ORIENTED_EDGE('',*,*,#3861,.T.);
#1921=ORIENTED_EDGE('',*,*,#3862,.T.);
#1922=ORIENTED_EDGE('',*,*,#3863,.F.);
#1923=ORIENTED_EDGE('',*,*,#3864,.T.);
#1924=ORIENTED_EDGE('',*,*,#3865,.T.);
#1925=ORIENTED_EDGE('',*,*,#3857,.T.);
#1926=ORIENTED_EDGE('',*,*,#3856,.T.);
#1927=ORIENTED_EDGE('',*,*,#3351,.F.);
#1928=ORIENTED_EDGE('',*,*,#3866,.T.);
#1929=ORIENTED_EDGE('',*,*,#3523,.F.);
#1930=ORIENTED_EDGE('',*,*,#3860,.T.);
#1931=ORIENTED_EDGE('',*,*,#3867,.T.);
#1932=ORIENTED_EDGE('',*,*,#3868,.T.);
#1933=ORIENTED_EDGE('',*,*,#3869,.T.);
#1934=ORIENTED_EDGE('',*,*,#3870,.T.);
#1935=ORIENTED_EDGE('',*,*,#3871,.T.);
#1936=ORIENTED_EDGE('',*,*,#3842,.T.);
#1937=ORIENTED_EDGE('',*,*,#3508,.T.);
#1938=ORIENTED_EDGE('',*,*,#3872,.T.);
#1939=ORIENTED_EDGE('',*,*,#3531,.T.);
#1940=ORIENTED_EDGE('',*,*,#3873,.T.);
#1941=ORIENTED_EDGE('',*,*,#3524,.T.);
#1942=ORIENTED_EDGE('',*,*,#3868,.F.);
#1943=ORIENTED_EDGE('',*,*,#3874,.T.);
#1944=ORIENTED_EDGE('',*,*,#3875,.T.);
#1945=ORIENTED_EDGE('',*,*,#3876,.T.);
#1946=ORIENTED_EDGE('',*,*,#3877,.T.);
#1947=ORIENTED_EDGE('',*,*,#3878,.T.);
#1948=ORIENTED_EDGE('',*,*,#3836,.T.);
#1949=ORIENTED_EDGE('',*,*,#3879,.T.);
#1950=ORIENTED_EDGE('',*,*,#3818,.F.);
#1951=ORIENTED_EDGE('',*,*,#3880,.T.);
#1952=ORIENTED_EDGE('',*,*,#3506,.F.);
#1953=ORIENTED_EDGE('',*,*,#3813,.F.);
#1954=ORIENTED_EDGE('',*,*,#3498,.T.);
#1955=ORIENTED_EDGE('',*,*,#3526,.F.);
#1956=ORIENTED_EDGE('',*,*,#3881,.F.);
#1957=ORIENTED_EDGE('',*,*,#3533,.F.);
#1958=ORIENTED_EDGE('',*,*,#3882,.F.);
#1959=ORIENTED_EDGE('',*,*,#3883,.F.);
#1960=ORIENTED_EDGE('',*,*,#3884,.F.);
#1961=ORIENTED_EDGE('',*,*,#3885,.F.);
#1962=ORIENTED_EDGE('',*,*,#3886,.F.);
#1963=ORIENTED_EDGE('',*,*,#3887,.F.);
#1964=ORIENTED_EDGE('',*,*,#3888,.F.);
#1965=ORIENTED_EDGE('',*,*,#3889,.F.);
#1966=ORIENTED_EDGE('',*,*,#3606,.F.);
#1967=ORIENTED_EDGE('',*,*,#3617,.T.);
#1968=ORIENTED_EDGE('',*,*,#3627,.T.);
#1969=ORIENTED_EDGE('',*,*,#3838,.T.);
#1970=ORIENTED_EDGE('',*,*,#3867,.F.);
#1971=ORIENTED_EDGE('',*,*,#3859,.T.);
#1972=ORIENTED_EDGE('',*,*,#3843,.F.);
#1973=ORIENTED_EDGE('',*,*,#3874,.F.);
#1974=ORIENTED_EDGE('',*,*,#3890,.T.);
#1975=ORIENTED_EDGE('',*,*,#3817,.F.);
#1976=ORIENTED_EDGE('',*,*,#3890,.F.);
#1977=ORIENTED_EDGE('',*,*,#3891,.F.);
#1978=ORIENTED_EDGE('',*,*,#3816,.T.);
#1979=ORIENTED_EDGE('',*,*,#3891,.T.);
#1980=ORIENTED_EDGE('',*,*,#3858,.F.);
#1981=ORIENTED_EDGE('',*,*,#3866,.F.);
#1982=ORIENTED_EDGE('',*,*,#3350,.T.);
#1983=ORIENTED_EDGE('',*,*,#3845,.F.);
#1984=ORIENTED_EDGE('',*,*,#3863,.T.);
#1985=ORIENTED_EDGE('',*,*,#3892,.T.);
#1986=ORIENTED_EDGE('',*,*,#3415,.T.);
#1987=ORIENTED_EDGE('',*,*,#3797,.F.);
#1988=ORIENTED_EDGE('',*,*,#3865,.F.);
#1989=ORIENTED_EDGE('',*,*,#3893,.T.);
#1990=ORIENTED_EDGE('',*,*,#3894,.F.);
#1991=ORIENTED_EDGE('',*,*,#3795,.T.);
#1992=ORIENTED_EDGE('',*,*,#3417,.T.);
#1993=ORIENTED_EDGE('',*,*,#3895,.F.);
#1994=ORIENTED_EDGE('',*,*,#3896,.T.);
#1995=ORIENTED_EDGE('',*,*,#3861,.F.);
#1996=ORIENTED_EDGE('',*,*,#3894,.T.);
#1997=ORIENTED_EDGE('',*,*,#3897,.T.);
#1998=ORIENTED_EDGE('',*,*,#3895,.T.);
#1999=ORIENTED_EDGE('',*,*,#3416,.T.);
#2000=ORIENTED_EDGE('',*,*,#3892,.F.);
#2001=ORIENTED_EDGE('',*,*,#3862,.F.);
#2002=ORIENTED_EDGE('',*,*,#3896,.F.);
#2003=ORIENTED_EDGE('',*,*,#3897,.F.);
#2004=ORIENTED_EDGE('',*,*,#3893,.F.);
#2005=ORIENTED_EDGE('',*,*,#3864,.F.);
#2006=ORIENTED_EDGE('',*,*,#3632,.T.);
#2007=ORIENTED_EDGE('',*,*,#3618,.F.);
#2008=ORIENTED_EDGE('',*,*,#3633,.T.);
#2009=ORIENTED_EDGE('',*,*,#3619,.F.);
#2010=ORIENTED_EDGE('',*,*,#3889,.T.);
#2011=ORIENTED_EDGE('',*,*,#3878,.F.);
#2012=ORIENTED_EDGE('',*,*,#3888,.T.);
#2013=ORIENTED_EDGE('',*,*,#3877,.F.);
#2014=ORIENTED_EDGE('',*,*,#3887,.T.);
#2015=ORIENTED_EDGE('',*,*,#3876,.F.);
#2016=ORIENTED_EDGE('',*,*,#3634,.T.);
#2017=ORIENTED_EDGE('',*,*,#3620,.F.);
#2018=ORIENTED_EDGE('',*,*,#3881,.T.);
#2019=ORIENTED_EDGE('',*,*,#3525,.T.);
#2020=ORIENTED_EDGE('',*,*,#3873,.F.);
#2021=ORIENTED_EDGE('',*,*,#3530,.T.);
#2022=ORIENTED_EDGE('',*,*,#3886,.T.);
#2023=ORIENTED_EDGE('',*,*,#3875,.F.);
#2024=ORIENTED_EDGE('',*,*,#3635,.T.);
#2025=ORIENTED_EDGE('',*,*,#3621,.F.);
#2026=ORIENTED_EDGE('',*,*,#3636,.T.);
#2027=ORIENTED_EDGE('',*,*,#3622,.F.);
#2028=ORIENTED_EDGE('',*,*,#3882,.T.);
#2029=ORIENTED_EDGE('',*,*,#3532,.T.);
#2030=ORIENTED_EDGE('',*,*,#3872,.F.);
#2031=ORIENTED_EDGE('',*,*,#3507,.T.);
#2032=ORIENTED_EDGE('',*,*,#3885,.T.);
#2033=ORIENTED_EDGE('',*,*,#3871,.F.);
#2034=ORIENTED_EDGE('',*,*,#3884,.T.);
#2035=ORIENTED_EDGE('',*,*,#3870,.F.);
#2036=ORIENTED_EDGE('',*,*,#3883,.T.);
#2037=ORIENTED_EDGE('',*,*,#3869,.F.);
#2038=ORIENTED_EDGE('',*,*,#3637,.T.);
#2039=ORIENTED_EDGE('',*,*,#3623,.F.);
#2040=ORIENTED_EDGE('',*,*,#3638,.T.);
#2041=ORIENTED_EDGE('',*,*,#3624,.F.);
#2042=ORIENTED_EDGE('',*,*,#3809,.T.);
#2043=ORIENTED_EDGE('',*,*,#3898,.T.);
#2044=ORIENTED_EDGE('',*,*,#3491,.F.);
#2045=ORIENTED_EDGE('',*,*,#3899,.F.);
#2046=ORIENTED_EDGE('',*,*,#3900,.F.);
#2047=ORIENTED_EDGE('',*,*,#3901,.T.);
#2048=ORIENTED_EDGE('',*,*,#3487,.F.);
#2049=ORIENTED_EDGE('',*,*,#3644,.F.);
#2050=ORIENTED_EDGE('',*,*,#3645,.T.);
#2051=ORIENTED_EDGE('',*,*,#3628,.T.);
#2052=ORIENTED_EDGE('',*,*,#3615,.F.);
#2053=ORIENTED_EDGE('',*,*,#3604,.F.);
#2054=ORIENTED_EDGE('',*,*,#3537,.T.);
#2055=ORIENTED_EDGE('',*,*,#3332,.T.);
#2056=ORIENTED_EDGE('',*,*,#3543,.T.);
#2057=ORIENTED_EDGE('',*,*,#3540,.T.);
#2058=ORIENTED_EDGE('',*,*,#3546,.F.);
#2059=ORIENTED_EDGE('',*,*,#3534,.T.);
#2060=ORIENTED_EDGE('',*,*,#3603,.F.);
#2061=ORIENTED_EDGE('',*,*,#3551,.T.);
#2062=ORIENTED_EDGE('',*,*,#3340,.T.);
#2063=ORIENTED_EDGE('',*,*,#3548,.T.);
#2064=ORIENTED_EDGE('',*,*,#3597,.F.);
#2065=ORIENTED_EDGE('',*,*,#3557,.T.);
#2066=ORIENTED_EDGE('',*,*,#3345,.T.);
#2067=ORIENTED_EDGE('',*,*,#3556,.T.);
#2068=ORIENTED_EDGE('',*,*,#3596,.F.);
#2069=ORIENTED_EDGE('',*,*,#3839,.T.);
#2070=ORIENTED_EDGE('',*,*,#3625,.T.);
#2071=ORIENTED_EDGE('',*,*,#3648,.T.);
#2072=ORIENTED_EDGE('',*,*,#3640,.F.);
#2073=ORIENTED_EDGE('',*,*,#3630,.T.);
#2074=ORIENTED_EDGE('',*,*,#3646,.T.);
#2075=ORIENTED_EDGE('',*,*,#3642,.F.);
#2076=ORIENTED_EDGE('',*,*,#3647,.T.);
#2077=ORIENTED_EDGE('',*,*,#3527,.T.);
#2078=ORIENTED_EDGE('',*,*,#3496,.T.);
#2079=ORIENTED_EDGE('',*,*,#3902,.F.);
#2080=ORIENTED_EDGE('',*,*,#3494,.F.);
#2081=ORIENTED_EDGE('',*,*,#3529,.F.);
#2082=ORIENTED_EDGE('',*,*,#3903,.T.);
#2083=ORIENTED_EDGE('',*,*,#3495,.F.);
#2084=ORIENTED_EDGE('',*,*,#3903,.F.);
#2085=ORIENTED_EDGE('',*,*,#3528,.F.);
#2086=ORIENTED_EDGE('',*,*,#3902,.T.);
#2087=ORIENTED_EDGE('',*,*,#3490,.F.);
#2088=ORIENTED_EDGE('',*,*,#3904,.F.);
#2089=ORIENTED_EDGE('',*,*,#3899,.T.);
#2090=ORIENTED_EDGE('',*,*,#3905,.T.);
#2091=ORIENTED_EDGE('',*,*,#3488,.T.);
#2092=ORIENTED_EDGE('',*,*,#3901,.F.);
#2093=ORIENTED_EDGE('',*,*,#3489,.F.);
#2094=ORIENTED_EDGE('',*,*,#3905,.F.);
#2095=ORIENTED_EDGE('',*,*,#3900,.T.);
#2096=ORIENTED_EDGE('',*,*,#3904,.T.);
#2097=ORIENTED_EDGE('',*,*,#3316,.T.);
#2098=ORIENTED_EDGE('',*,*,#3906,.F.);
#2099=ORIENTED_EDGE('',*,*,#3907,.F.);
#2100=ORIENTED_EDGE('',*,*,#3321,.T.);
#2101=ORIENTED_EDGE('',*,*,#3908,.F.);
#2102=ORIENTED_EDGE('',*,*,#3909,.F.);
#2103=ORIENTED_EDGE('',*,*,#3910,.F.);
#2104=ORIENTED_EDGE('',*,*,#3318,.T.);
#2105=ORIENTED_EDGE('',*,*,#3911,.F.);
#2106=ORIENTED_EDGE('',*,*,#3912,.F.);
#2107=ORIENTED_EDGE('',*,*,#3319,.T.);
#2108=ORIENTED_EDGE('',*,*,#3912,.T.);
#2109=ORIENTED_EDGE('',*,*,#3913,.F.);
#2110=ORIENTED_EDGE('',*,*,#3914,.T.);
#2111=ORIENTED_EDGE('',*,*,#3909,.T.);
#2112=ORIENTED_EDGE('',*,*,#3915,.F.);
#2113=ORIENTED_EDGE('',*,*,#3907,.T.);
#2114=ORIENTED_EDGE('',*,*,#3916,.T.);
#2115=ORIENTED_EDGE('',*,*,#3913,.T.);
#2116=ORIENTED_EDGE('',*,*,#3911,.T.);
#2117=ORIENTED_EDGE('',*,*,#3317,.F.);
#2118=ORIENTED_EDGE('',*,*,#3312,.T.);
#2119=ORIENTED_EDGE('',*,*,#3917,.F.);
#2120=ORIENTED_EDGE('',*,*,#3918,.T.);
#2121=ORIENTED_EDGE('',*,*,#3919,.F.);
#2122=ORIENTED_EDGE('',*,*,#3314,.T.);
#2123=ORIENTED_EDGE('',*,*,#3920,.F.);
#2124=ORIENTED_EDGE('',*,*,#3921,.F.);
#2125=ORIENTED_EDGE('',*,*,#3922,.F.);
#2126=ORIENTED_EDGE('',*,*,#3923,.F.);
#2127=ORIENTED_EDGE('',*,*,#3924,.F.);
#2128=ORIENTED_EDGE('',*,*,#3925,.F.);
#2129=ORIENTED_EDGE('',*,*,#3279,.F.);
#2130=ORIENTED_EDGE('',*,*,#3308,.T.);
#2131=ORIENTED_EDGE('',*,*,#3926,.T.);
#2132=ORIENTED_EDGE('',*,*,#3310,.T.);
#2133=ORIENTED_EDGE('',*,*,#3927,.F.);
#2134=ORIENTED_EDGE('',*,*,#3928,.T.);
#2135=ORIENTED_EDGE('',*,*,#3929,.F.);
#2136=ORIENTED_EDGE('',*,*,#3930,.F.);
#2137=ORIENTED_EDGE('',*,*,#3931,.T.);
#2138=ORIENTED_EDGE('',*,*,#3932,.F.);
#2139=ORIENTED_EDGE('',*,*,#3933,.F.);
#2140=ORIENTED_EDGE('',*,*,#3934,.T.);
#2141=ORIENTED_EDGE('',*,*,#3935,.F.);
#2142=ORIENTED_EDGE('',*,*,#3936,.F.);
#2143=ORIENTED_EDGE('',*,*,#3937,.T.);
#2144=ORIENTED_EDGE('',*,*,#3938,.F.);
#2145=ORIENTED_EDGE('',*,*,#3939,.F.);
#2146=ORIENTED_EDGE('',*,*,#3940,.T.);
#2147=ORIENTED_EDGE('',*,*,#3941,.F.);
#2148=ORIENTED_EDGE('',*,*,#3942,.F.);
#2149=ORIENTED_EDGE('',*,*,#3943,.T.);
#2150=ORIENTED_EDGE('',*,*,#3944,.F.);
#2151=ORIENTED_EDGE('',*,*,#3945,.F.);
#2152=ORIENTED_EDGE('',*,*,#3946,.T.);
#2153=ORIENTED_EDGE('',*,*,#3947,.F.);
#2154=ORIENTED_EDGE('',*,*,#3948,.F.);
#2155=ORIENTED_EDGE('',*,*,#3949,.T.);
#2156=ORIENTED_EDGE('',*,*,#3950,.F.);
#2157=ORIENTED_EDGE('',*,*,#3951,.F.);
#2158=ORIENTED_EDGE('',*,*,#3952,.T.);
#2159=ORIENTED_EDGE('',*,*,#3953,.F.);
#2160=ORIENTED_EDGE('',*,*,#3954,.F.);
#2161=ORIENTED_EDGE('',*,*,#3955,.T.);
#2162=ORIENTED_EDGE('',*,*,#3956,.F.);
#2163=ORIENTED_EDGE('',*,*,#3957,.F.);
#2164=ORIENTED_EDGE('',*,*,#3958,.T.);
#2165=ORIENTED_EDGE('',*,*,#3959,.F.);
#2166=ORIENTED_EDGE('',*,*,#3960,.F.);
#2167=ORIENTED_EDGE('',*,*,#3961,.T.);
#2168=ORIENTED_EDGE('',*,*,#3962,.F.);
#2169=ORIENTED_EDGE('',*,*,#3963,.F.);
#2170=ORIENTED_EDGE('',*,*,#3829,.T.);
#2171=ORIENTED_EDGE('',*,*,#3964,.F.);
#2172=ORIENTED_EDGE('',*,*,#3965,.T.);
#2173=ORIENTED_EDGE('',*,*,#3966,.F.);
#2174=ORIENTED_EDGE('',*,*,#3967,.T.);
#2175=ORIENTED_EDGE('',*,*,#3968,.F.);
#2176=ORIENTED_EDGE('',*,*,#3969,.T.);
#2177=ORIENTED_EDGE('',*,*,#3970,.F.);
#2178=ORIENTED_EDGE('',*,*,#3832,.T.);
#2179=ORIENTED_EDGE('',*,*,#3971,.F.);
#2180=ORIENTED_EDGE('',*,*,#3972,.T.);
#2181=ORIENTED_EDGE('',*,*,#3322,.F.);
#2182=ORIENTED_EDGE('',*,*,#3910,.T.);
#2183=ORIENTED_EDGE('',*,*,#3914,.F.);
#2184=ORIENTED_EDGE('',*,*,#3916,.F.);
#2185=ORIENTED_EDGE('',*,*,#3906,.T.);
#2186=ORIENTED_EDGE('',*,*,#3315,.F.);
#2187=ORIENTED_EDGE('',*,*,#3922,.T.);
#2188=ORIENTED_EDGE('',*,*,#3973,.F.);
#2189=ORIENTED_EDGE('',*,*,#3974,.F.);
#2190=ORIENTED_EDGE('',*,*,#3975,.T.);
#2191=ORIENTED_EDGE('',*,*,#3976,.F.);
#2192=ORIENTED_EDGE('',*,*,#3977,.F.);
#2193=ORIENTED_EDGE('',*,*,#3917,.T.);
#2194=ORIENTED_EDGE('',*,*,#3311,.F.);
#2195=ORIENTED_EDGE('',*,*,#3926,.F.);
#2196=ORIENTED_EDGE('',*,*,#3307,.F.);
#2197=ORIENTED_EDGE('',*,*,#3972,.F.);
#2198=ORIENTED_EDGE('',*,*,#3978,.T.);
#2199=ORIENTED_EDGE('',*,*,#3979,.F.);
#2200=ORIENTED_EDGE('',*,*,#3323,.F.);
#2201=ORIENTED_EDGE('',*,*,#3980,.F.);
#2202=ORIENTED_EDGE('',*,*,#3981,.F.);
#2203=ORIENTED_EDGE('',*,*,#3982,.F.);
#2204=ORIENTED_EDGE('',*,*,#3983,.F.);
#2205=ORIENTED_EDGE('',*,*,#3984,.F.);
#2206=ORIENTED_EDGE('',*,*,#3985,.F.);
#2207=ORIENTED_EDGE('',*,*,#3986,.F.);
#2208=ORIENTED_EDGE('',*,*,#3305,.T.);
#2209=ORIENTED_EDGE('',*,*,#3987,.F.);
#2210=ORIENTED_EDGE('',*,*,#3295,.T.);
#2211=ORIENTED_EDGE('',*,*,#3988,.F.);
#2212=ORIENTED_EDGE('',*,*,#3324,.T.);
#2213=ORIENTED_EDGE('',*,*,#3979,.T.);
#2214=ORIENTED_EDGE('',*,*,#3989,.T.);
#2215=ORIENTED_EDGE('',*,*,#3830,.F.);
#2216=ORIENTED_EDGE('',*,*,#3990,.T.);
#2217=ORIENTED_EDGE('',*,*,#3991,.T.);
#2218=ORIENTED_EDGE('',*,*,#3992,.T.);
#2219=ORIENTED_EDGE('',*,*,#3993,.T.);
#2220=ORIENTED_EDGE('',*,*,#3994,.T.);
#2221=ORIENTED_EDGE('',*,*,#3995,.T.);
#2222=ORIENTED_EDGE('',*,*,#3996,.T.);
#2223=ORIENTED_EDGE('',*,*,#3810,.T.);
#2224=ORIENTED_EDGE('',*,*,#3484,.F.);
#2225=ORIENTED_EDGE('',*,*,#3326,.F.);
#2226=ORIENTED_EDGE('',*,*,#3997,.T.);
#2227=ORIENTED_EDGE('',*,*,#3297,.F.);
#2228=ORIENTED_EDGE('',*,*,#3998,.T.);
#2229=ORIENTED_EDGE('',*,*,#3303,.F.);
#2230=ORIENTED_EDGE('',*,*,#3325,.T.);
#2231=ORIENTED_EDGE('',*,*,#3988,.T.);
#2232=ORIENTED_EDGE('',*,*,#3298,.T.);
#2233=ORIENTED_EDGE('',*,*,#3997,.F.);
#2234=ORIENTED_EDGE('',*,*,#3296,.T.);
#2235=ORIENTED_EDGE('',*,*,#3987,.T.);
#2236=ORIENTED_EDGE('',*,*,#3304,.T.);
#2237=ORIENTED_EDGE('',*,*,#3998,.F.);
#2238=ORIENTED_EDGE('',*,*,#3961,.F.);
#2239=ORIENTED_EDGE('',*,*,#3999,.F.);
#2240=ORIENTED_EDGE('',*,*,#4000,.T.);
#2241=ORIENTED_EDGE('',*,*,#4001,.F.);
#2242=ORIENTED_EDGE('',*,*,#4002,.F.);
#2243=ORIENTED_EDGE('',*,*,#3958,.F.);
#2244=ORIENTED_EDGE('',*,*,#4003,.F.);
#2245=ORIENTED_EDGE('',*,*,#4004,.F.);
#2246=ORIENTED_EDGE('',*,*,#4005,.F.);
#2247=ORIENTED_EDGE('',*,*,#4006,.F.);
#2248=ORIENTED_EDGE('',*,*,#4007,.F.);
#2249=ORIENTED_EDGE('',*,*,#4003,.T.);
#2250=ORIENTED_EDGE('',*,*,#4008,.F.);
#2251=ORIENTED_EDGE('',*,*,#3959,.T.);
#2252=ORIENTED_EDGE('',*,*,#4002,.T.);
#2253=ORIENTED_EDGE('',*,*,#4000,.F.);
#2254=ORIENTED_EDGE('',*,*,#3963,.T.);
#2255=ORIENTED_EDGE('',*,*,#4009,.F.);
#2256=ORIENTED_EDGE('',*,*,#4005,.T.);
#2257=ORIENTED_EDGE('',*,*,#4010,.F.);
#2258=ORIENTED_EDGE('',*,*,#3999,.T.);
#2259=ORIENTED_EDGE('',*,*,#3960,.T.);
#2260=ORIENTED_EDGE('',*,*,#4008,.T.);
#2261=ORIENTED_EDGE('',*,*,#4006,.T.);
#2262=ORIENTED_EDGE('',*,*,#4009,.T.);
#2263=ORIENTED_EDGE('',*,*,#3962,.T.);
#2264=ORIENTED_EDGE('',*,*,#3955,.F.);
#2265=ORIENTED_EDGE('',*,*,#4011,.F.);
#2266=ORIENTED_EDGE('',*,*,#4012,.T.);
#2267=ORIENTED_EDGE('',*,*,#4013,.F.);
#2268=ORIENTED_EDGE('',*,*,#4014,.F.);
#2269=ORIENTED_EDGE('',*,*,#3952,.F.);
#2270=ORIENTED_EDGE('',*,*,#4015,.F.);
#2271=ORIENTED_EDGE('',*,*,#4016,.F.);
#2272=ORIENTED_EDGE('',*,*,#4017,.F.);
#2273=ORIENTED_EDGE('',*,*,#4018,.F.);
#2274=ORIENTED_EDGE('',*,*,#4019,.F.);
#2275=ORIENTED_EDGE('',*,*,#4015,.T.);
#2276=ORIENTED_EDGE('',*,*,#4020,.F.);
#2277=ORIENTED_EDGE('',*,*,#3953,.T.);
#2278=ORIENTED_EDGE('',*,*,#4014,.T.);
#2279=ORIENTED_EDGE('',*,*,#4012,.F.);
#2280=ORIENTED_EDGE('',*,*,#3957,.T.);
#2281=ORIENTED_EDGE('',*,*,#4021,.F.);
#2282=ORIENTED_EDGE('',*,*,#4017,.T.);
#2283=ORIENTED_EDGE('',*,*,#4022,.F.);
#2284=ORIENTED_EDGE('',*,*,#4011,.T.);
#2285=ORIENTED_EDGE('',*,*,#3954,.T.);
#2286=ORIENTED_EDGE('',*,*,#4020,.T.);
#2287=ORIENTED_EDGE('',*,*,#4018,.T.);
#2288=ORIENTED_EDGE('',*,*,#4021,.T.);
#2289=ORIENTED_EDGE('',*,*,#3956,.T.);
#2290=ORIENTED_EDGE('',*,*,#3949,.F.);
#2291=ORIENTED_EDGE('',*,*,#4023,.F.);
#2292=ORIENTED_EDGE('',*,*,#4024,.T.);
#2293=ORIENTED_EDGE('',*,*,#4025,.F.);
#2294=ORIENTED_EDGE('',*,*,#4026,.F.);
#2295=ORIENTED_EDGE('',*,*,#3946,.F.);
#2296=ORIENTED_EDGE('',*,*,#4027,.F.);
#2297=ORIENTED_EDGE('',*,*,#4028,.F.);
#2298=ORIENTED_EDGE('',*,*,#4029,.F.);
#2299=ORIENTED_EDGE('',*,*,#4030,.F.);
#2300=ORIENTED_EDGE('',*,*,#4031,.F.);
#2301=ORIENTED_EDGE('',*,*,#4027,.T.);
#2302=ORIENTED_EDGE('',*,*,#4032,.F.);
#2303=ORIENTED_EDGE('',*,*,#3947,.T.);
#2304=ORIENTED_EDGE('',*,*,#4026,.T.);
#2305=ORIENTED_EDGE('',*,*,#4024,.F.);
#2306=ORIENTED_EDGE('',*,*,#3951,.T.);
#2307=ORIENTED_EDGE('',*,*,#4033,.F.);
#2308=ORIENTED_EDGE('',*,*,#4029,.T.);
#2309=ORIENTED_EDGE('',*,*,#4034,.F.);
#2310=ORIENTED_EDGE('',*,*,#4023,.T.);
#2311=ORIENTED_EDGE('',*,*,#3948,.T.);
#2312=ORIENTED_EDGE('',*,*,#4032,.T.);
#2313=ORIENTED_EDGE('',*,*,#4030,.T.);
#2314=ORIENTED_EDGE('',*,*,#4033,.T.);
#2315=ORIENTED_EDGE('',*,*,#3950,.T.);
#2316=ORIENTED_EDGE('',*,*,#4035,.F.);
#2317=ORIENTED_EDGE('',*,*,#4036,.F.);
#2318=ORIENTED_EDGE('',*,*,#3275,.F.);
#2319=ORIENTED_EDGE('',*,*,#4037,.F.);
#2320=ORIENTED_EDGE('',*,*,#4038,.T.);
#2321=ORIENTED_EDGE('',*,*,#4039,.F.);
#2322=ORIENTED_EDGE('',*,*,#3270,.F.);
#2323=ORIENTED_EDGE('',*,*,#4040,.F.);
#2324=ORIENTED_EDGE('',*,*,#4041,.F.);
#2325=ORIENTED_EDGE('',*,*,#3273,.F.);
#2326=ORIENTED_EDGE('',*,*,#4042,.F.);
#2327=ORIENTED_EDGE('',*,*,#4038,.F.);
#2328=ORIENTED_EDGE('',*,*,#4043,.T.);
#2329=ORIENTED_EDGE('',*,*,#4044,.F.);
#2330=ORIENTED_EDGE('',*,*,#4040,.T.);
#2331=ORIENTED_EDGE('',*,*,#3272,.F.);
#2332=ORIENTED_EDGE('',*,*,#3274,.T.);
#2333=ORIENTED_EDGE('',*,*,#4041,.T.);
#2334=ORIENTED_EDGE('',*,*,#4044,.T.);
#2335=ORIENTED_EDGE('',*,*,#4045,.T.);
#2336=ORIENTED_EDGE('',*,*,#4035,.T.);
#2337=ORIENTED_EDGE('',*,*,#4046,.F.);
#2338=ORIENTED_EDGE('',*,*,#4047,.F.);
#2339=ORIENTED_EDGE('',*,*,#4048,.T.);
#2340=ORIENTED_EDGE('',*,*,#4049,.F.);
#2341=ORIENTED_EDGE('',*,*,#4050,.F.);
#2342=ORIENTED_EDGE('',*,*,#4051,.F.);
#2343=ORIENTED_EDGE('',*,*,#4052,.F.);
#2344=ORIENTED_EDGE('',*,*,#4053,.F.);
#2345=ORIENTED_EDGE('',*,*,#4054,.F.);
#2346=ORIENTED_EDGE('',*,*,#4055,.F.);
#2347=ORIENTED_EDGE('',*,*,#4056,.F.);
#2348=ORIENTED_EDGE('',*,*,#4052,.T.);
#2349=ORIENTED_EDGE('',*,*,#4057,.F.);
#2350=ORIENTED_EDGE('',*,*,#4058,.T.);
#2351=ORIENTED_EDGE('',*,*,#4050,.T.);
#2352=ORIENTED_EDGE('',*,*,#4048,.F.);
#2353=ORIENTED_EDGE('',*,*,#4059,.T.);
#2354=ORIENTED_EDGE('',*,*,#4060,.F.);
#2355=ORIENTED_EDGE('',*,*,#4054,.T.);
#2356=ORIENTED_EDGE('',*,*,#4061,.F.);
#2357=ORIENTED_EDGE('',*,*,#4047,.T.);
#2358=ORIENTED_EDGE('',*,*,#4062,.T.);
#2359=ORIENTED_EDGE('',*,*,#4057,.T.);
#2360=ORIENTED_EDGE('',*,*,#4055,.T.);
#2361=ORIENTED_EDGE('',*,*,#4060,.T.);
#2362=ORIENTED_EDGE('',*,*,#4063,.T.);
#2363=ORIENTED_EDGE('',*,*,#4064,.F.);
#2364=ORIENTED_EDGE('',*,*,#4065,.F.);
#2365=ORIENTED_EDGE('',*,*,#4066,.T.);
#2366=ORIENTED_EDGE('',*,*,#4067,.F.);
#2367=ORIENTED_EDGE('',*,*,#4068,.F.);
#2368=ORIENTED_EDGE('',*,*,#4069,.F.);
#2369=ORIENTED_EDGE('',*,*,#4070,.F.);
#2370=ORIENTED_EDGE('',*,*,#4071,.F.);
#2371=ORIENTED_EDGE('',*,*,#4072,.F.);
#2372=ORIENTED_EDGE('',*,*,#4073,.F.);
#2373=ORIENTED_EDGE('',*,*,#4074,.F.);
#2374=ORIENTED_EDGE('',*,*,#4070,.T.);
#2375=ORIENTED_EDGE('',*,*,#4075,.F.);
#2376=ORIENTED_EDGE('',*,*,#4076,.T.);
#2377=ORIENTED_EDGE('',*,*,#4068,.T.);
#2378=ORIENTED_EDGE('',*,*,#4066,.F.);
#2379=ORIENTED_EDGE('',*,*,#4077,.T.);
#2380=ORIENTED_EDGE('',*,*,#4078,.F.);
#2381=ORIENTED_EDGE('',*,*,#4072,.T.);
#2382=ORIENTED_EDGE('',*,*,#4079,.F.);
#2383=ORIENTED_EDGE('',*,*,#4065,.T.);
#2384=ORIENTED_EDGE('',*,*,#4080,.T.);
#2385=ORIENTED_EDGE('',*,*,#4075,.T.);
#2386=ORIENTED_EDGE('',*,*,#4073,.T.);
#2387=ORIENTED_EDGE('',*,*,#4078,.T.);
#2388=ORIENTED_EDGE('',*,*,#4081,.T.);
#2389=ORIENTED_EDGE('',*,*,#4082,.F.);
#2390=ORIENTED_EDGE('',*,*,#4083,.F.);
#2391=ORIENTED_EDGE('',*,*,#4084,.T.);
#2392=ORIENTED_EDGE('',*,*,#4085,.F.);
#2393=ORIENTED_EDGE('',*,*,#4086,.F.);
#2394=ORIENTED_EDGE('',*,*,#4087,.F.);
#2395=ORIENTED_EDGE('',*,*,#4088,.F.);
#2396=ORIENTED_EDGE('',*,*,#4089,.F.);
#2397=ORIENTED_EDGE('',*,*,#4090,.F.);
#2398=ORIENTED_EDGE('',*,*,#4091,.F.);
#2399=ORIENTED_EDGE('',*,*,#4092,.F.);
#2400=ORIENTED_EDGE('',*,*,#4088,.T.);
#2401=ORIENTED_EDGE('',*,*,#4093,.F.);
#2402=ORIENTED_EDGE('',*,*,#4094,.T.);
#2403=ORIENTED_EDGE('',*,*,#4086,.T.);
#2404=ORIENTED_EDGE('',*,*,#4084,.F.);
#2405=ORIENTED_EDGE('',*,*,#4095,.T.);
#2406=ORIENTED_EDGE('',*,*,#4096,.F.);
#2407=ORIENTED_EDGE('',*,*,#4090,.T.);
#2408=ORIENTED_EDGE('',*,*,#4097,.F.);
#2409=ORIENTED_EDGE('',*,*,#4083,.T.);
#2410=ORIENTED_EDGE('',*,*,#4098,.T.);
#2411=ORIENTED_EDGE('',*,*,#4093,.T.);
#2412=ORIENTED_EDGE('',*,*,#4091,.T.);
#2413=ORIENTED_EDGE('',*,*,#4096,.T.);
#2414=ORIENTED_EDGE('',*,*,#4099,.T.);
#2415=ORIENTED_EDGE('',*,*,#3943,.F.);
#2416=ORIENTED_EDGE('',*,*,#4100,.F.);
#2417=ORIENTED_EDGE('',*,*,#4101,.T.);
#2418=ORIENTED_EDGE('',*,*,#4102,.F.);
#2419=ORIENTED_EDGE('',*,*,#4103,.F.);
#2420=ORIENTED_EDGE('',*,*,#3940,.F.);
#2421=ORIENTED_EDGE('',*,*,#4104,.F.);
#2422=ORIENTED_EDGE('',*,*,#4105,.F.);
#2423=ORIENTED_EDGE('',*,*,#4106,.F.);
#2424=ORIENTED_EDGE('',*,*,#4107,.F.);
#2425=ORIENTED_EDGE('',*,*,#4108,.F.);
#2426=ORIENTED_EDGE('',*,*,#4104,.T.);
#2427=ORIENTED_EDGE('',*,*,#4109,.F.);
#2428=ORIENTED_EDGE('',*,*,#3941,.T.);
#2429=ORIENTED_EDGE('',*,*,#4103,.T.);
#2430=ORIENTED_EDGE('',*,*,#4101,.F.);
#2431=ORIENTED_EDGE('',*,*,#3945,.T.);
#2432=ORIENTED_EDGE('',*,*,#4110,.F.);
#2433=ORIENTED_EDGE('',*,*,#4106,.T.);
#2434=ORIENTED_EDGE('',*,*,#4111,.F.);
#2435=ORIENTED_EDGE('',*,*,#4100,.T.);
#2436=ORIENTED_EDGE('',*,*,#3942,.T.);
#2437=ORIENTED_EDGE('',*,*,#4109,.T.);
#2438=ORIENTED_EDGE('',*,*,#4107,.T.);
#2439=ORIENTED_EDGE('',*,*,#4110,.T.);
#2440=ORIENTED_EDGE('',*,*,#3944,.T.);
#2441=ORIENTED_EDGE('',*,*,#3937,.F.);
#2442=ORIENTED_EDGE('',*,*,#4112,.F.);
#2443=ORIENTED_EDGE('',*,*,#4113,.T.);
#2444=ORIENTED_EDGE('',*,*,#4114,.F.);
#2445=ORIENTED_EDGE('',*,*,#4115,.F.);
#2446=ORIENTED_EDGE('',*,*,#3934,.F.);
#2447=ORIENTED_EDGE('',*,*,#4116,.F.);
#2448=ORIENTED_EDGE('',*,*,#4117,.F.);
#2449=ORIENTED_EDGE('',*,*,#4118,.F.);
#2450=ORIENTED_EDGE('',*,*,#4119,.F.);
#2451=ORIENTED_EDGE('',*,*,#4120,.F.);
#2452=ORIENTED_EDGE('',*,*,#4116,.T.);
#2453=ORIENTED_EDGE('',*,*,#4121,.F.);
#2454=ORIENTED_EDGE('',*,*,#3935,.T.);
#2455=ORIENTED_EDGE('',*,*,#4115,.T.);
#2456=ORIENTED_EDGE('',*,*,#4113,.F.);
#2457=ORIENTED_EDGE('',*,*,#3939,.T.);
#2458=ORIENTED_EDGE('',*,*,#4122,.F.);
#2459=ORIENTED_EDGE('',*,*,#4118,.T.);
#2460=ORIENTED_EDGE('',*,*,#4123,.F.);
#2461=ORIENTED_EDGE('',*,*,#4112,.T.);
#2462=ORIENTED_EDGE('',*,*,#3936,.T.);
#2463=ORIENTED_EDGE('',*,*,#4121,.T.);
#2464=ORIENTED_EDGE('',*,*,#4119,.T.);
#2465=ORIENTED_EDGE('',*,*,#4122,.T.);
#2466=ORIENTED_EDGE('',*,*,#3938,.T.);
#2467=ORIENTED_EDGE('',*,*,#3931,.F.);
#2468=ORIENTED_EDGE('',*,*,#4124,.F.);
#2469=ORIENTED_EDGE('',*,*,#4125,.T.);
#2470=ORIENTED_EDGE('',*,*,#4126,.F.);
#2471=ORIENTED_EDGE('',*,*,#4127,.F.);
#2472=ORIENTED_EDGE('',*,*,#3928,.F.);
#2473=ORIENTED_EDGE('',*,*,#4128,.F.);
#2474=ORIENTED_EDGE('',*,*,#4129,.F.);
#2475=ORIENTED_EDGE('',*,*,#4130,.F.);
#2476=ORIENTED_EDGE('',*,*,#4131,.F.);
#2477=ORIENTED_EDGE('',*,*,#4132,.F.);
#2478=ORIENTED_EDGE('',*,*,#4128,.T.);
#2479=ORIENTED_EDGE('',*,*,#4133,.F.);
#2480=ORIENTED_EDGE('',*,*,#3929,.T.);
#2481=ORIENTED_EDGE('',*,*,#4127,.T.);
#2482=ORIENTED_EDGE('',*,*,#4125,.F.);
#2483=ORIENTED_EDGE('',*,*,#3933,.T.);
#2484=ORIENTED_EDGE('',*,*,#4134,.F.);
#2485=ORIENTED_EDGE('',*,*,#4130,.T.);
#2486=ORIENTED_EDGE('',*,*,#4135,.F.);
#2487=ORIENTED_EDGE('',*,*,#4124,.T.);
#2488=ORIENTED_EDGE('',*,*,#3930,.T.);
#2489=ORIENTED_EDGE('',*,*,#4133,.T.);
#2490=ORIENTED_EDGE('',*,*,#4131,.T.);
#2491=ORIENTED_EDGE('',*,*,#4134,.T.);
#2492=ORIENTED_EDGE('',*,*,#3932,.T.);
#2493=ORIENTED_EDGE('',*,*,#3975,.F.);
#2494=ORIENTED_EDGE('',*,*,#4136,.F.);
#2495=ORIENTED_EDGE('',*,*,#4137,.F.);
#2496=ORIENTED_EDGE('',*,*,#4138,.F.);
#2497=ORIENTED_EDGE('',*,*,#4139,.F.);
#2498=ORIENTED_EDGE('',*,*,#4140,.F.);
#2499=ORIENTED_EDGE('',*,*,#4141,.F.);
#2500=ORIENTED_EDGE('',*,*,#4137,.T.);
#2501=ORIENTED_EDGE('',*,*,#4142,.F.);
#2502=ORIENTED_EDGE('',*,*,#3973,.T.);
#2503=ORIENTED_EDGE('',*,*,#3921,.T.);
#2504=ORIENTED_EDGE('',*,*,#3918,.F.);
#2505=ORIENTED_EDGE('',*,*,#3977,.T.);
#2506=ORIENTED_EDGE('',*,*,#4143,.F.);
#2507=ORIENTED_EDGE('',*,*,#4139,.T.);
#2508=ORIENTED_EDGE('',*,*,#4144,.F.);
#2509=ORIENTED_EDGE('',*,*,#4136,.T.);
#2510=ORIENTED_EDGE('',*,*,#3974,.T.);
#2511=ORIENTED_EDGE('',*,*,#4142,.T.);
#2512=ORIENTED_EDGE('',*,*,#4140,.T.);
#2513=ORIENTED_EDGE('',*,*,#4143,.T.);
#2514=ORIENTED_EDGE('',*,*,#3976,.T.);
#2515=ORIENTED_EDGE('',*,*,#4145,.F.);
#2516=ORIENTED_EDGE('',*,*,#4146,.F.);
#2517=ORIENTED_EDGE('',*,*,#4147,.F.);
#2518=ORIENTED_EDGE('',*,*,#4148,.T.);
#2519=ORIENTED_EDGE('',*,*,#4149,.F.);
#2520=ORIENTED_EDGE('',*,*,#3277,.F.);
#2521=ORIENTED_EDGE('',*,*,#4150,.F.);
#2522=ORIENTED_EDGE('',*,*,#4151,.F.);
#2523=ORIENTED_EDGE('',*,*,#4152,.F.);
#2524=ORIENTED_EDGE('',*,*,#4153,.F.);
#2525=ORIENTED_EDGE('',*,*,#4154,.F.);
#2526=ORIENTED_EDGE('',*,*,#4150,.T.);
#2527=ORIENTED_EDGE('',*,*,#4155,.F.);
#2528=ORIENTED_EDGE('',*,*,#4156,.T.);
#2529=ORIENTED_EDGE('',*,*,#3924,.T.);
#2530=ORIENTED_EDGE('',*,*,#4148,.F.);
#2531=ORIENTED_EDGE('',*,*,#4157,.T.);
#2532=ORIENTED_EDGE('',*,*,#4158,.F.);
#2533=ORIENTED_EDGE('',*,*,#4152,.T.);
#2534=ORIENTED_EDGE('',*,*,#4159,.F.);
#2535=ORIENTED_EDGE('',*,*,#4146,.T.);
#2536=ORIENTED_EDGE('',*,*,#4160,.T.);
#2537=ORIENTED_EDGE('',*,*,#4155,.T.);
#2538=ORIENTED_EDGE('',*,*,#4153,.T.);
#2539=ORIENTED_EDGE('',*,*,#4158,.T.);
#2540=ORIENTED_EDGE('',*,*,#4161,.T.);
#2541=ORIENTED_EDGE('',*,*,#4162,.F.);
#2542=ORIENTED_EDGE('',*,*,#4163,.F.);
#2543=ORIENTED_EDGE('',*,*,#4164,.T.);
#2544=ORIENTED_EDGE('',*,*,#4165,.F.);
#2545=ORIENTED_EDGE('',*,*,#4166,.F.);
#2546=ORIENTED_EDGE('',*,*,#4167,.F.);
#2547=ORIENTED_EDGE('',*,*,#4168,.F.);
#2548=ORIENTED_EDGE('',*,*,#4169,.F.);
#2549=ORIENTED_EDGE('',*,*,#4170,.F.);
#2550=ORIENTED_EDGE('',*,*,#4171,.F.);
#2551=ORIENTED_EDGE('',*,*,#4172,.F.);
#2552=ORIENTED_EDGE('',*,*,#4168,.T.);
#2553=ORIENTED_EDGE('',*,*,#4173,.F.);
#2554=ORIENTED_EDGE('',*,*,#4174,.T.);
#2555=ORIENTED_EDGE('',*,*,#4166,.T.);
#2556=ORIENTED_EDGE('',*,*,#4164,.F.);
#2557=ORIENTED_EDGE('',*,*,#4175,.T.);
#2558=ORIENTED_EDGE('',*,*,#4176,.F.);
#2559=ORIENTED_EDGE('',*,*,#4170,.T.);
#2560=ORIENTED_EDGE('',*,*,#4177,.F.);
#2561=ORIENTED_EDGE('',*,*,#4163,.T.);
#2562=ORIENTED_EDGE('',*,*,#4178,.T.);
#2563=ORIENTED_EDGE('',*,*,#4173,.T.);
#2564=ORIENTED_EDGE('',*,*,#4171,.T.);
#2565=ORIENTED_EDGE('',*,*,#4176,.T.);
#2566=ORIENTED_EDGE('',*,*,#4179,.T.);
#2567=ORIENTED_EDGE('',*,*,#4180,.F.);
#2568=ORIENTED_EDGE('',*,*,#4181,.F.);
#2569=ORIENTED_EDGE('',*,*,#4182,.T.);
#2570=ORIENTED_EDGE('',*,*,#4183,.F.);
#2571=ORIENTED_EDGE('',*,*,#4184,.F.);
#2572=ORIENTED_EDGE('',*,*,#4185,.F.);
#2573=ORIENTED_EDGE('',*,*,#4186,.F.);
#2574=ORIENTED_EDGE('',*,*,#4187,.F.);
#2575=ORIENTED_EDGE('',*,*,#4188,.F.);
#2576=ORIENTED_EDGE('',*,*,#4189,.F.);
#2577=ORIENTED_EDGE('',*,*,#4190,.F.);
#2578=ORIENTED_EDGE('',*,*,#4186,.T.);
#2579=ORIENTED_EDGE('',*,*,#4191,.F.);
#2580=ORIENTED_EDGE('',*,*,#4192,.T.);
#2581=ORIENTED_EDGE('',*,*,#4184,.T.);
#2582=ORIENTED_EDGE('',*,*,#4182,.F.);
#2583=ORIENTED_EDGE('',*,*,#4193,.T.);
#2584=ORIENTED_EDGE('',*,*,#4194,.F.);
#2585=ORIENTED_EDGE('',*,*,#4188,.T.);
#2586=ORIENTED_EDGE('',*,*,#4195,.F.);
#2587=ORIENTED_EDGE('',*,*,#4181,.T.);
#2588=ORIENTED_EDGE('',*,*,#4196,.T.);
#2589=ORIENTED_EDGE('',*,*,#4191,.T.);
#2590=ORIENTED_EDGE('',*,*,#4189,.T.);
#2591=ORIENTED_EDGE('',*,*,#4194,.T.);
#2592=ORIENTED_EDGE('',*,*,#4197,.T.);
#2593=ORIENTED_EDGE('',*,*,#4198,.T.);
#2594=ORIENTED_EDGE('',*,*,#4199,.F.);
#2595=ORIENTED_EDGE('',*,*,#4200,.F.);
#2596=ORIENTED_EDGE('',*,*,#4201,.F.);
#2597=ORIENTED_EDGE('',*,*,#3970,.T.);
#2598=ORIENTED_EDGE('',*,*,#4202,.T.);
#2599=ORIENTED_EDGE('',*,*,#4203,.F.);
#2600=ORIENTED_EDGE('',*,*,#3833,.T.);
#2601=ORIENTED_EDGE('',*,*,#3969,.F.);
#2602=ORIENTED_EDGE('',*,*,#4204,.F.);
#2603=ORIENTED_EDGE('',*,*,#4205,.T.);
#2604=ORIENTED_EDGE('',*,*,#4202,.F.);
#2605=ORIENTED_EDGE('',*,*,#3968,.T.);
#2606=ORIENTED_EDGE('',*,*,#4206,.T.);
#2607=ORIENTED_EDGE('',*,*,#4207,.F.);
#2608=ORIENTED_EDGE('',*,*,#4204,.T.);
#2609=ORIENTED_EDGE('',*,*,#3967,.F.);
#2610=ORIENTED_EDGE('',*,*,#4208,.F.);
#2611=ORIENTED_EDGE('',*,*,#4209,.T.);
#2612=ORIENTED_EDGE('',*,*,#4206,.F.);
#2613=ORIENTED_EDGE('',*,*,#3966,.T.);
#2614=ORIENTED_EDGE('',*,*,#4210,.T.);
#2615=ORIENTED_EDGE('',*,*,#4211,.F.);
#2616=ORIENTED_EDGE('',*,*,#4208,.T.);
#2617=ORIENTED_EDGE('',*,*,#3965,.F.);
#2618=ORIENTED_EDGE('',*,*,#4212,.F.);
#2619=ORIENTED_EDGE('',*,*,#4213,.T.);
#2620=ORIENTED_EDGE('',*,*,#4210,.F.);
#2621=ORIENTED_EDGE('',*,*,#3964,.T.);
#2622=ORIENTED_EDGE('',*,*,#3828,.T.);
#2623=ORIENTED_EDGE('',*,*,#4214,.F.);
#2624=ORIENTED_EDGE('',*,*,#4212,.T.);
#2625=ORIENTED_EDGE('',*,*,#4215,.F.);
#2626=ORIENTED_EDGE('',*,*,#3281,.F.);
#2627=ORIENTED_EDGE('',*,*,#4216,.T.);
#2628=ORIENTED_EDGE('',*,*,#3283,.F.);
#2629=ORIENTED_EDGE('',*,*,#4217,.T.);
#2630=ORIENTED_EDGE('',*,*,#4218,.T.);
#2631=ORIENTED_EDGE('',*,*,#4219,.F.);
#2632=ORIENTED_EDGE('',*,*,#3826,.T.);
#2633=ORIENTED_EDGE('',*,*,#4220,.F.);
#2634=ORIENTED_EDGE('',*,*,#4221,.F.);
#2635=ORIENTED_EDGE('',*,*,#4222,.T.);
#2636=ORIENTED_EDGE('',*,*,#4218,.F.);
#2637=ORIENTED_EDGE('',*,*,#4223,.T.);
#2638=ORIENTED_EDGE('',*,*,#4224,.T.);
#2639=ORIENTED_EDGE('',*,*,#4225,.F.);
#2640=ORIENTED_EDGE('',*,*,#4221,.T.);
#2641=ORIENTED_EDGE('',*,*,#4226,.F.);
#2642=ORIENTED_EDGE('',*,*,#4227,.F.);
#2643=ORIENTED_EDGE('',*,*,#4228,.T.);
#2644=ORIENTED_EDGE('',*,*,#4224,.F.);
#2645=ORIENTED_EDGE('',*,*,#4229,.T.);
#2646=ORIENTED_EDGE('',*,*,#4230,.T.);
#2647=ORIENTED_EDGE('',*,*,#4231,.F.);
#2648=ORIENTED_EDGE('',*,*,#4227,.T.);
#2649=ORIENTED_EDGE('',*,*,#3284,.T.);
#2650=ORIENTED_EDGE('',*,*,#4216,.F.);
#2651=ORIENTED_EDGE('',*,*,#3280,.T.);
#2652=ORIENTED_EDGE('',*,*,#3925,.T.);
#2653=ORIENTED_EDGE('',*,*,#4156,.F.);
#2654=ORIENTED_EDGE('',*,*,#4160,.F.);
#2655=ORIENTED_EDGE('',*,*,#4145,.T.);
#2656=ORIENTED_EDGE('',*,*,#4161,.F.);
#2657=ORIENTED_EDGE('',*,*,#4157,.F.);
#2658=ORIENTED_EDGE('',*,*,#4147,.T.);
#2659=ORIENTED_EDGE('',*,*,#3276,.T.);
#2660=ORIENTED_EDGE('',*,*,#4036,.T.);
#2661=ORIENTED_EDGE('',*,*,#4045,.F.);
#2662=ORIENTED_EDGE('',*,*,#4043,.F.);
#2663=ORIENTED_EDGE('',*,*,#4037,.T.);
#2664=ORIENTED_EDGE('',*,*,#3269,.T.);
#2665=ORIENTED_EDGE('',*,*,#4232,.T.);
#2666=ORIENTED_EDGE('',*,*,#4233,.T.);
#2667=ORIENTED_EDGE('',*,*,#3822,.T.);
#2668=ORIENTED_EDGE('',*,*,#4234,.F.);
#2669=ORIENTED_EDGE('',*,*,#4235,.T.);
#2670=ORIENTED_EDGE('',*,*,#4229,.F.);
#2671=ORIENTED_EDGE('',*,*,#4226,.T.);
#2672=ORIENTED_EDGE('',*,*,#4223,.F.);
#2673=ORIENTED_EDGE('',*,*,#4220,.T.);
#2674=ORIENTED_EDGE('',*,*,#4217,.F.);
#2675=ORIENTED_EDGE('',*,*,#3825,.T.);
#2676=ORIENTED_EDGE('',*,*,#4051,.T.);
#2677=ORIENTED_EDGE('',*,*,#4058,.F.);
#2678=ORIENTED_EDGE('',*,*,#4062,.F.);
#2679=ORIENTED_EDGE('',*,*,#4046,.T.);
#2680=ORIENTED_EDGE('',*,*,#4063,.F.);
#2681=ORIENTED_EDGE('',*,*,#4059,.F.);
#2682=ORIENTED_EDGE('',*,*,#4069,.T.);
#2683=ORIENTED_EDGE('',*,*,#4076,.F.);
#2684=ORIENTED_EDGE('',*,*,#4080,.F.);
#2685=ORIENTED_EDGE('',*,*,#4064,.T.);
#2686=ORIENTED_EDGE('',*,*,#4081,.F.);
#2687=ORIENTED_EDGE('',*,*,#4077,.F.);
#2688=ORIENTED_EDGE('',*,*,#4087,.T.);
#2689=ORIENTED_EDGE('',*,*,#4094,.F.);
#2690=ORIENTED_EDGE('',*,*,#4098,.F.);
#2691=ORIENTED_EDGE('',*,*,#4082,.T.);
#2692=ORIENTED_EDGE('',*,*,#4099,.F.);
#2693=ORIENTED_EDGE('',*,*,#4095,.F.);
#2694=ORIENTED_EDGE('',*,*,#4167,.T.);
#2695=ORIENTED_EDGE('',*,*,#4174,.F.);
#2696=ORIENTED_EDGE('',*,*,#4178,.F.);
#2697=ORIENTED_EDGE('',*,*,#4162,.T.);
#2698=ORIENTED_EDGE('',*,*,#4179,.F.);
#2699=ORIENTED_EDGE('',*,*,#4175,.F.);
#2700=ORIENTED_EDGE('',*,*,#4185,.T.);
#2701=ORIENTED_EDGE('',*,*,#4192,.F.);
#2702=ORIENTED_EDGE('',*,*,#4196,.F.);
#2703=ORIENTED_EDGE('',*,*,#4180,.T.);
#2704=ORIENTED_EDGE('',*,*,#4197,.F.);
#2705=ORIENTED_EDGE('',*,*,#4193,.F.);
#2706=ORIENTED_EDGE('',*,*,#4201,.T.);
#2707=ORIENTED_EDGE('',*,*,#4236,.F.);
#2708=ORIENTED_EDGE('',*,*,#4237,.F.);
#2709=ORIENTED_EDGE('',*,*,#4238,.T.);
#2710=ORIENTED_EDGE('',*,*,#4239,.F.);
#2711=ORIENTED_EDGE('',*,*,#4240,.F.);
#2712=ORIENTED_EDGE('',*,*,#4235,.F.);
#2713=ORIENTED_EDGE('',*,*,#4241,.F.);
#2714=ORIENTED_EDGE('',*,*,#4242,.T.);
#2715=ORIENTED_EDGE('',*,*,#4230,.F.);
#2716=ORIENTED_EDGE('',*,*,#3268,.T.);
#2717=ORIENTED_EDGE('',*,*,#4243,.F.);
#2718=ORIENTED_EDGE('',*,*,#4244,.F.);
#2719=ORIENTED_EDGE('',*,*,#4232,.F.);
#2720=ORIENTED_EDGE('',*,*,#4245,.F.);
#2721=ORIENTED_EDGE('',*,*,#4246,.F.);
#2722=ORIENTED_EDGE('',*,*,#4247,.F.);
#2723=ORIENTED_EDGE('',*,*,#3824,.F.);
#2724=ORIENTED_EDGE('',*,*,#4248,.F.);
#2725=ORIENTED_EDGE('',*,*,#4243,.T.);
#2726=ORIENTED_EDGE('',*,*,#3267,.F.);
#2727=ORIENTED_EDGE('',*,*,#4249,.F.);
#2728=ORIENTED_EDGE('',*,*,#3293,.F.);
#2729=ORIENTED_EDGE('',*,*,#4250,.F.);
#2730=ORIENTED_EDGE('',*,*,#3286,.F.);
#2731=ORIENTED_EDGE('',*,*,#4251,.F.);
#2732=ORIENTED_EDGE('',*,*,#4252,.F.);
#2733=ORIENTED_EDGE('',*,*,#4253,.F.);
#2734=ORIENTED_EDGE('',*,*,#4254,.F.);
#2735=ORIENTED_EDGE('',*,*,#3915,.T.);
#2736=ORIENTED_EDGE('',*,*,#3908,.T.);
#2737=ORIENTED_EDGE('',*,*,#3320,.T.);
#2738=ORIENTED_EDGE('',*,*,#4215,.T.);
#2739=ORIENTED_EDGE('',*,*,#3282,.F.);
#2740=ORIENTED_EDGE('',*,*,#4039,.T.);
#2741=ORIENTED_EDGE('',*,*,#4042,.T.);
#2742=ORIENTED_EDGE('',*,*,#3271,.F.);
#2743=ORIENTED_EDGE('',*,*,#3919,.T.);
#2744=ORIENTED_EDGE('',*,*,#4144,.T.);
#2745=ORIENTED_EDGE('',*,*,#4138,.T.);
#2746=ORIENTED_EDGE('',*,*,#4141,.T.);
#2747=ORIENTED_EDGE('',*,*,#3920,.T.);
#2748=ORIENTED_EDGE('',*,*,#3313,.T.);
#2749=ORIENTED_EDGE('',*,*,#3309,.T.);
#2750=ORIENTED_EDGE('',*,*,#3927,.T.);
#2751=ORIENTED_EDGE('',*,*,#3820,.F.);
#2752=ORIENTED_EDGE('',*,*,#4255,.T.);
#2753=ORIENTED_EDGE('',*,*,#3834,.F.);
#2754=ORIENTED_EDGE('',*,*,#4203,.T.);
#2755=ORIENTED_EDGE('',*,*,#4205,.F.);
#2756=ORIENTED_EDGE('',*,*,#4207,.T.);
#2757=ORIENTED_EDGE('',*,*,#4209,.F.);
#2758=ORIENTED_EDGE('',*,*,#4211,.T.);
#2759=ORIENTED_EDGE('',*,*,#4213,.F.);
#2760=ORIENTED_EDGE('',*,*,#4214,.T.);
#2761=ORIENTED_EDGE('',*,*,#3827,.F.);
#2762=ORIENTED_EDGE('',*,*,#4219,.T.);
#2763=ORIENTED_EDGE('',*,*,#4222,.F.);
#2764=ORIENTED_EDGE('',*,*,#4225,.T.);
#2765=ORIENTED_EDGE('',*,*,#4228,.F.);
#2766=ORIENTED_EDGE('',*,*,#4231,.T.);
#2767=ORIENTED_EDGE('',*,*,#4242,.F.);
#2768=ORIENTED_EDGE('',*,*,#4256,.T.);
#2769=ORIENTED_EDGE('',*,*,#4149,.T.);
#2770=ORIENTED_EDGE('',*,*,#4159,.T.);
#2771=ORIENTED_EDGE('',*,*,#4151,.T.);
#2772=ORIENTED_EDGE('',*,*,#4154,.T.);
#2773=ORIENTED_EDGE('',*,*,#3923,.T.);
#2774=ORIENTED_EDGE('',*,*,#3278,.F.);
#2775=ORIENTED_EDGE('',*,*,#4007,.T.);
#2776=ORIENTED_EDGE('',*,*,#4001,.T.);
#2777=ORIENTED_EDGE('',*,*,#4010,.T.);
#2778=ORIENTED_EDGE('',*,*,#4004,.T.);
#2779=ORIENTED_EDGE('',*,*,#4019,.T.);
#2780=ORIENTED_EDGE('',*,*,#4013,.T.);
#2781=ORIENTED_EDGE('',*,*,#4022,.T.);
#2782=ORIENTED_EDGE('',*,*,#4016,.T.);
#2783=ORIENTED_EDGE('',*,*,#4031,.T.);
#2784=ORIENTED_EDGE('',*,*,#4025,.T.);
#2785=ORIENTED_EDGE('',*,*,#4034,.T.);
#2786=ORIENTED_EDGE('',*,*,#4028,.T.);
#2787=ORIENTED_EDGE('',*,*,#4056,.T.);
#2788=ORIENTED_EDGE('',*,*,#4049,.T.);
#2789=ORIENTED_EDGE('',*,*,#4061,.T.);
#2790=ORIENTED_EDGE('',*,*,#4053,.T.);
#2791=ORIENTED_EDGE('',*,*,#4074,.T.);
#2792=ORIENTED_EDGE('',*,*,#4067,.T.);
#2793=ORIENTED_EDGE('',*,*,#4079,.T.);
#2794=ORIENTED_EDGE('',*,*,#4071,.T.);
#2795=ORIENTED_EDGE('',*,*,#4092,.T.);
#2796=ORIENTED_EDGE('',*,*,#4085,.T.);
#2797=ORIENTED_EDGE('',*,*,#4097,.T.);
#2798=ORIENTED_EDGE('',*,*,#4089,.T.);
#2799=ORIENTED_EDGE('',*,*,#4108,.T.);
#2800=ORIENTED_EDGE('',*,*,#4102,.T.);
#2801=ORIENTED_EDGE('',*,*,#4111,.T.);
#2802=ORIENTED_EDGE('',*,*,#4105,.T.);
#2803=ORIENTED_EDGE('',*,*,#4120,.T.);
#2804=ORIENTED_EDGE('',*,*,#4114,.T.);
#2805=ORIENTED_EDGE('',*,*,#4123,.T.);
#2806=ORIENTED_EDGE('',*,*,#4117,.T.);
#2807=ORIENTED_EDGE('',*,*,#4132,.T.);
#2808=ORIENTED_EDGE('',*,*,#4126,.T.);
#2809=ORIENTED_EDGE('',*,*,#4135,.T.);
#2810=ORIENTED_EDGE('',*,*,#4129,.T.);
#2811=ORIENTED_EDGE('',*,*,#4172,.T.);
#2812=ORIENTED_EDGE('',*,*,#4165,.T.);
#2813=ORIENTED_EDGE('',*,*,#4177,.T.);
#2814=ORIENTED_EDGE('',*,*,#4169,.T.);
#2815=ORIENTED_EDGE('',*,*,#4190,.T.);
#2816=ORIENTED_EDGE('',*,*,#4183,.T.);
#2817=ORIENTED_EDGE('',*,*,#4195,.T.);
#2818=ORIENTED_EDGE('',*,*,#4187,.T.);
#2819=ORIENTED_EDGE('',*,*,#4257,.T.);
#2820=ORIENTED_EDGE('',*,*,#4199,.T.);
#2821=ORIENTED_EDGE('',*,*,#4258,.T.);
#2822=ORIENTED_EDGE('',*,*,#4259,.T.);
#2823=ORIENTED_EDGE('',*,*,#3288,.T.);
#2824=ORIENTED_EDGE('',*,*,#4260,.T.);
#2825=ORIENTED_EDGE('',*,*,#3291,.T.);
#2826=ORIENTED_EDGE('',*,*,#4261,.T.);
#2827=ORIENTED_EDGE('',*,*,#3265,.T.);
#2828=ORIENTED_EDGE('',*,*,#3500,.F.);
#2829=ORIENTED_EDGE('',*,*,#3812,.T.);
#2830=ORIENTED_EDGE('',*,*,#4262,.T.);
#2831=ORIENTED_EDGE('',*,*,#4263,.T.);
#2832=ORIENTED_EDGE('',*,*,#4264,.T.);
#2833=ORIENTED_EDGE('',*,*,#4265,.T.);
#2834=ORIENTED_EDGE('',*,*,#4266,.T.);
#2835=ORIENTED_EDGE('',*,*,#4267,.T.);
#2836=ORIENTED_EDGE('',*,*,#4268,.T.);
#2837=ORIENTED_EDGE('',*,*,#3971,.T.);
#2838=ORIENTED_EDGE('',*,*,#3831,.F.);
#2839=ORIENTED_EDGE('',*,*,#3989,.F.);
#2840=ORIENTED_EDGE('',*,*,#3978,.F.);
#2841=ORIENTED_EDGE('',*,*,#4244,.T.);
#2842=ORIENTED_EDGE('',*,*,#4248,.T.);
#2843=ORIENTED_EDGE('',*,*,#3823,.T.);
#2844=ORIENTED_EDGE('',*,*,#4233,.F.);
#2845=ORIENTED_EDGE('',*,*,#4269,.F.);
#2846=ORIENTED_EDGE('',*,*,#3815,.T.);
#2847=ORIENTED_EDGE('',*,*,#4269,.T.);
#2848=ORIENTED_EDGE('',*,*,#4270,.T.);
#2849=ORIENTED_EDGE('',*,*,#3814,.F.);
#2850=ORIENTED_EDGE('',*,*,#4270,.F.);
#2851=ORIENTED_EDGE('',*,*,#4234,.T.);
#2852=ORIENTED_EDGE('',*,*,#3821,.T.);
#2853=ORIENTED_EDGE('',*,*,#4256,.F.);
#2854=ORIENTED_EDGE('',*,*,#4241,.T.);
#2855=ORIENTED_EDGE('',*,*,#4271,.F.);
#2856=ORIENTED_EDGE('',*,*,#4259,.F.);
#2857=ORIENTED_EDGE('',*,*,#4272,.F.);
#2858=ORIENTED_EDGE('',*,*,#4273,.F.);
#2859=ORIENTED_EDGE('',*,*,#4238,.F.);
#2860=ORIENTED_EDGE('',*,*,#4274,.F.);
#2861=ORIENTED_EDGE('',*,*,#4257,.F.);
#2862=ORIENTED_EDGE('',*,*,#4271,.T.);
#2863=ORIENTED_EDGE('',*,*,#4275,.F.);
#2864=ORIENTED_EDGE('',*,*,#4236,.T.);
#2865=ORIENTED_EDGE('',*,*,#4200,.T.);
#2866=ORIENTED_EDGE('',*,*,#4198,.F.);
#2867=ORIENTED_EDGE('',*,*,#4240,.T.);
#2868=ORIENTED_EDGE('',*,*,#4276,.F.);
#2869=ORIENTED_EDGE('',*,*,#4272,.T.);
#2870=ORIENTED_EDGE('',*,*,#4258,.F.);
#2871=ORIENTED_EDGE('',*,*,#4274,.T.);
#2872=ORIENTED_EDGE('',*,*,#4237,.T.);
#2873=ORIENTED_EDGE('',*,*,#4275,.T.);
#2874=ORIENTED_EDGE('',*,*,#4273,.T.);
#2875=ORIENTED_EDGE('',*,*,#4276,.T.);
#2876=ORIENTED_EDGE('',*,*,#4239,.T.);
#2877=ORIENTED_EDGE('',*,*,#3990,.F.);
#2878=ORIENTED_EDGE('',*,*,#3980,.T.);
#2879=ORIENTED_EDGE('',*,*,#3991,.F.);
#2880=ORIENTED_EDGE('',*,*,#3981,.T.);
#2881=ORIENTED_EDGE('',*,*,#4268,.F.);
#2882=ORIENTED_EDGE('',*,*,#4254,.T.);
#2883=ORIENTED_EDGE('',*,*,#4267,.F.);
#2884=ORIENTED_EDGE('',*,*,#4253,.T.);
#2885=ORIENTED_EDGE('',*,*,#4266,.F.);
#2886=ORIENTED_EDGE('',*,*,#4252,.T.);
#2887=ORIENTED_EDGE('',*,*,#3992,.F.);
#2888=ORIENTED_EDGE('',*,*,#3982,.T.);
#2889=ORIENTED_EDGE('',*,*,#4261,.F.);
#2890=ORIENTED_EDGE('',*,*,#3290,.F.);
#2891=ORIENTED_EDGE('',*,*,#4249,.T.);
#2892=ORIENTED_EDGE('',*,*,#3266,.F.);
#2893=ORIENTED_EDGE('',*,*,#4265,.F.);
#2894=ORIENTED_EDGE('',*,*,#4251,.T.);
#2895=ORIENTED_EDGE('',*,*,#3993,.F.);
#2896=ORIENTED_EDGE('',*,*,#3983,.T.);
#2897=ORIENTED_EDGE('',*,*,#3994,.F.);
#2898=ORIENTED_EDGE('',*,*,#3984,.T.);
#2899=ORIENTED_EDGE('',*,*,#4260,.F.);
#2900=ORIENTED_EDGE('',*,*,#3287,.F.);
#2901=ORIENTED_EDGE('',*,*,#4250,.T.);
#2902=ORIENTED_EDGE('',*,*,#3292,.F.);
#2903=ORIENTED_EDGE('',*,*,#4264,.F.);
#2904=ORIENTED_EDGE('',*,*,#4247,.T.);
#2905=ORIENTED_EDGE('',*,*,#4263,.F.);
#2906=ORIENTED_EDGE('',*,*,#4246,.T.);
#2907=ORIENTED_EDGE('',*,*,#4262,.F.);
#2908=ORIENTED_EDGE('',*,*,#4245,.T.);
#2909=ORIENTED_EDGE('',*,*,#3995,.F.);
#2910=ORIENTED_EDGE('',*,*,#3985,.T.);
#2911=ORIENTED_EDGE('',*,*,#3996,.F.);
#2912=ORIENTED_EDGE('',*,*,#3986,.T.);
#2913=ORIENTED_EDGE('',*,*,#3263,.F.);
#2914=ORIENTED_EDGE('',*,*,#4277,.T.);
#2915=ORIENTED_EDGE('',*,*,#3501,.F.);
#2916=ORIENTED_EDGE('',*,*,#3503,.T.);
#2917=ORIENTED_EDGE('',*,*,#4278,.F.);
#2918=ORIENTED_EDGE('',*,*,#3261,.T.);
#2919=ORIENTED_EDGE('',*,*,#3502,.T.);
#2920=ORIENTED_EDGE('',*,*,#4277,.F.);
#2921=ORIENTED_EDGE('',*,*,#3262,.T.);
#2922=ORIENTED_EDGE('',*,*,#4278,.T.);
#2923=ORIENTED_EDGE('',*,*,#3481,.T.);
#2924=ORIENTED_EDGE('',*,*,#3330,.F.);
#2925=ORIENTED_EDGE('',*,*,#4279,.T.);
#2926=ORIENTED_EDGE('',*,*,#4280,.F.);
#2927=ORIENTED_EDGE('',*,*,#3328,.T.);
#2928=ORIENTED_EDGE('',*,*,#3483,.F.);
#2929=ORIENTED_EDGE('',*,*,#3482,.T.);
#2930=ORIENTED_EDGE('',*,*,#4279,.F.);
#2931=ORIENTED_EDGE('',*,*,#3329,.F.);
#2932=ORIENTED_EDGE('',*,*,#4280,.T.);
#2933=ORIENTED_EDGE('',*,*,#3294,.T.);
#2934=ORIENTED_EDGE('',*,*,#3299,.F.);
#2935=ORIENTED_EDGE('',*,*,#3835,.F.);
#2936=ORIENTED_EDGE('',*,*,#4255,.F.);
#2937=ORIENTED_EDGE('',*,*,#3819,.F.);
#2938=ORIENTED_EDGE('',*,*,#3879,.F.);
#2939=ORIENTED_EDGE('',*,*,#3837,.F.);
#2940=ORIENTED_EDGE('',*,*,#3880,.F.);
#2941=ORIENTED_EDGE('',*,*,#3846,.F.);
#2942=ORIENTED_EDGE('',*,*,#3348,.F.);
#2943=ORIENTED_EDGE('',*,*,#3420,.F.);
#2944=ORIENTED_EDGE('',*,*,#4281,.F.);
#2945=ORIENTED_EDGE('',*,*,#4282,.T.);
#2946=ORIENTED_EDGE('',*,*,#4283,.T.);
#2947=ORIENTED_EDGE('',*,*,#3419,.F.);
#2948=ORIENTED_EDGE('',*,*,#4284,.F.);
#2949=ORIENTED_EDGE('',*,*,#4285,.T.);
#2950=ORIENTED_EDGE('',*,*,#4281,.T.);
#2951=ORIENTED_EDGE('',*,*,#3443,.F.);
#2952=ORIENTED_EDGE('',*,*,#4286,.F.);
#2953=ORIENTED_EDGE('',*,*,#4287,.T.);
#2954=ORIENTED_EDGE('',*,*,#4284,.T.);
#2955=ORIENTED_EDGE('',*,*,#3442,.F.);
#2956=ORIENTED_EDGE('',*,*,#4288,.F.);
#2957=ORIENTED_EDGE('',*,*,#4289,.T.);
#2958=ORIENTED_EDGE('',*,*,#4286,.T.);
#2959=ORIENTED_EDGE('',*,*,#3441,.F.);
#2960=ORIENTED_EDGE('',*,*,#4290,.F.);
#2961=ORIENTED_EDGE('',*,*,#4291,.T.);
#2962=ORIENTED_EDGE('',*,*,#4288,.T.);
#2963=ORIENTED_EDGE('',*,*,#3440,.F.);
#2964=ORIENTED_EDGE('',*,*,#4292,.F.);
#2965=ORIENTED_EDGE('',*,*,#4293,.T.);
#2966=ORIENTED_EDGE('',*,*,#4290,.T.);
#2967=ORIENTED_EDGE('',*,*,#3439,.F.);
#2968=ORIENTED_EDGE('',*,*,#4294,.F.);
#2969=ORIENTED_EDGE('',*,*,#4295,.T.);
#2970=ORIENTED_EDGE('',*,*,#4292,.T.);
#2971=ORIENTED_EDGE('',*,*,#3438,.F.);
#2972=ORIENTED_EDGE('',*,*,#4296,.F.);
#2973=ORIENTED_EDGE('',*,*,#4297,.T.);
#2974=ORIENTED_EDGE('',*,*,#4294,.T.);
#2975=ORIENTED_EDGE('',*,*,#3437,.F.);
#2976=ORIENTED_EDGE('',*,*,#4298,.F.);
#2977=ORIENTED_EDGE('',*,*,#4299,.T.);
#2978=ORIENTED_EDGE('',*,*,#4296,.T.);
#2979=ORIENTED_EDGE('',*,*,#3436,.F.);
#2980=ORIENTED_EDGE('',*,*,#4300,.F.);
#2981=ORIENTED_EDGE('',*,*,#4301,.T.);
#2982=ORIENTED_EDGE('',*,*,#4298,.T.);
#2983=ORIENTED_EDGE('',*,*,#3435,.F.);
#2984=ORIENTED_EDGE('',*,*,#4302,.F.);
#2985=ORIENTED_EDGE('',*,*,#4303,.T.);
#2986=ORIENTED_EDGE('',*,*,#4300,.T.);
#2987=ORIENTED_EDGE('',*,*,#3434,.F.);
#2988=ORIENTED_EDGE('',*,*,#4304,.F.);
#2989=ORIENTED_EDGE('',*,*,#4305,.T.);
#2990=ORIENTED_EDGE('',*,*,#4302,.T.);
#2991=ORIENTED_EDGE('',*,*,#3433,.F.);
#2992=ORIENTED_EDGE('',*,*,#4306,.F.);
#2993=ORIENTED_EDGE('',*,*,#4307,.T.);
#2994=ORIENTED_EDGE('',*,*,#4304,.T.);
#2995=ORIENTED_EDGE('',*,*,#3432,.F.);
#2996=ORIENTED_EDGE('',*,*,#4308,.F.);
#2997=ORIENTED_EDGE('',*,*,#4309,.T.);
#2998=ORIENTED_EDGE('',*,*,#4306,.T.);
#2999=ORIENTED_EDGE('',*,*,#3431,.F.);
#3000=ORIENTED_EDGE('',*,*,#4310,.F.);
#3001=ORIENTED_EDGE('',*,*,#4311,.T.);
#3002=ORIENTED_EDGE('',*,*,#4308,.T.);
#3003=ORIENTED_EDGE('',*,*,#3430,.F.);
#3004=ORIENTED_EDGE('',*,*,#4312,.F.);
#3005=ORIENTED_EDGE('',*,*,#4313,.T.);
#3006=ORIENTED_EDGE('',*,*,#4310,.T.);
#3007=ORIENTED_EDGE('',*,*,#3429,.F.);
#3008=ORIENTED_EDGE('',*,*,#4314,.F.);
#3009=ORIENTED_EDGE('',*,*,#4315,.T.);
#3010=ORIENTED_EDGE('',*,*,#4312,.T.);
#3011=ORIENTED_EDGE('',*,*,#3428,.F.);
#3012=ORIENTED_EDGE('',*,*,#4316,.F.);
#3013=ORIENTED_EDGE('',*,*,#4317,.T.);
#3014=ORIENTED_EDGE('',*,*,#4314,.T.);
#3015=ORIENTED_EDGE('',*,*,#3427,.F.);
#3016=ORIENTED_EDGE('',*,*,#4318,.F.);
#3017=ORIENTED_EDGE('',*,*,#4319,.T.);
#3018=ORIENTED_EDGE('',*,*,#4316,.T.);
#3019=ORIENTED_EDGE('',*,*,#3426,.F.);
#3020=ORIENTED_EDGE('',*,*,#4320,.F.);
#3021=ORIENTED_EDGE('',*,*,#4321,.T.);
#3022=ORIENTED_EDGE('',*,*,#4318,.T.);
#3023=ORIENTED_EDGE('',*,*,#3425,.F.);
#3024=ORIENTED_EDGE('',*,*,#4322,.F.);
#3025=ORIENTED_EDGE('',*,*,#4323,.T.);
#3026=ORIENTED_EDGE('',*,*,#4320,.T.);
#3027=ORIENTED_EDGE('',*,*,#3424,.F.);
#3028=ORIENTED_EDGE('',*,*,#4324,.F.);
#3029=ORIENTED_EDGE('',*,*,#4325,.T.);
#3030=ORIENTED_EDGE('',*,*,#4322,.T.);
#3031=ORIENTED_EDGE('',*,*,#3423,.F.);
#3032=ORIENTED_EDGE('',*,*,#4326,.F.);
#3033=ORIENTED_EDGE('',*,*,#4327,.T.);
#3034=ORIENTED_EDGE('',*,*,#4324,.T.);
#3035=ORIENTED_EDGE('',*,*,#3422,.F.);
#3036=ORIENTED_EDGE('',*,*,#4328,.F.);
#3037=ORIENTED_EDGE('',*,*,#4329,.T.);
#3038=ORIENTED_EDGE('',*,*,#4326,.T.);
#3039=ORIENTED_EDGE('',*,*,#3421,.F.);
#3040=ORIENTED_EDGE('',*,*,#4283,.F.);
#3041=ORIENTED_EDGE('',*,*,#4330,.T.);
#3042=ORIENTED_EDGE('',*,*,#4328,.T.);
#3043=ORIENTED_EDGE('',*,*,#4282,.F.);
#3044=ORIENTED_EDGE('',*,*,#4285,.F.);
#3045=ORIENTED_EDGE('',*,*,#4287,.F.);
#3046=ORIENTED_EDGE('',*,*,#4289,.F.);
#3047=ORIENTED_EDGE('',*,*,#4291,.F.);
#3048=ORIENTED_EDGE('',*,*,#4293,.F.);
#3049=ORIENTED_EDGE('',*,*,#4295,.F.);
#3050=ORIENTED_EDGE('',*,*,#4297,.F.);
#3051=ORIENTED_EDGE('',*,*,#4299,.F.);
#3052=ORIENTED_EDGE('',*,*,#4301,.F.);
#3053=ORIENTED_EDGE('',*,*,#4303,.F.);
#3054=ORIENTED_EDGE('',*,*,#4305,.F.);
#3055=ORIENTED_EDGE('',*,*,#4307,.F.);
#3056=ORIENTED_EDGE('',*,*,#4309,.F.);
#3057=ORIENTED_EDGE('',*,*,#4311,.F.);
#3058=ORIENTED_EDGE('',*,*,#4313,.F.);
#3059=ORIENTED_EDGE('',*,*,#4315,.F.);
#3060=ORIENTED_EDGE('',*,*,#4317,.F.);
#3061=ORIENTED_EDGE('',*,*,#4319,.F.);
#3062=ORIENTED_EDGE('',*,*,#4321,.F.);
#3063=ORIENTED_EDGE('',*,*,#4323,.F.);
#3064=ORIENTED_EDGE('',*,*,#4325,.F.);
#3065=ORIENTED_EDGE('',*,*,#4327,.F.);
#3066=ORIENTED_EDGE('',*,*,#4329,.F.);
#3067=ORIENTED_EDGE('',*,*,#4330,.F.);
#3068=ORIENTED_EDGE('',*,*,#3445,.F.);
#3069=ORIENTED_EDGE('',*,*,#4331,.F.);
#3070=ORIENTED_EDGE('',*,*,#4332,.T.);
#3071=ORIENTED_EDGE('',*,*,#4333,.T.);
#3072=ORIENTED_EDGE('',*,*,#3444,.F.);
#3073=ORIENTED_EDGE('',*,*,#4334,.F.);
#3074=ORIENTED_EDGE('',*,*,#4335,.T.);
#3075=ORIENTED_EDGE('',*,*,#4331,.T.);
#3076=ORIENTED_EDGE('',*,*,#3452,.F.);
#3077=ORIENTED_EDGE('',*,*,#4336,.F.);
#3078=ORIENTED_EDGE('',*,*,#4337,.T.);
#3079=ORIENTED_EDGE('',*,*,#4334,.T.);
#3080=ORIENTED_EDGE('',*,*,#3451,.F.);
#3081=ORIENTED_EDGE('',*,*,#4338,.F.);
#3082=ORIENTED_EDGE('',*,*,#4339,.T.);
#3083=ORIENTED_EDGE('',*,*,#4336,.T.);
#3084=ORIENTED_EDGE('',*,*,#3450,.F.);
#3085=ORIENTED_EDGE('',*,*,#4340,.F.);
#3086=ORIENTED_EDGE('',*,*,#4341,.T.);
#3087=ORIENTED_EDGE('',*,*,#4338,.T.);
#3088=ORIENTED_EDGE('',*,*,#3449,.F.);
#3089=ORIENTED_EDGE('',*,*,#4342,.F.);
#3090=ORIENTED_EDGE('',*,*,#4343,.T.);
#3091=ORIENTED_EDGE('',*,*,#4340,.T.);
#3092=ORIENTED_EDGE('',*,*,#3448,.F.);
#3093=ORIENTED_EDGE('',*,*,#4344,.F.);
#3094=ORIENTED_EDGE('',*,*,#4345,.T.);
#3095=ORIENTED_EDGE('',*,*,#4342,.T.);
#3096=ORIENTED_EDGE('',*,*,#3447,.F.);
#3097=ORIENTED_EDGE('',*,*,#4346,.F.);
#3098=ORIENTED_EDGE('',*,*,#4347,.T.);
#3099=ORIENTED_EDGE('',*,*,#4344,.T.);
#3100=ORIENTED_EDGE('',*,*,#3446,.F.);
#3101=ORIENTED_EDGE('',*,*,#4333,.F.);
#3102=ORIENTED_EDGE('',*,*,#4348,.T.);
#3103=ORIENTED_EDGE('',*,*,#4346,.T.);
#3104=ORIENTED_EDGE('',*,*,#4332,.F.);
#3105=ORIENTED_EDGE('',*,*,#4335,.F.);
#3106=ORIENTED_EDGE('',*,*,#4337,.F.);
#3107=ORIENTED_EDGE('',*,*,#4339,.F.);
#3108=ORIENTED_EDGE('',*,*,#4341,.F.);
#3109=ORIENTED_EDGE('',*,*,#4343,.F.);
#3110=ORIENTED_EDGE('',*,*,#4345,.F.);
#3111=ORIENTED_EDGE('',*,*,#4347,.F.);
#3112=ORIENTED_EDGE('',*,*,#4348,.F.);
#3113=ORIENTED_EDGE('',*,*,#3454,.F.);
#3114=ORIENTED_EDGE('',*,*,#4349,.F.);
#3115=ORIENTED_EDGE('',*,*,#4350,.T.);
#3116=ORIENTED_EDGE('',*,*,#4351,.T.);
#3117=ORIENTED_EDGE('',*,*,#3453,.F.);
#3118=ORIENTED_EDGE('',*,*,#4352,.F.);
#3119=ORIENTED_EDGE('',*,*,#4353,.T.);
#3120=ORIENTED_EDGE('',*,*,#4349,.T.);
#3121=ORIENTED_EDGE('',*,*,#3467,.F.);
#3122=ORIENTED_EDGE('',*,*,#4354,.F.);
#3123=ORIENTED_EDGE('',*,*,#4355,.T.);
#3124=ORIENTED_EDGE('',*,*,#4352,.T.);
#3125=ORIENTED_EDGE('',*,*,#3466,.F.);
#3126=ORIENTED_EDGE('',*,*,#4356,.F.);
#3127=ORIENTED_EDGE('',*,*,#4357,.T.);
#3128=ORIENTED_EDGE('',*,*,#4354,.T.);
#3129=ORIENTED_EDGE('',*,*,#3465,.F.);
#3130=ORIENTED_EDGE('',*,*,#4358,.F.);
#3131=ORIENTED_EDGE('',*,*,#4359,.T.);
#3132=ORIENTED_EDGE('',*,*,#4356,.T.);
#3133=ORIENTED_EDGE('',*,*,#3464,.F.);
#3134=ORIENTED_EDGE('',*,*,#4360,.F.);
#3135=ORIENTED_EDGE('',*,*,#4361,.T.);
#3136=ORIENTED_EDGE('',*,*,#4358,.T.);
#3137=ORIENTED_EDGE('',*,*,#3463,.F.);
#3138=ORIENTED_EDGE('',*,*,#4362,.F.);
#3139=ORIENTED_EDGE('',*,*,#4363,.T.);
#3140=ORIENTED_EDGE('',*,*,#4360,.T.);
#3141=ORIENTED_EDGE('',*,*,#3462,.F.);
#3142=ORIENTED_EDGE('',*,*,#4364,.F.);
#3143=ORIENTED_EDGE('',*,*,#4365,.T.);
#3144=ORIENTED_EDGE('',*,*,#4362,.T.);
#3145=ORIENTED_EDGE('',*,*,#3461,.F.);
#3146=ORIENTED_EDGE('',*,*,#4366,.F.);
#3147=ORIENTED_EDGE('',*,*,#4367,.T.);
#3148=ORIENTED_EDGE('',*,*,#4364,.T.);
#3149=ORIENTED_EDGE('',*,*,#3460,.F.);
#3150=ORIENTED_EDGE('',*,*,#4368,.F.);
#3151=ORIENTED_EDGE('',*,*,#4369,.T.);
#3152=ORIENTED_EDGE('',*,*,#4366,.T.);
#3153=ORIENTED_EDGE('',*,*,#3459,.F.);
#3154=ORIENTED_EDGE('',*,*,#4370,.F.);
#3155=ORIENTED_EDGE('',*,*,#4371,.T.);
#3156=ORIENTED_EDGE('',*,*,#4368,.T.);
#3157=ORIENTED_EDGE('',*,*,#3458,.F.);
#3158=ORIENTED_EDGE('',*,*,#4372,.F.);
#3159=ORIENTED_EDGE('',*,*,#4373,.T.);
#3160=ORIENTED_EDGE('',*,*,#4370,.T.);
#3161=ORIENTED_EDGE('',*,*,#3457,.F.);
#3162=ORIENTED_EDGE('',*,*,#4374,.F.);
#3163=ORIENTED_EDGE('',*,*,#4375,.T.);
#3164=ORIENTED_EDGE('',*,*,#4372,.T.);
#3165=ORIENTED_EDGE('',*,*,#3456,.F.);
#3166=ORIENTED_EDGE('',*,*,#4376,.F.);
#3167=ORIENTED_EDGE('',*,*,#4377,.T.);
#3168=ORIENTED_EDGE('',*,*,#4374,.T.);
#3169=ORIENTED_EDGE('',*,*,#3455,.F.);
#3170=ORIENTED_EDGE('',*,*,#4351,.F.);
#3171=ORIENTED_EDGE('',*,*,#4378,.T.);
#3172=ORIENTED_EDGE('',*,*,#4376,.T.);
#3173=ORIENTED_EDGE('',*,*,#4350,.F.);
#3174=ORIENTED_EDGE('',*,*,#4353,.F.);
#3175=ORIENTED_EDGE('',*,*,#4355,.F.);
#3176=ORIENTED_EDGE('',*,*,#4357,.F.);
#3177=ORIENTED_EDGE('',*,*,#4359,.F.);
#3178=ORIENTED_EDGE('',*,*,#4361,.F.);
#3179=ORIENTED_EDGE('',*,*,#4363,.F.);
#3180=ORIENTED_EDGE('',*,*,#4365,.F.);
#3181=ORIENTED_EDGE('',*,*,#4367,.F.);
#3182=ORIENTED_EDGE('',*,*,#4369,.F.);
#3183=ORIENTED_EDGE('',*,*,#4371,.F.);
#3184=ORIENTED_EDGE('',*,*,#4373,.F.);
#3185=ORIENTED_EDGE('',*,*,#4375,.F.);
#3186=ORIENTED_EDGE('',*,*,#4377,.F.);
#3187=ORIENTED_EDGE('',*,*,#4378,.F.);
#3188=ORIENTED_EDGE('',*,*,#3469,.F.);
#3189=ORIENTED_EDGE('',*,*,#4379,.F.);
#3190=ORIENTED_EDGE('',*,*,#4380,.T.);
#3191=ORIENTED_EDGE('',*,*,#4381,.T.);
#3192=ORIENTED_EDGE('',*,*,#3468,.F.);
#3193=ORIENTED_EDGE('',*,*,#4382,.F.);
#3194=ORIENTED_EDGE('',*,*,#4383,.T.);
#3195=ORIENTED_EDGE('',*,*,#4379,.T.);
#3196=ORIENTED_EDGE('',*,*,#3479,.F.);
#3197=ORIENTED_EDGE('',*,*,#4384,.F.);
#3198=ORIENTED_EDGE('',*,*,#4385,.T.);
#3199=ORIENTED_EDGE('',*,*,#4382,.T.);
#3200=ORIENTED_EDGE('',*,*,#3478,.F.);
#3201=ORIENTED_EDGE('',*,*,#4386,.F.);
#3202=ORIENTED_EDGE('',*,*,#4387,.T.);
#3203=ORIENTED_EDGE('',*,*,#4384,.T.);
#3204=ORIENTED_EDGE('',*,*,#3477,.F.);
#3205=ORIENTED_EDGE('',*,*,#4388,.F.);
#3206=ORIENTED_EDGE('',*,*,#4389,.T.);
#3207=ORIENTED_EDGE('',*,*,#4386,.T.);
#3208=ORIENTED_EDGE('',*,*,#3476,.F.);
#3209=ORIENTED_EDGE('',*,*,#4390,.F.);
#3210=ORIENTED_EDGE('',*,*,#4391,.T.);
#3211=ORIENTED_EDGE('',*,*,#4388,.T.);
#3212=ORIENTED_EDGE('',*,*,#3475,.F.);
#3213=ORIENTED_EDGE('',*,*,#4392,.F.);
#3214=ORIENTED_EDGE('',*,*,#4393,.T.);
#3215=ORIENTED_EDGE('',*,*,#4390,.T.);
#3216=ORIENTED_EDGE('',*,*,#3474,.F.);
#3217=ORIENTED_EDGE('',*,*,#4394,.F.);
#3218=ORIENTED_EDGE('',*,*,#4395,.T.);
#3219=ORIENTED_EDGE('',*,*,#4392,.T.);
#3220=ORIENTED_EDGE('',*,*,#3473,.F.);
#3221=ORIENTED_EDGE('',*,*,#4396,.F.);
#3222=ORIENTED_EDGE('',*,*,#4397,.T.);
#3223=ORIENTED_EDGE('',*,*,#4394,.T.);
#3224=ORIENTED_EDGE('',*,*,#3472,.F.);
#3225=ORIENTED_EDGE('',*,*,#4398,.F.);
#3226=ORIENTED_EDGE('',*,*,#4399,.T.);
#3227=ORIENTED_EDGE('',*,*,#4396,.T.);
#3228=ORIENTED_EDGE('',*,*,#3471,.F.);
#3229=ORIENTED_EDGE('',*,*,#4400,.F.);
#3230=ORIENTED_EDGE('',*,*,#4401,.T.);
#3231=ORIENTED_EDGE('',*,*,#4398,.T.);
#3232=ORIENTED_EDGE('',*,*,#3470,.F.);
#3233=ORIENTED_EDGE('',*,*,#4381,.F.);
#3234=ORIENTED_EDGE('',*,*,#4402,.T.);
#3235=ORIENTED_EDGE('',*,*,#4400,.T.);
#3236=ORIENTED_EDGE('',*,*,#4380,.F.);
#3237=ORIENTED_EDGE('',*,*,#4383,.F.);
#3238=ORIENTED_EDGE('',*,*,#4385,.F.);
#3239=ORIENTED_EDGE('',*,*,#4387,.F.);
#3240=ORIENTED_EDGE('',*,*,#4389,.F.);
#3241=ORIENTED_EDGE('',*,*,#4391,.F.);
#3242=ORIENTED_EDGE('',*,*,#4393,.F.);
#3243=ORIENTED_EDGE('',*,*,#4395,.F.);
#3244=ORIENTED_EDGE('',*,*,#4397,.F.);
#3245=ORIENTED_EDGE('',*,*,#4399,.F.);
#3246=ORIENTED_EDGE('',*,*,#4401,.F.);
#3247=ORIENTED_EDGE('',*,*,#4402,.F.);
#3248=ORIENTED_EDGE('',*,*,#3301,.F.);
#3249=ORIENTED_EDGE('',*,*,#3480,.T.);
#3250=ORIENTED_EDGE('',*,*,#3898,.F.);
#3251=ORIENTED_EDGE('',*,*,#3808,.F.);
#3252=ORIENTED_EDGE('',*,*,#3492,.T.);
#3253=ORIENTED_EDGE('',*,*,#3259,.T.);
#3254=ORIENTED_EDGE('',*,*,#3811,.F.);
#3255=ORIENTED_EDGE('',*,*,#3504,.T.);
#3256=ORIENTED_EDGE('',*,*,#4403,.F.);
#3257=ORIENTED_EDGE('',*,*,#3807,.T.);
#3258=ORIENTED_EDGE('',*,*,#4403,.T.);
#3259=EDGE_CURVE('',#4404,#4405,#5190,.T.);
#3260=EDGE_CURVE('',#4404,#4406,#5191,.T.);
#3261=EDGE_CURVE('',#4407,#4406,#5192,.T.);
#3262=EDGE_CURVE('',#4408,#4407,#5193,.T.);
#3263=EDGE_CURVE('',#4408,#4409,#5194,.F.);
#3264=EDGE_CURVE('',#4410,#4409,#5195,.T.);
#3265=EDGE_CURVE('',#4411,#4410,#5196,.T.);
#3266=EDGE_CURVE('',#4411,#4412,#5197,.F.);
#3267=EDGE_CURVE('',#4412,#4413,#5198,.T.);
#3268=EDGE_CURVE('',#4414,#4413,#5199,.T.);
#3269=EDGE_CURVE('',#4415,#4414,#5200,.T.);
#3270=EDGE_CURVE('',#4415,#4416,#5201,.T.);
#3271=EDGE_CURVE('',#4416,#4417,#5202,.T.);
#3272=EDGE_CURVE('',#4417,#4418,#5203,.F.);
#3273=EDGE_CURVE('',#4418,#4419,#5204,.T.);
#3274=EDGE_CURVE('',#4420,#4419,#613,.T.);
#3275=EDGE_CURVE('',#4420,#4421,#5205,.F.);
#3276=EDGE_CURVE('',#4422,#4421,#5206,.T.);
#3277=EDGE_CURVE('',#4422,#4423,#5207,.T.);
#3278=EDGE_CURVE('',#4423,#4424,#5208,.T.);
#3279=EDGE_CURVE('',#4424,#4425,#5209,.F.);
#3280=EDGE_CURVE('',#4426,#4425,#5210,.T.);
#3281=EDGE_CURVE('',#4426,#4427,#5211,.T.);
#3282=EDGE_CURVE('',#4427,#4428,#5212,.T.);
#3283=EDGE_CURVE('',#4428,#4429,#5213,.F.);
#3284=EDGE_CURVE('',#4430,#4429,#5214,.T.);
#3285=EDGE_CURVE('',#4430,#4431,#5215,.T.);
#3286=EDGE_CURVE('',#4431,#4432,#5216,.T.);
#3287=EDGE_CURVE('',#4432,#4433,#5217,.T.);
#3288=EDGE_CURVE('',#4434,#4433,#5218,.T.);
#3289=EDGE_CURVE('',#4405,#4434,#5219,.T.);
#3290=EDGE_CURVE('',#4435,#4436,#5220,.T.);
#3291=EDGE_CURVE('',#4437,#4436,#5221,.T.);
#3292=EDGE_CURVE('',#4437,#4438,#5222,.F.);
#3293=EDGE_CURVE('',#4438,#4435,#5223,.T.);
#3294=EDGE_CURVE('',#4439,#4439,#349,.T.);
#3295=EDGE_CURVE('',#4440,#4441,#5224,.T.);
#3296=EDGE_CURVE('',#4442,#4440,#5225,.F.);
#3297=EDGE_CURVE('',#4442,#4443,#5226,.T.);
#3298=EDGE_CURVE('',#4441,#4443,#5227,.T.);
#3299=EDGE_CURVE('',#4444,#4444,#350,.T.);
#3300=EDGE_CURVE('',#4445,#4446,#5228,.T.);
#3301=EDGE_CURVE('',#4445,#4447,#5229,.T.);
#3302=EDGE_CURVE('',#4447,#4448,#5230,.T.);
#3303=EDGE_CURVE('',#4448,#4449,#5231,.T.);
#3304=EDGE_CURVE('',#4450,#4449,#5232,.T.);
#3305=EDGE_CURVE('',#4451,#4450,#5233,.T.);
#3306=EDGE_CURVE('',#4452,#4451,#5234,.T.);
#3307=EDGE_CURVE('',#4452,#4453,#5235,.T.);
#3308=EDGE_CURVE('',#4454,#4453,#5236,.F.);
#3309=EDGE_CURVE('',#4455,#4454,#5237,.T.);
#3310=EDGE_CURVE('',#4456,#4455,#5238,.T.);
#3311=EDGE_CURVE('',#4456,#4457,#5239,.T.);
#3312=EDGE_CURVE('',#4458,#4457,#5240,.F.);
#3313=EDGE_CURVE('',#4459,#4458,#5241,.T.);
#3314=EDGE_CURVE('',#4460,#4459,#5242,.T.);
#3315=EDGE_CURVE('',#4460,#4461,#5243,.T.);
#3316=EDGE_CURVE('',#4462,#4461,#5244,.F.);
#3317=EDGE_CURVE('',#4462,#4463,#614,.T.);
#3318=EDGE_CURVE('',#4464,#4463,#5245,.T.);
#3319=EDGE_CURVE('',#4465,#4464,#5246,.F.);
#3320=EDGE_CURVE('',#4466,#4465,#5247,.T.);
#3321=EDGE_CURVE('',#4467,#4466,#5248,.T.);
#3322=EDGE_CURVE('',#4467,#4468,#5249,.T.);
#3323=EDGE_CURVE('',#4468,#4469,#5250,.T.);
#3324=EDGE_CURVE('',#4470,#4469,#5251,.T.);
#3325=EDGE_CURVE('',#4471,#4470,#5252,.F.);
#3326=EDGE_CURVE('',#4471,#4472,#5253,.T.);
#3327=EDGE_CURVE('',#4472,#4473,#5254,.T.);
#3328=EDGE_CURVE('',#4474,#4473,#5255,.F.);
#3329=EDGE_CURVE('',#4474,#4475,#5256,.T.);
#3330=EDGE_CURVE('',#4475,#4446,#5257,.T.);
#3331=EDGE_CURVE('',#4476,#4477,#615,.T.);
#3332=EDGE_CURVE('',#4478,#4476,#5258,.T.);
#3333=EDGE_CURVE('',#4477,#4478,#351,.T.);
#3334=EDGE_CURVE('',#4479,#4480,#352,.T.);
#3335=EDGE_CURVE('',#4479,#4480,#5259,.T.);
#3336=EDGE_CURVE('',#4481,#4482,#353,.T.);
#3337=EDGE_CURVE('',#4481,#4483,#5260,.T.);
#3338=EDGE_CURVE('',#4482,#4483,#616,.T.);
#3339=EDGE_CURVE('',#4484,#4485,#354,.T.);
#3340=EDGE_CURVE('',#4486,#4484,#5261,.T.);
#3341=EDGE_CURVE('',#4487,#4486,#355,.T.);
#3342=EDGE_CURVE('',#4488,#4487,#617,.T.);
#3343=EDGE_CURVE('',#4489,#4488,#5262,.T.);
#3344=EDGE_CURVE('',#4485,#4489,#618,.T.);
#3345=EDGE_CURVE('',#4490,#4491,#5263,.T.);
#3346=EDGE_CURVE('',#4491,#4490,#356,.T.);
#3347=EDGE_CURVE('',#4492,#4493,#5264,.T.);
#3348=EDGE_CURVE('',#4493,#4494,#357,.T.);
#3349=EDGE_CURVE('',#4494,#4495,#5265,.T.);
#3350=EDGE_CURVE('',#4496,#4495,#358,.T.);
#3351=EDGE_CURVE('',#4496,#4497,#5266,.T.);
#3352=EDGE_CURVE('',#4498,#4497,#359,.T.);
#3353=EDGE_CURVE('',#4498,#4499,#5267,.T.);
#3354=EDGE_CURVE('',#4500,#4499,#360,.T.);
#3355=EDGE_CURVE('',#4500,#4501,#5268,.T.);
#3356=EDGE_CURVE('',#4502,#4501,#361,.T.);
#3357=EDGE_CURVE('',#4502,#4503,#5269,.T.);
#3358=EDGE_CURVE('',#4504,#4503,#362,.T.);
#3359=EDGE_CURVE('',#4504,#4505,#5270,.T.);
#3360=EDGE_CURVE('',#4506,#4505,#363,.T.);
#3361=EDGE_CURVE('',#4506,#4507,#5271,.T.);
#3362=EDGE_CURVE('',#4508,#4507,#364,.T.);
#3363=EDGE_CURVE('',#4508,#4509,#5272,.T.);
#3364=EDGE_CURVE('',#4492,#4509,#365,.T.);
#3365=EDGE_CURVE('',#4510,#4511,#366,.T.);
#3366=EDGE_CURVE('',#4510,#4512,#5273,.T.);
#3367=EDGE_CURVE('',#4513,#4512,#367,.T.);
#3368=EDGE_CURVE('',#4514,#4513,#619,.T.);
#3369=EDGE_CURVE('',#4515,#4514,#5274,.T.);
#3370=EDGE_CURVE('',#4511,#4515,#620,.T.);
#3371=EDGE_CURVE('',#4516,#4517,#621,.T.);
#3372=EDGE_CURVE('',#4518,#4516,#5275,.T.);
#3373=EDGE_CURVE('',#4519,#4518,#622,.T.);
#3374=EDGE_CURVE('',#4517,#4519,#368,.T.);
#3375=EDGE_CURVE('',#4520,#4521,#623,.T.);
#3376=EDGE_CURVE('',#4522,#4520,#5276,.T.);
#3377=EDGE_CURVE('',#4523,#4522,#624,.T.);
#3378=EDGE_CURVE('',#4521,#4523,#369,.T.);
#3379=EDGE_CURVE('',#4524,#4525,#625,.T.);
#3380=EDGE_CURVE('',#4526,#4524,#5277,.T.);
#3381=EDGE_CURVE('',#4527,#4526,#626,.T.);
#3382=EDGE_CURVE('',#4525,#4527,#370,.T.);
#3383=EDGE_CURVE('',#4528,#4529,#627,.T.);
#3384=EDGE_CURVE('',#4530,#4528,#5278,.T.);
#3385=EDGE_CURVE('',#4531,#4530,#628,.T.);
#3386=EDGE_CURVE('',#4529,#4531,#371,.T.);
#3387=EDGE_CURVE('',#4532,#4533,#629,.T.);
#3388=EDGE_CURVE('',#4534,#4532,#5279,.T.);
#3389=EDGE_CURVE('',#4535,#4534,#630,.T.);
#3390=EDGE_CURVE('',#4533,#4535,#372,.T.);
#3391=EDGE_CURVE('',#4536,#4537,#631,.T.);
#3392=EDGE_CURVE('',#4538,#4536,#5280,.T.);
#3393=EDGE_CURVE('',#4539,#4538,#632,.T.);
#3394=EDGE_CURVE('',#4537,#4539,#373,.T.);
#3395=EDGE_CURVE('',#4540,#4541,#633,.T.);
#3396=EDGE_CURVE('',#4542,#4540,#5281,.T.);
#3397=EDGE_CURVE('',#4543,#4542,#634,.T.);
#3398=EDGE_CURVE('',#4541,#4543,#374,.T.);
#3399=EDGE_CURVE('',#4544,#4545,#635,.T.);
#3400=EDGE_CURVE('',#4546,#4544,#5282,.T.);
#3401=EDGE_CURVE('',#4547,#4546,#636,.T.);
#3402=EDGE_CURVE('',#4545,#4547,#375,.T.);
#3403=EDGE_CURVE('',#4548,#4549,#637,.T.);
#3404=EDGE_CURVE('',#4550,#4548,#5283,.T.);
#3405=EDGE_CURVE('',#4551,#4550,#638,.T.);
#3406=EDGE_CURVE('',#4549,#4551,#376,.T.);
#3407=EDGE_CURVE('',#4552,#4553,#639,.T.);
#3408=EDGE_CURVE('',#4554,#4552,#5284,.T.);
#3409=EDGE_CURVE('',#4555,#4554,#640,.T.);
#3410=EDGE_CURVE('',#4553,#4555,#377,.T.);
#3411=EDGE_CURVE('',#4556,#4557,#641,.T.);
#3412=EDGE_CURVE('',#4558,#4556,#5285,.T.);
#3413=EDGE_CURVE('',#4559,#4558,#642,.T.);
#3414=EDGE_CURVE('',#4557,#4559,#378,.T.);
#3415=EDGE_CURVE('',#4560,#4561,#643,.T.);
#3416=EDGE_CURVE('',#4562,#4560,#5286,.T.);
#3417=EDGE_CURVE('',#4563,#4562,#644,.T.);
#3418=EDGE_CURVE('',#4561,#4563,#379,.T.);
#3419=EDGE_CURVE('',#4564,#4565,#645,.T.);
#3420=EDGE_CURVE('',#4565,#4566,#646,.T.);
#3421=EDGE_CURVE('',#4566,#4567,#647,.T.);
#3422=EDGE_CURVE('',#4567,#4568,#648,.T.);
#3423=EDGE_CURVE('',#4568,#4569,#5287,.T.);
#3424=EDGE_CURVE('',#4569,#4570,#380,.T.);
#3425=EDGE_CURVE('',#4570,#4571,#381,.T.);
#3426=EDGE_CURVE('',#4571,#4572,#649,.T.);
#3427=EDGE_CURVE('',#4572,#4573,#650,.T.);
#3428=EDGE_CURVE('',#4573,#4574,#651,.T.);
#3429=EDGE_CURVE('',#4574,#4575,#652,.T.);
#3430=EDGE_CURVE('',#4575,#4576,#653,.T.);
#3431=EDGE_CURVE('',#4576,#4577,#654,.T.);
#3432=EDGE_CURVE('',#4577,#4578,#655,.T.);
#3433=EDGE_CURVE('',#4578,#4579,#656,.T.);
#3434=EDGE_CURVE('',#4579,#4580,#657,.T.);
#3435=EDGE_CURVE('',#4580,#4581,#658,.T.);
#3436=EDGE_CURVE('',#4581,#4582,#5288,.T.);
#3437=EDGE_CURVE('',#4582,#4583,#659,.T.);
#3438=EDGE_CURVE('',#4583,#4584,#660,.T.);
#3439=EDGE_CURVE('',#4584,#4585,#661,.T.);
#3440=EDGE_CURVE('',#4585,#4586,#662,.T.);
#3441=EDGE_CURVE('',#4586,#4587,#663,.T.);
#3442=EDGE_CURVE('',#4587,#4588,#664,.T.);
#3443=EDGE_CURVE('',#4588,#4564,#665,.T.);
#3444=EDGE_CURVE('',#4589,#4590,#5289,.T.);
#3445=EDGE_CURVE('',#4590,#4591,#5290,.T.);
#3446=EDGE_CURVE('',#4591,#4592,#5291,.T.);
#3447=EDGE_CURVE('',#4592,#4593,#5292,.T.);
#3448=EDGE_CURVE('',#4593,#4594,#5293,.T.);
#3449=EDGE_CURVE('',#4594,#4595,#5294,.T.);
#3450=EDGE_CURVE('',#4595,#4596,#5295,.T.);
#3451=EDGE_CURVE('',#4596,#4597,#382,.F.);
#3452=EDGE_CURVE('',#4597,#4589,#383,.F.);
#3453=EDGE_CURVE('',#4598,#4599,#5296,.T.);
#3454=EDGE_CURVE('',#4599,#4600,#5297,.T.);
#3455=EDGE_CURVE('',#4600,#4601,#5298,.T.);
#3456=EDGE_CURVE('',#4601,#4602,#5299,.T.);
#3457=EDGE_CURVE('',#4602,#4603,#384,.F.);
#3458=EDGE_CURVE('',#4603,#4604,#5300,.T.);
#3459=EDGE_CURVE('',#4604,#4605,#5301,.T.);
#3460=EDGE_CURVE('',#4605,#4606,#5302,.T.);
#3461=EDGE_CURVE('',#4606,#4607,#5303,.T.);
#3462=EDGE_CURVE('',#4607,#4608,#5304,.T.);
#3463=EDGE_CURVE('',#4608,#4609,#5305,.T.);
#3464=EDGE_CURVE('',#4609,#4610,#385,.F.);
#3465=EDGE_CURVE('',#4610,#4611,#386,.F.);
#3466=EDGE_CURVE('',#4611,#4612,#5306,.T.);
#3467=EDGE_CURVE('',#4612,#4598,#5307,.T.);
#3468=EDGE_CURVE('',#4613,#4614,#5308,.T.);
#3469=EDGE_CURVE('',#4614,#4615,#5309,.T.);
#3470=EDGE_CURVE('',#4615,#4616,#5310,.T.);
#3471=EDGE_CURVE('',#4616,#4617,#5311,.T.);
#3472=EDGE_CURVE('',#4617,#4618,#5312,.T.);
#3473=EDGE_CURVE('',#4618,#4619,#5313,.T.);
#3474=EDGE_CURVE('',#4619,#4620,#5314,.T.);
#3475=EDGE_CURVE('',#4620,#4621,#5315,.T.);
#3476=EDGE_CURVE('',#4621,#4622,#5316,.T.);
#3477=EDGE_CURVE('',#4622,#4623,#5317,.T.);
#3478=EDGE_CURVE('',#4623,#4624,#5318,.T.);
#3479=EDGE_CURVE('',#4624,#4613,#5319,.T.);
#3480=EDGE_CURVE('',#4445,#4625,#666,.T.);
#3481=EDGE_CURVE('',#4626,#4446,#127,.F.);
#3482=EDGE_CURVE('',#4627,#4626,#5320,.T.);
#3483=EDGE_CURVE('',#4627,#4473,#128,.T.);
#3484=EDGE_CURVE('',#4472,#4628,#387,.T.);
#3485=EDGE_CURVE('',#4629,#4628,#5321,.T.);
#3486=EDGE_CURVE('',#4630,#4629,#388,.T.);
#3487=EDGE_CURVE('',#4630,#4631,#5322,.T.);
#3488=EDGE_CURVE('',#4632,#4631,#129,.T.);
#3489=EDGE_CURVE('',#4632,#4633,#5323,.T.);
#3490=EDGE_CURVE('',#4633,#4634,#130,.F.);
#3491=EDGE_CURVE('',#4634,#4625,#5324,.T.);
#3492=EDGE_CURVE('',#4635,#4404,#667,.T.);
#3493=EDGE_CURVE('',#4636,#4635,#5325,.T.);
#3494=EDGE_CURVE('',#4636,#4637,#131,.F.);
#3495=EDGE_CURVE('',#4637,#4638,#5326,.F.);
#3496=EDGE_CURVE('',#4639,#4638,#132,.T.);
#3497=EDGE_CURVE('',#4640,#4639,#5327,.T.);
#3498=EDGE_CURVE('',#4641,#4640,#389,.T.);
#3499=EDGE_CURVE('',#4641,#4642,#5328,.T.);
#3500=EDGE_CURVE('',#4642,#4410,#390,.T.);
#3501=EDGE_CURVE('',#4409,#4643,#133,.T.);
#3502=EDGE_CURVE('',#4644,#4643,#5329,.F.);
#3503=EDGE_CURVE('',#4406,#4644,#134,.F.);
#3504=EDGE_CURVE('',#4645,#4635,#5330,.F.);
#3505=EDGE_CURVE('',#4646,#4645,#5331,.T.);
#3506=EDGE_CURVE('',#4646,#4647,#5332,.T.);
#3507=EDGE_CURVE('',#4648,#4647,#5333,.T.);
#3508=EDGE_CURVE('',#4649,#4648,#5334,.T.);
#3509=EDGE_CURVE('',#4650,#4649,#5335,.T.);
#3510=EDGE_CURVE('',#4650,#4651,#5336,.T.);
#3511=EDGE_CURVE('',#4480,#4651,#5337,.F.);
#3512=EDGE_CURVE('',#4652,#4479,#5338,.T.);
#3513=EDGE_CURVE('',#4652,#4653,#5339,.T.);
#3514=EDGE_CURVE('',#4512,#4653,#5340,.F.);
#3515=EDGE_CURVE('',#4654,#4510,#5341,.T.);
#3516=EDGE_CURVE('',#4654,#4655,#5342,.T.);
#3517=EDGE_CURVE('',#4656,#4655,#5343,.F.);
#3518=EDGE_CURVE('',#4656,#4657,#668,.T.);
#3519=EDGE_CURVE('',#4658,#4657,#5344,.T.);
#3520=EDGE_CURVE('',#4483,#4658,#5345,.F.);
#3521=EDGE_CURVE('',#4659,#4481,#5346,.T.);
#3522=EDGE_CURVE('',#4659,#4660,#5347,.T.);
#3523=EDGE_CURVE('',#4660,#4661,#5348,.T.);
#3524=EDGE_CURVE('',#4662,#4661,#5349,.T.);
#3525=EDGE_CURVE('',#4663,#4662,#5350,.F.);
#3526=EDGE_CURVE('',#4663,#4640,#5351,.T.);
#3527=EDGE_CURVE('',#4664,#4639,#5352,.F.);
#3528=EDGE_CURVE('',#4664,#4665,#5353,.T.);
#3529=EDGE_CURVE('',#4665,#4636,#5354,.T.);
#3530=EDGE_CURVE('',#4666,#4667,#5355,.T.);
#3531=EDGE_CURVE('',#4668,#4666,#5356,.T.);
#3532=EDGE_CURVE('',#4669,#4668,#5357,.F.);
#3533=EDGE_CURVE('',#4669,#4667,#5358,.T.);
#3534=EDGE_CURVE('',#4670,#4671,#5359,.F.);
#3535=EDGE_CURVE('',#4670,#4672,#135,.T.);
#3536=EDGE_CURVE('',#4672,#4671,#391,.T.);
#3537=EDGE_CURVE('',#4673,#4478,#5360,.T.);
#3538=EDGE_CURVE('',#4673,#4674,#392,.T.);
#3539=EDGE_CURVE('',#4674,#4477,#5361,.T.);
#3540=EDGE_CURVE('',#4675,#4676,#5362,.T.);
#3541=EDGE_CURVE('',#4675,#4677,#669,.T.);
#3542=EDGE_CURVE('',#4677,#4676,#136,.T.);
#3543=EDGE_CURVE('',#4476,#4675,#5363,.F.);
#3544=EDGE_CURVE('',#4678,#4674,#670,.T.);
#3545=EDGE_CURVE('',#4678,#4677,#671,.T.);
#3546=EDGE_CURVE('',#4670,#4676,#672,.T.);
#3547=EDGE_CURVE('',#4672,#4678,#673,.T.);
#3548=EDGE_CURVE('',#4484,#4679,#5364,.F.);
#3549=EDGE_CURVE('',#4680,#4485,#5365,.T.);
#3550=EDGE_CURVE('',#4680,#4679,#393,.T.);
#3551=EDGE_CURVE('',#4681,#4486,#5366,.T.);
#3552=EDGE_CURVE('',#4681,#4682,#394,.T.);
#3553=EDGE_CURVE('',#4682,#4487,#5367,.T.);
#3554=EDGE_CURVE('',#4653,#4683,#395,.T.);
#3555=EDGE_CURVE('',#4683,#4513,#5368,.T.);
#3556=EDGE_CURVE('',#4491,#4684,#5369,.F.);
#3557=EDGE_CURVE('',#4685,#4490,#5370,.T.);
#3558=EDGE_CURVE('',#4684,#4685,#396,.T.);
#3559=EDGE_CURVE('',#4686,#4687,#397,.T.);
#3560=EDGE_CURVE('',#4686,#4688,#674,.T.);
#3561=EDGE_CURVE('',#4688,#4689,#675,.F.);
#3562=EDGE_CURVE('',#4690,#4689,#398,.T.);
#3563=EDGE_CURVE('',#4690,#4691,#676,.T.);
#3564=EDGE_CURVE('',#4691,#4687,#677,.T.);
#3565=EDGE_CURVE('',#4692,#4693,#399,.T.);
#3566=EDGE_CURVE('',#4692,#4694,#678,.T.);
#3567=EDGE_CURVE('',#4694,#4695,#679,.F.);
#3568=EDGE_CURVE('',#4696,#4695,#400,.T.);
#3569=EDGE_CURVE('',#4696,#4697,#680,.T.);
#3570=EDGE_CURVE('',#4697,#4693,#681,.T.);
#3571=EDGE_CURVE('',#4698,#4699,#401,.T.);
#3572=EDGE_CURVE('',#4698,#4700,#682,.T.);
#3573=EDGE_CURVE('',#4700,#4701,#683,.F.);
#3574=EDGE_CURVE('',#4702,#4701,#402,.T.);
#3575=EDGE_CURVE('',#4702,#4703,#684,.T.);
#3576=EDGE_CURVE('',#4703,#4699,#685,.T.);
#3577=EDGE_CURVE('',#4704,#4705,#403,.T.);
#3578=EDGE_CURVE('',#4704,#4706,#686,.T.);
#3579=EDGE_CURVE('',#4706,#4707,#687,.F.);
#3580=EDGE_CURVE('',#4708,#4707,#404,.T.);
#3581=EDGE_CURVE('',#4708,#4709,#688,.T.);
#3582=EDGE_CURVE('',#4709,#4705,#689,.T.);
#3583=EDGE_CURVE('',#4710,#4711,#405,.T.);
#3584=EDGE_CURVE('',#4710,#4712,#690,.T.);
#3585=EDGE_CURVE('',#4712,#4713,#691,.F.);
#3586=EDGE_CURVE('',#4714,#4713,#406,.T.);
#3587=EDGE_CURVE('',#4714,#4715,#692,.T.);
#3588=EDGE_CURVE('',#4715,#4711,#693,.T.);
#3589=EDGE_CURVE('',#4716,#4717,#407,.T.);
#3590=EDGE_CURVE('',#4716,#4718,#694,.T.);
#3591=EDGE_CURVE('',#4718,#4719,#695,.F.);
#3592=EDGE_CURVE('',#4720,#4719,#408,.T.);
#3593=EDGE_CURVE('',#4720,#4721,#696,.T.);
#3594=EDGE_CURVE('',#4721,#4717,#697,.T.);
#3595=EDGE_CURVE('',#4722,#4723,#5371,.T.);
#3596=EDGE_CURVE('',#4722,#4684,#5372,.T.);
#3597=EDGE_CURVE('',#4685,#4679,#5373,.T.);
#3598=EDGE_CURVE('',#4680,#4724,#698,.T.);
#3599=EDGE_CURVE('',#4724,#4725,#699,.F.);
#3600=EDGE_CURVE('',#4726,#4725,#409,.T.);
#3601=EDGE_CURVE('',#4726,#4727,#700,.T.);
#3602=EDGE_CURVE('',#4727,#4682,#701,.T.);
#3603=EDGE_CURVE('',#4681,#4671,#5374,.T.);
#3604=EDGE_CURVE('',#4673,#4728,#5375,.T.);
#3605=EDGE_CURVE('',#4729,#4728,#410,.F.);
#3606=EDGE_CURVE('',#4729,#4730,#5376,.T.);
#3607=EDGE_CURVE('',#4731,#4730,#5377,.T.);
#3608=EDGE_CURVE('',#4731,#4732,#411,.T.);
#3609=EDGE_CURVE('',#4733,#4732,#5378,.T.);
#3610=EDGE_CURVE('',#4733,#4734,#412,.T.);
#3611=EDGE_CURVE('',#4735,#4734,#5379,.T.);
#3612=EDGE_CURVE('',#4735,#4736,#413,.T.);
#3613=EDGE_CURVE('',#4737,#4736,#5380,.T.);
#3614=EDGE_CURVE('',#4737,#4723,#414,.T.);
#3615=EDGE_CURVE('',#4728,#4738,#5381,.T.);
#3616=EDGE_CURVE('',#4738,#4739,#415,.T.);
#3617=EDGE_CURVE('',#4729,#4739,#702,.T.);
#3618=EDGE_CURVE('',#4740,#4740,#416,.T.);
#3619=EDGE_CURVE('',#4741,#4741,#417,.T.);
#3620=EDGE_CURVE('',#4742,#4742,#418,.T.);
#3621=EDGE_CURVE('',#4743,#4743,#419,.T.);
#3622=EDGE_CURVE('',#4744,#4744,#420,.T.);
#3623=EDGE_CURVE('',#4745,#4745,#421,.T.);
#3624=EDGE_CURVE('',#4746,#4746,#422,.T.);
#3625=EDGE_CURVE('',#4747,#4748,#5382,.T.);
#3626=EDGE_CURVE('',#4747,#4749,#5383,.T.);
#3627=EDGE_CURVE('',#4739,#4749,#5384,.T.);
#3628=EDGE_CURVE('',#4750,#4738,#5385,.T.);
#3629=EDGE_CURVE('',#4750,#4751,#423,.T.);
#3630=EDGE_CURVE('',#4752,#4751,#5386,.T.);
#3631=EDGE_CURVE('',#4752,#4748,#424,.T.);
#3632=EDGE_CURVE('',#4753,#4753,#425,.T.);
#3633=EDGE_CURVE('',#4754,#4754,#426,.T.);
#3634=EDGE_CURVE('',#4755,#4755,#427,.T.);
#3635=EDGE_CURVE('',#4756,#4756,#428,.T.);
#3636=EDGE_CURVE('',#4757,#4757,#429,.T.);
#3637=EDGE_CURVE('',#4758,#4758,#430,.T.);
#3638=EDGE_CURVE('',#4759,#4759,#431,.T.);
#3639=EDGE_CURVE('',#4760,#4629,#5387,.T.);
#3640=EDGE_CURVE('',#4760,#4761,#5388,.T.);
#3641=EDGE_CURVE('',#4762,#4761,#432,.T.);
#3642=EDGE_CURVE('',#4762,#4763,#5389,.T.);
#3643=EDGE_CURVE('',#4764,#4763,#433,.T.);
#3644=EDGE_CURVE('',#4764,#4630,#5390,.T.);
#3645=EDGE_CURVE('',#4764,#4750,#5391,.F.);
#3646=EDGE_CURVE('',#4751,#4763,#5392,.T.);
#3647=EDGE_CURVE('',#4762,#4752,#5393,.F.);
#3648=EDGE_CURVE('',#4748,#4761,#5394,.T.);
#3649=EDGE_CURVE('',#4719,#4720,#137,.T.);
#3650=EDGE_CURVE('',#4716,#4519,#5395,.T.);
#3651=EDGE_CURVE('',#4717,#4517,#5396,.T.);
#3652=EDGE_CURVE('',#4516,#4765,#703,.T.);
#3653=EDGE_CURVE('',#4765,#4766,#138,.T.);
#3654=EDGE_CURVE('',#4766,#4518,#704,.T.);
#3655=EDGE_CURVE('',#4721,#4765,#705,.T.);
#3656=EDGE_CURVE('',#4766,#4718,#706,.T.);
#3657=EDGE_CURVE('',#4713,#4714,#139,.T.);
#3658=EDGE_CURVE('',#4710,#4523,#5397,.T.);
#3659=EDGE_CURVE('',#4711,#4521,#5398,.T.);
#3660=EDGE_CURVE('',#4520,#4767,#707,.T.);
#3661=EDGE_CURVE('',#4767,#4768,#140,.T.);
#3662=EDGE_CURVE('',#4768,#4522,#708,.T.);
#3663=EDGE_CURVE('',#4715,#4767,#709,.T.);
#3664=EDGE_CURVE('',#4768,#4712,#710,.T.);
#3665=EDGE_CURVE('',#4707,#4708,#141,.T.);
#3666=EDGE_CURVE('',#4704,#4527,#5399,.T.);
#3667=EDGE_CURVE('',#4705,#4525,#5400,.T.);
#3668=EDGE_CURVE('',#4524,#4769,#711,.T.);
#3669=EDGE_CURVE('',#4769,#4770,#142,.T.);
#3670=EDGE_CURVE('',#4770,#4526,#712,.T.);
#3671=EDGE_CURVE('',#4709,#4769,#713,.T.);
#3672=EDGE_CURVE('',#4770,#4706,#714,.T.);
#3673=EDGE_CURVE('',#4771,#4656,#143,.T.);
#3674=EDGE_CURVE('',#4655,#4771,#434,.T.);
#3675=EDGE_CURVE('',#4772,#4659,#435,.T.);
#3676=EDGE_CURVE('',#4772,#4482,#5401,.T.);
#3677=EDGE_CURVE('',#4773,#4658,#715,.T.);
#3678=EDGE_CURVE('',#4657,#4773,#144,.T.);
#3679=EDGE_CURVE('',#4773,#4774,#716,.T.);
#3680=EDGE_CURVE('',#4772,#4774,#717,.T.);
#3681=EDGE_CURVE('',#4774,#4771,#718,.F.);
#3682=EDGE_CURVE('',#4775,#4776,#436,.T.);
#3683=EDGE_CURVE('',#4776,#4775,#145,.T.);
#3684=EDGE_CURVE('',#4777,#4531,#5402,.T.);
#3685=EDGE_CURVE('',#4777,#4778,#437,.T.);
#3686=EDGE_CURVE('',#4778,#4529,#5403,.T.);
#3687=EDGE_CURVE('',#4528,#4779,#719,.T.);
#3688=EDGE_CURVE('',#4779,#4780,#146,.T.);
#3689=EDGE_CURVE('',#4780,#4530,#720,.T.);
#3690=EDGE_CURVE('',#4781,#4778,#721,.T.);
#3691=EDGE_CURVE('',#4781,#4779,#722,.T.);
#3692=EDGE_CURVE('',#4780,#4782,#723,.T.);
#3693=EDGE_CURVE('',#4777,#4782,#724,.T.);
#3694=EDGE_CURVE('',#4782,#4776,#725,.F.);
#3695=EDGE_CURVE('',#4775,#4781,#726,.T.);
#3696=EDGE_CURVE('',#4783,#4784,#438,.T.);
#3697=EDGE_CURVE('',#4784,#4783,#147,.T.);
#3698=EDGE_CURVE('',#4785,#4535,#5404,.T.);
#3699=EDGE_CURVE('',#4785,#4786,#439,.T.);
#3700=EDGE_CURVE('',#4786,#4533,#5405,.T.);
#3701=EDGE_CURVE('',#4532,#4787,#727,.T.);
#3702=EDGE_CURVE('',#4787,#4788,#148,.T.);
#3703=EDGE_CURVE('',#4788,#4534,#728,.T.);
#3704=EDGE_CURVE('',#4789,#4786,#729,.T.);
#3705=EDGE_CURVE('',#4789,#4787,#730,.T.);
#3706=EDGE_CURVE('',#4788,#4790,#731,.T.);
#3707=EDGE_CURVE('',#4785,#4790,#732,.T.);
#3708=EDGE_CURVE('',#4790,#4784,#733,.F.);
#3709=EDGE_CURVE('',#4783,#4789,#734,.T.);
#3710=EDGE_CURVE('',#4791,#4792,#440,.T.);
#3711=EDGE_CURVE('',#4792,#4791,#149,.T.);
#3712=EDGE_CURVE('',#4793,#4539,#5406,.T.);
#3713=EDGE_CURVE('',#4793,#4794,#441,.T.);
#3714=EDGE_CURVE('',#4794,#4537,#5407,.T.);
#3715=EDGE_CURVE('',#4536,#4795,#735,.T.);
#3716=EDGE_CURVE('',#4795,#4796,#150,.T.);
#3717=EDGE_CURVE('',#4796,#4538,#736,.T.);
#3718=EDGE_CURVE('',#4797,#4794,#737,.T.);
#3719=EDGE_CURVE('',#4797,#4795,#738,.T.);
#3720=EDGE_CURVE('',#4796,#4798,#739,.T.);
#3721=EDGE_CURVE('',#4793,#4798,#740,.T.);
#3722=EDGE_CURVE('',#4798,#4792,#741,.F.);
#3723=EDGE_CURVE('',#4791,#4797,#742,.T.);
#3724=EDGE_CURVE('',#4701,#4702,#151,.T.);
#3725=EDGE_CURVE('',#4698,#4543,#5408,.T.);
#3726=EDGE_CURVE('',#4699,#4541,#5409,.T.);
#3727=EDGE_CURVE('',#4540,#4799,#743,.T.);
#3728=EDGE_CURVE('',#4799,#4800,#152,.T.);
#3729=EDGE_CURVE('',#4800,#4542,#744,.T.);
#3730=EDGE_CURVE('',#4703,#4799,#745,.T.);
#3731=EDGE_CURVE('',#4800,#4700,#746,.T.);
#3732=EDGE_CURVE('',#4695,#4696,#153,.T.);
#3733=EDGE_CURVE('',#4692,#4547,#5410,.T.);
#3734=EDGE_CURVE('',#4693,#4545,#5411,.T.);
#3735=EDGE_CURVE('',#4544,#4801,#747,.T.);
#3736=EDGE_CURVE('',#4801,#4802,#154,.T.);
#3737=EDGE_CURVE('',#4802,#4546,#748,.T.);
#3738=EDGE_CURVE('',#4697,#4801,#749,.T.);
#3739=EDGE_CURVE('',#4802,#4694,#750,.T.);
#3740=EDGE_CURVE('',#4689,#4690,#155,.T.);
#3741=EDGE_CURVE('',#4686,#4551,#5412,.T.);
#3742=EDGE_CURVE('',#4687,#4549,#5413,.T.);
#3743=EDGE_CURVE('',#4548,#4803,#751,.T.);
#3744=EDGE_CURVE('',#4803,#4804,#156,.T.);
#3745=EDGE_CURVE('',#4804,#4550,#752,.T.);
#3746=EDGE_CURVE('',#4691,#4803,#753,.T.);
#3747=EDGE_CURVE('',#4804,#4688,#754,.T.);
#3748=EDGE_CURVE('',#4725,#4726,#157,.T.);
#3749=EDGE_CURVE('',#4488,#4805,#755,.T.);
#3750=EDGE_CURVE('',#4805,#4806,#158,.T.);
#3751=EDGE_CURVE('',#4806,#4489,#756,.T.);
#3752=EDGE_CURVE('',#4727,#4805,#757,.T.);
#3753=EDGE_CURVE('',#4806,#4724,#758,.T.);
#3754=EDGE_CURVE('',#4807,#4808,#442,.T.);
#3755=EDGE_CURVE('',#4808,#4807,#159,.T.);
#3756=EDGE_CURVE('',#4809,#4654,#443,.T.);
#3757=EDGE_CURVE('',#4809,#4511,#5414,.T.);
#3758=EDGE_CURVE('',#4514,#4810,#759,.T.);
#3759=EDGE_CURVE('',#4810,#4811,#160,.T.);
#3760=EDGE_CURVE('',#4811,#4515,#760,.T.);
#3761=EDGE_CURVE('',#4812,#4683,#761,.T.);
#3762=EDGE_CURVE('',#4812,#4810,#762,.T.);
#3763=EDGE_CURVE('',#4811,#4813,#763,.T.);
#3764=EDGE_CURVE('',#4809,#4813,#764,.T.);
#3765=EDGE_CURVE('',#4813,#4808,#765,.F.);
#3766=EDGE_CURVE('',#4807,#4812,#766,.T.);
#3767=EDGE_CURVE('',#4814,#4815,#444,.T.);
#3768=EDGE_CURVE('',#4815,#4814,#161,.T.);
#3769=EDGE_CURVE('',#4816,#4555,#5415,.T.);
#3770=EDGE_CURVE('',#4816,#4817,#445,.T.);
#3771=EDGE_CURVE('',#4817,#4553,#5416,.T.);
#3772=EDGE_CURVE('',#4552,#4818,#767,.T.);
#3773=EDGE_CURVE('',#4818,#4819,#162,.T.);
#3774=EDGE_CURVE('',#4819,#4554,#768,.T.);
#3775=EDGE_CURVE('',#4820,#4817,#769,.T.);
#3776=EDGE_CURVE('',#4820,#4818,#770,.T.);
#3777=EDGE_CURVE('',#4819,#4821,#771,.T.);
#3778=EDGE_CURVE('',#4816,#4821,#772,.T.);
#3779=EDGE_CURVE('',#4821,#4815,#773,.F.);
#3780=EDGE_CURVE('',#4814,#4820,#774,.T.);
#3781=EDGE_CURVE('',#4822,#4823,#446,.T.);
#3782=EDGE_CURVE('',#4823,#4822,#163,.T.);
#3783=EDGE_CURVE('',#4824,#4559,#5417,.T.);
#3784=EDGE_CURVE('',#4824,#4825,#447,.T.);
#3785=EDGE_CURVE('',#4825,#4557,#5418,.T.);
#3786=EDGE_CURVE('',#4556,#4826,#775,.T.);
#3787=EDGE_CURVE('',#4826,#4827,#164,.T.);
#3788=EDGE_CURVE('',#4827,#4558,#776,.T.);
#3789=EDGE_CURVE('',#4828,#4825,#777,.T.);
#3790=EDGE_CURVE('',#4828,#4826,#778,.T.);
#3791=EDGE_CURVE('',#4827,#4829,#779,.T.);
#3792=EDGE_CURVE('',#4824,#4829,#780,.T.);
#3793=EDGE_CURVE('',#4829,#4823,#781,.F.);
#3794=EDGE_CURVE('',#4822,#4828,#782,.T.);
#3795=EDGE_CURVE('',#4830,#4563,#5419,.T.);
#3796=EDGE_CURVE('',#4830,#4831,#448,.T.);
#3797=EDGE_CURVE('',#4831,#4561,#5420,.T.);
#3798=EDGE_CURVE('',#4492,#4731,#5421,.F.);
#3799=EDGE_CURVE('',#4732,#4509,#5422,.T.);
#3800=EDGE_CURVE('',#4508,#4733,#5423,.F.);
#3801=EDGE_CURVE('',#4734,#4507,#5424,.T.);
#3802=EDGE_CURVE('',#4506,#4735,#5425,.F.);
#3803=EDGE_CURVE('',#4736,#4505,#5426,.T.);
#3804=EDGE_CURVE('',#4504,#4737,#5427,.F.);
#3805=EDGE_CURVE('',#4723,#4503,#5428,.T.);
#3806=EDGE_CURVE('',#4652,#4651,#449,.T.);
#3807=EDGE_CURVE('',#4832,#4832,#450,.T.);
#3808=EDGE_CURVE('',#4447,#4833,#451,.T.);
#3809=EDGE_CURVE('',#4760,#4833,#5429,.T.);
#3810=EDGE_CURVE('',#4448,#4628,#5430,.T.);
#3811=EDGE_CURVE('',#4645,#4405,#452,.T.);
#3812=EDGE_CURVE('',#4642,#4434,#5431,.T.);
#3813=EDGE_CURVE('',#4641,#4646,#5432,.T.);
#3814=EDGE_CURVE('',#4834,#4834,#453,.T.);
#3815=EDGE_CURVE('',#4835,#4835,#454,.T.);
#3816=EDGE_CURVE('',#4836,#4836,#455,.T.);
#3817=EDGE_CURVE('',#4837,#4837,#456,.T.);
#3818=EDGE_CURVE('',#4838,#4839,#5433,.T.);
#3819=EDGE_CURVE('',#4839,#4840,#783,.T.);
#3820=EDGE_CURVE('',#4840,#4841,#5434,.T.);
#3821=EDGE_CURVE('',#4842,#4841,#5435,.T.);
#3822=EDGE_CURVE('',#4843,#4842,#5436,.T.);
#3823=EDGE_CURVE('',#4844,#4843,#457,.T.);
#3824=EDGE_CURVE('',#4844,#4431,#5437,.T.);
#3825=EDGE_CURVE('',#4845,#4430,#5438,.T.);
#3826=EDGE_CURVE('',#4846,#4845,#5439,.F.);
#3827=EDGE_CURVE('',#4846,#4847,#5440,.T.);
#3828=EDGE_CURVE('',#4848,#4847,#5441,.T.);
#3829=EDGE_CURVE('',#4452,#4848,#5442,.T.);
#3830=EDGE_CURVE('',#4451,#4849,#5443,.T.);
#3831=EDGE_CURVE('',#4849,#4850,#458,.T.);
#3832=EDGE_CURVE('',#4851,#4850,#5444,.T.);
#3833=EDGE_CURVE('',#4852,#4851,#5445,.F.);
#3834=EDGE_CURVE('',#4852,#4853,#5446,.T.);
#3835=EDGE_CURVE('',#4853,#4854,#784,.T.);
#3836=EDGE_CURVE('',#4855,#4854,#5447,.T.);
#3837=EDGE_CURVE('',#4855,#4493,#785,.T.);
#3838=EDGE_CURVE('',#4749,#4730,#459,.T.);
#3839=EDGE_CURVE('',#4722,#4747,#5448,.T.);
#3840=EDGE_CURVE('',#4502,#4856,#5449,.F.);
#3841=EDGE_CURVE('',#4856,#4650,#5450,.T.);
#3842=EDGE_CURVE('',#4857,#4649,#5451,.T.);
#3843=EDGE_CURVE('',#4857,#4858,#460,.T.);
#3844=EDGE_CURVE('',#4858,#4859,#5452,.T.);
#3845=EDGE_CURVE('',#4859,#4495,#5453,.T.);
#3846=EDGE_CURVE('',#4494,#4838,#786,.T.);
#3847=EDGE_CURVE('',#4856,#4860,#461,.T.);
#3848=EDGE_CURVE('',#4860,#4501,#5454,.T.);
#3849=EDGE_CURVE('',#4861,#4860,#5455,.T.);
#3850=EDGE_CURVE('',#4500,#4861,#5456,.F.);
#3851=EDGE_CURVE('',#4861,#4862,#462,.T.);
#3852=EDGE_CURVE('',#4862,#4499,#5457,.T.);
#3853=EDGE_CURVE('',#4863,#4862,#5458,.T.);
#3854=EDGE_CURVE('',#4498,#4863,#5459,.F.);
#3855=EDGE_CURVE('',#4863,#4864,#463,.T.);
#3856=EDGE_CURVE('',#4864,#4497,#5460,.T.);
#3857=EDGE_CURVE('',#4865,#4864,#5461,.T.);
#3858=EDGE_CURVE('',#4865,#4859,#464,.T.);
#3859=EDGE_CURVE('',#4866,#4858,#5462,.T.);
#3860=EDGE_CURVE('',#4660,#4866,#465,.F.);
#3861=EDGE_CURVE('',#4830,#4867,#787,.T.);
#3862=EDGE_CURVE('',#4867,#4868,#788,.F.);
#3863=EDGE_CURVE('',#4869,#4868,#466,.T.);
#3864=EDGE_CURVE('',#4869,#4870,#789,.T.);
#3865=EDGE_CURVE('',#4870,#4831,#790,.T.);
#3866=EDGE_CURVE('',#4496,#4865,#5463,.F.);
#3867=EDGE_CURVE('',#4866,#4871,#791,.T.);
#3868=EDGE_CURVE('',#4871,#4661,#467,.T.);
#3869=EDGE_CURVE('',#4872,#4872,#468,.T.);
#3870=EDGE_CURVE('',#4873,#4873,#469,.T.);
#3871=EDGE_CURVE('',#4874,#4874,#470,.T.);
#3872=EDGE_CURVE('',#4648,#4668,#471,.T.);
#3873=EDGE_CURVE('',#4666,#4662,#472,.T.);
#3874=EDGE_CURVE('',#4871,#4857,#5464,.T.);
#3875=EDGE_CURVE('',#4875,#4875,#473,.T.);
#3876=EDGE_CURVE('',#4876,#4876,#474,.T.);
#3877=EDGE_CURVE('',#4877,#4877,#475,.T.);
#3878=EDGE_CURVE('',#4878,#4878,#476,.T.);
#3879=EDGE_CURVE('',#4854,#4839,#477,.F.);
#3880=EDGE_CURVE('',#4838,#4855,#478,.F.);
#3881=EDGE_CURVE('',#4667,#4663,#479,.T.);
#3882=EDGE_CURVE('',#4647,#4669,#480,.T.);
#3883=EDGE_CURVE('',#4879,#4879,#481,.T.);
#3884=EDGE_CURVE('',#4880,#4880,#482,.T.);
#3885=EDGE_CURVE('',#4881,#4881,#483,.T.);
#3886=EDGE_CURVE('',#4882,#4882,#484,.T.);
#3887=EDGE_CURVE('',#4883,#4883,#485,.T.);
#3888=EDGE_CURVE('',#4884,#4884,#486,.T.);
#3889=EDGE_CURVE('',#4885,#4885,#487,.T.);
#3890=EDGE_CURVE('',#4886,#4886,#488,.T.);
#3891=EDGE_CURVE('',#4887,#4887,#489,.T.);
#3892=EDGE_CURVE('',#4868,#4869,#165,.T.);
#3893=EDGE_CURVE('',#4870,#4888,#792,.T.);
#3894=EDGE_CURVE('',#4560,#4888,#793,.T.);
#3895=EDGE_CURVE('',#4889,#4562,#794,.T.);
#3896=EDGE_CURVE('',#4889,#4867,#795,.T.);
#3897=EDGE_CURVE('',#4888,#4889,#166,.T.);
#3898=EDGE_CURVE('',#4833,#4625,#5465,.F.);
#3899=EDGE_CURVE('',#4890,#4634,#5466,.T.);
#3900=EDGE_CURVE('',#4891,#4890,#5467,.T.);
#3901=EDGE_CURVE('',#4891,#4631,#5468,.F.);
#3902=EDGE_CURVE('',#4664,#4638,#5469,.T.);
#3903=EDGE_CURVE('',#4665,#4637,#5470,.T.);
#3904=EDGE_CURVE('',#4890,#4633,#5471,.T.);
#3905=EDGE_CURVE('',#4891,#4632,#5472,.T.);
#3906=EDGE_CURVE('',#4892,#4461,#490,.T.);
#3907=EDGE_CURVE('',#4462,#4892,#167,.T.);
#3908=EDGE_CURVE('',#4893,#4466,#491,.T.);
#3909=EDGE_CURVE('',#4894,#4893,#5473,.T.);
#3910=EDGE_CURVE('',#4467,#4894,#492,.T.);
#3911=EDGE_CURVE('',#4895,#4463,#168,.T.);
#3912=EDGE_CURVE('',#4464,#4895,#796,.T.);
#3913=EDGE_CURVE('',#4896,#4895,#797,.T.);
#3914=EDGE_CURVE('',#4896,#4894,#798,.T.);
#3915=EDGE_CURVE('',#4465,#4893,#799,.T.);
#3916=EDGE_CURVE('',#4892,#4896,#800,.T.);
#3917=EDGE_CURVE('',#4897,#4457,#493,.T.);
#3918=EDGE_CURVE('',#4897,#4898,#5474,.T.);
#3919=EDGE_CURVE('',#4458,#4898,#494,.T.);
#3920=EDGE_CURVE('',#4899,#4459,#495,.T.);
#3921=EDGE_CURVE('',#4900,#4899,#5475,.T.);
#3922=EDGE_CURVE('',#4460,#4900,#496,.T.);
#3923=EDGE_CURVE('',#4901,#4424,#497,.T.);
#3924=EDGE_CURVE('',#4902,#4901,#5476,.T.);
#3925=EDGE_CURVE('',#4425,#4902,#498,.T.);
#3926=EDGE_CURVE('',#4453,#4456,#499,.T.);
#3927=EDGE_CURVE('',#4454,#4455,#500,.T.);
#3928=EDGE_CURVE('',#4903,#4904,#501,.T.);
#3929=EDGE_CURVE('',#4905,#4904,#801,.T.);
#3930=EDGE_CURVE('',#4906,#4905,#802,.T.);
#3931=EDGE_CURVE('',#4906,#4907,#502,.T.);
#3932=EDGE_CURVE('',#4908,#4907,#803,.F.);
#3933=EDGE_CURVE('',#4903,#4908,#804,.T.);
#3934=EDGE_CURVE('',#4909,#4910,#503,.T.);
#3935=EDGE_CURVE('',#4911,#4910,#805,.T.);
#3936=EDGE_CURVE('',#4912,#4911,#806,.T.);
#3937=EDGE_CURVE('',#4912,#4913,#504,.T.);
#3938=EDGE_CURVE('',#4914,#4913,#807,.F.);
#3939=EDGE_CURVE('',#4909,#4914,#808,.T.);
#3940=EDGE_CURVE('',#4915,#4916,#505,.T.);
#3941=EDGE_CURVE('',#4917,#4916,#809,.T.);
#3942=EDGE_CURVE('',#4918,#4917,#810,.T.);
#3943=EDGE_CURVE('',#4918,#4919,#506,.T.);
#3944=EDGE_CURVE('',#4920,#4919,#811,.F.);
#3945=EDGE_CURVE('',#4915,#4920,#812,.T.);
#3946=EDGE_CURVE('',#4921,#4922,#507,.T.);
#3947=EDGE_CURVE('',#4923,#4922,#813,.T.);
#3948=EDGE_CURVE('',#4924,#4923,#814,.T.);
#3949=EDGE_CURVE('',#4924,#4925,#508,.T.);
#3950=EDGE_CURVE('',#4926,#4925,#815,.F.);
#3951=EDGE_CURVE('',#4921,#4926,#816,.T.);
#3952=EDGE_CURVE('',#4927,#4928,#509,.T.);
#3953=EDGE_CURVE('',#4929,#4928,#817,.T.);
#3954=EDGE_CURVE('',#4930,#4929,#818,.T.);
#3955=EDGE_CURVE('',#4930,#4931,#510,.T.);
#3956=EDGE_CURVE('',#4932,#4931,#819,.F.);
#3957=EDGE_CURVE('',#4927,#4932,#820,.T.);
#3958=EDGE_CURVE('',#4933,#4934,#511,.T.);
#3959=EDGE_CURVE('',#4935,#4934,#821,.T.);
#3960=EDGE_CURVE('',#4936,#4935,#822,.T.);
#3961=EDGE_CURVE('',#4936,#4937,#512,.T.);
#3962=EDGE_CURVE('',#4938,#4937,#823,.F.);
#3963=EDGE_CURVE('',#4933,#4938,#824,.T.);
#3964=EDGE_CURVE('',#4939,#4848,#513,.T.);
#3965=EDGE_CURVE('',#4939,#4940,#5477,.T.);
#3966=EDGE_CURVE('',#4941,#4940,#514,.T.);
#3967=EDGE_CURVE('',#4941,#4942,#5478,.T.);
#3968=EDGE_CURVE('',#4943,#4942,#515,.T.);
#3969=EDGE_CURVE('',#4943,#4944,#5479,.T.);
#3970=EDGE_CURVE('',#4851,#4944,#516,.T.);
#3971=EDGE_CURVE('',#4945,#4850,#5480,.T.);
#3972=EDGE_CURVE('',#4945,#4468,#517,.F.);
#3973=EDGE_CURVE('',#4946,#4900,#825,.T.);
#3974=EDGE_CURVE('',#4947,#4946,#826,.T.);
#3975=EDGE_CURVE('',#4947,#4948,#518,.T.);
#3976=EDGE_CURVE('',#4949,#4948,#827,.F.);
#3977=EDGE_CURVE('',#4897,#4949,#828,.T.);
#3978=EDGE_CURVE('',#4945,#4950,#829,.T.);
#3979=EDGE_CURVE('',#4469,#4950,#519,.T.);
#3980=EDGE_CURVE('',#4951,#4951,#520,.T.);
#3981=EDGE_CURVE('',#4952,#4952,#521,.T.);
#3982=EDGE_CURVE('',#4953,#4953,#522,.T.);
#3983=EDGE_CURVE('',#4954,#4954,#523,.T.);
#3984=EDGE_CURVE('',#4955,#4955,#524,.T.);
#3985=EDGE_CURVE('',#4956,#4956,#525,.T.);
#3986=EDGE_CURVE('',#4957,#4957,#526,.T.);
#3987=EDGE_CURVE('',#4440,#4450,#527,.T.);
#3988=EDGE_CURVE('',#4470,#4441,#528,.T.);
#3989=EDGE_CURVE('',#4950,#4849,#5481,.T.);
#3990=EDGE_CURVE('',#4958,#4958,#529,.T.);
#3991=EDGE_CURVE('',#4959,#4959,#530,.T.);
#3992=EDGE_CURVE('',#4960,#4960,#531,.T.);
#3993=EDGE_CURVE('',#4961,#4961,#532,.T.);
#3994=EDGE_CURVE('',#4962,#4962,#533,.T.);
#3995=EDGE_CURVE('',#4963,#4963,#534,.T.);
#3996=EDGE_CURVE('',#4964,#4964,#535,.T.);
#3997=EDGE_CURVE('',#4471,#4443,#536,.T.);
#3998=EDGE_CURVE('',#4442,#4449,#537,.T.);
#3999=EDGE_CURVE('',#4937,#4936,#169,.T.);
#4000=EDGE_CURVE('',#4933,#4965,#5482,.T.);
#4001=EDGE_CURVE('',#4966,#4965,#538,.T.);
#4002=EDGE_CURVE('',#4934,#4966,#5483,.T.);
#4003=EDGE_CURVE('',#4967,#4968,#830,.T.);
#4004=EDGE_CURVE('',#4969,#4967,#5484,.T.);
#4005=EDGE_CURVE('',#4970,#4969,#831,.T.);
#4006=EDGE_CURVE('',#4968,#4970,#170,.T.);
#4007=EDGE_CURVE('',#4967,#4966,#832,.T.);
#4008=EDGE_CURVE('',#4935,#4968,#833,.T.);
#4009=EDGE_CURVE('',#4970,#4938,#834,.T.);
#4010=EDGE_CURVE('',#4965,#4969,#835,.T.);
#4011=EDGE_CURVE('',#4931,#4930,#171,.T.);
#4012=EDGE_CURVE('',#4927,#4971,#5485,.T.);
#4013=EDGE_CURVE('',#4972,#4971,#539,.T.);
#4014=EDGE_CURVE('',#4928,#4972,#5486,.T.);
#4015=EDGE_CURVE('',#4973,#4974,#836,.T.);
#4016=EDGE_CURVE('',#4975,#4973,#5487,.T.);
#4017=EDGE_CURVE('',#4976,#4975,#837,.T.);
#4018=EDGE_CURVE('',#4974,#4976,#172,.T.);
#4019=EDGE_CURVE('',#4973,#4972,#838,.T.);
#4020=EDGE_CURVE('',#4929,#4974,#839,.T.);
#4021=EDGE_CURVE('',#4976,#4932,#840,.T.);
#4022=EDGE_CURVE('',#4971,#4975,#841,.T.);
#4023=EDGE_CURVE('',#4925,#4924,#173,.T.);
#4024=EDGE_CURVE('',#4921,#4977,#5488,.T.);
#4025=EDGE_CURVE('',#4978,#4977,#540,.T.);
#4026=EDGE_CURVE('',#4922,#4978,#5489,.T.);
#4027=EDGE_CURVE('',#4979,#4980,#842,.T.);
#4028=EDGE_CURVE('',#4981,#4979,#5490,.T.);
#4029=EDGE_CURVE('',#4982,#4981,#843,.T.);
#4030=EDGE_CURVE('',#4980,#4982,#174,.T.);
#4031=EDGE_CURVE('',#4979,#4978,#844,.T.);
#4032=EDGE_CURVE('',#4923,#4980,#845,.T.);
#4033=EDGE_CURVE('',#4982,#4926,#846,.T.);
#4034=EDGE_CURVE('',#4977,#4981,#847,.T.);
#4035=EDGE_CURVE('',#4983,#4420,#175,.T.);
#4036=EDGE_CURVE('',#4421,#4983,#541,.T.);
#4037=EDGE_CURVE('',#4984,#4415,#542,.T.);
#4038=EDGE_CURVE('',#4984,#4985,#5491,.T.);
#4039=EDGE_CURVE('',#4416,#4985,#543,.T.);
#4040=EDGE_CURVE('',#4986,#4418,#848,.T.);
#4041=EDGE_CURVE('',#4419,#4986,#176,.T.);
#4042=EDGE_CURVE('',#4985,#4417,#849,.T.);
#4043=EDGE_CURVE('',#4984,#4987,#850,.T.);
#4044=EDGE_CURVE('',#4986,#4987,#851,.T.);
#4045=EDGE_CURVE('',#4987,#4983,#852,.F.);
#4046=EDGE_CURVE('',#4988,#4989,#544,.T.);
#4047=EDGE_CURVE('',#4989,#4988,#177,.T.);
#4048=EDGE_CURVE('',#4990,#4991,#5492,.T.);
#4049=EDGE_CURVE('',#4992,#4991,#545,.T.);
#4050=EDGE_CURVE('',#4993,#4992,#5493,.T.);
#4051=EDGE_CURVE('',#4990,#4993,#546,.T.);
#4052=EDGE_CURVE('',#4994,#4995,#853,.T.);
#4053=EDGE_CURVE('',#4996,#4994,#5494,.T.);
#4054=EDGE_CURVE('',#4997,#4996,#854,.T.);
#4055=EDGE_CURVE('',#4995,#4997,#178,.T.);
#4056=EDGE_CURVE('',#4994,#4992,#855,.T.);
#4057=EDGE_CURVE('',#4998,#4995,#856,.T.);
#4058=EDGE_CURVE('',#4998,#4993,#857,.T.);
#4059=EDGE_CURVE('',#4990,#4999,#858,.T.);
#4060=EDGE_CURVE('',#4997,#4999,#859,.T.);
#4061=EDGE_CURVE('',#4991,#4996,#860,.T.);
#4062=EDGE_CURVE('',#4988,#4998,#861,.T.);
#4063=EDGE_CURVE('',#4999,#4989,#862,.F.);
#4064=EDGE_CURVE('',#5000,#5001,#547,.T.);
#4065=EDGE_CURVE('',#5001,#5000,#179,.T.);
#4066=EDGE_CURVE('',#5002,#5003,#5495,.T.);
#4067=EDGE_CURVE('',#5004,#5003,#548,.T.);
#4068=EDGE_CURVE('',#5005,#5004,#5496,.T.);
#4069=EDGE_CURVE('',#5002,#5005,#549,.T.);
#4070=EDGE_CURVE('',#5006,#5007,#863,.T.);
#4071=EDGE_CURVE('',#5008,#5006,#5497,.T.);
#4072=EDGE_CURVE('',#5009,#5008,#864,.T.);
#4073=EDGE_CURVE('',#5007,#5009,#180,.T.);
#4074=EDGE_CURVE('',#5006,#5004,#865,.T.);
#4075=EDGE_CURVE('',#5010,#5007,#866,.T.);
#4076=EDGE_CURVE('',#5010,#5005,#867,.T.);
#4077=EDGE_CURVE('',#5002,#5011,#868,.T.);
#4078=EDGE_CURVE('',#5009,#5011,#869,.T.);
#4079=EDGE_CURVE('',#5003,#5008,#870,.T.);
#4080=EDGE_CURVE('',#5000,#5010,#871,.T.);
#4081=EDGE_CURVE('',#5011,#5001,#872,.F.);
#4082=EDGE_CURVE('',#5012,#5013,#550,.T.);
#4083=EDGE_CURVE('',#5013,#5012,#181,.T.);
#4084=EDGE_CURVE('',#5014,#5015,#5498,.T.);
#4085=EDGE_CURVE('',#5016,#5015,#551,.T.);
#4086=EDGE_CURVE('',#5017,#5016,#5499,.T.);
#4087=EDGE_CURVE('',#5014,#5017,#552,.T.);
#4088=EDGE_CURVE('',#5018,#5019,#873,.T.);
#4089=EDGE_CURVE('',#5020,#5018,#5500,.T.);
#4090=EDGE_CURVE('',#5021,#5020,#874,.T.);
#4091=EDGE_CURVE('',#5019,#5021,#182,.T.);
#4092=EDGE_CURVE('',#5018,#5016,#875,.T.);
#4093=EDGE_CURVE('',#5022,#5019,#876,.T.);
#4094=EDGE_CURVE('',#5022,#5017,#877,.T.);
#4095=EDGE_CURVE('',#5014,#5023,#878,.T.);
#4096=EDGE_CURVE('',#5021,#5023,#879,.T.);
#4097=EDGE_CURVE('',#5015,#5020,#880,.T.);
#4098=EDGE_CURVE('',#5012,#5022,#881,.T.);
#4099=EDGE_CURVE('',#5023,#5013,#882,.F.);
#4100=EDGE_CURVE('',#4919,#4918,#183,.T.);
#4101=EDGE_CURVE('',#4915,#5024,#5501,.T.);
#4102=EDGE_CURVE('',#5025,#5024,#553,.T.);
#4103=EDGE_CURVE('',#4916,#5025,#5502,.T.);
#4104=EDGE_CURVE('',#5026,#5027,#883,.T.);
#4105=EDGE_CURVE('',#5028,#5026,#5503,.T.);
#4106=EDGE_CURVE('',#5029,#5028,#884,.T.);
#4107=EDGE_CURVE('',#5027,#5029,#184,.T.);
#4108=EDGE_CURVE('',#5026,#5025,#885,.T.);
#4109=EDGE_CURVE('',#4917,#5027,#886,.T.);
#4110=EDGE_CURVE('',#5029,#4920,#887,.T.);
#4111=EDGE_CURVE('',#5024,#5028,#888,.T.);
#4112=EDGE_CURVE('',#4913,#4912,#185,.T.);
#4113=EDGE_CURVE('',#4909,#5030,#5504,.T.);
#4114=EDGE_CURVE('',#5031,#5030,#554,.T.);
#4115=EDGE_CURVE('',#4910,#5031,#5505,.T.);
#4116=EDGE_CURVE('',#5032,#5033,#889,.T.);
#4117=EDGE_CURVE('',#5034,#5032,#5506,.T.);
#4118=EDGE_CURVE('',#5035,#5034,#890,.T.);
#4119=EDGE_CURVE('',#5033,#5035,#186,.T.);
#4120=EDGE_CURVE('',#5032,#5031,#891,.T.);
#4121=EDGE_CURVE('',#4911,#5033,#892,.T.);
#4122=EDGE_CURVE('',#5035,#4914,#893,.T.);
#4123=EDGE_CURVE('',#5030,#5034,#894,.T.);
#4124=EDGE_CURVE('',#4907,#4906,#187,.T.);
#4125=EDGE_CURVE('',#4903,#5036,#5507,.T.);
#4126=EDGE_CURVE('',#5037,#5036,#555,.T.);
#4127=EDGE_CURVE('',#4904,#5037,#5508,.T.);
#4128=EDGE_CURVE('',#5038,#5039,#895,.T.);
#4129=EDGE_CURVE('',#5040,#5038,#5509,.T.);
#4130=EDGE_CURVE('',#5041,#5040,#896,.T.);
#4131=EDGE_CURVE('',#5039,#5041,#188,.T.);
#4132=EDGE_CURVE('',#5038,#5037,#897,.T.);
#4133=EDGE_CURVE('',#4905,#5039,#898,.T.);
#4134=EDGE_CURVE('',#5041,#4908,#899,.T.);
#4135=EDGE_CURVE('',#5036,#5040,#900,.T.);
#4136=EDGE_CURVE('',#4948,#4947,#189,.T.);
#4137=EDGE_CURVE('',#5042,#5043,#901,.T.);
#4138=EDGE_CURVE('',#5044,#5042,#5510,.T.);
#4139=EDGE_CURVE('',#5045,#5044,#902,.T.);
#4140=EDGE_CURVE('',#5043,#5045,#190,.T.);
#4141=EDGE_CURVE('',#5042,#4899,#903,.T.);
#4142=EDGE_CURVE('',#4946,#5043,#904,.T.);
#4143=EDGE_CURVE('',#5045,#4949,#905,.T.);
#4144=EDGE_CURVE('',#4898,#5044,#906,.T.);
#4145=EDGE_CURVE('',#5046,#5047,#556,.T.);
#4146=EDGE_CURVE('',#5047,#5046,#191,.T.);
#4147=EDGE_CURVE('',#5048,#4422,#557,.T.);
#4148=EDGE_CURVE('',#5048,#5049,#5511,.T.);
#4149=EDGE_CURVE('',#4423,#5049,#558,.T.);
#4150=EDGE_CURVE('',#5050,#5051,#907,.T.);
#4151=EDGE_CURVE('',#5052,#5050,#5512,.T.);
#4152=EDGE_CURVE('',#5053,#5052,#908,.T.);
#4153=EDGE_CURVE('',#5051,#5053,#192,.T.);
#4154=EDGE_CURVE('',#5050,#4901,#909,.T.);
#4155=EDGE_CURVE('',#5054,#5051,#910,.T.);
#4156=EDGE_CURVE('',#5054,#4902,#911,.T.);
#4157=EDGE_CURVE('',#5048,#5055,#912,.T.);
#4158=EDGE_CURVE('',#5053,#5055,#913,.T.);
#4159=EDGE_CURVE('',#5049,#5052,#914,.T.);
#4160=EDGE_CURVE('',#5046,#5054,#915,.T.);
#4161=EDGE_CURVE('',#5055,#5047,#916,.F.);
#4162=EDGE_CURVE('',#5056,#5057,#559,.T.);
#4163=EDGE_CURVE('',#5057,#5056,#193,.T.);
#4164=EDGE_CURVE('',#5058,#5059,#5513,.T.);
#4165=EDGE_CURVE('',#5060,#5059,#560,.T.);
#4166=EDGE_CURVE('',#5061,#5060,#5514,.T.);
#4167=EDGE_CURVE('',#5058,#5061,#561,.T.);
#4168=EDGE_CURVE('',#5062,#5063,#917,.T.);
#4169=EDGE_CURVE('',#5064,#5062,#5515,.T.);
#4170=EDGE_CURVE('',#5065,#5064,#918,.T.);
#4171=EDGE_CURVE('',#5063,#5065,#194,.T.);
#4172=EDGE_CURVE('',#5062,#5060,#919,.T.);
#4173=EDGE_CURVE('',#5066,#5063,#920,.T.);
#4174=EDGE_CURVE('',#5066,#5061,#921,.T.);
#4175=EDGE_CURVE('',#5058,#5067,#922,.T.);
#4176=EDGE_CURVE('',#5065,#5067,#923,.T.);
#4177=EDGE_CURVE('',#5059,#5064,#924,.T.);
#4178=EDGE_CURVE('',#5056,#5066,#925,.T.);
#4179=EDGE_CURVE('',#5067,#5057,#926,.F.);
#4180=EDGE_CURVE('',#5068,#5069,#562,.T.);
#4181=EDGE_CURVE('',#5069,#5068,#195,.T.);
#4182=EDGE_CURVE('',#5070,#5071,#5516,.T.);
#4183=EDGE_CURVE('',#5072,#5071,#563,.T.);
#4184=EDGE_CURVE('',#5073,#5072,#5517,.T.);
#4185=EDGE_CURVE('',#5070,#5073,#564,.T.);
#4186=EDGE_CURVE('',#5074,#5075,#927,.T.);
#4187=EDGE_CURVE('',#5076,#5074,#5518,.T.);
#4188=EDGE_CURVE('',#5077,#5076,#928,.T.);
#4189=EDGE_CURVE('',#5075,#5077,#196,.T.);
#4190=EDGE_CURVE('',#5074,#5072,#929,.T.);
#4191=EDGE_CURVE('',#5078,#5075,#930,.T.);
#4192=EDGE_CURVE('',#5078,#5073,#931,.T.);
#4193=EDGE_CURVE('',#5070,#5079,#932,.T.);
#4194=EDGE_CURVE('',#5077,#5079,#933,.T.);
#4195=EDGE_CURVE('',#5071,#5076,#934,.T.);
#4196=EDGE_CURVE('',#5068,#5078,#935,.T.);
#4197=EDGE_CURVE('',#5079,#5069,#936,.F.);
#4198=EDGE_CURVE('',#5080,#5081,#5519,.T.);
#4199=EDGE_CURVE('',#5082,#5081,#565,.T.);
#4200=EDGE_CURVE('',#5083,#5082,#5520,.T.);
#4201=EDGE_CURVE('',#5080,#5083,#566,.T.);
#4202=EDGE_CURVE('',#4944,#5084,#5521,.T.);
#4203=EDGE_CURVE('',#4852,#5084,#567,.T.);
#4204=EDGE_CURVE('',#5085,#4943,#5522,.F.);
#4205=EDGE_CURVE('',#5085,#5084,#5523,.T.);
#4206=EDGE_CURVE('',#4942,#5086,#5524,.T.);
#4207=EDGE_CURVE('',#5085,#5086,#568,.T.);
#4208=EDGE_CURVE('',#5087,#4941,#5525,.F.);
#4209=EDGE_CURVE('',#5087,#5086,#5526,.T.);
#4210=EDGE_CURVE('',#4940,#5088,#5527,.T.);
#4211=EDGE_CURVE('',#5087,#5088,#569,.T.);
#4212=EDGE_CURVE('',#5089,#4939,#5528,.F.);
#4213=EDGE_CURVE('',#5089,#5088,#5529,.T.);
#4214=EDGE_CURVE('',#5089,#4847,#570,.T.);
#4215=EDGE_CURVE('',#4427,#4428,#571,.T.);
#4216=EDGE_CURVE('',#4426,#4429,#572,.T.);
#4217=EDGE_CURVE('',#4845,#5090,#573,.T.);
#4218=EDGE_CURVE('',#5090,#5091,#5530,.T.);
#4219=EDGE_CURVE('',#4846,#5091,#574,.T.);
#4220=EDGE_CURVE('',#5092,#5090,#5531,.T.);
#4221=EDGE_CURVE('',#5093,#5092,#5532,.F.);
#4222=EDGE_CURVE('',#5093,#5091,#5533,.T.);
#4223=EDGE_CURVE('',#5092,#5094,#575,.T.);
#4224=EDGE_CURVE('',#5094,#5095,#5534,.T.);
#4225=EDGE_CURVE('',#5093,#5095,#576,.T.);
#4226=EDGE_CURVE('',#5096,#5094,#5535,.T.);
#4227=EDGE_CURVE('',#5097,#5096,#5536,.F.);
#4228=EDGE_CURVE('',#5097,#5095,#5537,.T.);
#4229=EDGE_CURVE('',#5096,#5098,#577,.T.);
#4230=EDGE_CURVE('',#5098,#5099,#5538,.T.);
#4231=EDGE_CURVE('',#5097,#5099,#578,.T.);
#4232=EDGE_CURVE('',#4414,#5100,#579,.F.);
#4233=EDGE_CURVE('',#5100,#4843,#5539,.T.);
#4234=EDGE_CURVE('',#5101,#4842,#580,.T.);
#4235=EDGE_CURVE('',#5101,#5098,#5540,.T.);
#4236=EDGE_CURVE('',#5102,#5083,#937,.T.);
#4237=EDGE_CURVE('',#5103,#5102,#938,.T.);
#4238=EDGE_CURVE('',#5103,#5104,#581,.T.);
#4239=EDGE_CURVE('',#5105,#5104,#939,.F.);
#4240=EDGE_CURVE('',#5080,#5105,#940,.T.);
#4241=EDGE_CURVE('',#5106,#5101,#5541,.F.);
#4242=EDGE_CURVE('',#5106,#5099,#5542,.T.);
#4243=EDGE_CURVE('',#5107,#4413,#582,.T.);
#4244=EDGE_CURVE('',#5100,#5107,#941,.T.);
#4245=EDGE_CURVE('',#5108,#5108,#583,.T.);
#4246=EDGE_CURVE('',#5109,#5109,#584,.T.);
#4247=EDGE_CURVE('',#5110,#5110,#585,.T.);
#4248=EDGE_CURVE('',#5107,#4844,#5543,.T.);
#4249=EDGE_CURVE('',#4435,#4412,#586,.T.);
#4250=EDGE_CURVE('',#4432,#4438,#587,.T.);
#4251=EDGE_CURVE('',#5111,#5111,#588,.T.);
#4252=EDGE_CURVE('',#5112,#5112,#589,.T.);
#4253=EDGE_CURVE('',#5113,#5113,#590,.T.);
#4254=EDGE_CURVE('',#5114,#5114,#591,.T.);
#4255=EDGE_CURVE('',#4840,#4853,#592,.T.);
#4256=EDGE_CURVE('',#5106,#4841,#593,.T.);
#4257=EDGE_CURVE('',#5115,#5082,#942,.T.);
#4258=EDGE_CURVE('',#5081,#5116,#943,.T.);
#4259=EDGE_CURVE('',#5116,#5115,#5544,.T.);
#4260=EDGE_CURVE('',#4433,#4437,#594,.T.);
#4261=EDGE_CURVE('',#4436,#4411,#595,.T.);
#4262=EDGE_CURVE('',#5117,#5117,#596,.T.);
#4263=EDGE_CURVE('',#5118,#5118,#597,.T.);
#4264=EDGE_CURVE('',#5119,#5119,#598,.T.);
#4265=EDGE_CURVE('',#5120,#5120,#599,.T.);
#4266=EDGE_CURVE('',#5121,#5121,#600,.T.);
#4267=EDGE_CURVE('',#5122,#5122,#601,.T.);
#4268=EDGE_CURVE('',#5123,#5123,#602,.T.);
#4269=EDGE_CURVE('',#5124,#5124,#603,.T.);
#4270=EDGE_CURVE('',#5125,#5125,#604,.T.);
#4271=EDGE_CURVE('',#5115,#5126,#944,.T.);
#4272=EDGE_CURVE('',#5127,#5116,#945,.T.);
#4273=EDGE_CURVE('',#5126,#5127,#197,.T.);
#4274=EDGE_CURVE('',#5104,#5103,#198,.T.);
#4275=EDGE_CURVE('',#5102,#5126,#946,.T.);
#4276=EDGE_CURVE('',#5127,#5105,#947,.T.);
#4277=EDGE_CURVE('',#4408,#4643,#5545,.T.);
#4278=EDGE_CURVE('',#4407,#4644,#5546,.T.);
#4279=EDGE_CURVE('',#4475,#4626,#5547,.T.);
#4280=EDGE_CURVE('',#4474,#4627,#5548,.T.);
#4281=EDGE_CURVE('',#5128,#4565,#5549,.T.);
#4282=EDGE_CURVE('',#5128,#5129,#948,.T.);
#4283=EDGE_CURVE('',#5129,#4566,#5550,.T.);
#4284=EDGE_CURVE('',#5130,#4564,#5551,.T.);
#4285=EDGE_CURVE('',#5130,#5128,#949,.T.);
#4286=EDGE_CURVE('',#5131,#4588,#5552,.T.);
#4287=EDGE_CURVE('',#5131,#5130,#950,.T.);
#4288=EDGE_CURVE('',#5132,#4587,#5553,.T.);
#4289=EDGE_CURVE('',#5132,#5131,#951,.T.);
#4290=EDGE_CURVE('',#5133,#4586,#5554,.T.);
#4291=EDGE_CURVE('',#5133,#5132,#952,.T.);
#4292=EDGE_CURVE('',#5134,#4585,#5555,.T.);
#4293=EDGE_CURVE('',#5134,#5133,#953,.T.);
#4294=EDGE_CURVE('',#5135,#4584,#5556,.T.);
#4295=EDGE_CURVE('',#5135,#5134,#954,.T.);
#4296=EDGE_CURVE('',#5136,#4583,#5557,.T.);
#4297=EDGE_CURVE('',#5136,#5135,#955,.T.);
#4298=EDGE_CURVE('',#5137,#4582,#5558,.T.);
#4299=EDGE_CURVE('',#5137,#5136,#956,.T.);
#4300=EDGE_CURVE('',#5138,#4581,#5559,.T.);
#4301=EDGE_CURVE('',#5138,#5137,#5560,.T.);
#4302=EDGE_CURVE('',#5139,#4580,#5561,.T.);
#4303=EDGE_CURVE('',#5139,#5138,#957,.T.);
#4304=EDGE_CURVE('',#5140,#4579,#5562,.T.);
#4305=EDGE_CURVE('',#5140,#5139,#958,.T.);
#4306=EDGE_CURVE('',#5141,#4578,#5563,.T.);
#4307=EDGE_CURVE('',#5141,#5140,#959,.T.);
#4308=EDGE_CURVE('',#5142,#4577,#5564,.T.);
#4309=EDGE_CURVE('',#5142,#5141,#960,.T.);
#4310=EDGE_CURVE('',#5143,#4576,#5565,.T.);
#4311=EDGE_CURVE('',#5143,#5142,#961,.T.);
#4312=EDGE_CURVE('',#5144,#4575,#5566,.T.);
#4313=EDGE_CURVE('',#5144,#5143,#962,.T.);
#4314=EDGE_CURVE('',#5145,#4574,#5567,.T.);
#4315=EDGE_CURVE('',#5145,#5144,#963,.T.);
#4316=EDGE_CURVE('',#5146,#4573,#5568,.T.);
#4317=EDGE_CURVE('',#5146,#5145,#964,.T.);
#4318=EDGE_CURVE('',#5147,#4572,#5569,.T.);
#4319=EDGE_CURVE('',#5147,#5146,#965,.T.);
#4320=EDGE_CURVE('',#5148,#4571,#5570,.T.);
#4321=EDGE_CURVE('',#5148,#5147,#966,.T.);
#4322=EDGE_CURVE('',#5149,#4570,#5571,.T.);
#4323=EDGE_CURVE('',#5149,#5148,#605,.T.);
#4324=EDGE_CURVE('',#5150,#4569,#5572,.T.);
#4325=EDGE_CURVE('',#5150,#5149,#606,.T.);
#4326=EDGE_CURVE('',#5151,#4568,#5573,.T.);
#4327=EDGE_CURVE('',#5151,#5150,#5574,.T.);
#4328=EDGE_CURVE('',#5152,#4567,#5575,.T.);
#4329=EDGE_CURVE('',#5152,#5151,#967,.T.);
#4330=EDGE_CURVE('',#5129,#5152,#968,.T.);
#4331=EDGE_CURVE('',#5153,#4590,#5576,.T.);
#4332=EDGE_CURVE('',#5153,#5154,#5577,.T.);
#4333=EDGE_CURVE('',#5154,#4591,#5578,.T.);
#4334=EDGE_CURVE('',#5155,#4589,#5579,.T.);
#4335=EDGE_CURVE('',#5155,#5153,#5580,.T.);
#4336=EDGE_CURVE('',#5156,#4597,#5581,.T.);
#4337=EDGE_CURVE('',#5156,#5155,#607,.F.);
#4338=EDGE_CURVE('',#5157,#4596,#5582,.T.);
#4339=EDGE_CURVE('',#5157,#5156,#608,.F.);
#4340=EDGE_CURVE('',#5158,#4595,#5583,.T.);
#4341=EDGE_CURVE('',#5158,#5157,#5584,.T.);
#4342=EDGE_CURVE('',#5159,#4594,#5585,.T.);
#4343=EDGE_CURVE('',#5159,#5158,#5586,.T.);
#4344=EDGE_CURVE('',#5160,#4593,#5587,.T.);
#4345=EDGE_CURVE('',#5160,#5159,#5588,.T.);
#4346=EDGE_CURVE('',#5161,#4592,#5589,.T.);
#4347=EDGE_CURVE('',#5161,#5160,#5590,.T.);
#4348=EDGE_CURVE('',#5154,#5161,#5591,.T.);
#4349=EDGE_CURVE('',#5162,#4599,#5592,.T.);
#4350=EDGE_CURVE('',#5162,#5163,#5593,.T.);
#4351=EDGE_CURVE('',#5163,#4600,#5594,.T.);
#4352=EDGE_CURVE('',#5164,#4598,#5595,.T.);
#4353=EDGE_CURVE('',#5164,#5162,#5596,.T.);
#4354=EDGE_CURVE('',#5165,#4612,#5597,.T.);
#4355=EDGE_CURVE('',#5165,#5164,#5598,.T.);
#4356=EDGE_CURVE('',#5166,#4611,#5599,.T.);
#4357=EDGE_CURVE('',#5166,#5165,#5600,.T.);
#4358=EDGE_CURVE('',#5167,#4610,#5601,.T.);
#4359=EDGE_CURVE('',#5167,#5166,#609,.F.);
#4360=EDGE_CURVE('',#5168,#4609,#5602,.T.);
#4361=EDGE_CURVE('',#5168,#5167,#610,.F.);
#4362=EDGE_CURVE('',#5169,#4608,#5603,.T.);
#4363=EDGE_CURVE('',#5169,#5168,#5604,.T.);
#4364=EDGE_CURVE('',#5170,#4607,#5605,.T.);
#4365=EDGE_CURVE('',#5170,#5169,#5606,.T.);
#4366=EDGE_CURVE('',#5171,#4606,#5607,.T.);
#4367=EDGE_CURVE('',#5171,#5170,#5608,.T.);
#4368=EDGE_CURVE('',#5172,#4605,#5609,.T.);
#4369=EDGE_CURVE('',#5172,#5171,#5610,.T.);
#4370=EDGE_CURVE('',#5173,#4604,#5611,.T.);
#4371=EDGE_CURVE('',#5173,#5172,#5612,.T.);
#4372=EDGE_CURVE('',#5174,#4603,#5613,.T.);
#4373=EDGE_CURVE('',#5174,#5173,#5614,.T.);
#4374=EDGE_CURVE('',#5175,#4602,#5615,.T.);
#4375=EDGE_CURVE('',#5175,#5174,#611,.F.);
#4376=EDGE_CURVE('',#5176,#4601,#5616,.T.);
#4377=EDGE_CURVE('',#5176,#5175,#5617,.T.);
#4378=EDGE_CURVE('',#5163,#5176,#5618,.T.);
#4379=EDGE_CURVE('',#5177,#4614,#5619,.T.);
#4380=EDGE_CURVE('',#5177,#5178,#5620,.T.);
#4381=EDGE_CURVE('',#5178,#4615,#5621,.T.);
#4382=EDGE_CURVE('',#5179,#4613,#5622,.T.);
#4383=EDGE_CURVE('',#5179,#5177,#5623,.T.);
#4384=EDGE_CURVE('',#5180,#4624,#5624,.T.);
#4385=EDGE_CURVE('',#5180,#5179,#5625,.T.);
#4386=EDGE_CURVE('',#5181,#4623,#5626,.T.);
#4387=EDGE_CURVE('',#5181,#5180,#5627,.T.);
#4388=EDGE_CURVE('',#5182,#4622,#5628,.T.);
#4389=EDGE_CURVE('',#5182,#5181,#5629,.T.);
#4390=EDGE_CURVE('',#5183,#4621,#5630,.T.);
#4391=EDGE_CURVE('',#5183,#5182,#5631,.T.);
#4392=EDGE_CURVE('',#5184,#4620,#5632,.T.);
#4393=EDGE_CURVE('',#5184,#5183,#5633,.T.);
#4394=EDGE_CURVE('',#5185,#4619,#5634,.T.);
#4395=EDGE_CURVE('',#5185,#5184,#5635,.T.);
#4396=EDGE_CURVE('',#5186,#4618,#5636,.T.);
#4397=EDGE_CURVE('',#5186,#5185,#5637,.T.);
#4398=EDGE_CURVE('',#5187,#4617,#5638,.T.);
#4399=EDGE_CURVE('',#5187,#5186,#5639,.T.);
#4400=EDGE_CURVE('',#5188,#4616,#5640,.T.);
#4401=EDGE_CURVE('',#5188,#5187,#5641,.T.);
#4402=EDGE_CURVE('',#5178,#5188,#5642,.T.);
#4403=EDGE_CURVE('',#5189,#5189,#612,.T.);
#4404=VERTEX_POINT('',#9979);
#4405=VERTEX_POINT('',#9980);
#4406=VERTEX_POINT('',#9982);
#4407=VERTEX_POINT('',#9984);
#4408=VERTEX_POINT('',#9986);
#4409=VERTEX_POINT('',#9988);
#4410=VERTEX_POINT('',#9990);
#4411=VERTEX_POINT('',#9992);
#4412=VERTEX_POINT('',#9994);
#4413=VERTEX_POINT('',#9996);
#4414=VERTEX_POINT('',#9998);
#4415=VERTEX_POINT('',#10000);
#4416=VERTEX_POINT('',#10002);
#4417=VERTEX_POINT('',#10004);
#4418=VERTEX_POINT('',#10006);
#4419=VERTEX_POINT('',#10008);
#4420=VERTEX_POINT('',#10013);
#4421=VERTEX_POINT('',#10015);
#4422=VERTEX_POINT('',#10017);
#4423=VERTEX_POINT('',#10019);
#4424=VERTEX_POINT('',#10021);
#4425=VERTEX_POINT('',#10023);
#4426=VERTEX_POINT('',#10025);
#4427=VERTEX_POINT('',#10027);
#4428=VERTEX_POINT('',#10029);
#4429=VERTEX_POINT('',#10031);
#4430=VERTEX_POINT('',#10033);
#4431=VERTEX_POINT('',#10035);
#4432=VERTEX_POINT('',#10037);
#4433=VERTEX_POINT('',#10039);
#4434=VERTEX_POINT('',#10041);
#4435=VERTEX_POINT('',#10044);
#4436=VERTEX_POINT('',#10045);
#4437=VERTEX_POINT('',#10047);
#4438=VERTEX_POINT('',#10049);
#4439=VERTEX_POINT('',#10052);
#4440=VERTEX_POINT('',#10055);
#4441=VERTEX_POINT('',#10056);
#4442=VERTEX_POINT('',#10058);
#4443=VERTEX_POINT('',#10060);
#4444=VERTEX_POINT('',#10063);
#4445=VERTEX_POINT('',#10065);
#4446=VERTEX_POINT('',#10066);
#4447=VERTEX_POINT('',#10068);
#4448=VERTEX_POINT('',#10070);
#4449=VERTEX_POINT('',#10072);
#4450=VERTEX_POINT('',#10074);
#4451=VERTEX_POINT('',#10076);
#4452=VERTEX_POINT('',#10078);
#4453=VERTEX_POINT('',#10080);
#4454=VERTEX_POINT('',#10082);
#4455=VERTEX_POINT('',#10084);
#4456=VERTEX_POINT('',#10086);
#4457=VERTEX_POINT('',#10088);
#4458=VERTEX_POINT('',#10090);
#4459=VERTEX_POINT('',#10092);
#4460=VERTEX_POINT('',#10094);
#4461=VERTEX_POINT('',#10096);
#4462=VERTEX_POINT('',#10098);
#4463=VERTEX_POINT('',#10103);
#4464=VERTEX_POINT('',#10105);
#4465=VERTEX_POINT('',#10107);
#4466=VERTEX_POINT('',#10109);
#4467=VERTEX_POINT('',#10111);
#4468=VERTEX_POINT('',#10113);
#4469=VERTEX_POINT('',#10115);
#4470=VERTEX_POINT('',#10117);
#4471=VERTEX_POINT('',#10119);
#4472=VERTEX_POINT('',#10121);
#4473=VERTEX_POINT('',#10123);
#4474=VERTEX_POINT('',#10125);
#4475=VERTEX_POINT('',#10127);
#4476=VERTEX_POINT('',#10133);
#4477=VERTEX_POINT('',#10134);
#4478=VERTEX_POINT('',#10136);
#4479=VERTEX_POINT('',#10139);
#4480=VERTEX_POINT('',#10140);
#4481=VERTEX_POINT('',#10143);
#4482=VERTEX_POINT('',#10144);
#4483=VERTEX_POINT('',#10146);
#4484=VERTEX_POINT('',#10151);
#4485=VERTEX_POINT('',#10152);
#4486=VERTEX_POINT('',#10154);
#4487=VERTEX_POINT('',#10156);
#4488=VERTEX_POINT('',#10160);
#4489=VERTEX_POINT('',#10162);
#4490=VERTEX_POINT('',#10167);
#4491=VERTEX_POINT('',#10168);
#4492=VERTEX_POINT('',#10171);
#4493=VERTEX_POINT('',#10172);
#4494=VERTEX_POINT('',#10174);
#4495=VERTEX_POINT('',#10176);
#4496=VERTEX_POINT('',#10178);
#4497=VERTEX_POINT('',#10180);
#4498=VERTEX_POINT('',#10182);
#4499=VERTEX_POINT('',#10184);
#4500=VERTEX_POINT('',#10186);
#4501=VERTEX_POINT('',#10188);
#4502=VERTEX_POINT('',#10190);
#4503=VERTEX_POINT('',#10192);
#4504=VERTEX_POINT('',#10194);
#4505=VERTEX_POINT('',#10196);
#4506=VERTEX_POINT('',#10198);
#4507=VERTEX_POINT('',#10200);
#4508=VERTEX_POINT('',#10202);
#4509=VERTEX_POINT('',#10204);
#4510=VERTEX_POINT('',#10207);
#4511=VERTEX_POINT('',#10208);
#4512=VERTEX_POINT('',#10210);
#4513=VERTEX_POINT('',#10212);
#4514=VERTEX_POINT('',#10216);
#4515=VERTEX_POINT('',#10218);
#4516=VERTEX_POINT('',#10225);
#4517=VERTEX_POINT('',#10226);
#4518=VERTEX_POINT('',#10228);
#4519=VERTEX_POINT('',#10232);
#4520=VERTEX_POINT('',#10237);
#4521=VERTEX_POINT('',#10238);
#4522=VERTEX_POINT('',#10240);
#4523=VERTEX_POINT('',#10244);
#4524=VERTEX_POINT('',#10249);
#4525=VERTEX_POINT('',#10250);
#4526=VERTEX_POINT('',#10252);
#4527=VERTEX_POINT('',#10256);
#4528=VERTEX_POINT('',#10261);
#4529=VERTEX_POINT('',#10262);
#4530=VERTEX_POINT('',#10264);
#4531=VERTEX_POINT('',#10268);
#4532=VERTEX_POINT('',#10273);
#4533=VERTEX_POINT('',#10274);
#4534=VERTEX_POINT('',#10276);
#4535=VERTEX_POINT('',#10280);
#4536=VERTEX_POINT('',#10285);
#4537=VERTEX_POINT('',#10286);
#4538=VERTEX_POINT('',#10288);
#4539=VERTEX_POINT('',#10292);
#4540=VERTEX_POINT('',#10297);
#4541=VERTEX_POINT('',#10298);
#4542=VERTEX_POINT('',#10300);
#4543=VERTEX_POINT('',#10304);
#4544=VERTEX_POINT('',#10309);
#4545=VERTEX_POINT('',#10310);
#4546=VERTEX_POINT('',#10312);
#4547=VERTEX_POINT('',#10316);
#4548=VERTEX_POINT('',#10321);
#4549=VERTEX_POINT('',#10322);
#4550=VERTEX_POINT('',#10324);
#4551=VERTEX_POINT('',#10328);
#4552=VERTEX_POINT('',#10333);
#4553=VERTEX_POINT('',#10334);
#4554=VERTEX_POINT('',#10336);
#4555=VERTEX_POINT('',#10340);
#4556=VERTEX_POINT('',#10345);
#4557=VERTEX_POINT('',#10346);
#4558=VERTEX_POINT('',#10348);
#4559=VERTEX_POINT('',#10352);
#4560=VERTEX_POINT('',#10357);
#4561=VERTEX_POINT('',#10358);
#4562=VERTEX_POINT('',#10360);
#4563=VERTEX_POINT('',#10364);
#4564=VERTEX_POINT('',#10369);
#4565=VERTEX_POINT('',#10370);
#4566=VERTEX_POINT('',#10374);
#4567=VERTEX_POINT('',#10378);
#4568=VERTEX_POINT('',#10382);
#4569=VERTEX_POINT('',#10384);
#4570=VERTEX_POINT('',#10386);
#4571=VERTEX_POINT('',#10388);
#4572=VERTEX_POINT('',#10392);
#4573=VERTEX_POINT('',#10396);
#4574=VERTEX_POINT('',#10400);
#4575=VERTEX_POINT('',#10404);
#4576=VERTEX_POINT('',#10408);
#4577=VERTEX_POINT('',#10412);
#4578=VERTEX_POINT('',#10416);
#4579=VERTEX_POINT('',#10420);
#4580=VERTEX_POINT('',#10424);
#4581=VERTEX_POINT('',#10428);
#4582=VERTEX_POINT('',#10430);
#4583=VERTEX_POINT('',#10434);
#4584=VERTEX_POINT('',#10438);
#4585=VERTEX_POINT('',#10442);
#4586=VERTEX_POINT('',#10446);
#4587=VERTEX_POINT('',#10450);
#4588=VERTEX_POINT('',#10454);
#4589=VERTEX_POINT('',#10459);
#4590=VERTEX_POINT('',#10460);
#4591=VERTEX_POINT('',#10462);
#4592=VERTEX_POINT('',#10464);
#4593=VERTEX_POINT('',#10466);
#4594=VERTEX_POINT('',#10468);
#4595=VERTEX_POINT('',#10470);
#4596=VERTEX_POINT('',#10472);
#4597=VERTEX_POINT('',#10474);
#4598=VERTEX_POINT('',#10477);
#4599=VERTEX_POINT('',#10478);
#4600=VERTEX_POINT('',#10480);
#4601=VERTEX_POINT('',#10482);
#4602=VERTEX_POINT('',#10484);
#4603=VERTEX_POINT('',#10486);
#4604=VERTEX_POINT('',#10488);
#4605=VERTEX_POINT('',#10490);
#4606=VERTEX_POINT('',#10492);
#4607=VERTEX_POINT('',#10494);
#4608=VERTEX_POINT('',#10496);
#4609=VERTEX_POINT('',#10498);
#4610=VERTEX_POINT('',#10500);
#4611=VERTEX_POINT('',#10502);
#4612=VERTEX_POINT('',#10504);
#4613=VERTEX_POINT('',#10507);
#4614=VERTEX_POINT('',#10508);
#4615=VERTEX_POINT('',#10510);
#4616=VERTEX_POINT('',#10512);
#4617=VERTEX_POINT('',#10514);
#4618=VERTEX_POINT('',#10516);
#4619=VERTEX_POINT('',#10518);
#4620=VERTEX_POINT('',#10520);
#4621=VERTEX_POINT('',#10522);
#4622=VERTEX_POINT('',#10524);
#4623=VERTEX_POINT('',#10526);
#4624=VERTEX_POINT('',#10528);
#4625=VERTEX_POINT('',#10538);
#4626=VERTEX_POINT('',#10540);
#4627=VERTEX_POINT('',#10542);
#4628=VERTEX_POINT('',#10545);
#4629=VERTEX_POINT('',#10547);
#4630=VERTEX_POINT('',#10549);
#4631=VERTEX_POINT('',#10551);
#4632=VERTEX_POINT('',#10553);
#4633=VERTEX_POINT('',#10555);
#4634=VERTEX_POINT('',#10557);
#4635=VERTEX_POINT('',#10567);
#4636=VERTEX_POINT('',#10569);
#4637=VERTEX_POINT('',#10571);
#4638=VERTEX_POINT('',#10573);
#4639=VERTEX_POINT('',#10575);
#4640=VERTEX_POINT('',#10577);
#4641=VERTEX_POINT('',#10579);
#4642=VERTEX_POINT('',#10581);
#4643=VERTEX_POINT('',#10584);
#4644=VERTEX_POINT('',#10586);
#4645=VERTEX_POINT('',#10590);
#4646=VERTEX_POINT('',#10592);
#4647=VERTEX_POINT('',#10594);
#4648=VERTEX_POINT('',#10596);
#4649=VERTEX_POINT('',#10598);
#4650=VERTEX_POINT('',#10600);
#4651=VERTEX_POINT('',#10602);
#4652=VERTEX_POINT('',#10605);
#4653=VERTEX_POINT('',#10607);
#4654=VERTEX_POINT('',#10610);
#4655=VERTEX_POINT('',#10612);
#4656=VERTEX_POINT('',#10614);
#4657=VERTEX_POINT('',#10619);
#4658=VERTEX_POINT('',#10621);
#4659=VERTEX_POINT('',#10624);
#4660=VERTEX_POINT('',#10626);
#4661=VERTEX_POINT('',#10628);
#4662=VERTEX_POINT('',#10630);
#4663=VERTEX_POINT('',#10632);
#4664=VERTEX_POINT('',#10635);
#4665=VERTEX_POINT('',#10637);
#4666=VERTEX_POINT('',#10640);
#4667=VERTEX_POINT('',#10641);
#4668=VERTEX_POINT('',#10643);
#4669=VERTEX_POINT('',#10645);
#4670=VERTEX_POINT('',#10649);
#4671=VERTEX_POINT('',#10650);
#4672=VERTEX_POINT('',#10652);
#4673=VERTEX_POINT('',#10656);
#4674=VERTEX_POINT('',#10658);
#4675=VERTEX_POINT('',#10662);
#4676=VERTEX_POINT('',#10663);
#4677=VERTEX_POINT('',#10668);
#4678=VERTEX_POINT('',#10683);
#4679=VERTEX_POINT('',#10710);
#4680=VERTEX_POINT('',#10712);
#4681=VERTEX_POINT('',#10716);
#4682=VERTEX_POINT('',#10718);
#4683=VERTEX_POINT('',#10722);
#4684=VERTEX_POINT('',#10726);
#4685=VERTEX_POINT('',#10728);
#4686=VERTEX_POINT('',#10732);
#4687=VERTEX_POINT('',#10733);
#4688=VERTEX_POINT('',#10738);
#4689=VERTEX_POINT('',#10743);
#4690=VERTEX_POINT('',#10745);
#4691=VERTEX_POINT('',#10750);
#4692=VERTEX_POINT('',#10756);
#4693=VERTEX_POINT('',#10757);
#4694=VERTEX_POINT('',#10762);
#4695=VERTEX_POINT('',#10767);
#4696=VERTEX_POINT('',#10769);
#4697=VERTEX_POINT('',#10774);
#4698=VERTEX_POINT('',#10780);
#4699=VERTEX_POINT('',#10781);
#4700=VERTEX_POINT('',#10786);
#4701=VERTEX_POINT('',#10791);
#4702=VERTEX_POINT('',#10793);
#4703=VERTEX_POINT('',#10798);
#4704=VERTEX_POINT('',#10804);
#4705=VERTEX_POINT('',#10805);
#4706=VERTEX_POINT('',#10810);
#4707=VERTEX_POINT('',#10815);
#4708=VERTEX_POINT('',#10817);
#4709=VERTEX_POINT('',#10822);
#4710=VERTEX_POINT('',#10828);
#4711=VERTEX_POINT('',#10829);
#4712=VERTEX_POINT('',#10834);
#4713=VERTEX_POINT('',#10839);
#4714=VERTEX_POINT('',#10841);
#4715=VERTEX_POINT('',#10846);
#4716=VERTEX_POINT('',#10852);
#4717=VERTEX_POINT('',#10853);
#4718=VERTEX_POINT('',#10858);
#4719=VERTEX_POINT('',#10863);
#4720=VERTEX_POINT('',#10865);
#4721=VERTEX_POINT('',#10870);
#4722=VERTEX_POINT('',#10876);
#4723=VERTEX_POINT('',#10877);
#4724=VERTEX_POINT('',#10884);
#4725=VERTEX_POINT('',#10889);
#4726=VERTEX_POINT('',#10891);
#4727=VERTEX_POINT('',#10896);
#4728=VERTEX_POINT('',#10903);
#4729=VERTEX_POINT('',#10905);
#4730=VERTEX_POINT('',#10907);
#4731=VERTEX_POINT('',#10909);
#4732=VERTEX_POINT('',#10911);
#4733=VERTEX_POINT('',#10913);
#4734=VERTEX_POINT('',#10915);
#4735=VERTEX_POINT('',#10917);
#4736=VERTEX_POINT('',#10919);
#4737=VERTEX_POINT('',#10921);
#4738=VERTEX_POINT('',#10925);
#4739=VERTEX_POINT('',#10927);
#4740=VERTEX_POINT('',#10937);
#4741=VERTEX_POINT('',#10939);
#4742=VERTEX_POINT('',#10941);
#4743=VERTEX_POINT('',#10943);
#4744=VERTEX_POINT('',#10945);
#4745=VERTEX_POINT('',#10947);
#4746=VERTEX_POINT('',#10949);
#4747=VERTEX_POINT('',#10951);
#4748=VERTEX_POINT('',#10952);
#4749=VERTEX_POINT('',#10954);
#4750=VERTEX_POINT('',#10957);
#4751=VERTEX_POINT('',#10959);
#4752=VERTEX_POINT('',#10961);
#4753=VERTEX_POINT('',#10965);
#4754=VERTEX_POINT('',#10967);
#4755=VERTEX_POINT('',#10969);
#4756=VERTEX_POINT('',#10971);
#4757=VERTEX_POINT('',#10973);
#4758=VERTEX_POINT('',#10975);
#4759=VERTEX_POINT('',#10977);
#4760=VERTEX_POINT('',#10979);
#4761=VERTEX_POINT('',#10981);
#4762=VERTEX_POINT('',#10983);
#4763=VERTEX_POINT('',#10985);
#4764=VERTEX_POINT('',#10987);
#4765=VERTEX_POINT('',#11007);
#4766=VERTEX_POINT('',#11009);
#4767=VERTEX_POINT('',#11073);
#4768=VERTEX_POINT('',#11075);
#4769=VERTEX_POINT('',#11139);
#4770=VERTEX_POINT('',#11141);
#4771=VERTEX_POINT('',#11195);
#4772=VERTEX_POINT('',#11199);
#4773=VERTEX_POINT('',#11206);
#4774=VERTEX_POINT('',#11220);
#4775=VERTEX_POINT('',#11243);
#4776=VERTEX_POINT('',#11244);
#4777=VERTEX_POINT('',#11248);
#4778=VERTEX_POINT('',#11250);
#4779=VERTEX_POINT('',#11259);
#4780=VERTEX_POINT('',#11261);
#4781=VERTEX_POINT('',#11280);
#4782=VERTEX_POINT('',#11297);
#4783=VERTEX_POINT('',#11333);
#4784=VERTEX_POINT('',#11334);
#4785=VERTEX_POINT('',#11338);
#4786=VERTEX_POINT('',#11340);
#4787=VERTEX_POINT('',#11349);
#4788=VERTEX_POINT('',#11351);
#4789=VERTEX_POINT('',#11370);
#4790=VERTEX_POINT('',#11387);
#4791=VERTEX_POINT('',#11423);
#4792=VERTEX_POINT('',#11424);
#4793=VERTEX_POINT('',#11428);
#4794=VERTEX_POINT('',#11430);
#4795=VERTEX_POINT('',#11439);
#4796=VERTEX_POINT('',#11441);
#4797=VERTEX_POINT('',#11460);
#4798=VERTEX_POINT('',#11477);
#4799=VERTEX_POINT('',#11523);
#4800=VERTEX_POINT('',#11525);
#4801=VERTEX_POINT('',#11589);
#4802=VERTEX_POINT('',#11591);
#4803=VERTEX_POINT('',#11655);
#4804=VERTEX_POINT('',#11657);
#4805=VERTEX_POINT('',#11718);
#4806=VERTEX_POINT('',#11720);
#4807=VERTEX_POINT('',#11774);
#4808=VERTEX_POINT('',#11775);
#4809=VERTEX_POINT('',#11779);
#4810=VERTEX_POINT('',#11788);
#4811=VERTEX_POINT('',#11790);
#4812=VERTEX_POINT('',#11809);
#4813=VERTEX_POINT('',#11826);
#4814=VERTEX_POINT('',#11862);
#4815=VERTEX_POINT('',#11863);
#4816=VERTEX_POINT('',#11867);
#4817=VERTEX_POINT('',#11869);
#4818=VERTEX_POINT('',#11878);
#4819=VERTEX_POINT('',#11880);
#4820=VERTEX_POINT('',#11899);
#4821=VERTEX_POINT('',#11916);
#4822=VERTEX_POINT('',#11952);
#4823=VERTEX_POINT('',#11953);
#4824=VERTEX_POINT('',#11957);
#4825=VERTEX_POINT('',#11959);
#4826=VERTEX_POINT('',#11968);
#4827=VERTEX_POINT('',#11970);
#4828=VERTEX_POINT('',#11989);
#4829=VERTEX_POINT('',#12006);
#4830=VERTEX_POINT('',#12042);
#4831=VERTEX_POINT('',#12044);
#4832=VERTEX_POINT('',#12065);
#4833=VERTEX_POINT('',#12067);
#4834=VERTEX_POINT('',#12074);
#4835=VERTEX_POINT('',#12076);
#4836=VERTEX_POINT('',#12078);
#4837=VERTEX_POINT('',#12080);
#4838=VERTEX_POINT('',#12082);
#4839=VERTEX_POINT('',#12083);
#4840=VERTEX_POINT('',#12089);
#4841=VERTEX_POINT('',#12091);
#4842=VERTEX_POINT('',#12093);
#4843=VERTEX_POINT('',#12095);
#4844=VERTEX_POINT('',#12097);
#4845=VERTEX_POINT('',#12100);
#4846=VERTEX_POINT('',#12102);
#4847=VERTEX_POINT('',#12104);
#4848=VERTEX_POINT('',#12106);
#4849=VERTEX_POINT('',#12109);
#4850=VERTEX_POINT('',#12111);
#4851=VERTEX_POINT('',#12113);
#4852=VERTEX_POINT('',#12115);
#4853=VERTEX_POINT('',#12117);
#4854=VERTEX_POINT('',#12123);
#4855=VERTEX_POINT('',#12125);
#4856=VERTEX_POINT('',#12134);
#4857=VERTEX_POINT('',#12137);
#4858=VERTEX_POINT('',#12139);
#4859=VERTEX_POINT('',#12141);
#4860=VERTEX_POINT('',#12150);
#4861=VERTEX_POINT('',#12154);
#4862=VERTEX_POINT('',#12158);
#4863=VERTEX_POINT('',#12162);
#4864=VERTEX_POINT('',#12166);
#4865=VERTEX_POINT('',#12170);
#4866=VERTEX_POINT('',#12173);
#4867=VERTEX_POINT('',#12179);
#4868=VERTEX_POINT('',#12184);
#4869=VERTEX_POINT('',#12186);
#4870=VERTEX_POINT('',#12191);
#4871=VERTEX_POINT('',#12206);
#4872=VERTEX_POINT('',#12210);
#4873=VERTEX_POINT('',#12212);
#4874=VERTEX_POINT('',#12214);
#4875=VERTEX_POINT('',#12219);
#4876=VERTEX_POINT('',#12221);
#4877=VERTEX_POINT('',#12223);
#4878=VERTEX_POINT('',#12225);
#4879=VERTEX_POINT('',#12233);
#4880=VERTEX_POINT('',#12235);
#4881=VERTEX_POINT('',#12237);
#4882=VERTEX_POINT('',#12239);
#4883=VERTEX_POINT('',#12241);
#4884=VERTEX_POINT('',#12243);
#4885=VERTEX_POINT('',#12245);
#4886=VERTEX_POINT('',#12250);
#4887=VERTEX_POINT('',#12254);
#4888=VERTEX_POINT('',#12271);
#4889=VERTEX_POINT('',#12292);
#4890=VERTEX_POINT('',#12339);
#4891=VERTEX_POINT('',#12341);
#4892=VERTEX_POINT('',#12355);
#4893=VERTEX_POINT('',#12359);
#4894=VERTEX_POINT('',#12361);
#4895=VERTEX_POINT('',#12365);
#4896=VERTEX_POINT('',#12382);
#4897=VERTEX_POINT('',#12408);
#4898=VERTEX_POINT('',#12410);
#4899=VERTEX_POINT('',#12414);
#4900=VERTEX_POINT('',#12416);
#4901=VERTEX_POINT('',#12420);
#4902=VERTEX_POINT('',#12422);
#4903=VERTEX_POINT('',#12429);
#4904=VERTEX_POINT('',#12430);
#4905=VERTEX_POINT('',#12435);
#4906=VERTEX_POINT('',#12440);
#4907=VERTEX_POINT('',#12442);
#4908=VERTEX_POINT('',#12447);
#4909=VERTEX_POINT('',#12453);
#4910=VERTEX_POINT('',#12454);
#4911=VERTEX_POINT('',#12459);
#4912=VERTEX_POINT('',#12464);
#4913=VERTEX_POINT('',#12466);
#4914=VERTEX_POINT('',#12471);
#4915=VERTEX_POINT('',#12477);
#4916=VERTEX_POINT('',#12478);
#4917=VERTEX_POINT('',#12483);
#4918=VERTEX_POINT('',#12488);
#4919=VERTEX_POINT('',#12490);
#4920=VERTEX_POINT('',#12495);
#4921=VERTEX_POINT('',#12501);
#4922=VERTEX_POINT('',#12502);
#4923=VERTEX_POINT('',#12507);
#4924=VERTEX_POINT('',#12512);
#4925=VERTEX_POINT('',#12514);
#4926=VERTEX_POINT('',#12519);
#4927=VERTEX_POINT('',#12525);
#4928=VERTEX_POINT('',#12526);
#4929=VERTEX_POINT('',#12531);
#4930=VERTEX_POINT('',#12536);
#4931=VERTEX_POINT('',#12538);
#4932=VERTEX_POINT('',#12543);
#4933=VERTEX_POINT('',#12549);
#4934=VERTEX_POINT('',#12550);
#4935=VERTEX_POINT('',#12555);
#4936=VERTEX_POINT('',#12560);
#4937=VERTEX_POINT('',#12562);
#4938=VERTEX_POINT('',#12567);
#4939=VERTEX_POINT('',#12573);
#4940=VERTEX_POINT('',#12575);
#4941=VERTEX_POINT('',#12577);
#4942=VERTEX_POINT('',#12579);
#4943=VERTEX_POINT('',#12581);
#4944=VERTEX_POINT('',#12583);
#4945=VERTEX_POINT('',#12586);
#4946=VERTEX_POINT('',#12592);
#4947=VERTEX_POINT('',#12597);
#4948=VERTEX_POINT('',#12599);
#4949=VERTEX_POINT('',#12604);
#4950=VERTEX_POINT('',#12617);
#4951=VERTEX_POINT('',#12621);
#4952=VERTEX_POINT('',#12623);
#4953=VERTEX_POINT('',#12625);
#4954=VERTEX_POINT('',#12627);
#4955=VERTEX_POINT('',#12629);
#4956=VERTEX_POINT('',#12631);
#4957=VERTEX_POINT('',#12633);
#4958=VERTEX_POINT('',#12639);
#4959=VERTEX_POINT('',#12641);
#4960=VERTEX_POINT('',#12643);
#4961=VERTEX_POINT('',#12645);
#4962=VERTEX_POINT('',#12647);
#4963=VERTEX_POINT('',#12649);
#4964=VERTEX_POINT('',#12651);
#4965=VERTEX_POINT('',#12660);
#4966=VERTEX_POINT('',#12662);
#4967=VERTEX_POINT('',#12671);
#4968=VERTEX_POINT('',#12672);
#4969=VERTEX_POINT('',#12674);
#4970=VERTEX_POINT('',#12681);
#4971=VERTEX_POINT('',#12738);
#4972=VERTEX_POINT('',#12740);
#4973=VERTEX_POINT('',#12749);
#4974=VERTEX_POINT('',#12750);
#4975=VERTEX_POINT('',#12752);
#4976=VERTEX_POINT('',#12759);
#4977=VERTEX_POINT('',#12816);
#4978=VERTEX_POINT('',#12818);
#4979=VERTEX_POINT('',#12827);
#4980=VERTEX_POINT('',#12828);
#4981=VERTEX_POINT('',#12830);
#4982=VERTEX_POINT('',#12837);
#4983=VERTEX_POINT('',#12892);
#4984=VERTEX_POINT('',#12896);
#4985=VERTEX_POINT('',#12898);
#4986=VERTEX_POINT('',#12905);
#4987=VERTEX_POINT('',#12922);
#4988=VERTEX_POINT('',#12945);
#4989=VERTEX_POINT('',#12946);
#4990=VERTEX_POINT('',#12950);
#4991=VERTEX_POINT('',#12951);
#4992=VERTEX_POINT('',#12953);
#4993=VERTEX_POINT('',#12955);
#4994=VERTEX_POINT('',#12964);
#4995=VERTEX_POINT('',#12965);
#4996=VERTEX_POINT('',#12967);
#4997=VERTEX_POINT('',#12974);
#4998=VERTEX_POINT('',#12991);
#4999=VERTEX_POINT('',#13008);
#5000=VERTEX_POINT('',#13047);
#5001=VERTEX_POINT('',#13048);
#5002=VERTEX_POINT('',#13052);
#5003=VERTEX_POINT('',#13053);
#5004=VERTEX_POINT('',#13055);
#5005=VERTEX_POINT('',#13057);
#5006=VERTEX_POINT('',#13066);
#5007=VERTEX_POINT('',#13067);
#5008=VERTEX_POINT('',#13069);
#5009=VERTEX_POINT('',#13076);
#5010=VERTEX_POINT('',#13093);
#5011=VERTEX_POINT('',#13110);
#5012=VERTEX_POINT('',#13149);
#5013=VERTEX_POINT('',#13150);
#5014=VERTEX_POINT('',#13154);
#5015=VERTEX_POINT('',#13155);
#5016=VERTEX_POINT('',#13157);
#5017=VERTEX_POINT('',#13159);
#5018=VERTEX_POINT('',#13168);
#5019=VERTEX_POINT('',#13169);
#5020=VERTEX_POINT('',#13171);
#5021=VERTEX_POINT('',#13178);
#5022=VERTEX_POINT('',#13195);
#5023=VERTEX_POINT('',#13212);
#5024=VERTEX_POINT('',#13253);
#5025=VERTEX_POINT('',#13255);
#5026=VERTEX_POINT('',#13264);
#5027=VERTEX_POINT('',#13265);
#5028=VERTEX_POINT('',#13267);
#5029=VERTEX_POINT('',#13274);
#5030=VERTEX_POINT('',#13331);
#5031=VERTEX_POINT('',#13333);
#5032=VERTEX_POINT('',#13342);
#5033=VERTEX_POINT('',#13343);
#5034=VERTEX_POINT('',#13345);
#5035=VERTEX_POINT('',#13352);
#5036=VERTEX_POINT('',#13409);
#5037=VERTEX_POINT('',#13411);
#5038=VERTEX_POINT('',#13420);
#5039=VERTEX_POINT('',#13421);
#5040=VERTEX_POINT('',#13423);
#5041=VERTEX_POINT('',#13430);
#5042=VERTEX_POINT('',#13492);
#5043=VERTEX_POINT('',#13493);
#5044=VERTEX_POINT('',#13495);
#5045=VERTEX_POINT('',#13502);
#5046=VERTEX_POINT('',#13557);
#5047=VERTEX_POINT('',#13558);
#5048=VERTEX_POINT('',#13562);
#5049=VERTEX_POINT('',#13564);
#5050=VERTEX_POINT('',#13573);
#5051=VERTEX_POINT('',#13574);
#5052=VERTEX_POINT('',#13576);
#5053=VERTEX_POINT('',#13583);
#5054=VERTEX_POINT('',#13600);
#5055=VERTEX_POINT('',#13617);
#5056=VERTEX_POINT('',#13656);
#5057=VERTEX_POINT('',#13657);
#5058=VERTEX_POINT('',#13661);
#5059=VERTEX_POINT('',#13662);
#5060=VERTEX_POINT('',#13664);
#5061=VERTEX_POINT('',#13666);
#5062=VERTEX_POINT('',#13675);
#5063=VERTEX_POINT('',#13676);
#5064=VERTEX_POINT('',#13678);
#5065=VERTEX_POINT('',#13685);
#5066=VERTEX_POINT('',#13702);
#5067=VERTEX_POINT('',#13719);
#5068=VERTEX_POINT('',#13758);
#5069=VERTEX_POINT('',#13759);
#5070=VERTEX_POINT('',#13763);
#5071=VERTEX_POINT('',#13764);
#5072=VERTEX_POINT('',#13766);
#5073=VERTEX_POINT('',#13768);
#5074=VERTEX_POINT('',#13777);
#5075=VERTEX_POINT('',#13778);
#5076=VERTEX_POINT('',#13780);
#5077=VERTEX_POINT('',#13787);
#5078=VERTEX_POINT('',#13804);
#5079=VERTEX_POINT('',#13821);
#5080=VERTEX_POINT('',#13860);
#5081=VERTEX_POINT('',#13861);
#5082=VERTEX_POINT('',#13863);
#5083=VERTEX_POINT('',#13865);
#5084=VERTEX_POINT('',#13869);
#5085=VERTEX_POINT('',#13873);
#5086=VERTEX_POINT('',#13877);
#5087=VERTEX_POINT('',#13881);
#5088=VERTEX_POINT('',#13885);
#5089=VERTEX_POINT('',#13889);
#5090=VERTEX_POINT('',#13898);
#5091=VERTEX_POINT('',#13900);
#5092=VERTEX_POINT('',#13904);
#5093=VERTEX_POINT('',#13906);
#5094=VERTEX_POINT('',#13910);
#5095=VERTEX_POINT('',#13912);
#5096=VERTEX_POINT('',#13916);
#5097=VERTEX_POINT('',#13918);
#5098=VERTEX_POINT('',#13922);
#5099=VERTEX_POINT('',#13924);
#5100=VERTEX_POINT('',#13928);
#5101=VERTEX_POINT('',#13931);
#5102=VERTEX_POINT('',#13937);
#5103=VERTEX_POINT('',#13942);
#5104=VERTEX_POINT('',#13944);
#5105=VERTEX_POINT('',#13949);
#5106=VERTEX_POINT('',#13956);
#5107=VERTEX_POINT('',#13960);
#5108=VERTEX_POINT('',#13970);
#5109=VERTEX_POINT('',#13972);
#5110=VERTEX_POINT('',#13974);
#5111=VERTEX_POINT('',#13979);
#5112=VERTEX_POINT('',#13981);
#5113=VERTEX_POINT('',#13983);
#5114=VERTEX_POINT('',#13985);
#5115=VERTEX_POINT('',#13992);
#5116=VERTEX_POINT('',#13996);
#5117=VERTEX_POINT('',#14002);
#5118=VERTEX_POINT('',#14004);
#5119=VERTEX_POINT('',#14006);
#5120=VERTEX_POINT('',#14008);
#5121=VERTEX_POINT('',#14010);
#5122=VERTEX_POINT('',#14012);
#5123=VERTEX_POINT('',#14014);
#5124=VERTEX_POINT('',#14019);
#5125=VERTEX_POINT('',#14023);
#5126=VERTEX_POINT('',#14033);
#5127=VERTEX_POINT('',#14040);
#5128=VERTEX_POINT('',#14127);
#5129=VERTEX_POINT('',#14131);
#5130=VERTEX_POINT('',#14142);
#5131=VERTEX_POINT('',#14155);
#5132=VERTEX_POINT('',#14168);
#5133=VERTEX_POINT('',#14181);
#5134=VERTEX_POINT('',#14194);
#5135=VERTEX_POINT('',#14207);
#5136=VERTEX_POINT('',#14220);
#5137=VERTEX_POINT('',#14233);
#5138=VERTEX_POINT('',#14239);
#5139=VERTEX_POINT('',#14250);
#5140=VERTEX_POINT('',#14263);
#5141=VERTEX_POINT('',#14276);
#5142=VERTEX_POINT('',#14289);
#5143=VERTEX_POINT('',#14302);
#5144=VERTEX_POINT('',#14315);
#5145=VERTEX_POINT('',#14328);
#5146=VERTEX_POINT('',#14341);
#5147=VERTEX_POINT('',#14354);
#5148=VERTEX_POINT('',#14367);
#5149=VERTEX_POINT('',#14373);
#5150=VERTEX_POINT('',#14377);
#5151=VERTEX_POINT('',#14381);
#5152=VERTEX_POINT('',#14392);
#5153=VERTEX_POINT('',#14410);
#5154=VERTEX_POINT('',#14412);
#5155=VERTEX_POINT('',#14416);
#5156=VERTEX_POINT('',#14420);
#5157=VERTEX_POINT('',#14424);
#5158=VERTEX_POINT('',#14428);
#5159=VERTEX_POINT('',#14432);
#5160=VERTEX_POINT('',#14436);
#5161=VERTEX_POINT('',#14440);
#5162=VERTEX_POINT('',#14447);
#5163=VERTEX_POINT('',#14449);
#5164=VERTEX_POINT('',#14453);
#5165=VERTEX_POINT('',#14457);
#5166=VERTEX_POINT('',#14461);
#5167=VERTEX_POINT('',#14465);
#5168=VERTEX_POINT('',#14469);
#5169=VERTEX_POINT('',#14473);
#5170=VERTEX_POINT('',#14477);
#5171=VERTEX_POINT('',#14481);
#5172=VERTEX_POINT('',#14485);
#5173=VERTEX_POINT('',#14489);
#5174=VERTEX_POINT('',#14493);
#5175=VERTEX_POINT('',#14497);
#5176=VERTEX_POINT('',#14501);
#5177=VERTEX_POINT('',#14508);
#5178=VERTEX_POINT('',#14510);
#5179=VERTEX_POINT('',#14514);
#5180=VERTEX_POINT('',#14518);
#5181=VERTEX_POINT('',#14522);
#5182=VERTEX_POINT('',#14526);
#5183=VERTEX_POINT('',#14530);
#5184=VERTEX_POINT('',#14534);
#5185=VERTEX_POINT('',#14538);
#5186=VERTEX_POINT('',#14542);
#5187=VERTEX_POINT('',#14546);
#5188=VERTEX_POINT('',#14550);
#5189=VERTEX_POINT('',#14559);
#5190=LINE('',#9978,#5643);
#5191=LINE('',#9981,#5644);
#5192=LINE('',#9983,#5645);
#5193=LINE('',#9985,#5646);
#5194=LINE('',#9987,#5647);
#5195=LINE('',#9989,#5648);
#5196=LINE('',#9991,#5649);
#5197=LINE('',#9993,#5650);
#5198=LINE('',#9995,#5651);
#5199=LINE('',#9997,#5652);
#5200=LINE('',#9999,#5653);
#5201=LINE('',#10001,#5654);
#5202=LINE('',#10003,#5655);
#5203=LINE('',#10005,#5656);
#5204=LINE('',#10007,#5657);
#5205=LINE('',#10014,#5658);
#5206=LINE('',#10016,#5659);
#5207=LINE('',#10018,#5660);
#5208=LINE('',#10020,#5661);
#5209=LINE('',#10022,#5662);
#5210=LINE('',#10024,#5663);
#5211=LINE('',#10026,#5664);
#5212=LINE('',#10028,#5665);
#5213=LINE('',#10030,#5666);
#5214=LINE('',#10032,#5667);
#5215=LINE('',#10034,#5668);
#5216=LINE('',#10036,#5669);
#5217=LINE('',#10038,#5670);
#5218=LINE('',#10040,#5671);
#5219=LINE('',#10042,#5672);
#5220=LINE('',#10043,#5673);
#5221=LINE('',#10046,#5674);
#5222=LINE('',#10048,#5675);
#5223=LINE('',#10050,#5676);
#5224=LINE('',#10054,#5677);
#5225=LINE('',#10057,#5678);
#5226=LINE('',#10059,#5679);
#5227=LINE('',#10061,#5680);
#5228=LINE('',#10064,#5681);
#5229=LINE('',#10067,#5682);
#5230=LINE('',#10069,#5683);
#5231=LINE('',#10071,#5684);
#5232=LINE('',#10073,#5685);
#5233=LINE('',#10075,#5686);
#5234=LINE('',#10077,#5687);
#5235=LINE('',#10079,#5688);
#5236=LINE('',#10081,#5689);
#5237=LINE('',#10083,#5690);
#5238=LINE('',#10085,#5691);
#5239=LINE('',#10087,#5692);
#5240=LINE('',#10089,#5693);
#5241=LINE('',#10091,#5694);
#5242=LINE('',#10093,#5695);
#5243=LINE('',#10095,#5696);
#5244=LINE('',#10097,#5697);
#5245=LINE('',#10104,#5698);
#5246=LINE('',#10106,#5699);
#5247=LINE('',#10108,#5700);
#5248=LINE('',#10110,#5701);
#5249=LINE('',#10112,#5702);
#5250=LINE('',#10114,#5703);
#5251=LINE('',#10116,#5704);
#5252=LINE('',#10118,#5705);
#5253=LINE('',#10120,#5706);
#5254=LINE('',#10122,#5707);
#5255=LINE('',#10124,#5708);
#5256=LINE('',#10126,#5709);
#5257=LINE('',#10128,#5710);
#5258=LINE('',#10135,#5711);
#5259=LINE('',#10141,#5712);
#5260=LINE('',#10145,#5713);
#5261=LINE('',#10153,#5714);
#5262=LINE('',#10161,#5715);
#5263=LINE('',#10166,#5716);
#5264=LINE('',#10170,#5717);
#5265=LINE('',#10175,#5718);
#5266=LINE('',#10179,#5719);
#5267=LINE('',#10183,#5720);
#5268=LINE('',#10187,#5721);
#5269=LINE('',#10191,#5722);
#5270=LINE('',#10195,#5723);
#5271=LINE('',#10199,#5724);
#5272=LINE('',#10203,#5725);
#5273=LINE('',#10209,#5726);
#5274=LINE('',#10217,#5727);
#5275=LINE('',#10227,#5728);
#5276=LINE('',#10239,#5729);
#5277=LINE('',#10251,#5730);
#5278=LINE('',#10263,#5731);
#5279=LINE('',#10275,#5732);
#5280=LINE('',#10287,#5733);
#5281=LINE('',#10299,#5734);
#5282=LINE('',#10311,#5735);
#5283=LINE('',#10323,#5736);
#5284=LINE('',#10335,#5737);
#5285=LINE('',#10347,#5738);
#5286=LINE('',#10359,#5739);
#5287=LINE('',#10383,#5740);
#5288=LINE('',#10429,#5741);
#5289=LINE('',#10458,#5742);
#5290=LINE('',#10461,#5743);
#5291=LINE('',#10463,#5744);
#5292=LINE('',#10465,#5745);
#5293=LINE('',#10467,#5746);
#5294=LINE('',#10469,#5747);
#5295=LINE('',#10471,#5748);
#5296=LINE('',#10476,#5749);
#5297=LINE('',#10479,#5750);
#5298=LINE('',#10481,#5751);
#5299=LINE('',#10483,#5752);
#5300=LINE('',#10487,#5753);
#5301=LINE('',#10489,#5754);
#5302=LINE('',#10491,#5755);
#5303=LINE('',#10493,#5756);
#5304=LINE('',#10495,#5757);
#5305=LINE('',#10497,#5758);
#5306=LINE('',#10503,#5759);
#5307=LINE('',#10505,#5760);
#5308=LINE('',#10506,#5761);
#5309=LINE('',#10509,#5762);
#5310=LINE('',#10511,#5763);
#5311=LINE('',#10513,#5764);
#5312=LINE('',#10515,#5765);
#5313=LINE('',#10517,#5766);
#5314=LINE('',#10519,#5767);
#5315=LINE('',#10521,#5768);
#5316=LINE('',#10523,#5769);
#5317=LINE('',#10525,#5770);
#5318=LINE('',#10527,#5771);
#5319=LINE('',#10529,#5772);
#5320=LINE('',#10541,#5773);
#5321=LINE('',#10546,#5774);
#5322=LINE('',#10550,#5775);
#5323=LINE('',#10554,#5776);
#5324=LINE('',#10558,#5777);
#5325=LINE('',#10568,#5778);
#5326=LINE('',#10572,#5779);
#5327=LINE('',#10576,#5780);
#5328=LINE('',#10580,#5781);
#5329=LINE('',#10585,#5782);
#5330=LINE('',#10589,#5783);
#5331=LINE('',#10591,#5784);
#5332=LINE('',#10593,#5785);
#5333=LINE('',#10595,#5786);
#5334=LINE('',#10597,#5787);
#5335=LINE('',#10599,#5788);
#5336=LINE('',#10601,#5789);
#5337=LINE('',#10603,#5790);
#5338=LINE('',#10604,#5791);
#5339=LINE('',#10606,#5792);
#5340=LINE('',#10608,#5793);
#5341=LINE('',#10609,#5794);
#5342=LINE('',#10611,#5795);
#5343=LINE('',#10613,#5796);
#5344=LINE('',#10620,#5797);
#5345=LINE('',#10622,#5798);
#5346=LINE('',#10623,#5799);
#5347=LINE('',#10625,#5800);
#5348=LINE('',#10627,#5801);
#5349=LINE('',#10629,#5802);
#5350=LINE('',#10631,#5803);
#5351=LINE('',#10633,#5804);
#5352=LINE('',#10634,#5805);
#5353=LINE('',#10636,#5806);
#5354=LINE('',#10638,#5807);
#5355=LINE('',#10639,#5808);
#5356=LINE('',#10642,#5809);
#5357=LINE('',#10644,#5810);
#5358=LINE('',#10646,#5811);
#5359=LINE('',#10648,#5812);
#5360=LINE('',#10655,#5813);
#5361=LINE('',#10659,#5814);
#5362=LINE('',#10661,#5815);
#5363=LINE('',#10678,#5816);
#5364=LINE('',#10709,#5817);
#5365=LINE('',#10711,#5818);
#5366=LINE('',#10715,#5819);
#5367=LINE('',#10719,#5820);
#5368=LINE('',#10723,#5821);
#5369=LINE('',#10725,#5822);
#5370=LINE('',#10727,#5823);
#5371=LINE('',#10875,#5824);
#5372=LINE('',#10878,#5825);
#5373=LINE('',#10879,#5826);
#5374=LINE('',#10901,#5827);
#5375=LINE('',#10902,#5828);
#5376=LINE('',#10906,#5829);
#5377=LINE('',#10908,#5830);
#5378=LINE('',#10912,#5831);
#5379=LINE('',#10916,#5832);
#5380=LINE('',#10920,#5833);
#5381=LINE('',#10924,#5834);
#5382=LINE('',#10950,#5835);
#5383=LINE('',#10953,#5836);
#5384=LINE('',#10955,#5837);
#5385=LINE('',#10956,#5838);
#5386=LINE('',#10960,#5839);
#5387=LINE('',#10978,#5840);
#5388=LINE('',#10980,#5841);
#5389=LINE('',#10984,#5842);
#5390=LINE('',#10988,#5843);
#5391=LINE('',#10990,#5844);
#5392=LINE('',#10991,#5845);
#5393=LINE('',#10993,#5846);
#5394=LINE('',#10994,#5847);
#5395=LINE('',#10998,#5848);
#5396=LINE('',#10999,#5849);
#5397=LINE('',#11064,#5850);
#5398=LINE('',#11065,#5851);
#5399=LINE('',#11130,#5852);
#5400=LINE('',#11131,#5853);
#5401=LINE('',#11200,#5854);
#5402=LINE('',#11247,#5855);
#5403=LINE('',#11251,#5856);
#5404=LINE('',#11337,#5857);
#5405=LINE('',#11341,#5858);
#5406=LINE('',#11427,#5859);
#5407=LINE('',#11431,#5860);
#5408=LINE('',#11514,#5861);
#5409=LINE('',#11515,#5862);
#5410=LINE('',#11580,#5863);
#5411=LINE('',#11581,#5864);
#5412=LINE('',#11646,#5865);
#5413=LINE('',#11647,#5866);
#5414=LINE('',#11780,#5867);
#5415=LINE('',#11866,#5868);
#5416=LINE('',#11870,#5869);
#5417=LINE('',#11956,#5870);
#5418=LINE('',#11960,#5871);
#5419=LINE('',#12041,#5872);
#5420=LINE('',#12045,#5873);
#5421=LINE('',#12047,#5874);
#5422=LINE('',#12048,#5875);
#5423=LINE('',#12050,#5876);
#5424=LINE('',#12052,#5877);
#5425=LINE('',#12054,#5878);
#5426=LINE('',#12056,#5879);
#5427=LINE('',#12058,#5880);
#5428=LINE('',#12060,#5881);
#5429=LINE('',#12068,#5882);
#5430=LINE('',#12069,#5883);
#5431=LINE('',#12071,#5884);
#5432=LINE('',#12072,#5885);
#5433=LINE('',#12081,#5886);
#5434=LINE('',#12090,#5887);
#5435=LINE('',#12092,#5888);
#5436=LINE('',#12094,#5889);
#5437=LINE('',#12098,#5890);
#5438=LINE('',#12099,#5891);
#5439=LINE('',#12101,#5892);
#5440=LINE('',#12103,#5893);
#5441=LINE('',#12105,#5894);
#5442=LINE('',#12107,#5895);
#5443=LINE('',#12108,#5896);
#5444=LINE('',#12112,#5897);
#5445=LINE('',#12114,#5898);
#5446=LINE('',#12116,#5899);
#5447=LINE('',#12124,#5900);
#5448=LINE('',#12132,#5901);
#5449=LINE('',#12133,#5902);
#5450=LINE('',#12135,#5903);
#5451=LINE('',#12136,#5904);
#5452=LINE('',#12140,#5905);
#5453=LINE('',#12142,#5906);
#5454=LINE('',#12151,#5907);
#5455=LINE('',#12153,#5908);
#5456=LINE('',#12155,#5909);
#5457=LINE('',#12159,#5910);
#5458=LINE('',#12161,#5911);
#5459=LINE('',#12163,#5912);
#5460=LINE('',#12167,#5913);
#5461=LINE('',#12169,#5914);
#5462=LINE('',#12172,#5915);
#5463=LINE('',#12197,#5916);
#5464=LINE('',#12217,#5917);
#5465=LINE('',#12337,#5918);
#5466=LINE('',#12338,#5919);
#5467=LINE('',#12340,#5920);
#5468=LINE('',#12342,#5921);
#5469=LINE('',#12344,#5922);
#5470=LINE('',#12346,#5923);
#5471=LINE('',#12349,#5924);
#5472=LINE('',#12351,#5925);
#5473=LINE('',#12360,#5926);
#5474=LINE('',#12409,#5927);
#5475=LINE('',#12415,#5928);
#5476=LINE('',#12421,#5929);
#5477=LINE('',#12574,#5930);
#5478=LINE('',#12578,#5931);
#5479=LINE('',#12582,#5932);
#5480=LINE('',#12585,#5933);
#5481=LINE('',#12636,#5934);
#5482=LINE('',#12659,#5935);
#5483=LINE('',#12663,#5936);
#5484=LINE('',#12673,#5937);
#5485=LINE('',#12737,#5938);
#5486=LINE('',#12741,#5939);
#5487=LINE('',#12751,#5940);
#5488=LINE('',#12815,#5941);
#5489=LINE('',#12819,#5942);
#5490=LINE('',#12829,#5943);
#5491=LINE('',#12897,#5944);
#5492=LINE('',#12949,#5945);
#5493=LINE('',#12954,#5946);
#5494=LINE('',#12966,#5947);
#5495=LINE('',#13051,#5948);
#5496=LINE('',#13056,#5949);
#5497=LINE('',#13068,#5950);
#5498=LINE('',#13153,#5951);
#5499=LINE('',#13158,#5952);
#5500=LINE('',#13170,#5953);
#5501=LINE('',#13252,#5954);
#5502=LINE('',#13256,#5955);
#5503=LINE('',#13266,#5956);
#5504=LINE('',#13330,#5957);
#5505=LINE('',#13334,#5958);
#5506=LINE('',#13344,#5959);
#5507=LINE('',#13408,#5960);
#5508=LINE('',#13412,#5961);
#5509=LINE('',#13422,#5962);
#5510=LINE('',#13494,#5963);
#5511=LINE('',#13563,#5964);
#5512=LINE('',#13575,#5965);
#5513=LINE('',#13660,#5966);
#5514=LINE('',#13665,#5967);
#5515=LINE('',#13677,#5968);
#5516=LINE('',#13762,#5969);
#5517=LINE('',#13767,#5970);
#5518=LINE('',#13779,#5971);
#5519=LINE('',#13859,#5972);
#5520=LINE('',#13864,#5973);
#5521=LINE('',#13868,#5974);
#5522=LINE('',#13872,#5975);
#5523=LINE('',#13874,#5976);
#5524=LINE('',#13876,#5977);
#5525=LINE('',#13880,#5978);
#5526=LINE('',#13882,#5979);
#5527=LINE('',#13884,#5980);
#5528=LINE('',#13888,#5981);
#5529=LINE('',#13890,#5982);
#5530=LINE('',#13899,#5983);
#5531=LINE('',#13903,#5984);
#5532=LINE('',#13905,#5985);
#5533=LINE('',#13907,#5986);
#5534=LINE('',#13911,#5987);
#5535=LINE('',#13915,#5988);
#5536=LINE('',#13917,#5989);
#5537=LINE('',#13919,#5990);
#5538=LINE('',#13923,#5991);
#5539=LINE('',#13929,#5992);
#5540=LINE('',#13932,#5993);
#5541=LINE('',#13955,#5994);
#5542=LINE('',#13957,#5995);
#5543=LINE('',#13975,#5996);
#5544=LINE('',#13997,#5997);
#5545=LINE('',#14106,#5998);
#5546=LINE('',#14108,#5999);
#5547=LINE('',#14111,#6000);
#5548=LINE('',#14113,#6001);
#5549=LINE('',#14126,#6002);
#5550=LINE('',#14132,#6003);
#5551=LINE('',#14141,#6004);
#5552=LINE('',#14154,#6005);
#5553=LINE('',#14167,#6006);
#5554=LINE('',#14180,#6007);
#5555=LINE('',#14193,#6008);
#5556=LINE('',#14206,#6009);
#5557=LINE('',#14219,#6010);
#5558=LINE('',#14232,#6011);
#5559=LINE('',#14238,#6012);
#5560=LINE('',#14240,#6013);
#5561=LINE('',#14249,#6014);
#5562=LINE('',#14262,#6015);
#5563=LINE('',#14275,#6016);
#5564=LINE('',#14288,#6017);
#5565=LINE('',#14301,#6018);
#5566=LINE('',#14314,#6019);
#5567=LINE('',#14327,#6020);
#5568=LINE('',#14340,#6021);
#5569=LINE('',#14353,#6022);
#5570=LINE('',#14366,#6023);
#5571=LINE('',#14372,#6024);
#5572=LINE('',#14376,#6025);
#5573=LINE('',#14380,#6026);
#5574=LINE('',#14382,#6027);
#5575=LINE('',#14391,#6028);
#5576=LINE('',#14409,#6029);
#5577=LINE('',#14411,#6030);
#5578=LINE('',#14413,#6031);
#5579=LINE('',#14415,#6032);
#5580=LINE('',#14417,#6033);
#5581=LINE('',#14419,#6034);
#5582=LINE('',#14423,#6035);
#5583=LINE('',#14427,#6036);
#5584=LINE('',#14429,#6037);
#5585=LINE('',#14431,#6038);
#5586=LINE('',#14433,#6039);
#5587=LINE('',#14435,#6040);
#5588=LINE('',#14437,#6041);
#5589=LINE('',#14439,#6042);
#5590=LINE('',#14441,#6043);
#5591=LINE('',#14443,#6044);
#5592=LINE('',#14446,#6045);
#5593=LINE('',#14448,#6046);
#5594=LINE('',#14450,#6047);
#5595=LINE('',#14452,#6048);
#5596=LINE('',#14454,#6049);
#5597=LINE('',#14456,#6050);
#5598=LINE('',#14458,#6051);
#5599=LINE('',#14460,#6052);
#5600=LINE('',#14462,#6053);
#5601=LINE('',#14464,#6054);
#5602=LINE('',#14468,#6055);
#5603=LINE('',#14472,#6056);
#5604=LINE('',#14474,#6057);
#5605=LINE('',#14476,#6058);
#5606=LINE('',#14478,#6059);
#5607=LINE('',#14480,#6060);
#5608=LINE('',#14482,#6061);
#5609=LINE('',#14484,#6062);
#5610=LINE('',#14486,#6063);
#5611=LINE('',#14488,#6064);
#5612=LINE('',#14490,#6065);
#5613=LINE('',#14492,#6066);
#5614=LINE('',#14494,#6067);
#5615=LINE('',#14496,#6068);
#5616=LINE('',#14500,#6069);
#5617=LINE('',#14502,#6070);
#5618=LINE('',#14504,#6071);
#5619=LINE('',#14507,#6072);
#5620=LINE('',#14509,#6073);
#5621=LINE('',#14511,#6074);
#5622=LINE('',#14513,#6075);
#5623=LINE('',#14515,#6076);
#5624=LINE('',#14517,#6077);
#5625=LINE('',#14519,#6078);
#5626=LINE('',#14521,#6079);
#5627=LINE('',#14523,#6080);
#5628=LINE('',#14525,#6081);
#5629=LINE('',#14527,#6082);
#5630=LINE('',#14529,#6083);
#5631=LINE('',#14531,#6084);
#5632=LINE('',#14533,#6085);
#5633=LINE('',#14535,#6086);
#5634=LINE('',#14537,#6087);
#5635=LINE('',#14539,#6088);
#5636=LINE('',#14541,#6089);
#5637=LINE('',#14543,#6090);
#5638=LINE('',#14545,#6091);
#5639=LINE('',#14547,#6092);
#5640=LINE('',#14549,#6093);
#5641=LINE('',#14551,#6094);
#5642=LINE('',#14553,#6095);
#5643=VECTOR('',#8315,1.);
#5644=VECTOR('',#8316,1.);
#5645=VECTOR('',#8317,1.);
#5646=VECTOR('',#8318,1.);
#5647=VECTOR('',#8319,1.);
#5648=VECTOR('',#8320,1.);
#5649=VECTOR('',#8321,1.);
#5650=VECTOR('',#8322,1.);
#5651=VECTOR('',#8323,1.);
#5652=VECTOR('',#8324,1.);
#5653=VECTOR('',#8325,1.);
#5654=VECTOR('',#8326,1.);
#5655=VECTOR('',#8327,1.);
#5656=VECTOR('',#8328,1.);
#5657=VECTOR('',#8329,1.);
#5658=VECTOR('',#8330,1.);
#5659=VECTOR('',#8331,1.);
#5660=VECTOR('',#8332,1.);
#5661=VECTOR('',#8333,1.);
#5662=VECTOR('',#8334,1.);
#5663=VECTOR('',#8335,1.);
#5664=VECTOR('',#8336,1.);
#5665=VECTOR('',#8337,1.);
#5666=VECTOR('',#8338,1.);
#5667=VECTOR('',#8339,1.);
#5668=VECTOR('',#8340,1.);
#5669=VECTOR('',#8341,1.);
#5670=VECTOR('',#8342,1.);
#5671=VECTOR('',#8343,1.);
#5672=VECTOR('',#8344,1.);
#5673=VECTOR('',#8345,1.);
#5674=VECTOR('',#8346,1.);
#5675=VECTOR('',#8347,1.);
#5676=VECTOR('',#8348,1.);
#5677=VECTOR('',#8353,1.);
#5678=VECTOR('',#8354,1.);
#5679=VECTOR('',#8355,1.);
#5680=VECTOR('',#8356,1.);
#5681=VECTOR('',#8359,1.);
#5682=VECTOR('',#8360,1.);
#5683=VECTOR('',#8361,1.);
#5684=VECTOR('',#8362,1.);
#5685=VECTOR('',#8363,1.);
#5686=VECTOR('',#8364,1.);
#5687=VECTOR('',#8365,1.);
#5688=VECTOR('',#8366,1.);
#5689=VECTOR('',#8367,1.);
#5690=VECTOR('',#8368,1.);
#5691=VECTOR('',#8369,1.);
#5692=VECTOR('',#8370,1.);
#5693=VECTOR('',#8371,1.);
#5694=VECTOR('',#8372,1.);
#5695=VECTOR('',#8373,1.);
#5696=VECTOR('',#8374,1.);
#5697=VECTOR('',#8375,1.);
#5698=VECTOR('',#8376,1.);
#5699=VECTOR('',#8377,1.);
#5700=VECTOR('',#8378,1.);
#5701=VECTOR('',#8379,1.);
#5702=VECTOR('',#8380,1.);
#5703=VECTOR('',#8381,1.);
#5704=VECTOR('',#8382,1.);
#5705=VECTOR('',#8383,1.);
#5706=VECTOR('',#8384,1.);
#5707=VECTOR('',#8385,1.);
#5708=VECTOR('',#8386,1.);
#5709=VECTOR('',#8387,1.);
#5710=VECTOR('',#8388,1.);
#5711=VECTOR('',#8391,1.);
#5712=VECTOR('',#8396,1.);
#5713=VECTOR('',#8399,1.);
#5714=VECTOR('',#8402,1.);
#5715=VECTOR('',#8405,1.);
#5716=VECTOR('',#8406,1.);
#5717=VECTOR('',#8409,1.);
#5718=VECTOR('',#8412,1.);
#5719=VECTOR('',#8415,1.);
#5720=VECTOR('',#8418,1.);
#5721=VECTOR('',#8421,1.);
#5722=VECTOR('',#8424,1.);
#5723=VECTOR('',#8427,1.);
#5724=VECTOR('',#8430,1.);
#5725=VECTOR('',#8433,1.);
#5726=VECTOR('',#8438,1.);
#5727=VECTOR('',#8441,1.);
#5728=VECTOR('',#8442,1.);
#5729=VECTOR('',#8445,1.);
#5730=VECTOR('',#8448,1.);
#5731=VECTOR('',#8451,1.);
#5732=VECTOR('',#8454,1.);
#5733=VECTOR('',#8457,1.);
#5734=VECTOR('',#8460,1.);
#5735=VECTOR('',#8463,1.);
#5736=VECTOR('',#8466,1.);
#5737=VECTOR('',#8469,1.);
#5738=VECTOR('',#8472,1.);
#5739=VECTOR('',#8475,1.);
#5740=VECTOR('',#8478,1.);
#5741=VECTOR('',#8483,1.);
#5742=VECTOR('',#8484,1.);
#5743=VECTOR('',#8485,1.);
#5744=VECTOR('',#8486,1.);
#5745=VECTOR('',#8487,1.);
#5746=VECTOR('',#8488,1.);
#5747=VECTOR('',#8489,1.);
#5748=VECTOR('',#8490,1.);
#5749=VECTOR('',#8495,1.);
#5750=VECTOR('',#8496,1.);
#5751=VECTOR('',#8497,1.);
#5752=VECTOR('',#8498,1.);
#5753=VECTOR('',#8501,1.);
#5754=VECTOR('',#8502,1.);
#5755=VECTOR('',#8503,1.);
#5756=VECTOR('',#8504,1.);
#5757=VECTOR('',#8505,1.);
#5758=VECTOR('',#8506,1.);
#5759=VECTOR('',#8511,1.);
#5760=VECTOR('',#8512,1.);
#5761=VECTOR('',#8513,1.);
#5762=VECTOR('',#8514,1.);
#5763=VECTOR('',#8515,1.);
#5764=VECTOR('',#8516,1.);
#5765=VECTOR('',#8517,1.);
#5766=VECTOR('',#8518,1.);
#5767=VECTOR('',#8519,1.);
#5768=VECTOR('',#8520,1.);
#5769=VECTOR('',#8521,1.);
#5770=VECTOR('',#8522,1.);
#5771=VECTOR('',#8523,1.);
#5772=VECTOR('',#8524,1.);
#5773=VECTOR('',#8529,1.);
#5774=VECTOR('',#8534,1.);
#5775=VECTOR('',#8537,1.);
#5776=VECTOR('',#8540,1.);
#5777=VECTOR('',#8543,1.);
#5778=VECTOR('',#8546,1.);
#5779=VECTOR('',#8549,1.);
#5780=VECTOR('',#8552,1.);
#5781=VECTOR('',#8555,1.);
#5782=VECTOR('',#8560,1.);
#5783=VECTOR('',#8565,1.);
#5784=VECTOR('',#8566,1.);
#5785=VECTOR('',#8567,1.);
#5786=VECTOR('',#8568,1.);
#5787=VECTOR('',#8569,1.);
#5788=VECTOR('',#8570,1.);
#5789=VECTOR('',#8571,1.);
#5790=VECTOR('',#8572,1.);
#5791=VECTOR('',#8573,1.);
#5792=VECTOR('',#8574,1.);
#5793=VECTOR('',#8575,1.);
#5794=VECTOR('',#8576,1.);
#5795=VECTOR('',#8577,1.);
#5796=VECTOR('',#8578,1.);
#5797=VECTOR('',#8579,1.);
#5798=VECTOR('',#8580,1.);
#5799=VECTOR('',#8581,1.);
#5800=VECTOR('',#8582,1.);
#5801=VECTOR('',#8583,1.);
#5802=VECTOR('',#8584,1.);
#5803=VECTOR('',#8585,1.);
#5804=VECTOR('',#8586,1.);
#5805=VECTOR('',#8587,1.);
#5806=VECTOR('',#8588,1.);
#5807=VECTOR('',#8589,1.);
#5808=VECTOR('',#8590,1.);
#5809=VECTOR('',#8591,1.);
#5810=VECTOR('',#8592,1.);
#5811=VECTOR('',#8593,1.);
#5812=VECTOR('',#8596,1.);
#5813=VECTOR('',#8603,1.);
#5814=VECTOR('',#8606,1.);
#5815=VECTOR('',#8609,1.);
#5816=VECTOR('',#8612,1.);
#5817=VECTOR('',#8615,1.);
#5818=VECTOR('',#8616,1.);
#5819=VECTOR('',#8621,1.);
#5820=VECTOR('',#8624,1.);
#5821=VECTOR('',#8629,1.);
#5822=VECTOR('',#8632,1.);
#5823=VECTOR('',#8633,1.);
#5824=VECTOR('',#8662,1.);
#5825=VECTOR('',#8663,1.);
#5826=VECTOR('',#8664,1.);
#5827=VECTOR('',#8667,1.);
#5828=VECTOR('',#8668,1.);
#5829=VECTOR('',#8671,1.);
#5830=VECTOR('',#8672,1.);
#5831=VECTOR('',#8675,1.);
#5832=VECTOR('',#8678,1.);
#5833=VECTOR('',#8681,1.);
#5834=VECTOR('',#8686,1.);
#5835=VECTOR('',#8705,1.);
#5836=VECTOR('',#8706,1.);
#5837=VECTOR('',#8707,1.);
#5838=VECTOR('',#8708,1.);
#5839=VECTOR('',#8711,1.);
#5840=VECTOR('',#8730,1.);
#5841=VECTOR('',#8731,1.);
#5842=VECTOR('',#8734,1.);
#5843=VECTOR('',#8737,1.);
#5844=VECTOR('',#8740,1.);
#5845=VECTOR('',#8741,1.);
#5846=VECTOR('',#8744,1.);
#5847=VECTOR('',#8745,1.);
#5848=VECTOR('',#8752,1.);
#5849=VECTOR('',#8753,1.);
#5850=VECTOR('',#8764,1.);
#5851=VECTOR('',#8765,1.);
#5852=VECTOR('',#8776,1.);
#5853=VECTOR('',#8777,1.);
#5854=VECTOR('',#8792,1.);
#5855=VECTOR('',#8805,1.);
#5856=VECTOR('',#8808,1.);
#5857=VECTOR('',#8821,1.);
#5858=VECTOR('',#8824,1.);
#5859=VECTOR('',#8837,1.);
#5860=VECTOR('',#8840,1.);
#5861=VECTOR('',#8851,1.);
#5862=VECTOR('',#8852,1.);
#5863=VECTOR('',#8863,1.);
#5864=VECTOR('',#8864,1.);
#5865=VECTOR('',#8875,1.);
#5866=VECTOR('',#8876,1.);
#5867=VECTOR('',#8899,1.);
#5868=VECTOR('',#8912,1.);
#5869=VECTOR('',#8915,1.);
#5870=VECTOR('',#8928,1.);
#5871=VECTOR('',#8931,1.);
#5872=VECTOR('',#8938,1.);
#5873=VECTOR('',#8941,1.);
#5874=VECTOR('',#8944,1.);
#5875=VECTOR('',#8945,1.);
#5876=VECTOR('',#8948,1.);
#5877=VECTOR('',#8951,1.);
#5878=VECTOR('',#8954,1.);
#5879=VECTOR('',#8957,1.);
#5880=VECTOR('',#8960,1.);
#5881=VECTOR('',#8963,1.);
#5882=VECTOR('',#8974,1.);
#5883=VECTOR('',#8975,1.);
#5884=VECTOR('',#8978,1.);
#5885=VECTOR('',#8979,1.);
#5886=VECTOR('',#8988,1.);
#5887=VECTOR('',#8989,1.);
#5888=VECTOR('',#8990,1.);
#5889=VECTOR('',#8991,1.);
#5890=VECTOR('',#8994,1.);
#5891=VECTOR('',#8995,1.);
#5892=VECTOR('',#8996,1.);
#5893=VECTOR('',#8997,1.);
#5894=VECTOR('',#8998,1.);
#5895=VECTOR('',#8999,1.);
#5896=VECTOR('',#9000,1.);
#5897=VECTOR('',#9003,1.);
#5898=VECTOR('',#9004,1.);
#5899=VECTOR('',#9005,1.);
#5900=VECTOR('',#9006,1.);
#5901=VECTOR('',#9009,1.);
#5902=VECTOR('',#9010,1.);
#5903=VECTOR('',#9011,1.);
#5904=VECTOR('',#9012,1.);
#5905=VECTOR('',#9015,1.);
#5906=VECTOR('',#9016,1.);
#5907=VECTOR('',#9021,1.);
#5908=VECTOR('',#9024,1.);
#5909=VECTOR('',#9025,1.);
#5910=VECTOR('',#9030,1.);
#5911=VECTOR('',#9033,1.);
#5912=VECTOR('',#9034,1.);
#5913=VECTOR('',#9039,1.);
#5914=VECTOR('',#9042,1.);
#5915=VECTOR('',#9045,1.);
#5916=VECTOR('',#9052,1.);
#5917=VECTOR('',#9069,1.);
#5918=VECTOR('',#9164,1.);
#5919=VECTOR('',#9165,1.);
#5920=VECTOR('',#9166,1.);
#5921=VECTOR('',#9167,1.);
#5922=VECTOR('',#9170,1.);
#5923=VECTOR('',#9173,1.);
#5924=VECTOR('',#9178,1.);
#5925=VECTOR('',#9181,1.);
#5926=VECTOR('',#9194,1.);
#5927=VECTOR('',#9205,1.);
#5928=VECTOR('',#9212,1.);
#5929=VECTOR('',#9219,1.);
#5930=VECTOR('',#9256,1.);
#5931=VECTOR('',#9259,1.);
#5932=VECTOR('',#9262,1.);
#5933=VECTOR('',#9265,1.);
#5934=VECTOR('',#9294,1.);
#5935=VECTOR('',#9325,1.);
#5936=VECTOR('',#9328,1.);
#5937=VECTOR('',#9331,1.);
#5938=VECTOR('',#9340,1.);
#5939=VECTOR('',#9343,1.);
#5940=VECTOR('',#9346,1.);
#5941=VECTOR('',#9355,1.);
#5942=VECTOR('',#9358,1.);
#5943=VECTOR('',#9361,1.);
#5944=VECTOR('',#9374,1.);
#5945=VECTOR('',#9389,1.);
#5946=VECTOR('',#9392,1.);
#5947=VECTOR('',#9397,1.);
#5948=VECTOR('',#9408,1.);
#5949=VECTOR('',#9411,1.);
#5950=VECTOR('',#9416,1.);
#5951=VECTOR('',#9427,1.);
#5952=VECTOR('',#9430,1.);
#5953=VECTOR('',#9435,1.);
#5954=VECTOR('',#9444,1.);
#5955=VECTOR('',#9447,1.);
#5956=VECTOR('',#9450,1.);
#5957=VECTOR('',#9459,1.);
#5958=VECTOR('',#9462,1.);
#5959=VECTOR('',#9465,1.);
#5960=VECTOR('',#9474,1.);
#5961=VECTOR('',#9477,1.);
#5962=VECTOR('',#9480,1.);
#5963=VECTOR('',#9489,1.);
#5964=VECTOR('',#9502,1.);
#5965=VECTOR('',#9507,1.);
#5966=VECTOR('',#9518,1.);
#5967=VECTOR('',#9521,1.);
#5968=VECTOR('',#9526,1.);
#5969=VECTOR('',#9537,1.);
#5970=VECTOR('',#9540,1.);
#5971=VECTOR('',#9545,1.);
#5972=VECTOR('',#9550,1.);
#5973=VECTOR('',#9553,1.);
#5974=VECTOR('',#9558,1.);
#5975=VECTOR('',#9563,1.);
#5976=VECTOR('',#9564,1.);
#5977=VECTOR('',#9567,1.);
#5978=VECTOR('',#9572,1.);
#5979=VECTOR('',#9573,1.);
#5980=VECTOR('',#9576,1.);
#5981=VECTOR('',#9581,1.);
#5982=VECTOR('',#9582,1.);
#5983=VECTOR('',#9597,1.);
#5984=VECTOR('',#9602,1.);
#5985=VECTOR('',#9603,1.);
#5986=VECTOR('',#9604,1.);
#5987=VECTOR('',#9609,1.);
#5988=VECTOR('',#9614,1.);
#5989=VECTOR('',#9615,1.);
#5990=VECTOR('',#9616,1.);
#5991=VECTOR('',#9621,1.);
#5992=VECTOR('',#9628,1.);
#5993=VECTOR('',#9631,1.);
#5994=VECTOR('',#9636,1.);
#5995=VECTOR('',#9637,1.);
#5996=VECTOR('',#9650,1.);
#5997=VECTOR('',#9669,1.);
#5998=VECTOR('',#9750,1.);
#5999=VECTOR('',#9753,1.);
#6000=VECTOR('',#9758,1.);
#6001=VECTOR('',#9761,1.);
#6002=VECTOR('',#9770,1.);
#6003=VECTOR('',#9771,1.);
#6004=VECTOR('',#9772,1.);
#6005=VECTOR('',#9773,1.);
#6006=VECTOR('',#9774,1.);
#6007=VECTOR('',#9775,1.);
#6008=VECTOR('',#9776,1.);
#6009=VECTOR('',#9777,1.);
#6010=VECTOR('',#9778,1.);
#6011=VECTOR('',#9779,1.);
#6012=VECTOR('',#9782,1.);
#6013=VECTOR('',#9783,1.);
#6014=VECTOR('',#9784,1.);
#6015=VECTOR('',#9785,1.);
#6016=VECTOR('',#9786,1.);
#6017=VECTOR('',#9787,1.);
#6018=VECTOR('',#9788,1.);
#6019=VECTOR('',#9789,1.);
#6020=VECTOR('',#9790,1.);
#6021=VECTOR('',#9791,1.);
#6022=VECTOR('',#9792,1.);
#6023=VECTOR('',#9793,1.);
#6024=VECTOR('',#9796,1.);
#6025=VECTOR('',#9801,1.);
#6026=VECTOR('',#9806,1.);
#6027=VECTOR('',#9807,1.);
#6028=VECTOR('',#9808,1.);
#6029=VECTOR('',#9813,1.);
#6030=VECTOR('',#9814,1.);
#6031=VECTOR('',#9815,1.);
#6032=VECTOR('',#9818,1.);
#6033=VECTOR('',#9819,1.);
#6034=VECTOR('',#9822,1.);
#6035=VECTOR('',#9827,1.);
#6036=VECTOR('',#9832,1.);
#6037=VECTOR('',#9833,1.);
#6038=VECTOR('',#9836,1.);
#6039=VECTOR('',#9837,1.);
#6040=VECTOR('',#9840,1.);
#6041=VECTOR('',#9841,1.);
#6042=VECTOR('',#9844,1.);
#6043=VECTOR('',#9845,1.);
#6044=VECTOR('',#9848,1.);
#6045=VECTOR('',#9853,1.);
#6046=VECTOR('',#9854,1.);
#6047=VECTOR('',#9855,1.);
#6048=VECTOR('',#9858,1.);
#6049=VECTOR('',#9859,1.);
#6050=VECTOR('',#9862,1.);
#6051=VECTOR('',#9863,1.);
#6052=VECTOR('',#9866,1.);
#6053=VECTOR('',#9867,1.);
#6054=VECTOR('',#9870,1.);
#6055=VECTOR('',#9875,1.);
#6056=VECTOR('',#9880,1.);
#6057=VECTOR('',#9881,1.);
#6058=VECTOR('',#9884,1.);
#6059=VECTOR('',#9885,1.);
#6060=VECTOR('',#9888,1.);
#6061=VECTOR('',#9889,1.);
#6062=VECTOR('',#9892,1.);
#6063=VECTOR('',#9893,1.);
#6064=VECTOR('',#9896,1.);
#6065=VECTOR('',#9897,1.);
#6066=VECTOR('',#9900,1.);
#6067=VECTOR('',#9901,1.);
#6068=VECTOR('',#9904,1.);
#6069=VECTOR('',#9909,1.);
#6070=VECTOR('',#9910,1.);
#6071=VECTOR('',#9913,1.);
#6072=VECTOR('',#9918,1.);
#6073=VECTOR('',#9919,1.);
#6074=VECTOR('',#9920,1.);
#6075=VECTOR('',#9923,1.);
#6076=VECTOR('',#9924,1.);
#6077=VECTOR('',#9927,1.);
#6078=VECTOR('',#9928,1.);
#6079=VECTOR('',#9931,1.);
#6080=VECTOR('',#9932,1.);
#6081=VECTOR('',#9935,1.);
#6082=VECTOR('',#9936,1.);
#6083=VECTOR('',#9939,1.);
#6084=VECTOR('',#9940,1.);
#6085=VECTOR('',#9943,1.);
#6086=VECTOR('',#9944,1.);
#6087=VECTOR('',#9947,1.);
#6088=VECTOR('',#9948,1.);
#6089=VECTOR('',#9951,1.);
#6090=VECTOR('',#9952,1.);
#6091=VECTOR('',#9955,1.);
#6092=VECTOR('',#9956,1.);
#6093=VECTOR('',#9959,1.);
#6094=VECTOR('',#9960,1.);
#6095=VECTOR('',#9963,1.);
#6096=EDGE_LOOP('',(#969,#970,#971,#972,#973,#974,#975,#976,#977,#978,#979,
#980,#981,#982,#983,#984,#985,#986,#987,#988,#989,#990,#991,#992,#993,#994,
#995,#996,#997,#998,#999));
#6097=EDGE_LOOP('',(#1000,#1001,#1002,#1003));
#6098=EDGE_LOOP('',(#1004));
#6099=EDGE_LOOP('',(#1005,#1006,#1007,#1008));
#6100=EDGE_LOOP('',(#1009));
#6101=EDGE_LOOP('',(#1010,#1011,#1012,#1013,#1014,#1015,#1016,#1017,#1018,
#1019,#1020,#1021,#1022,#1023,#1024,#1025,#1026,#1027,#1028,#1029,#1030,
#1031,#1032,#1033,#1034,#1035,#1036,#1037,#1038,#1039,#1040));
#6102=EDGE_LOOP('',(#1041,#1042,#1043));
#6103=EDGE_LOOP('',(#1044,#1045));
#6104=EDGE_LOOP('',(#1046,#1047,#1048));
#6105=EDGE_LOOP('',(#1049,#1050,#1051,#1052,#1053,#1054));
#6106=EDGE_LOOP('',(#1055,#1056));
#6107=EDGE_LOOP('',(#1057,#1058,#1059,#1060,#1061,#1062,#1063,#1064,#1065,
#1066,#1067,#1068,#1069,#1070,#1071,#1072,#1073,#1074));
#6108=EDGE_LOOP('',(#1075,#1076,#1077,#1078,#1079,#1080));
#6109=EDGE_LOOP('',(#1081,#1082,#1083,#1084));
#6110=EDGE_LOOP('',(#1085,#1086,#1087,#1088));
#6111=EDGE_LOOP('',(#1089,#1090,#1091,#1092));
#6112=EDGE_LOOP('',(#1093,#1094,#1095,#1096));
#6113=EDGE_LOOP('',(#1097,#1098,#1099,#1100));
#6114=EDGE_LOOP('',(#1101,#1102,#1103,#1104));
#6115=EDGE_LOOP('',(#1105,#1106,#1107,#1108));
#6116=EDGE_LOOP('',(#1109,#1110,#1111,#1112));
#6117=EDGE_LOOP('',(#1113,#1114,#1115,#1116));
#6118=EDGE_LOOP('',(#1117,#1118,#1119,#1120));
#6119=EDGE_LOOP('',(#1121,#1122,#1123,#1124));
#6120=EDGE_LOOP('',(#1125,#1126,#1127,#1128));
#6121=EDGE_LOOP('',(#1129,#1130,#1131,#1132,#1133,#1134,#1135,#1136,#1137,
#1138,#1139,#1140,#1141,#1142,#1143,#1144,#1145,#1146,#1147,#1148,#1149,
#1150,#1151,#1152,#1153));
#6122=EDGE_LOOP('',(#1154,#1155,#1156,#1157,#1158,#1159,#1160,#1161,#1162));
#6123=EDGE_LOOP('',(#1163,#1164,#1165,#1166,#1167,#1168,#1169,#1170,#1171,
#1172,#1173,#1174,#1175,#1176,#1177));
#6124=EDGE_LOOP('',(#1178,#1179,#1180,#1181,#1182,#1183,#1184,#1185,#1186,
#1187,#1188,#1189));
#6125=EDGE_LOOP('',(#1190,#1191,#1192,#1193,#1194,#1195,#1196,#1197,#1198,
#1199,#1200,#1201,#1202,#1203));
#6126=EDGE_LOOP('',(#1204,#1205,#1206,#1207,#1208,#1209,#1210,#1211,#1212,
#1213,#1214,#1215,#1216,#1217));
#6127=EDGE_LOOP('',(#1218,#1219,#1220,#1221,#1222,#1223,#1224,#1225,#1226,
#1227,#1228,#1229,#1230,#1231,#1232,#1233,#1234,#1235,#1236,#1237,#1238,
#1239,#1240,#1241,#1242,#1243,#1244,#1245,#1246,#1247,#1248));
#6128=EDGE_LOOP('',(#1249,#1250,#1251,#1252));
#6129=EDGE_LOOP('',(#1253,#1254,#1255));
#6130=EDGE_LOOP('',(#1256,#1257,#1258,#1259));
#6131=EDGE_LOOP('',(#1260,#1261,#1262));
#6132=EDGE_LOOP('',(#1263,#1264,#1265,#1266,#1267,#1268));
#6133=EDGE_LOOP('',(#1269,#1270,#1271,#1272,#1273));
#6134=EDGE_LOOP('',(#1274,#1275,#1276,#1277));
#6135=EDGE_LOOP('',(#1278,#1279,#1280,#1281));
#6136=EDGE_LOOP('',(#1282,#1283,#1284,#1285));
#6137=EDGE_LOOP('',(#1286,#1287,#1288,#1289));
#6138=EDGE_LOOP('',(#1290,#1291,#1292,#1293,#1294,#1295));
#6139=EDGE_LOOP('',(#1296,#1297,#1298,#1299,#1300,#1301));
#6140=EDGE_LOOP('',(#1302,#1303,#1304,#1305,#1306,#1307));
#6141=EDGE_LOOP('',(#1308,#1309,#1310,#1311,#1312,#1313));
#6142=EDGE_LOOP('',(#1314,#1315,#1316,#1317,#1318,#1319));
#6143=EDGE_LOOP('',(#1320,#1321,#1322,#1323,#1324,#1325));
#6144=EDGE_LOOP('',(#1326,#1327,#1328,#1329,#1330,#1331,#1332,#1333,#1334,
#1335,#1336,#1337,#1338,#1339,#1340,#1341,#1342,#1343,#1344,#1345,#1346,
#1347,#1348,#1349,#1350,#1351,#1352));
#6145=EDGE_LOOP('',(#1353,#1354,#1355,#1356));
#6146=EDGE_LOOP('',(#1357));
#6147=EDGE_LOOP('',(#1358));
#6148=EDGE_LOOP('',(#1359));
#6149=EDGE_LOOP('',(#1360));
#6150=EDGE_LOOP('',(#1361));
#6151=EDGE_LOOP('',(#1362));
#6152=EDGE_LOOP('',(#1363));
#6153=EDGE_LOOP('',(#1364,#1365,#1366,#1367,#1368,#1369,#1370,#1371));
#6154=EDGE_LOOP('',(#1372));
#6155=EDGE_LOOP('',(#1373));
#6156=EDGE_LOOP('',(#1374));
#6157=EDGE_LOOP('',(#1375));
#6158=EDGE_LOOP('',(#1376));
#6159=EDGE_LOOP('',(#1377));
#6160=EDGE_LOOP('',(#1378));
#6161=EDGE_LOOP('',(#1379,#1380,#1381,#1382,#1383,#1384,#1385));
#6162=EDGE_LOOP('',(#1386,#1387,#1388,#1389));
#6163=EDGE_LOOP('',(#1390,#1391,#1392,#1393));
#6164=EDGE_LOOP('',(#1394,#1395));
#6165=EDGE_LOOP('',(#1396,#1397,#1398,#1399));
#6166=EDGE_LOOP('',(#1400,#1401,#1402,#1403));
#6167=EDGE_LOOP('',(#1404,#1405,#1406,#1407,#1408));
#6168=EDGE_LOOP('',(#1409,#1410,#1411,#1412,#1413));
#6169=EDGE_LOOP('',(#1414,#1415,#1416,#1417,#1418,#1419));
#6170=EDGE_LOOP('',(#1420,#1421));
#6171=EDGE_LOOP('',(#1422,#1423,#1424,#1425));
#6172=EDGE_LOOP('',(#1426,#1427,#1428,#1429));
#6173=EDGE_LOOP('',(#1430,#1431,#1432,#1433,#1434));
#6174=EDGE_LOOP('',(#1435,#1436,#1437,#1438,#1439));
#6175=EDGE_LOOP('',(#1440,#1441,#1442,#1443,#1444,#1445));
#6176=EDGE_LOOP('',(#1446,#1447));
#6177=EDGE_LOOP('',(#1448,#1449,#1450,#1451));
#6178=EDGE_LOOP('',(#1452,#1453,#1454,#1455));
#6179=EDGE_LOOP('',(#1456,#1457,#1458,#1459,#1460));
#6180=EDGE_LOOP('',(#1461,#1462,#1463,#1464,#1465));
#6181=EDGE_LOOP('',(#1466,#1467,#1468,#1469,#1470,#1471));
#6182=EDGE_LOOP('',(#1472,#1473,#1474));
#6183=EDGE_LOOP('',(#1475,#1476,#1477,#1478));
#6184=EDGE_LOOP('',(#1479,#1480,#1481));
#6185=EDGE_LOOP('',(#1482,#1483,#1484,#1485,#1486,#1487));
#6186=EDGE_LOOP('',(#1488,#1489,#1490,#1491,#1492));
#6187=EDGE_LOOP('',(#1493,#1494));
#6188=EDGE_LOOP('',(#1495,#1496,#1497,#1498));
#6189=EDGE_LOOP('',(#1499,#1500,#1501,#1502));
#6190=EDGE_LOOP('',(#1503,#1504,#1505,#1506,#1507));
#6191=EDGE_LOOP('',(#1508,#1509,#1510,#1511,#1512));
#6192=EDGE_LOOP('',(#1513,#1514,#1515,#1516,#1517,#1518));
#6193=EDGE_LOOP('',(#1519,#1520));
#6194=EDGE_LOOP('',(#1521,#1522,#1523,#1524));
#6195=EDGE_LOOP('',(#1525,#1526,#1527,#1528));
#6196=EDGE_LOOP('',(#1529,#1530,#1531,#1532,#1533));
#6197=EDGE_LOOP('',(#1534,#1535,#1536,#1537,#1538));
#6198=EDGE_LOOP('',(#1539,#1540,#1541,#1542,#1543,#1544));
#6199=EDGE_LOOP('',(#1545,#1546));
#6200=EDGE_LOOP('',(#1547,#1548,#1549,#1550));
#6201=EDGE_LOOP('',(#1551,#1552,#1553,#1554));
#6202=EDGE_LOOP('',(#1555,#1556,#1557,#1558,#1559));
#6203=EDGE_LOOP('',(#1560,#1561,#1562,#1563,#1564));
#6204=EDGE_LOOP('',(#1565,#1566,#1567,#1568,#1569,#1570));
#6205=EDGE_LOOP('',(#1571,#1572));
#6206=EDGE_LOOP('',(#1573,#1574,#1575,#1576));
#6207=EDGE_LOOP('',(#1577,#1578,#1579,#1580));
#6208=EDGE_LOOP('',(#1581,#1582,#1583,#1584,#1585));
#6209=EDGE_LOOP('',(#1586,#1587,#1588,#1589,#1590));
#6210=EDGE_LOOP('',(#1591,#1592,#1593,#1594,#1595,#1596));
#6211=EDGE_LOOP('',(#1597,#1598));
#6212=EDGE_LOOP('',(#1599,#1600,#1601,#1602));
#6213=EDGE_LOOP('',(#1603,#1604,#1605,#1606));
#6214=EDGE_LOOP('',(#1607,#1608,#1609,#1610,#1611));
#6215=EDGE_LOOP('',(#1612,#1613,#1614,#1615,#1616));
#6216=EDGE_LOOP('',(#1617,#1618,#1619,#1620,#1621,#1622));
#6217=EDGE_LOOP('',(#1623,#1624));
#6218=EDGE_LOOP('',(#1625,#1626,#1627,#1628));
#6219=EDGE_LOOP('',(#1629,#1630,#1631,#1632));
#6220=EDGE_LOOP('',(#1633,#1634,#1635,#1636,#1637));
#6221=EDGE_LOOP('',(#1638,#1639,#1640,#1641,#1642));
#6222=EDGE_LOOP('',(#1643,#1644,#1645,#1646,#1647,#1648));
#6223=EDGE_LOOP('',(#1649,#1650));
#6224=EDGE_LOOP('',(#1651,#1652,#1653,#1654));
#6225=EDGE_LOOP('',(#1655,#1656,#1657,#1658,#1659));
#6226=EDGE_LOOP('',(#1660,#1661,#1662,#1663,#1664));
#6227=EDGE_LOOP('',(#1665,#1666,#1667,#1668,#1669,#1670));
#6228=EDGE_LOOP('',(#1671,#1672));
#6229=EDGE_LOOP('',(#1673,#1674,#1675,#1676));
#6230=EDGE_LOOP('',(#1677,#1678,#1679,#1680));
#6231=EDGE_LOOP('',(#1681,#1682,#1683,#1684,#1685));
#6232=EDGE_LOOP('',(#1686,#1687,#1688,#1689,#1690));
#6233=EDGE_LOOP('',(#1691,#1692,#1693,#1694,#1695,#1696));
#6234=EDGE_LOOP('',(#1697,#1698));
#6235=EDGE_LOOP('',(#1699,#1700,#1701,#1702));
#6236=EDGE_LOOP('',(#1703,#1704,#1705,#1706));
#6237=EDGE_LOOP('',(#1707,#1708,#1709,#1710,#1711));
#6238=EDGE_LOOP('',(#1712,#1713,#1714,#1715,#1716));
#6239=EDGE_LOOP('',(#1717,#1718,#1719,#1720,#1721,#1722));
#6240=EDGE_LOOP('',(#1723,#1724));
#6241=EDGE_LOOP('',(#1725,#1726,#1727,#1728));
#6242=EDGE_LOOP('',(#1729,#1730,#1731,#1732));
#6243=EDGE_LOOP('',(#1733,#1734,#1735,#1736,#1737));
#6244=EDGE_LOOP('',(#1738,#1739,#1740,#1741,#1742));
#6245=EDGE_LOOP('',(#1743,#1744,#1745,#1746,#1747,#1748));
#6246=EDGE_LOOP('',(#1749,#1750,#1751,#1752));
#6247=EDGE_LOOP('',(#1753,#1754,#1755,#1756));
#6248=EDGE_LOOP('',(#1757,#1758,#1759,#1760));
#6249=EDGE_LOOP('',(#1761,#1762,#1763,#1764));
#6250=EDGE_LOOP('',(#1765,#1766,#1767,#1768));
#6251=EDGE_LOOP('',(#1769,#1770,#1771,#1772));
#6252=EDGE_LOOP('',(#1773,#1774,#1775,#1776));
#6253=EDGE_LOOP('',(#1777,#1778,#1779,#1780));
#6254=EDGE_LOOP('',(#1781,#1782,#1783,#1784));
#6255=EDGE_LOOP('',(#1785));
#6256=EDGE_LOOP('',(#1786,#1787,#1788,#1789,#1790,#1791));
#6257=EDGE_LOOP('',(#1792,#1793,#1794,#1795,#1796,#1797));
#6258=EDGE_LOOP('',(#1798));
#6259=EDGE_LOOP('',(#1799));
#6260=EDGE_LOOP('',(#1800));
#6261=EDGE_LOOP('',(#1801));
#6262=EDGE_LOOP('',(#1802,#1803,#1804,#1805,#1806,#1807,#1808,#1809,#1810,
#1811,#1812,#1813,#1814,#1815,#1816,#1817,#1818,#1819,#1820,#1821,#1822,
#1823,#1824,#1825,#1826,#1827,#1828,#1829,#1830,#1831,#1832,#1833,#1834,
#1835,#1836,#1837,#1838,#1839,#1840,#1841));
#6263=EDGE_LOOP('',(#1842,#1843,#1844,#1845));
#6264=EDGE_LOOP('',(#1846,#1847,#1848,#1849));
#6265=EDGE_LOOP('',(#1850,#1851,#1852,#1853));
#6266=EDGE_LOOP('',(#1854,#1855,#1856,#1857));
#6267=EDGE_LOOP('',(#1858,#1859,#1860,#1861));
#6268=EDGE_LOOP('',(#1862,#1863,#1864,#1865,#1866,#1867,#1868,#1869,#1870,
#1871,#1872,#1873,#1874,#1875,#1876,#1877,#1878,#1879,#1880,#1881,#1882,
#1883,#1884,#1885,#1886,#1887,#1888));
#6269=EDGE_LOOP('',(#1889,#1890,#1891,#1892,#1893,#1894));
#6270=EDGE_LOOP('',(#1895,#1896,#1897,#1898,#1899,#1900));
#6271=EDGE_LOOP('',(#1901,#1902,#1903,#1904,#1905,#1906));
#6272=EDGE_LOOP('',(#1907,#1908,#1909,#1910,#1911,#1912));
#6273=EDGE_LOOP('',(#1913,#1914,#1915,#1916,#1917,#1918));
#6274=EDGE_LOOP('',(#1919,#1920,#1921,#1922,#1923,#1924));
#6275=EDGE_LOOP('',(#1925,#1926,#1927,#1928));
#6276=EDGE_LOOP('',(#1929,#1930,#1931,#1932));
#6277=EDGE_LOOP('',(#1933));
#6278=EDGE_LOOP('',(#1934));
#6279=EDGE_LOOP('',(#1935));
#6280=EDGE_LOOP('',(#1936,#1937,#1938,#1939,#1940,#1941,#1942,#1943));
#6281=EDGE_LOOP('',(#1944));
#6282=EDGE_LOOP('',(#1945));
#6283=EDGE_LOOP('',(#1946));
#6284=EDGE_LOOP('',(#1947));
#6285=EDGE_LOOP('',(#1948,#1949,#1950,#1951));
#6286=EDGE_LOOP('',(#1952,#1953,#1954,#1955,#1956,#1957,#1958));
#6287=EDGE_LOOP('',(#1959));
#6288=EDGE_LOOP('',(#1960));
#6289=EDGE_LOOP('',(#1961));
#6290=EDGE_LOOP('',(#1962));
#6291=EDGE_LOOP('',(#1963));
#6292=EDGE_LOOP('',(#1964));
#6293=EDGE_LOOP('',(#1965));
#6294=EDGE_LOOP('',(#1966,#1967,#1968,#1969));
#6295=EDGE_LOOP('',(#1970,#1971,#1972,#1973));
#6296=EDGE_LOOP('',(#1974));
#6297=EDGE_LOOP('',(#1975));
#6298=EDGE_LOOP('',(#1976));
#6299=EDGE_LOOP('',(#1977));
#6300=EDGE_LOOP('',(#1978));
#6301=EDGE_LOOP('',(#1979));
#6302=EDGE_LOOP('',(#1980,#1981,#1982,#1983));
#6303=EDGE_LOOP('',(#1984,#1985));
#6304=EDGE_LOOP('',(#1986,#1987,#1988,#1989,#1990));
#6305=EDGE_LOOP('',(#1991,#1992,#1993,#1994,#1995));
#6306=EDGE_LOOP('',(#1996,#1997,#1998,#1999));
#6307=EDGE_LOOP('',(#2000,#2001,#2002,#2003,#2004,#2005));
#6308=EDGE_LOOP('',(#2006));
#6309=EDGE_LOOP('',(#2007));
#6310=EDGE_LOOP('',(#2008));
#6311=EDGE_LOOP('',(#2009));
#6312=EDGE_LOOP('',(#2010));
#6313=EDGE_LOOP('',(#2011));
#6314=EDGE_LOOP('',(#2012));
#6315=EDGE_LOOP('',(#2013));
#6316=EDGE_LOOP('',(#2014));
#6317=EDGE_LOOP('',(#2015));
#6318=EDGE_LOOP('',(#2016));
#6319=EDGE_LOOP('',(#2017));
#6320=EDGE_LOOP('',(#2018,#2019,#2020,#2021));
#6321=EDGE_LOOP('',(#2022));
#6322=EDGE_LOOP('',(#2023));
#6323=EDGE_LOOP('',(#2024));
#6324=EDGE_LOOP('',(#2025));
#6325=EDGE_LOOP('',(#2026));
#6326=EDGE_LOOP('',(#2027));
#6327=EDGE_LOOP('',(#2028,#2029,#2030,#2031));
#6328=EDGE_LOOP('',(#2032));
#6329=EDGE_LOOP('',(#2033));
#6330=EDGE_LOOP('',(#2034));
#6331=EDGE_LOOP('',(#2035));
#6332=EDGE_LOOP('',(#2036));
#6333=EDGE_LOOP('',(#2037));
#6334=EDGE_LOOP('',(#2038));
#6335=EDGE_LOOP('',(#2039));
#6336=EDGE_LOOP('',(#2040));
#6337=EDGE_LOOP('',(#2041));
#6338=EDGE_LOOP('',(#2042,#2043,#2044,#2045,#2046,#2047,#2048,#2049,#2050,
#2051,#2052,#2053,#2054,#2055,#2056,#2057,#2058,#2059,#2060,#2061,#2062,
#2063,#2064,#2065,#2066,#2067,#2068,#2069,#2070,#2071,#2072));
#6339=EDGE_LOOP('',(#2073,#2074,#2075,#2076));
#6340=EDGE_LOOP('',(#2077,#2078,#2079));
#6341=EDGE_LOOP('',(#2080,#2081,#2082));
#6342=EDGE_LOOP('',(#2083,#2084,#2085,#2086));
#6343=EDGE_LOOP('',(#2087,#2088,#2089));
#6344=EDGE_LOOP('',(#2090,#2091,#2092));
#6345=EDGE_LOOP('',(#2093,#2094,#2095,#2096));
#6346=EDGE_LOOP('',(#2097,#2098,#2099));
#6347=EDGE_LOOP('',(#2100,#2101,#2102,#2103));
#6348=EDGE_LOOP('',(#2104,#2105,#2106));
#6349=EDGE_LOOP('',(#2107,#2108,#2109,#2110,#2111,#2112));
#6350=EDGE_LOOP('',(#2113,#2114,#2115,#2116,#2117));
#6351=EDGE_LOOP('',(#2118,#2119,#2120,#2121));
#6352=EDGE_LOOP('',(#2122,#2123,#2124,#2125));
#6353=EDGE_LOOP('',(#2126,#2127,#2128,#2129));
#6354=EDGE_LOOP('',(#2130,#2131,#2132,#2133));
#6355=EDGE_LOOP('',(#2134,#2135,#2136,#2137,#2138,#2139));
#6356=EDGE_LOOP('',(#2140,#2141,#2142,#2143,#2144,#2145));
#6357=EDGE_LOOP('',(#2146,#2147,#2148,#2149,#2150,#2151));
#6358=EDGE_LOOP('',(#2152,#2153,#2154,#2155,#2156,#2157));
#6359=EDGE_LOOP('',(#2158,#2159,#2160,#2161,#2162,#2163));
#6360=EDGE_LOOP('',(#2164,#2165,#2166,#2167,#2168,#2169));
#6361=EDGE_LOOP('',(#2170,#2171,#2172,#2173,#2174,#2175,#2176,#2177,#2178,
#2179,#2180,#2181,#2182,#2183,#2184,#2185,#2186,#2187,#2188,#2189,#2190,
#2191,#2192,#2193,#2194,#2195,#2196));
#6362=EDGE_LOOP('',(#2197,#2198,#2199,#2200));
#6363=EDGE_LOOP('',(#2201));
#6364=EDGE_LOOP('',(#2202));
#6365=EDGE_LOOP('',(#2203));
#6366=EDGE_LOOP('',(#2204));
#6367=EDGE_LOOP('',(#2205));
#6368=EDGE_LOOP('',(#2206));
#6369=EDGE_LOOP('',(#2207));
#6370=EDGE_LOOP('',(#2208,#2209,#2210,#2211,#2212,#2213,#2214,#2215));
#6371=EDGE_LOOP('',(#2216));
#6372=EDGE_LOOP('',(#2217));
#6373=EDGE_LOOP('',(#2218));
#6374=EDGE_LOOP('',(#2219));
#6375=EDGE_LOOP('',(#2220));
#6376=EDGE_LOOP('',(#2221));
#6377=EDGE_LOOP('',(#2222));
#6378=EDGE_LOOP('',(#2223,#2224,#2225,#2226,#2227,#2228,#2229));
#6379=EDGE_LOOP('',(#2230,#2231,#2232,#2233));
#6380=EDGE_LOOP('',(#2234,#2235,#2236,#2237));
#6381=EDGE_LOOP('',(#2238,#2239));
#6382=EDGE_LOOP('',(#2240,#2241,#2242,#2243));
#6383=EDGE_LOOP('',(#2244,#2245,#2246,#2247));
#6384=EDGE_LOOP('',(#2248,#2249,#2250,#2251,#2252));
#6385=EDGE_LOOP('',(#2253,#2254,#2255,#2256,#2257));
#6386=EDGE_LOOP('',(#2258,#2259,#2260,#2261,#2262,#2263));
#6387=EDGE_LOOP('',(#2264,#2265));
#6388=EDGE_LOOP('',(#2266,#2267,#2268,#2269));
#6389=EDGE_LOOP('',(#2270,#2271,#2272,#2273));
#6390=EDGE_LOOP('',(#2274,#2275,#2276,#2277,#2278));
#6391=EDGE_LOOP('',(#2279,#2280,#2281,#2282,#2283));
#6392=EDGE_LOOP('',(#2284,#2285,#2286,#2287,#2288,#2289));
#6393=EDGE_LOOP('',(#2290,#2291));
#6394=EDGE_LOOP('',(#2292,#2293,#2294,#2295));
#6395=EDGE_LOOP('',(#2296,#2297,#2298,#2299));
#6396=EDGE_LOOP('',(#2300,#2301,#2302,#2303,#2304));
#6397=EDGE_LOOP('',(#2305,#2306,#2307,#2308,#2309));
#6398=EDGE_LOOP('',(#2310,#2311,#2312,#2313,#2314,#2315));
#6399=EDGE_LOOP('',(#2316,#2317,#2318));
#6400=EDGE_LOOP('',(#2319,#2320,#2321,#2322));
#6401=EDGE_LOOP('',(#2323,#2324,#2325));
#6402=EDGE_LOOP('',(#2326,#2327,#2328,#2329,#2330,#2331));
#6403=EDGE_LOOP('',(#2332,#2333,#2334,#2335,#2336));
#6404=EDGE_LOOP('',(#2337,#2338));
#6405=EDGE_LOOP('',(#2339,#2340,#2341,#2342));
#6406=EDGE_LOOP('',(#2343,#2344,#2345,#2346));
#6407=EDGE_LOOP('',(#2347,#2348,#2349,#2350,#2351));
#6408=EDGE_LOOP('',(#2352,#2353,#2354,#2355,#2356));
#6409=EDGE_LOOP('',(#2357,#2358,#2359,#2360,#2361,#2362));
#6410=EDGE_LOOP('',(#2363,#2364));
#6411=EDGE_LOOP('',(#2365,#2366,#2367,#2368));
#6412=EDGE_LOOP('',(#2369,#2370,#2371,#2372));
#6413=EDGE_LOOP('',(#2373,#2374,#2375,#2376,#2377));
#6414=EDGE_LOOP('',(#2378,#2379,#2380,#2381,#2382));
#6415=EDGE_LOOP('',(#2383,#2384,#2385,#2386,#2387,#2388));
#6416=EDGE_LOOP('',(#2389,#2390));
#6417=EDGE_LOOP('',(#2391,#2392,#2393,#2394));
#6418=EDGE_LOOP('',(#2395,#2396,#2397,#2398));
#6419=EDGE_LOOP('',(#2399,#2400,#2401,#2402,#2403));
#6420=EDGE_LOOP('',(#2404,#2405,#2406,#2407,#2408));
#6421=EDGE_LOOP('',(#2409,#2410,#2411,#2412,#2413,#2414));
#6422=EDGE_LOOP('',(#2415,#2416));
#6423=EDGE_LOOP('',(#2417,#2418,#2419,#2420));
#6424=EDGE_LOOP('',(#2421,#2422,#2423,#2424));
#6425=EDGE_LOOP('',(#2425,#2426,#2427,#2428,#2429));
#6426=EDGE_LOOP('',(#2430,#2431,#2432,#2433,#2434));
#6427=EDGE_LOOP('',(#2435,#2436,#2437,#2438,#2439,#2440));
#6428=EDGE_LOOP('',(#2441,#2442));
#6429=EDGE_LOOP('',(#2443,#2444,#2445,#2446));
#6430=EDGE_LOOP('',(#2447,#2448,#2449,#2450));
#6431=EDGE_LOOP('',(#2451,#2452,#2453,#2454,#2455));
#6432=EDGE_LOOP('',(#2456,#2457,#2458,#2459,#2460));
#6433=EDGE_LOOP('',(#2461,#2462,#2463,#2464,#2465,#2466));
#6434=EDGE_LOOP('',(#2467,#2468));
#6435=EDGE_LOOP('',(#2469,#2470,#2471,#2472));
#6436=EDGE_LOOP('',(#2473,#2474,#2475,#2476));
#6437=EDGE_LOOP('',(#2477,#2478,#2479,#2480,#2481));
#6438=EDGE_LOOP('',(#2482,#2483,#2484,#2485,#2486));
#6439=EDGE_LOOP('',(#2487,#2488,#2489,#2490,#2491,#2492));
#6440=EDGE_LOOP('',(#2493,#2494));
#6441=EDGE_LOOP('',(#2495,#2496,#2497,#2498));
#6442=EDGE_LOOP('',(#2499,#2500,#2501,#2502,#2503));
#6443=EDGE_LOOP('',(#2504,#2505,#2506,#2507,#2508));
#6444=EDGE_LOOP('',(#2509,#2510,#2511,#2512,#2513,#2514));
#6445=EDGE_LOOP('',(#2515,#2516));
#6446=EDGE_LOOP('',(#2517,#2518,#2519,#2520));
#6447=EDGE_LOOP('',(#2521,#2522,#2523,#2524));
#6448=EDGE_LOOP('',(#2525,#2526,#2527,#2528,#2529));
#6449=EDGE_LOOP('',(#2530,#2531,#2532,#2533,#2534));
#6450=EDGE_LOOP('',(#2535,#2536,#2537,#2538,#2539,#2540));
#6451=EDGE_LOOP('',(#2541,#2542));
#6452=EDGE_LOOP('',(#2543,#2544,#2545,#2546));
#6453=EDGE_LOOP('',(#2547,#2548,#2549,#2550));
#6454=EDGE_LOOP('',(#2551,#2552,#2553,#2554,#2555));
#6455=EDGE_LOOP('',(#2556,#2557,#2558,#2559,#2560));
#6456=EDGE_LOOP('',(#2561,#2562,#2563,#2564,#2565,#2566));
#6457=EDGE_LOOP('',(#2567,#2568));
#6458=EDGE_LOOP('',(#2569,#2570,#2571,#2572));
#6459=EDGE_LOOP('',(#2573,#2574,#2575,#2576));
#6460=EDGE_LOOP('',(#2577,#2578,#2579,#2580,#2581));
#6461=EDGE_LOOP('',(#2582,#2583,#2584,#2585,#2586));
#6462=EDGE_LOOP('',(#2587,#2588,#2589,#2590,#2591,#2592));
#6463=EDGE_LOOP('',(#2593,#2594,#2595,#2596));
#6464=EDGE_LOOP('',(#2597,#2598,#2599,#2600));
#6465=EDGE_LOOP('',(#2601,#2602,#2603,#2604));
#6466=EDGE_LOOP('',(#2605,#2606,#2607,#2608));
#6467=EDGE_LOOP('',(#2609,#2610,#2611,#2612));
#6468=EDGE_LOOP('',(#2613,#2614,#2615,#2616));
#6469=EDGE_LOOP('',(#2617,#2618,#2619,#2620));
#6470=EDGE_LOOP('',(#2621,#2622,#2623,#2624));
#6471=EDGE_LOOP('',(#2625,#2626,#2627,#2628));
#6472=EDGE_LOOP('',(#2629,#2630,#2631,#2632));
#6473=EDGE_LOOP('',(#2633,#2634,#2635,#2636));
#6474=EDGE_LOOP('',(#2637,#2638,#2639,#2640));
#6475=EDGE_LOOP('',(#2641,#2642,#2643,#2644));
#6476=EDGE_LOOP('',(#2645,#2646,#2647,#2648));
#6477=EDGE_LOOP('',(#2649,#2650,#2651,#2652,#2653,#2654,#2655,#2656,#2657,
#2658,#2659,#2660,#2661,#2662,#2663,#2664,#2665,#2666,#2667,#2668,#2669,
#2670,#2671,#2672,#2673,#2674,#2675));
#6478=EDGE_LOOP('',(#2676,#2677,#2678,#2679,#2680,#2681));
#6479=EDGE_LOOP('',(#2682,#2683,#2684,#2685,#2686,#2687));
#6480=EDGE_LOOP('',(#2688,#2689,#2690,#2691,#2692,#2693));
#6481=EDGE_LOOP('',(#2694,#2695,#2696,#2697,#2698,#2699));
#6482=EDGE_LOOP('',(#2700,#2701,#2702,#2703,#2704,#2705));
#6483=EDGE_LOOP('',(#2706,#2707,#2708,#2709,#2710,#2711));
#6484=EDGE_LOOP('',(#2712,#2713,#2714,#2715));
#6485=EDGE_LOOP('',(#2716,#2717,#2718,#2719));
#6486=EDGE_LOOP('',(#2720));
#6487=EDGE_LOOP('',(#2721));
#6488=EDGE_LOOP('',(#2722));
#6489=EDGE_LOOP('',(#2723,#2724,#2725,#2726,#2727,#2728,#2729,#2730));
#6490=EDGE_LOOP('',(#2731));
#6491=EDGE_LOOP('',(#2732));
#6492=EDGE_LOOP('',(#2733));
#6493=EDGE_LOOP('',(#2734));
#6494=EDGE_LOOP('',(#2735,#2736,#2737));
#6495=EDGE_LOOP('',(#2738,#2739));
#6496=EDGE_LOOP('',(#2740,#2741,#2742));
#6497=EDGE_LOOP('',(#2743,#2744,#2745,#2746,#2747,#2748));
#6498=EDGE_LOOP('',(#2749,#2750));
#6499=EDGE_LOOP('',(#2751,#2752,#2753,#2754,#2755,#2756,#2757,#2758,#2759,
#2760,#2761,#2762,#2763,#2764,#2765,#2766,#2767,#2768));
#6500=EDGE_LOOP('',(#2769,#2770,#2771,#2772,#2773,#2774));
#6501=EDGE_LOOP('',(#2775,#2776,#2777,#2778));
#6502=EDGE_LOOP('',(#2779,#2780,#2781,#2782));
#6503=EDGE_LOOP('',(#2783,#2784,#2785,#2786));
#6504=EDGE_LOOP('',(#2787,#2788,#2789,#2790));
#6505=EDGE_LOOP('',(#2791,#2792,#2793,#2794));
#6506=EDGE_LOOP('',(#2795,#2796,#2797,#2798));
#6507=EDGE_LOOP('',(#2799,#2800,#2801,#2802));
#6508=EDGE_LOOP('',(#2803,#2804,#2805,#2806));
#6509=EDGE_LOOP('',(#2807,#2808,#2809,#2810));
#6510=EDGE_LOOP('',(#2811,#2812,#2813,#2814));
#6511=EDGE_LOOP('',(#2815,#2816,#2817,#2818));
#6512=EDGE_LOOP('',(#2819,#2820,#2821,#2822));
#6513=EDGE_LOOP('',(#2823,#2824,#2825,#2826,#2827,#2828,#2829));
#6514=EDGE_LOOP('',(#2830));
#6515=EDGE_LOOP('',(#2831));
#6516=EDGE_LOOP('',(#2832));
#6517=EDGE_LOOP('',(#2833));
#6518=EDGE_LOOP('',(#2834));
#6519=EDGE_LOOP('',(#2835));
#6520=EDGE_LOOP('',(#2836));
#6521=EDGE_LOOP('',(#2837,#2838,#2839,#2840));
#6522=EDGE_LOOP('',(#2841,#2842,#2843,#2844));
#6523=EDGE_LOOP('',(#2845));
#6524=EDGE_LOOP('',(#2846));
#6525=EDGE_LOOP('',(#2847));
#6526=EDGE_LOOP('',(#2848));
#6527=EDGE_LOOP('',(#2849));
#6528=EDGE_LOOP('',(#2850));
#6529=EDGE_LOOP('',(#2851,#2852,#2853,#2854));
#6530=EDGE_LOOP('',(#2855,#2856,#2857,#2858));
#6531=EDGE_LOOP('',(#2859,#2860));
#6532=EDGE_LOOP('',(#2861,#2862,#2863,#2864,#2865));
#6533=EDGE_LOOP('',(#2866,#2867,#2868,#2869,#2870));
#6534=EDGE_LOOP('',(#2871,#2872,#2873,#2874,#2875,#2876));
#6535=EDGE_LOOP('',(#2877));
#6536=EDGE_LOOP('',(#2878));
#6537=EDGE_LOOP('',(#2879));
#6538=EDGE_LOOP('',(#2880));
#6539=EDGE_LOOP('',(#2881));
#6540=EDGE_LOOP('',(#2882));
#6541=EDGE_LOOP('',(#2883));
#6542=EDGE_LOOP('',(#2884));
#6543=EDGE_LOOP('',(#2885));
#6544=EDGE_LOOP('',(#2886));
#6545=EDGE_LOOP('',(#2887));
#6546=EDGE_LOOP('',(#2888));
#6547=EDGE_LOOP('',(#2889,#2890,#2891,#2892));
#6548=EDGE_LOOP('',(#2893));
#6549=EDGE_LOOP('',(#2894));
#6550=EDGE_LOOP('',(#2895));
#6551=EDGE_LOOP('',(#2896));
#6552=EDGE_LOOP('',(#2897));
#6553=EDGE_LOOP('',(#2898));
#6554=EDGE_LOOP('',(#2899,#2900,#2901,#2902));
#6555=EDGE_LOOP('',(#2903));
#6556=EDGE_LOOP('',(#2904));
#6557=EDGE_LOOP('',(#2905));
#6558=EDGE_LOOP('',(#2906));
#6559=EDGE_LOOP('',(#2907));
#6560=EDGE_LOOP('',(#2908));
#6561=EDGE_LOOP('',(#2909));
#6562=EDGE_LOOP('',(#2910));
#6563=EDGE_LOOP('',(#2911));
#6564=EDGE_LOOP('',(#2912));
#6565=EDGE_LOOP('',(#2913,#2914,#2915));
#6566=EDGE_LOOP('',(#2916,#2917,#2918));
#6567=EDGE_LOOP('',(#2919,#2920,#2921,#2922));
#6568=EDGE_LOOP('',(#2923,#2924,#2925));
#6569=EDGE_LOOP('',(#2926,#2927,#2928));
#6570=EDGE_LOOP('',(#2929,#2930,#2931,#2932));
#6571=EDGE_LOOP('',(#2933));
#6572=EDGE_LOOP('',(#2934));
#6573=EDGE_LOOP('',(#2935,#2936,#2937,#2938));
#6574=EDGE_LOOP('',(#2939,#2940,#2941,#2942));
#6575=EDGE_LOOP('',(#2943,#2944,#2945,#2946));
#6576=EDGE_LOOP('',(#2947,#2948,#2949,#2950));
#6577=EDGE_LOOP('',(#2951,#2952,#2953,#2954));
#6578=EDGE_LOOP('',(#2955,#2956,#2957,#2958));
#6579=EDGE_LOOP('',(#2959,#2960,#2961,#2962));
#6580=EDGE_LOOP('',(#2963,#2964,#2965,#2966));
#6581=EDGE_LOOP('',(#2967,#2968,#2969,#2970));
#6582=EDGE_LOOP('',(#2971,#2972,#2973,#2974));
#6583=EDGE_LOOP('',(#2975,#2976,#2977,#2978));
#6584=EDGE_LOOP('',(#2979,#2980,#2981,#2982));
#6585=EDGE_LOOP('',(#2983,#2984,#2985,#2986));
#6586=EDGE_LOOP('',(#2987,#2988,#2989,#2990));
#6587=EDGE_LOOP('',(#2991,#2992,#2993,#2994));
#6588=EDGE_LOOP('',(#2995,#2996,#2997,#2998));
#6589=EDGE_LOOP('',(#2999,#3000,#3001,#3002));
#6590=EDGE_LOOP('',(#3003,#3004,#3005,#3006));
#6591=EDGE_LOOP('',(#3007,#3008,#3009,#3010));
#6592=EDGE_LOOP('',(#3011,#3012,#3013,#3014));
#6593=EDGE_LOOP('',(#3015,#3016,#3017,#3018));
#6594=EDGE_LOOP('',(#3019,#3020,#3021,#3022));
#6595=EDGE_LOOP('',(#3023,#3024,#3025,#3026));
#6596=EDGE_LOOP('',(#3027,#3028,#3029,#3030));
#6597=EDGE_LOOP('',(#3031,#3032,#3033,#3034));
#6598=EDGE_LOOP('',(#3035,#3036,#3037,#3038));
#6599=EDGE_LOOP('',(#3039,#3040,#3041,#3042));
#6600=EDGE_LOOP('',(#3043,#3044,#3045,#3046,#3047,#3048,#3049,#3050,#3051,
#3052,#3053,#3054,#3055,#3056,#3057,#3058,#3059,#3060,#3061,#3062,#3063,
#3064,#3065,#3066,#3067));
#6601=EDGE_LOOP('',(#3068,#3069,#3070,#3071));
#6602=EDGE_LOOP('',(#3072,#3073,#3074,#3075));
#6603=EDGE_LOOP('',(#3076,#3077,#3078,#3079));
#6604=EDGE_LOOP('',(#3080,#3081,#3082,#3083));
#6605=EDGE_LOOP('',(#3084,#3085,#3086,#3087));
#6606=EDGE_LOOP('',(#3088,#3089,#3090,#3091));
#6607=EDGE_LOOP('',(#3092,#3093,#3094,#3095));
#6608=EDGE_LOOP('',(#3096,#3097,#3098,#3099));
#6609=EDGE_LOOP('',(#3100,#3101,#3102,#3103));
#6610=EDGE_LOOP('',(#3104,#3105,#3106,#3107,#3108,#3109,#3110,#3111,#3112));
#6611=EDGE_LOOP('',(#3113,#3114,#3115,#3116));
#6612=EDGE_LOOP('',(#3117,#3118,#3119,#3120));
#6613=EDGE_LOOP('',(#3121,#3122,#3123,#3124));
#6614=EDGE_LOOP('',(#3125,#3126,#3127,#3128));
#6615=EDGE_LOOP('',(#3129,#3130,#3131,#3132));
#6616=EDGE_LOOP('',(#3133,#3134,#3135,#3136));
#6617=EDGE_LOOP('',(#3137,#3138,#3139,#3140));
#6618=EDGE_LOOP('',(#3141,#3142,#3143,#3144));
#6619=EDGE_LOOP('',(#3145,#3146,#3147,#3148));
#6620=EDGE_LOOP('',(#3149,#3150,#3151,#3152));
#6621=EDGE_LOOP('',(#3153,#3154,#3155,#3156));
#6622=EDGE_LOOP('',(#3157,#3158,#3159,#3160));
#6623=EDGE_LOOP('',(#3161,#3162,#3163,#3164));
#6624=EDGE_LOOP('',(#3165,#3166,#3167,#3168));
#6625=EDGE_LOOP('',(#3169,#3170,#3171,#3172));
#6626=EDGE_LOOP('',(#3173,#3174,#3175,#3176,#3177,#3178,#3179,#3180,#3181,
#3182,#3183,#3184,#3185,#3186,#3187));
#6627=EDGE_LOOP('',(#3188,#3189,#3190,#3191));
#6628=EDGE_LOOP('',(#3192,#3193,#3194,#3195));
#6629=EDGE_LOOP('',(#3196,#3197,#3198,#3199));
#6630=EDGE_LOOP('',(#3200,#3201,#3202,#3203));
#6631=EDGE_LOOP('',(#3204,#3205,#3206,#3207));
#6632=EDGE_LOOP('',(#3208,#3209,#3210,#3211));
#6633=EDGE_LOOP('',(#3212,#3213,#3214,#3215));
#6634=EDGE_LOOP('',(#3216,#3217,#3218,#3219));
#6635=EDGE_LOOP('',(#3220,#3221,#3222,#3223));
#6636=EDGE_LOOP('',(#3224,#3225,#3226,#3227));
#6637=EDGE_LOOP('',(#3228,#3229,#3230,#3231));
#6638=EDGE_LOOP('',(#3232,#3233,#3234,#3235));
#6639=EDGE_LOOP('',(#3236,#3237,#3238,#3239,#3240,#3241,#3242,#3243,#3244,
#3245,#3246,#3247));
#6640=EDGE_LOOP('',(#3248,#3249,#3250,#3251));
#6641=EDGE_LOOP('',(#3252,#3253,#3254,#3255));
#6642=EDGE_LOOP('',(#3256));
#6643=EDGE_LOOP('',(#3257));
#6644=EDGE_LOOP('',(#3258));
#6645=FACE_BOUND('',#6096,.T.);
#6646=FACE_BOUND('',#6097,.T.);
#6647=FACE_BOUND('',#6098,.T.);
#6648=FACE_BOUND('',#6099,.T.);
#6649=FACE_BOUND('',#6100,.T.);
#6650=FACE_BOUND('',#6101,.T.);
#6651=FACE_BOUND('',#6102,.T.);
#6652=FACE_BOUND('',#6103,.T.);
#6653=FACE_BOUND('',#6104,.T.);
#6654=FACE_BOUND('',#6105,.T.);
#6655=FACE_BOUND('',#6106,.T.);
#6656=FACE_BOUND('',#6107,.T.);
#6657=FACE_BOUND('',#6108,.T.);
#6658=FACE_BOUND('',#6109,.T.);
#6659=FACE_BOUND('',#6110,.T.);
#6660=FACE_BOUND('',#6111,.T.);
#6661=FACE_BOUND('',#6112,.T.);
#6662=FACE_BOUND('',#6113,.T.);
#6663=FACE_BOUND('',#6114,.T.);
#6664=FACE_BOUND('',#6115,.T.);
#6665=FACE_BOUND('',#6116,.T.);
#6666=FACE_BOUND('',#6117,.T.);
#6667=FACE_BOUND('',#6118,.T.);
#6668=FACE_BOUND('',#6119,.T.);
#6669=FACE_BOUND('',#6120,.T.);
#6670=FACE_BOUND('',#6121,.T.);
#6671=FACE_BOUND('',#6122,.T.);
#6672=FACE_BOUND('',#6123,.T.);
#6673=FACE_BOUND('',#6124,.T.);
#6674=FACE_BOUND('',#6125,.T.);
#6675=FACE_BOUND('',#6126,.T.);
#6676=FACE_BOUND('',#6127,.T.);
#6677=FACE_BOUND('',#6128,.T.);
#6678=FACE_BOUND('',#6129,.T.);
#6679=FACE_BOUND('',#6130,.T.);
#6680=FACE_BOUND('',#6131,.T.);
#6681=FACE_BOUND('',#6132,.T.);
#6682=FACE_BOUND('',#6133,.T.);
#6683=FACE_BOUND('',#6134,.T.);
#6684=FACE_BOUND('',#6135,.T.);
#6685=FACE_BOUND('',#6136,.T.);
#6686=FACE_BOUND('',#6137,.T.);
#6687=FACE_BOUND('',#6138,.T.);
#6688=FACE_BOUND('',#6139,.T.);
#6689=FACE_BOUND('',#6140,.T.);
#6690=FACE_BOUND('',#6141,.T.);
#6691=FACE_BOUND('',#6142,.T.);
#6692=FACE_BOUND('',#6143,.T.);
#6693=FACE_BOUND('',#6144,.T.);
#6694=FACE_BOUND('',#6145,.T.);
#6695=FACE_BOUND('',#6146,.T.);
#6696=FACE_BOUND('',#6147,.T.);
#6697=FACE_BOUND('',#6148,.T.);
#6698=FACE_BOUND('',#6149,.T.);
#6699=FACE_BOUND('',#6150,.T.);
#6700=FACE_BOUND('',#6151,.T.);
#6701=FACE_BOUND('',#6152,.T.);
#6702=FACE_BOUND('',#6153,.T.);
#6703=FACE_BOUND('',#6154,.T.);
#6704=FACE_BOUND('',#6155,.T.);
#6705=FACE_BOUND('',#6156,.T.);
#6706=FACE_BOUND('',#6157,.T.);
#6707=FACE_BOUND('',#6158,.T.);
#6708=FACE_BOUND('',#6159,.T.);
#6709=FACE_BOUND('',#6160,.T.);
#6710=FACE_BOUND('',#6161,.T.);
#6711=FACE_BOUND('',#6162,.T.);
#6712=FACE_BOUND('',#6163,.T.);
#6713=FACE_BOUND('',#6164,.T.);
#6714=FACE_BOUND('',#6165,.T.);
#6715=FACE_BOUND('',#6166,.T.);
#6716=FACE_BOUND('',#6167,.T.);
#6717=FACE_BOUND('',#6168,.T.);
#6718=FACE_BOUND('',#6169,.T.);
#6719=FACE_BOUND('',#6170,.T.);
#6720=FACE_BOUND('',#6171,.T.);
#6721=FACE_BOUND('',#6172,.T.);
#6722=FACE_BOUND('',#6173,.T.);
#6723=FACE_BOUND('',#6174,.T.);
#6724=FACE_BOUND('',#6175,.T.);
#6725=FACE_BOUND('',#6176,.T.);
#6726=FACE_BOUND('',#6177,.T.);
#6727=FACE_BOUND('',#6178,.T.);
#6728=FACE_BOUND('',#6179,.T.);
#6729=FACE_BOUND('',#6180,.T.);
#6730=FACE_BOUND('',#6181,.T.);
#6731=FACE_BOUND('',#6182,.T.);
#6732=FACE_BOUND('',#6183,.T.);
#6733=FACE_BOUND('',#6184,.T.);
#6734=FACE_BOUND('',#6185,.T.);
#6735=FACE_BOUND('',#6186,.T.);
#6736=FACE_BOUND('',#6187,.T.);
#6737=FACE_BOUND('',#6188,.T.);
#6738=FACE_BOUND('',#6189,.T.);
#6739=FACE_BOUND('',#6190,.T.);
#6740=FACE_BOUND('',#6191,.T.);
#6741=FACE_BOUND('',#6192,.T.);
#6742=FACE_BOUND('',#6193,.T.);
#6743=FACE_BOUND('',#6194,.T.);
#6744=FACE_BOUND('',#6195,.T.);
#6745=FACE_BOUND('',#6196,.T.);
#6746=FACE_BOUND('',#6197,.T.);
#6747=FACE_BOUND('',#6198,.T.);
#6748=FACE_BOUND('',#6199,.T.);
#6749=FACE_BOUND('',#6200,.T.);
#6750=FACE_BOUND('',#6201,.T.);
#6751=FACE_BOUND('',#6202,.T.);
#6752=FACE_BOUND('',#6203,.T.);
#6753=FACE_BOUND('',#6204,.T.);
#6754=FACE_BOUND('',#6205,.T.);
#6755=FACE_BOUND('',#6206,.T.);
#6756=FACE_BOUND('',#6207,.T.);
#6757=FACE_BOUND('',#6208,.T.);
#6758=FACE_BOUND('',#6209,.T.);
#6759=FACE_BOUND('',#6210,.T.);
#6760=FACE_BOUND('',#6211,.T.);
#6761=FACE_BOUND('',#6212,.T.);
#6762=FACE_BOUND('',#6213,.T.);
#6763=FACE_BOUND('',#6214,.T.);
#6764=FACE_BOUND('',#6215,.T.);
#6765=FACE_BOUND('',#6216,.T.);
#6766=FACE_BOUND('',#6217,.T.);
#6767=FACE_BOUND('',#6218,.T.);
#6768=FACE_BOUND('',#6219,.T.);
#6769=FACE_BOUND('',#6220,.T.);
#6770=FACE_BOUND('',#6221,.T.);
#6771=FACE_BOUND('',#6222,.T.);
#6772=FACE_BOUND('',#6223,.T.);
#6773=FACE_BOUND('',#6224,.T.);
#6774=FACE_BOUND('',#6225,.T.);
#6775=FACE_BOUND('',#6226,.T.);
#6776=FACE_BOUND('',#6227,.T.);
#6777=FACE_BOUND('',#6228,.T.);
#6778=FACE_BOUND('',#6229,.T.);
#6779=FACE_BOUND('',#6230,.T.);
#6780=FACE_BOUND('',#6231,.T.);
#6781=FACE_BOUND('',#6232,.T.);
#6782=FACE_BOUND('',#6233,.T.);
#6783=FACE_BOUND('',#6234,.T.);
#6784=FACE_BOUND('',#6235,.T.);
#6785=FACE_BOUND('',#6236,.T.);
#6786=FACE_BOUND('',#6237,.T.);
#6787=FACE_BOUND('',#6238,.T.);
#6788=FACE_BOUND('',#6239,.T.);
#6789=FACE_BOUND('',#6240,.T.);
#6790=FACE_BOUND('',#6241,.T.);
#6791=FACE_BOUND('',#6242,.T.);
#6792=FACE_BOUND('',#6243,.T.);
#6793=FACE_BOUND('',#6244,.T.);
#6794=FACE_BOUND('',#6245,.T.);
#6795=FACE_BOUND('',#6246,.T.);
#6796=FACE_BOUND('',#6247,.T.);
#6797=FACE_BOUND('',#6248,.T.);
#6798=FACE_BOUND('',#6249,.T.);
#6799=FACE_BOUND('',#6250,.T.);
#6800=FACE_BOUND('',#6251,.T.);
#6801=FACE_BOUND('',#6252,.T.);
#6802=FACE_BOUND('',#6253,.T.);
#6803=FACE_BOUND('',#6254,.T.);
#6804=FACE_BOUND('',#6255,.T.);
#6805=FACE_BOUND('',#6256,.T.);
#6806=FACE_BOUND('',#6257,.T.);
#6807=FACE_BOUND('',#6258,.T.);
#6808=FACE_BOUND('',#6259,.T.);
#6809=FACE_BOUND('',#6260,.T.);
#6810=FACE_BOUND('',#6261,.T.);
#6811=FACE_BOUND('',#6262,.T.);
#6812=FACE_BOUND('',#6263,.T.);
#6813=FACE_BOUND('',#6264,.T.);
#6814=FACE_BOUND('',#6265,.T.);
#6815=FACE_BOUND('',#6266,.T.);
#6816=FACE_BOUND('',#6267,.T.);
#6817=FACE_BOUND('',#6268,.T.);
#6818=FACE_BOUND('',#6269,.T.);
#6819=FACE_BOUND('',#6270,.T.);
#6820=FACE_BOUND('',#6271,.T.);
#6821=FACE_BOUND('',#6272,.T.);
#6822=FACE_BOUND('',#6273,.T.);
#6823=FACE_BOUND('',#6274,.T.);
#6824=FACE_BOUND('',#6275,.T.);
#6825=FACE_BOUND('',#6276,.T.);
#6826=FACE_BOUND('',#6277,.T.);
#6827=FACE_BOUND('',#6278,.T.);
#6828=FACE_BOUND('',#6279,.T.);
#6829=FACE_BOUND('',#6280,.T.);
#6830=FACE_BOUND('',#6281,.T.);
#6831=FACE_BOUND('',#6282,.T.);
#6832=FACE_BOUND('',#6283,.T.);
#6833=FACE_BOUND('',#6284,.T.);
#6834=FACE_BOUND('',#6285,.T.);
#6835=FACE_BOUND('',#6286,.T.);
#6836=FACE_BOUND('',#6287,.T.);
#6837=FACE_BOUND('',#6288,.T.);
#6838=FACE_BOUND('',#6289,.T.);
#6839=FACE_BOUND('',#6290,.T.);
#6840=FACE_BOUND('',#6291,.T.);
#6841=FACE_BOUND('',#6292,.T.);
#6842=FACE_BOUND('',#6293,.T.);
#6843=FACE_BOUND('',#6294,.T.);
#6844=FACE_BOUND('',#6295,.T.);
#6845=FACE_BOUND('',#6296,.T.);
#6846=FACE_BOUND('',#6297,.T.);
#6847=FACE_BOUND('',#6298,.T.);
#6848=FACE_BOUND('',#6299,.T.);
#6849=FACE_BOUND('',#6300,.T.);
#6850=FACE_BOUND('',#6301,.T.);
#6851=FACE_BOUND('',#6302,.T.);
#6852=FACE_BOUND('',#6303,.T.);
#6853=FACE_BOUND('',#6304,.T.);
#6854=FACE_BOUND('',#6305,.T.);
#6855=FACE_BOUND('',#6306,.T.);
#6856=FACE_BOUND('',#6307,.T.);
#6857=FACE_BOUND('',#6308,.T.);
#6858=FACE_BOUND('',#6309,.T.);
#6859=FACE_BOUND('',#6310,.T.);
#6860=FACE_BOUND('',#6311,.T.);
#6861=FACE_BOUND('',#6312,.T.);
#6862=FACE_BOUND('',#6313,.T.);
#6863=FACE_BOUND('',#6314,.T.);
#6864=FACE_BOUND('',#6315,.T.);
#6865=FACE_BOUND('',#6316,.T.);
#6866=FACE_BOUND('',#6317,.T.);
#6867=FACE_BOUND('',#6318,.T.);
#6868=FACE_BOUND('',#6319,.T.);
#6869=FACE_BOUND('',#6320,.T.);
#6870=FACE_BOUND('',#6321,.T.);
#6871=FACE_BOUND('',#6322,.T.);
#6872=FACE_BOUND('',#6323,.T.);
#6873=FACE_BOUND('',#6324,.T.);
#6874=FACE_BOUND('',#6325,.T.);
#6875=FACE_BOUND('',#6326,.T.);
#6876=FACE_BOUND('',#6327,.T.);
#6877=FACE_BOUND('',#6328,.T.);
#6878=FACE_BOUND('',#6329,.T.);
#6879=FACE_BOUND('',#6330,.T.);
#6880=FACE_BOUND('',#6331,.T.);
#6881=FACE_BOUND('',#6332,.T.);
#6882=FACE_BOUND('',#6333,.T.);
#6883=FACE_BOUND('',#6334,.T.);
#6884=FACE_BOUND('',#6335,.T.);
#6885=FACE_BOUND('',#6336,.T.);
#6886=FACE_BOUND('',#6337,.T.);
#6887=FACE_BOUND('',#6338,.T.);
#6888=FACE_BOUND('',#6339,.T.);
#6889=FACE_BOUND('',#6340,.T.);
#6890=FACE_BOUND('',#6341,.T.);
#6891=FACE_BOUND('',#6342,.T.);
#6892=FACE_BOUND('',#6343,.T.);
#6893=FACE_BOUND('',#6344,.T.);
#6894=FACE_BOUND('',#6345,.T.);
#6895=FACE_BOUND('',#6346,.T.);
#6896=FACE_BOUND('',#6347,.T.);
#6897=FACE_BOUND('',#6348,.T.);
#6898=FACE_BOUND('',#6349,.T.);
#6899=FACE_BOUND('',#6350,.T.);
#6900=FACE_BOUND('',#6351,.T.);
#6901=FACE_BOUND('',#6352,.T.);
#6902=FACE_BOUND('',#6353,.T.);
#6903=FACE_BOUND('',#6354,.T.);
#6904=FACE_BOUND('',#6355,.T.);
#6905=FACE_BOUND('',#6356,.T.);
#6906=FACE_BOUND('',#6357,.T.);
#6907=FACE_BOUND('',#6358,.T.);
#6908=FACE_BOUND('',#6359,.T.);
#6909=FACE_BOUND('',#6360,.T.);
#6910=FACE_BOUND('',#6361,.T.);
#6911=FACE_BOUND('',#6362,.T.);
#6912=FACE_BOUND('',#6363,.T.);
#6913=FACE_BOUND('',#6364,.T.);
#6914=FACE_BOUND('',#6365,.T.);
#6915=FACE_BOUND('',#6366,.T.);
#6916=FACE_BOUND('',#6367,.T.);
#6917=FACE_BOUND('',#6368,.T.);
#6918=FACE_BOUND('',#6369,.T.);
#6919=FACE_BOUND('',#6370,.T.);
#6920=FACE_BOUND('',#6371,.T.);
#6921=FACE_BOUND('',#6372,.T.);
#6922=FACE_BOUND('',#6373,.T.);
#6923=FACE_BOUND('',#6374,.T.);
#6924=FACE_BOUND('',#6375,.T.);
#6925=FACE_BOUND('',#6376,.T.);
#6926=FACE_BOUND('',#6377,.T.);
#6927=FACE_BOUND('',#6378,.T.);
#6928=FACE_BOUND('',#6379,.T.);
#6929=FACE_BOUND('',#6380,.T.);
#6930=FACE_BOUND('',#6381,.T.);
#6931=FACE_BOUND('',#6382,.T.);
#6932=FACE_BOUND('',#6383,.T.);
#6933=FACE_BOUND('',#6384,.T.);
#6934=FACE_BOUND('',#6385,.T.);
#6935=FACE_BOUND('',#6386,.T.);
#6936=FACE_BOUND('',#6387,.T.);
#6937=FACE_BOUND('',#6388,.T.);
#6938=FACE_BOUND('',#6389,.T.);
#6939=FACE_BOUND('',#6390,.T.);
#6940=FACE_BOUND('',#6391,.T.);
#6941=FACE_BOUND('',#6392,.T.);
#6942=FACE_BOUND('',#6393,.T.);
#6943=FACE_BOUND('',#6394,.T.);
#6944=FACE_BOUND('',#6395,.T.);
#6945=FACE_BOUND('',#6396,.T.);
#6946=FACE_BOUND('',#6397,.T.);
#6947=FACE_BOUND('',#6398,.T.);
#6948=FACE_BOUND('',#6399,.T.);
#6949=FACE_BOUND('',#6400,.T.);
#6950=FACE_BOUND('',#6401,.T.);
#6951=FACE_BOUND('',#6402,.T.);
#6952=FACE_BOUND('',#6403,.T.);
#6953=FACE_BOUND('',#6404,.T.);
#6954=FACE_BOUND('',#6405,.T.);
#6955=FACE_BOUND('',#6406,.T.);
#6956=FACE_BOUND('',#6407,.T.);
#6957=FACE_BOUND('',#6408,.T.);
#6958=FACE_BOUND('',#6409,.T.);
#6959=FACE_BOUND('',#6410,.T.);
#6960=FACE_BOUND('',#6411,.T.);
#6961=FACE_BOUND('',#6412,.T.);
#6962=FACE_BOUND('',#6413,.T.);
#6963=FACE_BOUND('',#6414,.T.);
#6964=FACE_BOUND('',#6415,.T.);
#6965=FACE_BOUND('',#6416,.T.);
#6966=FACE_BOUND('',#6417,.T.);
#6967=FACE_BOUND('',#6418,.T.);
#6968=FACE_BOUND('',#6419,.T.);
#6969=FACE_BOUND('',#6420,.T.);
#6970=FACE_BOUND('',#6421,.T.);
#6971=FACE_BOUND('',#6422,.T.);
#6972=FACE_BOUND('',#6423,.T.);
#6973=FACE_BOUND('',#6424,.T.);
#6974=FACE_BOUND('',#6425,.T.);
#6975=FACE_BOUND('',#6426,.T.);
#6976=FACE_BOUND('',#6427,.T.);
#6977=FACE_BOUND('',#6428,.T.);
#6978=FACE_BOUND('',#6429,.T.);
#6979=FACE_BOUND('',#6430,.T.);
#6980=FACE_BOUND('',#6431,.T.);
#6981=FACE_BOUND('',#6432,.T.);
#6982=FACE_BOUND('',#6433,.T.);
#6983=FACE_BOUND('',#6434,.T.);
#6984=FACE_BOUND('',#6435,.T.);
#6985=FACE_BOUND('',#6436,.T.);
#6986=FACE_BOUND('',#6437,.T.);
#6987=FACE_BOUND('',#6438,.T.);
#6988=FACE_BOUND('',#6439,.T.);
#6989=FACE_BOUND('',#6440,.T.);
#6990=FACE_BOUND('',#6441,.T.);
#6991=FACE_BOUND('',#6442,.T.);
#6992=FACE_BOUND('',#6443,.T.);
#6993=FACE_BOUND('',#6444,.T.);
#6994=FACE_BOUND('',#6445,.T.);
#6995=FACE_BOUND('',#6446,.T.);
#6996=FACE_BOUND('',#6447,.T.);
#6997=FACE_BOUND('',#6448,.T.);
#6998=FACE_BOUND('',#6449,.T.);
#6999=FACE_BOUND('',#6450,.T.);
#7000=FACE_BOUND('',#6451,.T.);
#7001=FACE_BOUND('',#6452,.T.);
#7002=FACE_BOUND('',#6453,.T.);
#7003=FACE_BOUND('',#6454,.T.);
#7004=FACE_BOUND('',#6455,.T.);
#7005=FACE_BOUND('',#6456,.T.);
#7006=FACE_BOUND('',#6457,.T.);
#7007=FACE_BOUND('',#6458,.T.);
#7008=FACE_BOUND('',#6459,.T.);
#7009=FACE_BOUND('',#6460,.T.);
#7010=FACE_BOUND('',#6461,.T.);
#7011=FACE_BOUND('',#6462,.T.);
#7012=FACE_BOUND('',#6463,.T.);
#7013=FACE_BOUND('',#6464,.T.);
#7014=FACE_BOUND('',#6465,.T.);
#7015=FACE_BOUND('',#6466,.T.);
#7016=FACE_BOUND('',#6467,.T.);
#7017=FACE_BOUND('',#6468,.T.);
#7018=FACE_BOUND('',#6469,.T.);
#7019=FACE_BOUND('',#6470,.T.);
#7020=FACE_BOUND('',#6471,.T.);
#7021=FACE_BOUND('',#6472,.T.);
#7022=FACE_BOUND('',#6473,.T.);
#7023=FACE_BOUND('',#6474,.T.);
#7024=FACE_BOUND('',#6475,.T.);
#7025=FACE_BOUND('',#6476,.T.);
#7026=FACE_BOUND('',#6477,.T.);
#7027=FACE_BOUND('',#6478,.T.);
#7028=FACE_BOUND('',#6479,.T.);
#7029=FACE_BOUND('',#6480,.T.);
#7030=FACE_BOUND('',#6481,.T.);
#7031=FACE_BOUND('',#6482,.T.);
#7032=FACE_BOUND('',#6483,.T.);
#7033=FACE_BOUND('',#6484,.T.);
#7034=FACE_BOUND('',#6485,.T.);
#7035=FACE_BOUND('',#6486,.T.);
#7036=FACE_BOUND('',#6487,.T.);
#7037=FACE_BOUND('',#6488,.T.);
#7038=FACE_BOUND('',#6489,.T.);
#7039=FACE_BOUND('',#6490,.T.);
#7040=FACE_BOUND('',#6491,.T.);
#7041=FACE_BOUND('',#6492,.T.);
#7042=FACE_BOUND('',#6493,.T.);
#7043=FACE_BOUND('',#6494,.T.);
#7044=FACE_BOUND('',#6495,.T.);
#7045=FACE_BOUND('',#6496,.T.);
#7046=FACE_BOUND('',#6497,.T.);
#7047=FACE_BOUND('',#6498,.T.);
#7048=FACE_BOUND('',#6499,.T.);
#7049=FACE_BOUND('',#6500,.T.);
#7050=FACE_BOUND('',#6501,.T.);
#7051=FACE_BOUND('',#6502,.T.);
#7052=FACE_BOUND('',#6503,.T.);
#7053=FACE_BOUND('',#6504,.T.);
#7054=FACE_BOUND('',#6505,.T.);
#7055=FACE_BOUND('',#6506,.T.);
#7056=FACE_BOUND('',#6507,.T.);
#7057=FACE_BOUND('',#6508,.T.);
#7058=FACE_BOUND('',#6509,.T.);
#7059=FACE_BOUND('',#6510,.T.);
#7060=FACE_BOUND('',#6511,.T.);
#7061=FACE_BOUND('',#6512,.T.);
#7062=FACE_BOUND('',#6513,.T.);
#7063=FACE_BOUND('',#6514,.T.);
#7064=FACE_BOUND('',#6515,.T.);
#7065=FACE_BOUND('',#6516,.T.);
#7066=FACE_BOUND('',#6517,.T.);
#7067=FACE_BOUND('',#6518,.T.);
#7068=FACE_BOUND('',#6519,.T.);
#7069=FACE_BOUND('',#6520,.T.);
#7070=FACE_BOUND('',#6521,.T.);
#7071=FACE_BOUND('',#6522,.T.);
#7072=FACE_BOUND('',#6523,.T.);
#7073=FACE_BOUND('',#6524,.T.);
#7074=FACE_BOUND('',#6525,.T.);
#7075=FACE_BOUND('',#6526,.T.);
#7076=FACE_BOUND('',#6527,.T.);
#7077=FACE_BOUND('',#6528,.T.);
#7078=FACE_BOUND('',#6529,.T.);
#7079=FACE_BOUND('',#6530,.T.);
#7080=FACE_BOUND('',#6531,.T.);
#7081=FACE_BOUND('',#6532,.T.);
#7082=FACE_BOUND('',#6533,.T.);
#7083=FACE_BOUND('',#6534,.T.);
#7084=FACE_BOUND('',#6535,.T.);
#7085=FACE_BOUND('',#6536,.T.);
#7086=FACE_BOUND('',#6537,.T.);
#7087=FACE_BOUND('',#6538,.T.);
#7088=FACE_BOUND('',#6539,.T.);
#7089=FACE_BOUND('',#6540,.T.);
#7090=FACE_BOUND('',#6541,.T.);
#7091=FACE_BOUND('',#6542,.T.);
#7092=FACE_BOUND('',#6543,.T.);
#7093=FACE_BOUND('',#6544,.T.);
#7094=FACE_BOUND('',#6545,.T.);
#7095=FACE_BOUND('',#6546,.T.);
#7096=FACE_BOUND('',#6547,.T.);
#7097=FACE_BOUND('',#6548,.T.);
#7098=FACE_BOUND('',#6549,.T.);
#7099=FACE_BOUND('',#6550,.T.);
#7100=FACE_BOUND('',#6551,.T.);
#7101=FACE_BOUND('',#6552,.T.);
#7102=FACE_BOUND('',#6553,.T.);
#7103=FACE_BOUND('',#6554,.T.);
#7104=FACE_BOUND('',#6555,.T.);
#7105=FACE_BOUND('',#6556,.T.);
#7106=FACE_BOUND('',#6557,.T.);
#7107=FACE_BOUND('',#6558,.T.);
#7108=FACE_BOUND('',#6559,.T.);
#7109=FACE_BOUND('',#6560,.T.);
#7110=FACE_BOUND('',#6561,.T.);
#7111=FACE_BOUND('',#6562,.T.);
#7112=FACE_BOUND('',#6563,.T.);
#7113=FACE_BOUND('',#6564,.T.);
#7114=FACE_BOUND('',#6565,.T.);
#7115=FACE_BOUND('',#6566,.T.);
#7116=FACE_BOUND('',#6567,.T.);
#7117=FACE_BOUND('',#6568,.T.);
#7118=FACE_BOUND('',#6569,.T.);
#7119=FACE_BOUND('',#6570,.T.);
#7120=FACE_BOUND('',#6571,.T.);
#7121=FACE_BOUND('',#6572,.T.);
#7122=FACE_BOUND('',#6573,.T.);
#7123=FACE_BOUND('',#6574,.T.);
#7124=FACE_BOUND('',#6575,.T.);
#7125=FACE_BOUND('',#6576,.T.);
#7126=FACE_BOUND('',#6577,.T.);
#7127=FACE_BOUND('',#6578,.T.);
#7128=FACE_BOUND('',#6579,.T.);
#7129=FACE_BOUND('',#6580,.T.);
#7130=FACE_BOUND('',#6581,.T.);
#7131=FACE_BOUND('',#6582,.T.);
#7132=FACE_BOUND('',#6583,.T.);
#7133=FACE_BOUND('',#6584,.T.);
#7134=FACE_BOUND('',#6585,.T.);
#7135=FACE_BOUND('',#6586,.T.);
#7136=FACE_BOUND('',#6587,.T.);
#7137=FACE_BOUND('',#6588,.T.);
#7138=FACE_BOUND('',#6589,.T.);
#7139=FACE_BOUND('',#6590,.T.);
#7140=FACE_BOUND('',#6591,.T.);
#7141=FACE_BOUND('',#6592,.T.);
#7142=FACE_BOUND('',#6593,.T.);
#7143=FACE_BOUND('',#6594,.T.);
#7144=FACE_BOUND('',#6595,.T.);
#7145=FACE_BOUND('',#6596,.T.);
#7146=FACE_BOUND('',#6597,.T.);
#7147=FACE_BOUND('',#6598,.T.);
#7148=FACE_BOUND('',#6599,.T.);
#7149=FACE_BOUND('',#6600,.T.);
#7150=FACE_BOUND('',#6601,.T.);
#7151=FACE_BOUND('',#6602,.T.);
#7152=FACE_BOUND('',#6603,.T.);
#7153=FACE_BOUND('',#6604,.T.);
#7154=FACE_BOUND('',#6605,.T.);
#7155=FACE_BOUND('',#6606,.T.);
#7156=FACE_BOUND('',#6607,.T.);
#7157=FACE_BOUND('',#6608,.T.);
#7158=FACE_BOUND('',#6609,.T.);
#7159=FACE_BOUND('',#6610,.T.);
#7160=FACE_BOUND('',#6611,.T.);
#7161=FACE_BOUND('',#6612,.T.);
#7162=FACE_BOUND('',#6613,.T.);
#7163=FACE_BOUND('',#6614,.T.);
#7164=FACE_BOUND('',#6615,.T.);
#7165=FACE_BOUND('',#6616,.T.);
#7166=FACE_BOUND('',#6617,.T.);
#7167=FACE_BOUND('',#6618,.T.);
#7168=FACE_BOUND('',#6619,.T.);
#7169=FACE_BOUND('',#6620,.T.);
#7170=FACE_BOUND('',#6621,.T.);
#7171=FACE_BOUND('',#6622,.T.);
#7172=FACE_BOUND('',#6623,.T.);
#7173=FACE_BOUND('',#6624,.T.);
#7174=FACE_BOUND('',#6625,.T.);
#7175=FACE_BOUND('',#6626,.T.);
#7176=FACE_BOUND('',#6627,.T.);
#7177=FACE_BOUND('',#6628,.T.);
#7178=FACE_BOUND('',#6629,.T.);
#7179=FACE_BOUND('',#6630,.T.);
#7180=FACE_BOUND('',#6631,.T.);
#7181=FACE_BOUND('',#6632,.T.);
#7182=FACE_BOUND('',#6633,.T.);
#7183=FACE_BOUND('',#6634,.T.);
#7184=FACE_BOUND('',#6635,.T.);
#7185=FACE_BOUND('',#6636,.T.);
#7186=FACE_BOUND('',#6637,.T.);
#7187=FACE_BOUND('',#6638,.T.);
#7188=FACE_BOUND('',#6639,.T.);
#7189=FACE_BOUND('',#6640,.T.);
#7190=FACE_BOUND('',#6641,.T.);
#7191=FACE_BOUND('',#6642,.T.);
#7192=FACE_BOUND('',#6643,.T.);
#7193=FACE_BOUND('',#6644,.T.);
#7194=PLANE('',#7706);
#7195=PLANE('',#7708);
#7196=PLANE('',#7710);
#7197=PLANE('',#7761);
#7198=PLANE('',#7767);
#7199=PLANE('',#7777);
#7200=PLANE('',#7798);
#7201=PLANE('',#7808);
#7202=PLANE('',#7823);
#7203=PLANE('',#7828);
#7204=PLANE('',#7833);
#7205=PLANE('',#7840);
#7206=PLANE('',#7847);
#7207=PLANE('',#7854);
#7208=PLANE('',#7861);
#7209=PLANE('',#7866);
#7210=PLANE('',#7871);
#7211=PLANE('',#7876);
#7212=PLANE('',#7880);
#7213=PLANE('',#7887);
#7214=PLANE('',#7894);
#7215=PLANE('',#7901);
#7216=PLANE('',#7906);
#7217=PLANE('',#7908);
#7218=PLANE('',#7910);
#7219=PLANE('',#7914);
#7220=PLANE('',#7928);
#7221=PLANE('',#7931);
#7222=PLANE('',#7934);
#7223=PLANE('',#7938);
#7224=PLANE('',#7941);
#7225=PLANE('',#7954);
#7226=PLANE('',#7968);
#7227=PLANE('',#7971);
#7228=PLANE('',#7975);
#7229=PLANE('',#7993);
#7230=PLANE('',#7994);
#7231=PLANE('',#7995);
#7232=PLANE('',#7996);
#7233=PLANE('',#7997);
#7234=PLANE('',#7998);
#7235=PLANE('',#7999);
#7236=PLANE('',#8006);
#7237=PLANE('',#8020);
#7238=PLANE('',#8041);
#7239=PLANE('',#8051);
#7240=PLANE('',#8067);
#7241=PLANE('',#8073);
#7242=PLANE('',#8079);
#7243=PLANE('',#8087);
#7244=PLANE('',#8095);
#7245=PLANE('',#8103);
#7246=PLANE('',#8111);
#7247=PLANE('',#8117);
#7248=PLANE('',#8123);
#7249=PLANE('',#8129);
#7250=PLANE('',#8133);
#7251=PLANE('',#8141);
#7252=PLANE('',#8149);
#7253=PLANE('',#8157);
#7254=PLANE('',#8164);
#7255=PLANE('',#8167);
#7256=PLANE('',#8170);
#7257=PLANE('',#8179);
#7258=PLANE('',#8183);
#7259=PLANE('',#8187);
#7260=PLANE('',#8191);
#7261=PLANE('',#8194);
#7262=PLANE('',#8204);
#7263=PLANE('',#8207);
#7264=PLANE('',#8221);
#7265=PLANE('',#8224);
#7266=PLANE('',#8226);
#7267=PLANE('',#8246);
#7268=PLANE('',#8247);
#7269=PLANE('',#8248);
#7270=PLANE('',#8249);
#7271=PLANE('',#8250);
#7272=PLANE('',#8251);
#7273=PLANE('',#8255);
#7274=PLANE('',#8260);
#7275=PLANE('',#8261);
#7276=PLANE('',#8262);
#7277=PLANE('',#8263);
#7278=PLANE('',#8268);
#7279=PLANE('',#8269);
#7280=PLANE('',#8270);
#7281=PLANE('',#8271);
#7282=PLANE('',#8272);
#7283=PLANE('',#8273);
#7284=PLANE('',#8274);
#7285=PLANE('',#8275);
#7286=PLANE('',#8276);
#7287=PLANE('',#8277);
#7288=PLANE('',#8282);
#7289=PLANE('',#8283);
#7290=PLANE('',#8284);
#7291=PLANE('',#8285);
#7292=PLANE('',#8286);
#7293=PLANE('',#8287);
#7294=PLANE('',#8290);
#7295=PLANE('',#8291);
#7296=PLANE('',#8292);
#7297=PLANE('',#8293);
#7298=PLANE('',#8294);
#7299=PLANE('',#8295);
#7300=PLANE('',#8296);
#7301=PLANE('',#8297);
#7302=PLANE('',#8298);
#7303=PLANE('',#8299);
#7304=PLANE('',#8300);
#7305=PLANE('',#8301);
#7306=PLANE('',#8302);
#7307=PLANE('',#8303);
#7308=PLANE('',#8304);
#7309=PLANE('',#8305);
#7310=PLANE('',#8310);
#7311=ADVANCED_FACE('',(#6645,#6646,#6647),#7194,.T.);
#7312=ADVANCED_FACE('',(#6648,#6649,#6650),#7195,.F.);
#7313=ADVANCED_FACE('',(#6651,#6652,#6653,#6654,#6655,#6656,#6657,#6658,
#6659,#6660,#6661,#6662,#6663,#6664,#6665,#6666,#6667,#6668,#6669,#6670,
#6671,#6672,#6673),#7196,.T.);
#7314=ADVANCED_FACE('',(#6674),#199,.F.);
#7315=ADVANCED_FACE('',(#6675),#200,.F.);
#7316=ADVANCED_FACE('',(#6676,#6677),#7197,.T.);
#7317=ADVANCED_FACE('',(#6678),#201,.F.);
#7318=ADVANCED_FACE('',(#6679),#202,.F.);
#7319=ADVANCED_FACE('',(#6680),#7198,.F.);
#7320=ADVANCED_FACE('',(#6681),#46,.F.);
#7321=ADVANCED_FACE('',(#6682),#14,.T.);
#7322=ADVANCED_FACE('',(#6683),#203,.F.);
#7323=ADVANCED_FACE('',(#6684),#204,.F.);
#7324=ADVANCED_FACE('',(#6685),#205,.F.);
#7325=ADVANCED_FACE('',(#6686),#206,.F.);
#7326=ADVANCED_FACE('',(#6687,#6688,#6689,#6690,#6691,#6692,#6693),#7199,
 .T.);
#7327=ADVANCED_FACE('',(#6694),#207,.F.);
#7328=ADVANCED_FACE('',(#6695,#6696,#6697,#6698,#6699,#6700,#6701,#6702),
#7200,.F.);
#7329=ADVANCED_FACE('',(#6703,#6704,#6705,#6706,#6707,#6708,#6709,#6710),
#7201,.T.);
#7330=ADVANCED_FACE('',(#6711),#208,.F.);
#7331=ADVANCED_FACE('',(#6712),#209,.F.);
#7332=ADVANCED_FACE('',(#6713),#210,.F.);
#7333=ADVANCED_FACE('',(#6714),#211,.F.);
#7334=ADVANCED_FACE('',(#6715),#7202,.F.);
#7335=ADVANCED_FACE('',(#6716),#47,.F.);
#7336=ADVANCED_FACE('',(#6717),#48,.F.);
#7337=ADVANCED_FACE('',(#6718),#15,.T.);
#7338=ADVANCED_FACE('',(#6719),#212,.F.);
#7339=ADVANCED_FACE('',(#6720),#213,.F.);
#7340=ADVANCED_FACE('',(#6721),#7203,.F.);
#7341=ADVANCED_FACE('',(#6722),#49,.F.);
#7342=ADVANCED_FACE('',(#6723),#50,.F.);
#7343=ADVANCED_FACE('',(#6724),#16,.T.);
#7344=ADVANCED_FACE('',(#6725),#214,.F.);
#7345=ADVANCED_FACE('',(#6726),#215,.F.);
#7346=ADVANCED_FACE('',(#6727),#7204,.F.);
#7347=ADVANCED_FACE('',(#6728),#51,.F.);
#7348=ADVANCED_FACE('',(#6729),#52,.F.);
#7349=ADVANCED_FACE('',(#6730),#17,.T.);
#7350=ADVANCED_FACE('',(#6731),#216,.F.);
#7351=ADVANCED_FACE('',(#6732),#217,.F.);
#7352=ADVANCED_FACE('',(#6733),#7205,.F.);
#7353=ADVANCED_FACE('',(#6734),#53,.F.);
#7354=ADVANCED_FACE('',(#6735),#18,.T.);
#7355=ADVANCED_FACE('',(#6736),#218,.F.);
#7356=ADVANCED_FACE('',(#6737),#219,.F.);
#7357=ADVANCED_FACE('',(#6738),#7206,.F.);
#7358=ADVANCED_FACE('',(#6739),#54,.F.);
#7359=ADVANCED_FACE('',(#6740),#55,.F.);
#7360=ADVANCED_FACE('',(#6741),#19,.T.);
#7361=ADVANCED_FACE('',(#6742),#220,.F.);
#7362=ADVANCED_FACE('',(#6743),#221,.F.);
#7363=ADVANCED_FACE('',(#6744),#7207,.F.);
#7364=ADVANCED_FACE('',(#6745),#56,.F.);
#7365=ADVANCED_FACE('',(#6746),#57,.F.);
#7366=ADVANCED_FACE('',(#6747),#20,.T.);
#7367=ADVANCED_FACE('',(#6748),#222,.F.);
#7368=ADVANCED_FACE('',(#6749),#223,.F.);
#7369=ADVANCED_FACE('',(#6750),#7208,.F.);
#7370=ADVANCED_FACE('',(#6751),#58,.F.);
#7371=ADVANCED_FACE('',(#6752),#59,.F.);
#7372=ADVANCED_FACE('',(#6753),#21,.T.);
#7373=ADVANCED_FACE('',(#6754),#224,.F.);
#7374=ADVANCED_FACE('',(#6755),#225,.F.);
#7375=ADVANCED_FACE('',(#6756),#7209,.F.);
#7376=ADVANCED_FACE('',(#6757),#60,.F.);
#7377=ADVANCED_FACE('',(#6758),#61,.F.);
#7378=ADVANCED_FACE('',(#6759),#22,.T.);
#7379=ADVANCED_FACE('',(#6760),#226,.F.);
#7380=ADVANCED_FACE('',(#6761),#227,.F.);
#7381=ADVANCED_FACE('',(#6762),#7210,.F.);
#7382=ADVANCED_FACE('',(#6763),#62,.F.);
#7383=ADVANCED_FACE('',(#6764),#63,.F.);
#7384=ADVANCED_FACE('',(#6765),#23,.T.);
#7385=ADVANCED_FACE('',(#6766),#228,.F.);
#7386=ADVANCED_FACE('',(#6767),#229,.F.);
#7387=ADVANCED_FACE('',(#6768),#7211,.F.);
#7388=ADVANCED_FACE('',(#6769),#64,.F.);
#7389=ADVANCED_FACE('',(#6770),#65,.F.);
#7390=ADVANCED_FACE('',(#6771),#24,.T.);
#7391=ADVANCED_FACE('',(#6772),#230,.F.);
#7392=ADVANCED_FACE('',(#6773),#7212,.F.);
#7393=ADVANCED_FACE('',(#6774),#66,.F.);
#7394=ADVANCED_FACE('',(#6775),#67,.F.);
#7395=ADVANCED_FACE('',(#6776),#25,.T.);
#7396=ADVANCED_FACE('',(#6777),#231,.F.);
#7397=ADVANCED_FACE('',(#6778),#232,.F.);
#7398=ADVANCED_FACE('',(#6779),#7213,.F.);
#7399=ADVANCED_FACE('',(#6780),#68,.F.);
#7400=ADVANCED_FACE('',(#6781),#69,.F.);
#7401=ADVANCED_FACE('',(#6782),#26,.T.);
#7402=ADVANCED_FACE('',(#6783),#233,.F.);
#7403=ADVANCED_FACE('',(#6784),#234,.F.);
#7404=ADVANCED_FACE('',(#6785),#7214,.F.);
#7405=ADVANCED_FACE('',(#6786),#70,.F.);
#7406=ADVANCED_FACE('',(#6787),#71,.F.);
#7407=ADVANCED_FACE('',(#6788),#27,.T.);
#7408=ADVANCED_FACE('',(#6789),#235,.F.);
#7409=ADVANCED_FACE('',(#6790),#236,.F.);
#7410=ADVANCED_FACE('',(#6791),#7215,.F.);
#7411=ADVANCED_FACE('',(#6792),#72,.F.);
#7412=ADVANCED_FACE('',(#6793),#73,.F.);
#7413=ADVANCED_FACE('',(#6794),#28,.T.);
#7414=ADVANCED_FACE('',(#6795),#237,.F.);
#7415=ADVANCED_FACE('',(#6796),#238,.F.);
#7416=ADVANCED_FACE('',(#6797),#7216,.F.);
#7417=ADVANCED_FACE('',(#6798),#239,.F.);
#7418=ADVANCED_FACE('',(#6799),#7217,.F.);
#7419=ADVANCED_FACE('',(#6800),#240,.F.);
#7420=ADVANCED_FACE('',(#6801),#7218,.F.);
#7421=ADVANCED_FACE('',(#6802),#241,.F.);
#7422=ADVANCED_FACE('',(#6803),#242,.F.);
#7423=ADVANCED_FACE('',(#6804,#6805,#6806,#6807,#6808,#6809,#6810,#6811),
#7219,.F.);
#7424=ADVANCED_FACE('',(#6812),#243,.F.);
#7425=ADVANCED_FACE('',(#6813),#7220,.F.);
#7426=ADVANCED_FACE('',(#6814),#244,.F.);
#7427=ADVANCED_FACE('',(#6815),#7221,.F.);
#7428=ADVANCED_FACE('',(#6816),#245,.F.);
#7429=ADVANCED_FACE('',(#6817,#6818,#6819,#6820,#6821,#6822,#6823),#7222,
 .T.);
#7430=ADVANCED_FACE('',(#6824),#7223,.F.);
#7431=ADVANCED_FACE('',(#6825),#246,.F.);
#7432=ADVANCED_FACE('',(#6826,#6827,#6828,#6829,#6830,#6831,#6832,#6833),
#7224,.F.);
#7433=ADVANCED_FACE('',(#6834),#247,.T.);
#7434=ADVANCED_FACE('',(#6835,#6836,#6837,#6838,#6839,#6840,#6841,#6842),
#7225,.T.);
#7435=ADVANCED_FACE('',(#6843),#248,.T.);
#7436=ADVANCED_FACE('',(#6844),#249,.T.);
#7437=ADVANCED_FACE('',(#6845,#6846),#250,.F.);
#7438=ADVANCED_FACE('',(#6847),#7226,.T.);
#7439=ADVANCED_FACE('',(#6848,#6849),#251,.F.);
#7440=ADVANCED_FACE('',(#6850),#7227,.T.);
#7441=ADVANCED_FACE('',(#6851),#252,.F.);
#7442=ADVANCED_FACE('',(#6852),#253,.F.);
#7443=ADVANCED_FACE('',(#6853),#74,.F.);
#7444=ADVANCED_FACE('',(#6854),#75,.F.);
#7445=ADVANCED_FACE('',(#6855),#7228,.F.);
#7446=ADVANCED_FACE('',(#6856),#29,.T.);
#7447=ADVANCED_FACE('',(#6857,#6858),#254,.F.);
#7448=ADVANCED_FACE('',(#6859,#6860),#255,.F.);
#7449=ADVANCED_FACE('',(#6861,#6862),#256,.F.);
#7450=ADVANCED_FACE('',(#6863,#6864),#257,.F.);
#7451=ADVANCED_FACE('',(#6865,#6866),#258,.F.);
#7452=ADVANCED_FACE('',(#6867,#6868),#259,.F.);
#7453=ADVANCED_FACE('',(#6869),#260,.F.);
#7454=ADVANCED_FACE('',(#6870,#6871),#261,.F.);
#7455=ADVANCED_FACE('',(#6872,#6873),#262,.F.);
#7456=ADVANCED_FACE('',(#6874,#6875),#263,.F.);
#7457=ADVANCED_FACE('',(#6876),#264,.F.);
#7458=ADVANCED_FACE('',(#6877,#6878),#265,.F.);
#7459=ADVANCED_FACE('',(#6879,#6880),#266,.F.);
#7460=ADVANCED_FACE('',(#6881,#6882),#267,.F.);
#7461=ADVANCED_FACE('',(#6883,#6884),#268,.F.);
#7462=ADVANCED_FACE('',(#6885,#6886),#269,.F.);
#7463=ADVANCED_FACE('',(#6887,#6888),#7229,.F.);
#7464=ADVANCED_FACE('',(#6889),#7230,.T.);
#7465=ADVANCED_FACE('',(#6890),#7231,.T.);
#7466=ADVANCED_FACE('',(#6891),#7232,.T.);
#7467=ADVANCED_FACE('',(#6892),#7233,.T.);
#7468=ADVANCED_FACE('',(#6893),#7234,.T.);
#7469=ADVANCED_FACE('',(#6894),#7235,.F.);
#7470=ADVANCED_FACE('',(#6895),#270,.F.);
#7471=ADVANCED_FACE('',(#6896),#271,.F.);
#7472=ADVANCED_FACE('',(#6897),#7236,.F.);
#7473=ADVANCED_FACE('',(#6898),#76,.T.);
#7474=ADVANCED_FACE('',(#6899),#30,.T.);
#7475=ADVANCED_FACE('',(#6900),#272,.F.);
#7476=ADVANCED_FACE('',(#6901),#273,.F.);
#7477=ADVANCED_FACE('',(#6902),#274,.F.);
#7478=ADVANCED_FACE('',(#6903),#275,.F.);
#7479=ADVANCED_FACE('',(#6904,#6905,#6906,#6907,#6908,#6909,#6910),#7237,
 .T.);
#7480=ADVANCED_FACE('',(#6911),#276,.F.);
#7481=ADVANCED_FACE('',(#6912,#6913,#6914,#6915,#6916,#6917,#6918,#6919),
#7238,.F.);
#7482=ADVANCED_FACE('',(#6920,#6921,#6922,#6923,#6924,#6925,#6926,#6927),
#7239,.T.);
#7483=ADVANCED_FACE('',(#6928),#277,.F.);
#7484=ADVANCED_FACE('',(#6929),#278,.F.);
#7485=ADVANCED_FACE('',(#6930),#279,.F.);
#7486=ADVANCED_FACE('',(#6931),#280,.F.);
#7487=ADVANCED_FACE('',(#6932),#7240,.F.);
#7488=ADVANCED_FACE('',(#6933),#77,.T.);
#7489=ADVANCED_FACE('',(#6934),#78,.T.);
#7490=ADVANCED_FACE('',(#6935),#31,.T.);
#7491=ADVANCED_FACE('',(#6936),#281,.F.);
#7492=ADVANCED_FACE('',(#6937),#282,.F.);
#7493=ADVANCED_FACE('',(#6938),#7241,.F.);
#7494=ADVANCED_FACE('',(#6939),#79,.T.);
#7495=ADVANCED_FACE('',(#6940),#80,.T.);
#7496=ADVANCED_FACE('',(#6941),#32,.T.);
#7497=ADVANCED_FACE('',(#6942),#283,.F.);
#7498=ADVANCED_FACE('',(#6943),#284,.F.);
#7499=ADVANCED_FACE('',(#6944),#7242,.F.);
#7500=ADVANCED_FACE('',(#6945),#81,.T.);
#7501=ADVANCED_FACE('',(#6946),#82,.T.);
#7502=ADVANCED_FACE('',(#6947),#33,.T.);
#7503=ADVANCED_FACE('',(#6948),#285,.F.);
#7504=ADVANCED_FACE('',(#6949),#286,.F.);
#7505=ADVANCED_FACE('',(#6950),#7243,.F.);
#7506=ADVANCED_FACE('',(#6951),#83,.T.);
#7507=ADVANCED_FACE('',(#6952),#34,.T.);
#7508=ADVANCED_FACE('',(#6953),#287,.F.);
#7509=ADVANCED_FACE('',(#6954),#288,.F.);
#7510=ADVANCED_FACE('',(#6955),#7244,.F.);
#7511=ADVANCED_FACE('',(#6956),#84,.T.);
#7512=ADVANCED_FACE('',(#6957),#85,.T.);
#7513=ADVANCED_FACE('',(#6958),#35,.T.);
#7514=ADVANCED_FACE('',(#6959),#289,.F.);
#7515=ADVANCED_FACE('',(#6960),#290,.F.);
#7516=ADVANCED_FACE('',(#6961),#7245,.F.);
#7517=ADVANCED_FACE('',(#6962),#86,.T.);
#7518=ADVANCED_FACE('',(#6963),#87,.T.);
#7519=ADVANCED_FACE('',(#6964),#36,.T.);
#7520=ADVANCED_FACE('',(#6965),#291,.F.);
#7521=ADVANCED_FACE('',(#6966),#292,.F.);
#7522=ADVANCED_FACE('',(#6967),#7246,.F.);
#7523=ADVANCED_FACE('',(#6968),#88,.T.);
#7524=ADVANCED_FACE('',(#6969),#89,.T.);
#7525=ADVANCED_FACE('',(#6970),#37,.T.);
#7526=ADVANCED_FACE('',(#6971),#293,.F.);
#7527=ADVANCED_FACE('',(#6972),#294,.F.);
#7528=ADVANCED_FACE('',(#6973),#7247,.F.);
#7529=ADVANCED_FACE('',(#6974),#90,.T.);
#7530=ADVANCED_FACE('',(#6975),#91,.T.);
#7531=ADVANCED_FACE('',(#6976),#38,.T.);
#7532=ADVANCED_FACE('',(#6977),#295,.F.);
#7533=ADVANCED_FACE('',(#6978),#296,.F.);
#7534=ADVANCED_FACE('',(#6979),#7248,.F.);
#7535=ADVANCED_FACE('',(#6980),#92,.T.);
#7536=ADVANCED_FACE('',(#6981),#93,.T.);
#7537=ADVANCED_FACE('',(#6982),#39,.T.);
#7538=ADVANCED_FACE('',(#6983),#297,.F.);
#7539=ADVANCED_FACE('',(#6984),#298,.F.);
#7540=ADVANCED_FACE('',(#6985),#7249,.F.);
#7541=ADVANCED_FACE('',(#6986),#94,.T.);
#7542=ADVANCED_FACE('',(#6987),#95,.T.);
#7543=ADVANCED_FACE('',(#6988),#40,.T.);
#7544=ADVANCED_FACE('',(#6989),#299,.F.);
#7545=ADVANCED_FACE('',(#6990),#7250,.F.);
#7546=ADVANCED_FACE('',(#6991),#96,.T.);
#7547=ADVANCED_FACE('',(#6992),#97,.T.);
#7548=ADVANCED_FACE('',(#6993),#41,.T.);
#7549=ADVANCED_FACE('',(#6994),#300,.F.);
#7550=ADVANCED_FACE('',(#6995),#301,.F.);
#7551=ADVANCED_FACE('',(#6996),#7251,.F.);
#7552=ADVANCED_FACE('',(#6997),#98,.T.);
#7553=ADVANCED_FACE('',(#6998),#99,.T.);
#7554=ADVANCED_FACE('',(#6999),#42,.T.);
#7555=ADVANCED_FACE('',(#7000),#302,.F.);
#7556=ADVANCED_FACE('',(#7001),#303,.F.);
#7557=ADVANCED_FACE('',(#7002),#7252,.F.);
#7558=ADVANCED_FACE('',(#7003),#100,.T.);
#7559=ADVANCED_FACE('',(#7004),#101,.T.);
#7560=ADVANCED_FACE('',(#7005),#43,.T.);
#7561=ADVANCED_FACE('',(#7006),#304,.F.);
#7562=ADVANCED_FACE('',(#7007),#305,.F.);
#7563=ADVANCED_FACE('',(#7008),#7253,.F.);
#7564=ADVANCED_FACE('',(#7009),#102,.T.);
#7565=ADVANCED_FACE('',(#7010),#103,.T.);
#7566=ADVANCED_FACE('',(#7011),#44,.T.);
#7567=ADVANCED_FACE('',(#7012),#306,.F.);
#7568=ADVANCED_FACE('',(#7013),#307,.F.);
#7569=ADVANCED_FACE('',(#7014),#7254,.F.);
#7570=ADVANCED_FACE('',(#7015),#308,.F.);
#7571=ADVANCED_FACE('',(#7016),#7255,.F.);
#7572=ADVANCED_FACE('',(#7017),#309,.F.);
#7573=ADVANCED_FACE('',(#7018),#7256,.F.);
#7574=ADVANCED_FACE('',(#7019),#310,.F.);
#7575=ADVANCED_FACE('',(#7020),#311,.F.);
#7576=ADVANCED_FACE('',(#7021),#312,.F.);
#7577=ADVANCED_FACE('',(#7022),#7257,.F.);
#7578=ADVANCED_FACE('',(#7023),#313,.F.);
#7579=ADVANCED_FACE('',(#7024),#7258,.F.);
#7580=ADVANCED_FACE('',(#7025),#314,.F.);
#7581=ADVANCED_FACE('',(#7026,#7027,#7028,#7029,#7030,#7031,#7032),#7259,
 .T.);
#7582=ADVANCED_FACE('',(#7033),#7260,.F.);
#7583=ADVANCED_FACE('',(#7034),#315,.F.);
#7584=ADVANCED_FACE('',(#7035,#7036,#7037,#7038,#7039,#7040,#7041,#7042),
#7261,.F.);
#7585=ADVANCED_FACE('',(#7043,#7044,#7045,#7046,#7047,#7048,#7049,#7050,
#7051,#7052,#7053,#7054,#7055,#7056,#7057,#7058,#7059,#7060,#7061),#7262,
 .T.);
#7586=ADVANCED_FACE('',(#7062,#7063,#7064,#7065,#7066,#7067,#7068,#7069),
#7263,.T.);
#7587=ADVANCED_FACE('',(#7070),#316,.T.);
#7588=ADVANCED_FACE('',(#7071),#317,.T.);
#7589=ADVANCED_FACE('',(#7072,#7073),#318,.F.);
#7590=ADVANCED_FACE('',(#7074),#7264,.T.);
#7591=ADVANCED_FACE('',(#7075,#7076),#319,.F.);
#7592=ADVANCED_FACE('',(#7077),#7265,.T.);
#7593=ADVANCED_FACE('',(#7078),#320,.F.);
#7594=ADVANCED_FACE('',(#7079),#7266,.F.);
#7595=ADVANCED_FACE('',(#7080),#321,.F.);
#7596=ADVANCED_FACE('',(#7081),#104,.T.);
#7597=ADVANCED_FACE('',(#7082),#105,.T.);
#7598=ADVANCED_FACE('',(#7083),#45,.T.);
#7599=ADVANCED_FACE('',(#7084,#7085),#322,.F.);
#7600=ADVANCED_FACE('',(#7086,#7087),#323,.F.);
#7601=ADVANCED_FACE('',(#7088,#7089),#324,.F.);
#7602=ADVANCED_FACE('',(#7090,#7091),#325,.F.);
#7603=ADVANCED_FACE('',(#7092,#7093),#326,.F.);
#7604=ADVANCED_FACE('',(#7094,#7095),#327,.F.);
#7605=ADVANCED_FACE('',(#7096),#328,.F.);
#7606=ADVANCED_FACE('',(#7097,#7098),#329,.F.);
#7607=ADVANCED_FACE('',(#7099,#7100),#330,.F.);
#7608=ADVANCED_FACE('',(#7101,#7102),#331,.F.);
#7609=ADVANCED_FACE('',(#7103),#332,.F.);
#7610=ADVANCED_FACE('',(#7104,#7105),#333,.F.);
#7611=ADVANCED_FACE('',(#7106,#7107),#334,.F.);
#7612=ADVANCED_FACE('',(#7108,#7109),#335,.F.);
#7613=ADVANCED_FACE('',(#7110,#7111),#336,.F.);
#7614=ADVANCED_FACE('',(#7112,#7113),#337,.F.);
#7615=ADVANCED_FACE('',(#7114),#7267,.T.);
#7616=ADVANCED_FACE('',(#7115),#7268,.T.);
#7617=ADVANCED_FACE('',(#7116),#7269,.T.);
#7618=ADVANCED_FACE('',(#7117),#7270,.T.);
#7619=ADVANCED_FACE('',(#7118),#7271,.T.);
#7620=ADVANCED_FACE('',(#7119),#7272,.F.);
#7621=ADVANCED_FACE('',(#7120,#7121),#338,.F.);
#7622=ADVANCED_FACE('',(#7122),#12,.T.);
#7623=ADVANCED_FACE('',(#7123),#13,.T.);
#7624=ADVANCED_FACE('',(#7124),#106,.T.);
#7625=ADVANCED_FACE('',(#7125),#107,.T.);
#7626=ADVANCED_FACE('',(#7126),#108,.T.);
#7627=ADVANCED_FACE('',(#7127),#109,.T.);
#7628=ADVANCED_FACE('',(#7128),#110,.T.);
#7629=ADVANCED_FACE('',(#7129),#111,.T.);
#7630=ADVANCED_FACE('',(#7130),#112,.T.);
#7631=ADVANCED_FACE('',(#7131),#113,.T.);
#7632=ADVANCED_FACE('',(#7132),#114,.T.);
#7633=ADVANCED_FACE('',(#7133),#7273,.T.);
#7634=ADVANCED_FACE('',(#7134),#115,.T.);
#7635=ADVANCED_FACE('',(#7135),#116,.T.);
#7636=ADVANCED_FACE('',(#7136),#117,.T.);
#7637=ADVANCED_FACE('',(#7137),#118,.T.);
#7638=ADVANCED_FACE('',(#7138),#119,.T.);
#7639=ADVANCED_FACE('',(#7139),#120,.T.);
#7640=ADVANCED_FACE('',(#7140),#121,.T.);
#7641=ADVANCED_FACE('',(#7141),#122,.T.);
#7642=ADVANCED_FACE('',(#7142),#123,.T.);
#7643=ADVANCED_FACE('',(#7143),#124,.T.);
#7644=ADVANCED_FACE('',(#7144),#339,.T.);
#7645=ADVANCED_FACE('',(#7145),#340,.T.);
#7646=ADVANCED_FACE('',(#7146),#7274,.T.);
#7647=ADVANCED_FACE('',(#7147),#125,.T.);
#7648=ADVANCED_FACE('',(#7148),#126,.T.);
#7649=ADVANCED_FACE('',(#7149),#7275,.T.);
#7650=ADVANCED_FACE('',(#7150),#7276,.T.);
#7651=ADVANCED_FACE('',(#7151),#7277,.T.);
#7652=ADVANCED_FACE('',(#7152),#341,.F.);
#7653=ADVANCED_FACE('',(#7153),#342,.F.);
#7654=ADVANCED_FACE('',(#7154),#7278,.T.);
#7655=ADVANCED_FACE('',(#7155),#7279,.T.);
#7656=ADVANCED_FACE('',(#7156),#7280,.T.);
#7657=ADVANCED_FACE('',(#7157),#7281,.T.);
#7658=ADVANCED_FACE('',(#7158),#7282,.T.);
#7659=ADVANCED_FACE('',(#7159),#7283,.T.);
#7660=ADVANCED_FACE('',(#7160),#7284,.T.);
#7661=ADVANCED_FACE('',(#7161),#7285,.T.);
#7662=ADVANCED_FACE('',(#7162),#7286,.T.);
#7663=ADVANCED_FACE('',(#7163),#7287,.T.);
#7664=ADVANCED_FACE('',(#7164),#343,.F.);
#7665=ADVANCED_FACE('',(#7165),#344,.F.);
#7666=ADVANCED_FACE('',(#7166),#7288,.T.);
#7667=ADVANCED_FACE('',(#7167),#7289,.T.);
#7668=ADVANCED_FACE('',(#7168),#7290,.T.);
#7669=ADVANCED_FACE('',(#7169),#7291,.T.);
#7670=ADVANCED_FACE('',(#7170),#7292,.T.);
#7671=ADVANCED_FACE('',(#7171),#7293,.T.);
#7672=ADVANCED_FACE('',(#7172),#345,.F.);
#7673=ADVANCED_FACE('',(#7173),#7294,.T.);
#7674=ADVANCED_FACE('',(#7174),#7295,.T.);
#7675=ADVANCED_FACE('',(#7175),#7296,.T.);
#7676=ADVANCED_FACE('',(#7176),#7297,.T.);
#7677=ADVANCED_FACE('',(#7177),#7298,.T.);
#7678=ADVANCED_FACE('',(#7178),#7299,.T.);
#7679=ADVANCED_FACE('',(#7179),#7300,.T.);
#7680=ADVANCED_FACE('',(#7180),#7301,.T.);
#7681=ADVANCED_FACE('',(#7181),#7302,.T.);
#7682=ADVANCED_FACE('',(#7182),#7303,.T.);
#7683=ADVANCED_FACE('',(#7183),#7304,.T.);
#7684=ADVANCED_FACE('',(#7184),#7305,.T.);
#7685=ADVANCED_FACE('',(#7185),#7306,.T.);
#7686=ADVANCED_FACE('',(#7186),#7307,.T.);
#7687=ADVANCED_FACE('',(#7187),#7308,.T.);
#7688=ADVANCED_FACE('',(#7188),#7309,.T.);
#7689=ADVANCED_FACE('',(#7189),#346,.T.);
#7690=ADVANCED_FACE('',(#7190),#347,.T.);
#7691=ADVANCED_FACE('',(#7191,#7192),#348,.F.);
#7692=ADVANCED_FACE('',(#7193),#7310,.T.);
#7693=CLOSED_SHELL('',(#7311,#7312,#7313,#7314,#7315,#7316,#7317,#7318,
#7319,#7320,#7321,#7322,#7323,#7324,#7325,#7326,#7327,#7328,#7329,#7330,
#7331,#7332,#7333,#7334,#7335,#7336,#7337,#7338,#7339,#7340,#7341,#7342,
#7343,#7344,#7345,#7346,#7347,#7348,#7349,#7350,#7351,#7352,#7353,#7354,
#7355,#7356,#7357,#7358,#7359,#7360,#7361,#7362,#7363,#7364,#7365,#7366,
#7367,#7368,#7369,#7370,#7371,#7372,#7373,#7374,#7375,#7376,#7377,#7378,
#7379,#7380,#7381,#7382,#7383,#7384,#7385,#7386,#7387,#7388,#7389,#7390,
#7391,#7392,#7393,#7394,#7395,#7396,#7397,#7398,#7399,#7400,#7401,#7402,
#7403,#7404,#7405,#7406,#7407,#7408,#7409,#7410,#7411,#7412,#7413,#7414,
#7415,#7416,#7417,#7418,#7419,#7420,#7421,#7422,#7423,#7424,#7425,#7426,
#7427,#7428,#7429,#7430,#7431,#7432,#7433,#7434,#7435,#7436,#7437,#7438,
#7439,#7440,#7441,#7442,#7443,#7444,#7445,#7446,#7447,#7448,#7449,#7450,
#7451,#7452,#7453,#7454,#7455,#7456,#7457,#7458,#7459,#7460,#7461,#7462,
#7463,#7464,#7465,#7466,#7467,#7468,#7469,#7470,#7471,#7472,#7473,#7474,
#7475,#7476,#7477,#7478,#7479,#7480,#7481,#7482,#7483,#7484,#7485,#7486,
#7487,#7488,#7489,#7490,#7491,#7492,#7493,#7494,#7495,#7496,#7497,#7498,
#7499,#7500,#7501,#7502,#7503,#7504,#7505,#7506,#7507,#7508,#7509,#7510,
#7511,#7512,#7513,#7514,#7515,#7516,#7517,#7518,#7519,#7520,#7521,#7522,
#7523,#7524,#7525,#7526,#7527,#7528,#7529,#7530,#7531,#7532,#7533,#7534,
#7535,#7536,#7537,#7538,#7539,#7540,#7541,#7542,#7543,#7544,#7545,#7546,
#7547,#7548,#7549,#7550,#7551,#7552,#7553,#7554,#7555,#7556,#7557,#7558,
#7559,#7560,#7561,#7562,#7563,#7564,#7565,#7566,#7567,#7568,#7569,#7570,
#7571,#7572,#7573,#7574,#7575,#7576,#7577,#7578,#7579,#7580,#7581,#7582,
#7583,#7584,#7585,#7586,#7587,#7588,#7589,#7590,#7591,#7592,#7593,#7594,
#7595,#7596,#7597,#7598,#7599,#7600,#7601,#7602,#7603,#7604,#7605,#7606,
#7607,#7608,#7609,#7610,#7611,#7612,#7613,#7614,#7615,#7616,#7617,#7618,
#7619,#7620,#7621,#7622,#7623,#7624,#7625,#7626,#7627,#7628,#7629,#7630,
#7631,#7632,#7633,#7634,#7635,#7636,#7637,#7638,#7639,#7640,#7641,#7642,
#7643,#7644,#7645,#7646,#7647,#7648,#7649,#7650,#7651,#7652,#7653,#7654,
#7655,#7656,#7657,#7658,#7659,#7660,#7661,#7662,#7663,#7664,#7665,#7666,
#7667,#7668,#7669,#7670,#7671,#7672,#7673,#7674,#7675,#7676,#7677,#7678,
#7679,#7680,#7681,#7682,#7683,#7684,#7685,#7686,#7687,#7688,#7689,#7690,
#7691,#7692));
#7694=STYLED_ITEM('',(#7695),#7702);
#7695=PRESENTATION_STYLE_ASSIGNMENT((#7696));
#7696=SURFACE_STYLE_USAGE(.BOTH.,#7697);
#7697=SURFACE_SIDE_STYLE('',(#7698));
#7698=SURFACE_STYLE_FILL_AREA(#7699);
#7699=FILL_AREA_STYLE('',(#7700));
#7700=FILL_AREA_STYLE_COLOUR('',#7701);
#7701=COLOUR_RGB('',0.615686274509804,0.811764705882353,0.929411764705882);
#7702=MANIFOLD_SOLID_BREP('Case',#7693);
#7703=SHAPE_DEFINITION_REPRESENTATION(#14567,#7704);
#7704=SHAPE_REPRESENTATION('Case',(#7705),#14562);
#7705=AXIS2_PLACEMENT_3D('',#9976,#8311,#8312);
#7706=AXIS2_PLACEMENT_3D('',#9977,#8313,#8314);
#7707=AXIS2_PLACEMENT_3D('',#10051,#8349,#8350);
#7708=AXIS2_PLACEMENT_3D('',#10053,#8351,#8352);
#7709=AXIS2_PLACEMENT_3D('',#10062,#8357,#8358);
#7710=AXIS2_PLACEMENT_3D('',#10129,#8389,#8390);
#7711=AXIS2_PLACEMENT_3D('',#10137,#8392,#8393);
#7712=AXIS2_PLACEMENT_3D('',#10138,#8394,#8395);
#7713=AXIS2_PLACEMENT_3D('',#10142,#8397,#8398);
#7714=AXIS2_PLACEMENT_3D('',#10150,#8400,#8401);
#7715=AXIS2_PLACEMENT_3D('',#10155,#8403,#8404);
#7716=AXIS2_PLACEMENT_3D('',#10169,#8407,#8408);
#7717=AXIS2_PLACEMENT_3D('',#10173,#8410,#8411);
#7718=AXIS2_PLACEMENT_3D('',#10177,#8413,#8414);
#7719=AXIS2_PLACEMENT_3D('',#10181,#8416,#8417);
#7720=AXIS2_PLACEMENT_3D('',#10185,#8419,#8420);
#7721=AXIS2_PLACEMENT_3D('',#10189,#8422,#8423);
#7722=AXIS2_PLACEMENT_3D('',#10193,#8425,#8426);
#7723=AXIS2_PLACEMENT_3D('',#10197,#8428,#8429);
#7724=AXIS2_PLACEMENT_3D('',#10201,#8431,#8432);
#7725=AXIS2_PLACEMENT_3D('',#10205,#8434,#8435);
#7726=AXIS2_PLACEMENT_3D('',#10206,#8436,#8437);
#7727=AXIS2_PLACEMENT_3D('',#10211,#8439,#8440);
#7728=AXIS2_PLACEMENT_3D('',#10233,#8443,#8444);
#7729=AXIS2_PLACEMENT_3D('',#10245,#8446,#8447);
#7730=AXIS2_PLACEMENT_3D('',#10257,#8449,#8450);
#7731=AXIS2_PLACEMENT_3D('',#10269,#8452,#8453);
#7732=AXIS2_PLACEMENT_3D('',#10281,#8455,#8456);
#7733=AXIS2_PLACEMENT_3D('',#10293,#8458,#8459);
#7734=AXIS2_PLACEMENT_3D('',#10305,#8461,#8462);
#7735=AXIS2_PLACEMENT_3D('',#10317,#8464,#8465);
#7736=AXIS2_PLACEMENT_3D('',#10329,#8467,#8468);
#7737=AXIS2_PLACEMENT_3D('',#10341,#8470,#8471);
#7738=AXIS2_PLACEMENT_3D('',#10353,#8473,#8474);
#7739=AXIS2_PLACEMENT_3D('',#10365,#8476,#8477);
#7740=AXIS2_PLACEMENT_3D('',#10385,#8479,#8480);
#7741=AXIS2_PLACEMENT_3D('',#10387,#8481,#8482);
#7742=AXIS2_PLACEMENT_3D('',#10473,#8491,#8492);
#7743=AXIS2_PLACEMENT_3D('',#10475,#8493,#8494);
#7744=AXIS2_PLACEMENT_3D('',#10485,#8499,#8500);
#7745=AXIS2_PLACEMENT_3D('',#10499,#8507,#8508);
#7746=AXIS2_PLACEMENT_3D('',#10501,#8509,#8510);
#7747=AXIS2_PLACEMENT_3D('',#10530,#8525,#8526);
#7748=AXIS2_PLACEMENT_3D('',#10539,#8527,#8528);
#7749=AXIS2_PLACEMENT_3D('',#10543,#8530,#8531);
#7750=AXIS2_PLACEMENT_3D('',#10544,#8532,#8533);
#7751=AXIS2_PLACEMENT_3D('',#10548,#8535,#8536);
#7752=AXIS2_PLACEMENT_3D('',#10552,#8538,#8539);
#7753=AXIS2_PLACEMENT_3D('',#10556,#8541,#8542);
#7754=AXIS2_PLACEMENT_3D('',#10559,#8544,#8545);
#7755=AXIS2_PLACEMENT_3D('',#10570,#8547,#8548);
#7756=AXIS2_PLACEMENT_3D('',#10574,#8550,#8551);
#7757=AXIS2_PLACEMENT_3D('',#10578,#8553,#8554);
#7758=AXIS2_PLACEMENT_3D('',#10582,#8556,#8557);
#7759=AXIS2_PLACEMENT_3D('',#10583,#8558,#8559);
#7760=AXIS2_PLACEMENT_3D('',#10587,#8561,#8562);
#7761=AXIS2_PLACEMENT_3D('',#10588,#8563,#8564);
#7762=AXIS2_PLACEMENT_3D('',#10647,#8594,#8595);
#7763=AXIS2_PLACEMENT_3D('',#10651,#8597,#8598);
#7764=AXIS2_PLACEMENT_3D('',#10653,#8599,#8600);
#7765=AXIS2_PLACEMENT_3D('',#10654,#8601,#8602);
#7766=AXIS2_PLACEMENT_3D('',#10657,#8604,#8605);
#7767=AXIS2_PLACEMENT_3D('',#10660,#8607,#8608);
#7768=AXIS2_PLACEMENT_3D('',#10669,#8610,#8611);
#7769=AXIS2_PLACEMENT_3D('',#10708,#8613,#8614);
#7770=AXIS2_PLACEMENT_3D('',#10713,#8617,#8618);
#7771=AXIS2_PLACEMENT_3D('',#10714,#8619,#8620);
#7772=AXIS2_PLACEMENT_3D('',#10717,#8622,#8623);
#7773=AXIS2_PLACEMENT_3D('',#10720,#8625,#8626);
#7774=AXIS2_PLACEMENT_3D('',#10721,#8627,#8628);
#7775=AXIS2_PLACEMENT_3D('',#10724,#8630,#8631);
#7776=AXIS2_PLACEMENT_3D('',#10729,#8634,#8635);
#7777=AXIS2_PLACEMENT_3D('',#10730,#8636,#8637);
#7778=AXIS2_PLACEMENT_3D('',#10731,#8638,#8639);
#7779=AXIS2_PLACEMENT_3D('',#10744,#8640,#8641);
#7780=AXIS2_PLACEMENT_3D('',#10755,#8642,#8643);
#7781=AXIS2_PLACEMENT_3D('',#10768,#8644,#8645);
#7782=AXIS2_PLACEMENT_3D('',#10779,#8646,#8647);
#7783=AXIS2_PLACEMENT_3D('',#10792,#8648,#8649);
#7784=AXIS2_PLACEMENT_3D('',#10803,#8650,#8651);
#7785=AXIS2_PLACEMENT_3D('',#10816,#8652,#8653);
#7786=AXIS2_PLACEMENT_3D('',#10827,#8654,#8655);
#7787=AXIS2_PLACEMENT_3D('',#10840,#8656,#8657);
#7788=AXIS2_PLACEMENT_3D('',#10851,#8658,#8659);
#7789=AXIS2_PLACEMENT_3D('',#10864,#8660,#8661);
#7790=AXIS2_PLACEMENT_3D('',#10890,#8665,#8666);
#7791=AXIS2_PLACEMENT_3D('',#10904,#8669,#8670);
#7792=AXIS2_PLACEMENT_3D('',#10910,#8673,#8674);
#7793=AXIS2_PLACEMENT_3D('',#10914,#8676,#8677);
#7794=AXIS2_PLACEMENT_3D('',#10918,#8679,#8680);
#7795=AXIS2_PLACEMENT_3D('',#10922,#8682,#8683);
#7796=AXIS2_PLACEMENT_3D('',#10923,#8684,#8685);
#7797=AXIS2_PLACEMENT_3D('',#10926,#8687,#8688);
#7798=AXIS2_PLACEMENT_3D('',#10935,#8689,#8690);
#7799=AXIS2_PLACEMENT_3D('',#10936,#8691,#8692);
#7800=AXIS2_PLACEMENT_3D('',#10938,#8693,#8694);
#7801=AXIS2_PLACEMENT_3D('',#10940,#8695,#8696);
#7802=AXIS2_PLACEMENT_3D('',#10942,#8697,#8698);
#7803=AXIS2_PLACEMENT_3D('',#10944,#8699,#8700);
#7804=AXIS2_PLACEMENT_3D('',#10946,#8701,#8702);
#7805=AXIS2_PLACEMENT_3D('',#10948,#8703,#8704);
#7806=AXIS2_PLACEMENT_3D('',#10958,#8709,#8710);
#7807=AXIS2_PLACEMENT_3D('',#10962,#8712,#8713);
#7808=AXIS2_PLACEMENT_3D('',#10963,#8714,#8715);
#7809=AXIS2_PLACEMENT_3D('',#10964,#8716,#8717);
#7810=AXIS2_PLACEMENT_3D('',#10966,#8718,#8719);
#7811=AXIS2_PLACEMENT_3D('',#10968,#8720,#8721);
#7812=AXIS2_PLACEMENT_3D('',#10970,#8722,#8723);
#7813=AXIS2_PLACEMENT_3D('',#10972,#8724,#8725);
#7814=AXIS2_PLACEMENT_3D('',#10974,#8726,#8727);
#7815=AXIS2_PLACEMENT_3D('',#10976,#8728,#8729);
#7816=AXIS2_PLACEMENT_3D('',#10982,#8732,#8733);
#7817=AXIS2_PLACEMENT_3D('',#10986,#8735,#8736);
#7818=AXIS2_PLACEMENT_3D('',#10989,#8738,#8739);
#7819=AXIS2_PLACEMENT_3D('',#10992,#8742,#8743);
#7820=AXIS2_PLACEMENT_3D('',#10995,#8746,#8747);
#7821=AXIS2_PLACEMENT_3D('',#10996,#8748,#8749);
#7822=AXIS2_PLACEMENT_3D('',#10997,#8750,#8751);
#7823=AXIS2_PLACEMENT_3D('',#11000,#8754,#8755);
#7824=AXIS2_PLACEMENT_3D('',#11008,#8756,#8757);
#7825=AXIS2_PLACEMENT_3D('',#11061,#8758,#8759);
#7826=AXIS2_PLACEMENT_3D('',#11062,#8760,#8761);
#7827=AXIS2_PLACEMENT_3D('',#11063,#8762,#8763);
#7828=AXIS2_PLACEMENT_3D('',#11066,#8766,#8767);
#7829=AXIS2_PLACEMENT_3D('',#11074,#8768,#8769);
#7830=AXIS2_PLACEMENT_3D('',#11127,#8770,#8771);
#7831=AXIS2_PLACEMENT_3D('',#11128,#8772,#8773);
#7832=AXIS2_PLACEMENT_3D('',#11129,#8774,#8775);
#7833=AXIS2_PLACEMENT_3D('',#11132,#8778,#8779);
#7834=AXIS2_PLACEMENT_3D('',#11140,#8780,#8781);
#7835=AXIS2_PLACEMENT_3D('',#11193,#8782,#8783);
#7836=AXIS2_PLACEMENT_3D('',#11194,#8784,#8785);
#7837=AXIS2_PLACEMENT_3D('',#11196,#8786,#8787);
#7838=AXIS2_PLACEMENT_3D('',#11197,#8788,#8789);
#7839=AXIS2_PLACEMENT_3D('',#11198,#8790,#8791);
#7840=AXIS2_PLACEMENT_3D('',#11201,#8793,#8794);
#7841=AXIS2_PLACEMENT_3D('',#11207,#8795,#8796);
#7842=AXIS2_PLACEMENT_3D('',#11241,#8797,#8798);
#7843=AXIS2_PLACEMENT_3D('',#11242,#8799,#8800);
#7844=AXIS2_PLACEMENT_3D('',#11245,#8801,#8802);
#7845=AXIS2_PLACEMENT_3D('',#11246,#8803,#8804);
#7846=AXIS2_PLACEMENT_3D('',#11249,#8806,#8807);
#7847=AXIS2_PLACEMENT_3D('',#11252,#8809,#8810);
#7848=AXIS2_PLACEMENT_3D('',#11260,#8811,#8812);
#7849=AXIS2_PLACEMENT_3D('',#11331,#8813,#8814);
#7850=AXIS2_PLACEMENT_3D('',#11332,#8815,#8816);
#7851=AXIS2_PLACEMENT_3D('',#11335,#8817,#8818);
#7852=AXIS2_PLACEMENT_3D('',#11336,#8819,#8820);
#7853=AXIS2_PLACEMENT_3D('',#11339,#8822,#8823);
#7854=AXIS2_PLACEMENT_3D('',#11342,#8825,#8826);
#7855=AXIS2_PLACEMENT_3D('',#11350,#8827,#8828);
#7856=AXIS2_PLACEMENT_3D('',#11421,#8829,#8830);
#7857=AXIS2_PLACEMENT_3D('',#11422,#8831,#8832);
#7858=AXIS2_PLACEMENT_3D('',#11425,#8833,#8834);
#7859=AXIS2_PLACEMENT_3D('',#11426,#8835,#8836);
#7860=AXIS2_PLACEMENT_3D('',#11429,#8838,#8839);
#7861=AXIS2_PLACEMENT_3D('',#11432,#8841,#8842);
#7862=AXIS2_PLACEMENT_3D('',#11440,#8843,#8844);
#7863=AXIS2_PLACEMENT_3D('',#11511,#8845,#8846);
#7864=AXIS2_PLACEMENT_3D('',#11512,#8847,#8848);
#7865=AXIS2_PLACEMENT_3D('',#11513,#8849,#8850);
#7866=AXIS2_PLACEMENT_3D('',#11516,#8853,#8854);
#7867=AXIS2_PLACEMENT_3D('',#11524,#8855,#8856);
#7868=AXIS2_PLACEMENT_3D('',#11577,#8857,#8858);
#7869=AXIS2_PLACEMENT_3D('',#11578,#8859,#8860);
#7870=AXIS2_PLACEMENT_3D('',#11579,#8861,#8862);
#7871=AXIS2_PLACEMENT_3D('',#11582,#8865,#8866);
#7872=AXIS2_PLACEMENT_3D('',#11590,#8867,#8868);
#7873=AXIS2_PLACEMENT_3D('',#11643,#8869,#8870);
#7874=AXIS2_PLACEMENT_3D('',#11644,#8871,#8872);
#7875=AXIS2_PLACEMENT_3D('',#11645,#8873,#8874);
#7876=AXIS2_PLACEMENT_3D('',#11648,#8877,#8878);
#7877=AXIS2_PLACEMENT_3D('',#11656,#8879,#8880);
#7878=AXIS2_PLACEMENT_3D('',#11709,#8881,#8882);
#7879=AXIS2_PLACEMENT_3D('',#11710,#8883,#8884);
#7880=AXIS2_PLACEMENT_3D('',#11711,#8885,#8886);
#7881=AXIS2_PLACEMENT_3D('',#11719,#8887,#8888);
#7882=AXIS2_PLACEMENT_3D('',#11772,#8889,#8890);
#7883=AXIS2_PLACEMENT_3D('',#11773,#8891,#8892);
#7884=AXIS2_PLACEMENT_3D('',#11776,#8893,#8894);
#7885=AXIS2_PLACEMENT_3D('',#11777,#8895,#8896);
#7886=AXIS2_PLACEMENT_3D('',#11778,#8897,#8898);
#7887=AXIS2_PLACEMENT_3D('',#11781,#8900,#8901);
#7888=AXIS2_PLACEMENT_3D('',#11789,#8902,#8903);
#7889=AXIS2_PLACEMENT_3D('',#11860,#8904,#8905);
#7890=AXIS2_PLACEMENT_3D('',#11861,#8906,#8907);
#7891=AXIS2_PLACEMENT_3D('',#11864,#8908,#8909);
#7892=AXIS2_PLACEMENT_3D('',#11865,#8910,#8911);
#7893=AXIS2_PLACEMENT_3D('',#11868,#8913,#8914);
#7894=AXIS2_PLACEMENT_3D('',#11871,#8916,#8917);
#7895=AXIS2_PLACEMENT_3D('',#11879,#8918,#8919);
#7896=AXIS2_PLACEMENT_3D('',#11950,#8920,#8921);
#7897=AXIS2_PLACEMENT_3D('',#11951,#8922,#8923);
#7898=AXIS2_PLACEMENT_3D('',#11954,#8924,#8925);
#7899=AXIS2_PLACEMENT_3D('',#11955,#8926,#8927);
#7900=AXIS2_PLACEMENT_3D('',#11958,#8929,#8930);
#7901=AXIS2_PLACEMENT_3D('',#11961,#8932,#8933);
#7902=AXIS2_PLACEMENT_3D('',#11969,#8934,#8935);
#7903=AXIS2_PLACEMENT_3D('',#12040,#8936,#8937);
#7904=AXIS2_PLACEMENT_3D('',#12043,#8939,#8940);
#7905=AXIS2_PLACEMENT_3D('',#12046,#8942,#8943);
#7906=AXIS2_PLACEMENT_3D('',#12049,#8946,#8947);
#7907=AXIS2_PLACEMENT_3D('',#12051,#8949,#8950);
#7908=AXIS2_PLACEMENT_3D('',#12053,#8952,#8953);
#7909=AXIS2_PLACEMENT_3D('',#12055,#8955,#8956);
#7910=AXIS2_PLACEMENT_3D('',#12057,#8958,#8959);
#7911=AXIS2_PLACEMENT_3D('',#12059,#8961,#8962);
#7912=AXIS2_PLACEMENT_3D('',#12061,#8964,#8965);
#7913=AXIS2_PLACEMENT_3D('',#12062,#8966,#8967);
#7914=AXIS2_PLACEMENT_3D('',#12063,#8968,#8969);
#7915=AXIS2_PLACEMENT_3D('',#12064,#8970,#8971);
#7916=AXIS2_PLACEMENT_3D('',#12066,#8972,#8973);
#7917=AXIS2_PLACEMENT_3D('',#12070,#8976,#8977);
#7918=AXIS2_PLACEMENT_3D('',#12073,#8980,#8981);
#7919=AXIS2_PLACEMENT_3D('',#12075,#8982,#8983);
#7920=AXIS2_PLACEMENT_3D('',#12077,#8984,#8985);
#7921=AXIS2_PLACEMENT_3D('',#12079,#8986,#8987);
#7922=AXIS2_PLACEMENT_3D('',#12096,#8992,#8993);
#7923=AXIS2_PLACEMENT_3D('',#12110,#9001,#9002);
#7924=AXIS2_PLACEMENT_3D('',#12131,#9007,#9008);
#7925=AXIS2_PLACEMENT_3D('',#12138,#9013,#9014);
#7926=AXIS2_PLACEMENT_3D('',#12148,#9017,#9018);
#7927=AXIS2_PLACEMENT_3D('',#12149,#9019,#9020);
#7928=AXIS2_PLACEMENT_3D('',#12152,#9022,#9023);
#7929=AXIS2_PLACEMENT_3D('',#12156,#9026,#9027);
#7930=AXIS2_PLACEMENT_3D('',#12157,#9028,#9029);
#7931=AXIS2_PLACEMENT_3D('',#12160,#9031,#9032);
#7932=AXIS2_PLACEMENT_3D('',#12164,#9035,#9036);
#7933=AXIS2_PLACEMENT_3D('',#12165,#9037,#9038);
#7934=AXIS2_PLACEMENT_3D('',#12168,#9040,#9041);
#7935=AXIS2_PLACEMENT_3D('',#12171,#9043,#9044);
#7936=AXIS2_PLACEMENT_3D('',#12174,#9046,#9047);
#7937=AXIS2_PLACEMENT_3D('',#12185,#9048,#9049);
#7938=AXIS2_PLACEMENT_3D('',#12196,#9050,#9051);
#7939=AXIS2_PLACEMENT_3D('',#12198,#9053,#9054);
#7940=AXIS2_PLACEMENT_3D('',#12207,#9055,#9056);
#7941=AXIS2_PLACEMENT_3D('',#12208,#9057,#9058);
#7942=AXIS2_PLACEMENT_3D('',#12209,#9059,#9060);
#7943=AXIS2_PLACEMENT_3D('',#12211,#9061,#9062);
#7944=AXIS2_PLACEMENT_3D('',#12213,#9063,#9064);
#7945=AXIS2_PLACEMENT_3D('',#12215,#9065,#9066);
#7946=AXIS2_PLACEMENT_3D('',#12216,#9067,#9068);
#7947=AXIS2_PLACEMENT_3D('',#12218,#9070,#9071);
#7948=AXIS2_PLACEMENT_3D('',#12220,#9072,#9073);
#7949=AXIS2_PLACEMENT_3D('',#12222,#9074,#9075);
#7950=AXIS2_PLACEMENT_3D('',#12224,#9076,#9077);
#7951=AXIS2_PLACEMENT_3D('',#12226,#9078,#9079);
#7952=AXIS2_PLACEMENT_3D('',#12227,#9080,#9081);
#7953=AXIS2_PLACEMENT_3D('',#12228,#9082,#9083);
#7954=AXIS2_PLACEMENT_3D('',#12229,#9084,#9085);
#7955=AXIS2_PLACEMENT_3D('',#12230,#9086,#9087);
#7956=AXIS2_PLACEMENT_3D('',#12231,#9088,#9089);
#7957=AXIS2_PLACEMENT_3D('',#12232,#9090,#9091);
#7958=AXIS2_PLACEMENT_3D('',#12234,#9092,#9093);
#7959=AXIS2_PLACEMENT_3D('',#12236,#9094,#9095);
#7960=AXIS2_PLACEMENT_3D('',#12238,#9096,#9097);
#7961=AXIS2_PLACEMENT_3D('',#12240,#9098,#9099);
#7962=AXIS2_PLACEMENT_3D('',#12242,#9100,#9101);
#7963=AXIS2_PLACEMENT_3D('',#12244,#9102,#9103);
#7964=AXIS2_PLACEMENT_3D('',#12246,#9104,#9105);
#7965=AXIS2_PLACEMENT_3D('',#12247,#9106,#9107);
#7966=AXIS2_PLACEMENT_3D('',#12248,#9108,#9109);
#7967=AXIS2_PLACEMENT_3D('',#12249,#9110,#9111);
#7968=AXIS2_PLACEMENT_3D('',#12251,#9112,#9113);
#7969=AXIS2_PLACEMENT_3D('',#12252,#9114,#9115);
#7970=AXIS2_PLACEMENT_3D('',#12253,#9116,#9117);
#7971=AXIS2_PLACEMENT_3D('',#12255,#9118,#9119);
#7972=AXIS2_PLACEMENT_3D('',#12256,#9120,#9121);
#7973=AXIS2_PLACEMENT_3D('',#12257,#9122,#9123);
#7974=AXIS2_PLACEMENT_3D('',#12258,#9124,#9125);
#7975=AXIS2_PLACEMENT_3D('',#12297,#9126,#9127);
#7976=AXIS2_PLACEMENT_3D('',#12298,#9128,#9129);
#7977=AXIS2_PLACEMENT_3D('',#12320,#9130,#9131);
#7978=AXIS2_PLACEMENT_3D('',#12321,#9132,#9133);
#7979=AXIS2_PLACEMENT_3D('',#12322,#9134,#9135);
#7980=AXIS2_PLACEMENT_3D('',#12323,#9136,#9137);
#7981=AXIS2_PLACEMENT_3D('',#12324,#9138,#9139);
#7982=AXIS2_PLACEMENT_3D('',#12325,#9140,#9141);
#7983=AXIS2_PLACEMENT_3D('',#12326,#9142,#9143);
#7984=AXIS2_PLACEMENT_3D('',#12327,#9144,#9145);
#7985=AXIS2_PLACEMENT_3D('',#12328,#9146,#9147);
#7986=AXIS2_PLACEMENT_3D('',#12329,#9148,#9149);
#7987=AXIS2_PLACEMENT_3D('',#12330,#9150,#9151);
#7988=AXIS2_PLACEMENT_3D('',#12331,#9152,#9153);
#7989=AXIS2_PLACEMENT_3D('',#12332,#9154,#9155);
#7990=AXIS2_PLACEMENT_3D('',#12333,#9156,#9157);
#7991=AXIS2_PLACEMENT_3D('',#12334,#9158,#9159);
#7992=AXIS2_PLACEMENT_3D('',#12335,#9160,#9161);
#7993=AXIS2_PLACEMENT_3D('',#12336,#9162,#9163);
#7994=AXIS2_PLACEMENT_3D('',#12343,#9168,#9169);
#7995=AXIS2_PLACEMENT_3D('',#12345,#9171,#9172);
#7996=AXIS2_PLACEMENT_3D('',#12347,#9174,#9175);
#7997=AXIS2_PLACEMENT_3D('',#12348,#9176,#9177);
#7998=AXIS2_PLACEMENT_3D('',#12350,#9179,#9180);
#7999=AXIS2_PLACEMENT_3D('',#12352,#9182,#9183);
#8000=AXIS2_PLACEMENT_3D('',#12353,#9184,#9185);
#8001=AXIS2_PLACEMENT_3D('',#12354,#9186,#9187);
#8002=AXIS2_PLACEMENT_3D('',#12356,#9188,#9189);
#8003=AXIS2_PLACEMENT_3D('',#12357,#9190,#9191);
#8004=AXIS2_PLACEMENT_3D('',#12358,#9192,#9193);
#8005=AXIS2_PLACEMENT_3D('',#12362,#9195,#9196);
#8006=AXIS2_PLACEMENT_3D('',#12363,#9197,#9198);
#8007=AXIS2_PLACEMENT_3D('',#12364,#9199,#9200);
#8008=AXIS2_PLACEMENT_3D('',#12406,#9201,#9202);
#8009=AXIS2_PLACEMENT_3D('',#12407,#9203,#9204);
#8010=AXIS2_PLACEMENT_3D('',#12411,#9206,#9207);
#8011=AXIS2_PLACEMENT_3D('',#12412,#9208,#9209);
#8012=AXIS2_PLACEMENT_3D('',#12413,#9210,#9211);
#8013=AXIS2_PLACEMENT_3D('',#12417,#9213,#9214);
#8014=AXIS2_PLACEMENT_3D('',#12418,#9215,#9216);
#8015=AXIS2_PLACEMENT_3D('',#12419,#9217,#9218);
#8016=AXIS2_PLACEMENT_3D('',#12423,#9220,#9221);
#8017=AXIS2_PLACEMENT_3D('',#12424,#9222,#9223);
#8018=AXIS2_PLACEMENT_3D('',#12425,#9224,#9225);
#8019=AXIS2_PLACEMENT_3D('',#12426,#9226,#9227);
#8020=AXIS2_PLACEMENT_3D('',#12427,#9228,#9229);
#8021=AXIS2_PLACEMENT_3D('',#12428,#9230,#9231);
#8022=AXIS2_PLACEMENT_3D('',#12441,#9232,#9233);
#8023=AXIS2_PLACEMENT_3D('',#12452,#9234,#9235);
#8024=AXIS2_PLACEMENT_3D('',#12465,#9236,#9237);
#8025=AXIS2_PLACEMENT_3D('',#12476,#9238,#9239);
#8026=AXIS2_PLACEMENT_3D('',#12489,#9240,#9241);
#8027=AXIS2_PLACEMENT_3D('',#12500,#9242,#9243);
#8028=AXIS2_PLACEMENT_3D('',#12513,#9244,#9245);
#8029=AXIS2_PLACEMENT_3D('',#12524,#9246,#9247);
#8030=AXIS2_PLACEMENT_3D('',#12537,#9248,#9249);
#8031=AXIS2_PLACEMENT_3D('',#12548,#9250,#9251);
#8032=AXIS2_PLACEMENT_3D('',#12561,#9252,#9253);
#8033=AXIS2_PLACEMENT_3D('',#12572,#9254,#9255);
#8034=AXIS2_PLACEMENT_3D('',#12576,#9257,#9258);
#8035=AXIS2_PLACEMENT_3D('',#12580,#9260,#9261);
#8036=AXIS2_PLACEMENT_3D('',#12584,#9263,#9264);
#8037=AXIS2_PLACEMENT_3D('',#12587,#9266,#9267);
#8038=AXIS2_PLACEMENT_3D('',#12598,#9268,#9269);
#8039=AXIS2_PLACEMENT_3D('',#12609,#9270,#9271);
#8040=AXIS2_PLACEMENT_3D('',#12618,#9272,#9273);
#8041=AXIS2_PLACEMENT_3D('',#12619,#9274,#9275);
#8042=AXIS2_PLACEMENT_3D('',#12620,#9276,#9277);
#8043=AXIS2_PLACEMENT_3D('',#12622,#9278,#9279);
#8044=AXIS2_PLACEMENT_3D('',#12624,#9280,#9281);
#8045=AXIS2_PLACEMENT_3D('',#12626,#9282,#9283);
#8046=AXIS2_PLACEMENT_3D('',#12628,#9284,#9285);
#8047=AXIS2_PLACEMENT_3D('',#12630,#9286,#9287);
#8048=AXIS2_PLACEMENT_3D('',#12632,#9288,#9289);
#8049=AXIS2_PLACEMENT_3D('',#12634,#9290,#9291);
#8050=AXIS2_PLACEMENT_3D('',#12635,#9292,#9293);
#8051=AXIS2_PLACEMENT_3D('',#12637,#9295,#9296);
#8052=AXIS2_PLACEMENT_3D('',#12638,#9297,#9298);
#8053=AXIS2_PLACEMENT_3D('',#12640,#9299,#9300);
#8054=AXIS2_PLACEMENT_3D('',#12642,#9301,#9302);
#8055=AXIS2_PLACEMENT_3D('',#12644,#9303,#9304);
#8056=AXIS2_PLACEMENT_3D('',#12646,#9305,#9306);
#8057=AXIS2_PLACEMENT_3D('',#12648,#9307,#9308);
#8058=AXIS2_PLACEMENT_3D('',#12650,#9309,#9310);
#8059=AXIS2_PLACEMENT_3D('',#12652,#9311,#9312);
#8060=AXIS2_PLACEMENT_3D('',#12653,#9313,#9314);
#8061=AXIS2_PLACEMENT_3D('',#12654,#9315,#9316);
#8062=AXIS2_PLACEMENT_3D('',#12655,#9317,#9318);
#8063=AXIS2_PLACEMENT_3D('',#12656,#9319,#9320);
#8064=AXIS2_PLACEMENT_3D('',#12657,#9321,#9322);
#8065=AXIS2_PLACEMENT_3D('',#12658,#9323,#9324);
#8066=AXIS2_PLACEMENT_3D('',#12661,#9326,#9327);
#8067=AXIS2_PLACEMENT_3D('',#12664,#9329,#9330);
#8068=AXIS2_PLACEMENT_3D('',#12682,#9332,#9333);
#8069=AXIS2_PLACEMENT_3D('',#12734,#9334,#9335);
#8070=AXIS2_PLACEMENT_3D('',#12735,#9336,#9337);
#8071=AXIS2_PLACEMENT_3D('',#12736,#9338,#9339);
#8072=AXIS2_PLACEMENT_3D('',#12739,#9341,#9342);
#8073=AXIS2_PLACEMENT_3D('',#12742,#9344,#9345);
#8074=AXIS2_PLACEMENT_3D('',#12760,#9347,#9348);
#8075=AXIS2_PLACEMENT_3D('',#12812,#9349,#9350);
#8076=AXIS2_PLACEMENT_3D('',#12813,#9351,#9352);
#8077=AXIS2_PLACEMENT_3D('',#12814,#9353,#9354);
#8078=AXIS2_PLACEMENT_3D('',#12817,#9356,#9357);
#8079=AXIS2_PLACEMENT_3D('',#12820,#9359,#9360);
#8080=AXIS2_PLACEMENT_3D('',#12838,#9362,#9363);
#8081=AXIS2_PLACEMENT_3D('',#12890,#9364,#9365);
#8082=AXIS2_PLACEMENT_3D('',#12891,#9366,#9367);
#8083=AXIS2_PLACEMENT_3D('',#12893,#9368,#9369);
#8084=AXIS2_PLACEMENT_3D('',#12894,#9370,#9371);
#8085=AXIS2_PLACEMENT_3D('',#12895,#9372,#9373);
#8086=AXIS2_PLACEMENT_3D('',#12899,#9375,#9376);
#8087=AXIS2_PLACEMENT_3D('',#12900,#9377,#9378);
#8088=AXIS2_PLACEMENT_3D('',#12906,#9379,#9380);
#8089=AXIS2_PLACEMENT_3D('',#12943,#9381,#9382);
#8090=AXIS2_PLACEMENT_3D('',#12944,#9383,#9384);
#8091=AXIS2_PLACEMENT_3D('',#12947,#9385,#9386);
#8092=AXIS2_PLACEMENT_3D('',#12948,#9387,#9388);
#8093=AXIS2_PLACEMENT_3D('',#12952,#9390,#9391);
#8094=AXIS2_PLACEMENT_3D('',#12956,#9393,#9394);
#8095=AXIS2_PLACEMENT_3D('',#12957,#9395,#9396);
#8096=AXIS2_PLACEMENT_3D('',#12975,#9398,#9399);
#8097=AXIS2_PLACEMENT_3D('',#13045,#9400,#9401);
#8098=AXIS2_PLACEMENT_3D('',#13046,#9402,#9403);
#8099=AXIS2_PLACEMENT_3D('',#13049,#9404,#9405);
#8100=AXIS2_PLACEMENT_3D('',#13050,#9406,#9407);
#8101=AXIS2_PLACEMENT_3D('',#13054,#9409,#9410);
#8102=AXIS2_PLACEMENT_3D('',#13058,#9412,#9413);
#8103=AXIS2_PLACEMENT_3D('',#13059,#9414,#9415);
#8104=AXIS2_PLACEMENT_3D('',#13077,#9417,#9418);
#8105=AXIS2_PLACEMENT_3D('',#13147,#9419,#9420);
#8106=AXIS2_PLACEMENT_3D('',#13148,#9421,#9422);
#8107=AXIS2_PLACEMENT_3D('',#13151,#9423,#9424);
#8108=AXIS2_PLACEMENT_3D('',#13152,#9425,#9426);
#8109=AXIS2_PLACEMENT_3D('',#13156,#9428,#9429);
#8110=AXIS2_PLACEMENT_3D('',#13160,#9431,#9432);
#8111=AXIS2_PLACEMENT_3D('',#13161,#9433,#9434);
#8112=AXIS2_PLACEMENT_3D('',#13179,#9436,#9437);
#8113=AXIS2_PLACEMENT_3D('',#13249,#9438,#9439);
#8114=AXIS2_PLACEMENT_3D('',#13250,#9440,#9441);
#8115=AXIS2_PLACEMENT_3D('',#13251,#9442,#9443);
#8116=AXIS2_PLACEMENT_3D('',#13254,#9445,#9446);
#8117=AXIS2_PLACEMENT_3D('',#13257,#9448,#9449);
#8118=AXIS2_PLACEMENT_3D('',#13275,#9451,#9452);
#8119=AXIS2_PLACEMENT_3D('',#13327,#9453,#9454);
#8120=AXIS2_PLACEMENT_3D('',#13328,#9455,#9456);
#8121=AXIS2_PLACEMENT_3D('',#13329,#9457,#9458);
#8122=AXIS2_PLACEMENT_3D('',#13332,#9460,#9461);
#8123=AXIS2_PLACEMENT_3D('',#13335,#9463,#9464);
#8124=AXIS2_PLACEMENT_3D('',#13353,#9466,#9467);
#8125=AXIS2_PLACEMENT_3D('',#13405,#9468,#9469);
#8126=AXIS2_PLACEMENT_3D('',#13406,#9470,#9471);
#8127=AXIS2_PLACEMENT_3D('',#13407,#9472,#9473);
#8128=AXIS2_PLACEMENT_3D('',#13410,#9475,#9476);
#8129=AXIS2_PLACEMENT_3D('',#13413,#9478,#9479);
#8130=AXIS2_PLACEMENT_3D('',#13431,#9481,#9482);
#8131=AXIS2_PLACEMENT_3D('',#13483,#9483,#9484);
#8132=AXIS2_PLACEMENT_3D('',#13484,#9485,#9486);
#8133=AXIS2_PLACEMENT_3D('',#13485,#9487,#9488);
#8134=AXIS2_PLACEMENT_3D('',#13503,#9490,#9491);
#8135=AXIS2_PLACEMENT_3D('',#13555,#9492,#9493);
#8136=AXIS2_PLACEMENT_3D('',#13556,#9494,#9495);
#8137=AXIS2_PLACEMENT_3D('',#13559,#9496,#9497);
#8138=AXIS2_PLACEMENT_3D('',#13560,#9498,#9499);
#8139=AXIS2_PLACEMENT_3D('',#13561,#9500,#9501);
#8140=AXIS2_PLACEMENT_3D('',#13565,#9503,#9504);
#8141=AXIS2_PLACEMENT_3D('',#13566,#9505,#9506);
#8142=AXIS2_PLACEMENT_3D('',#13584,#9508,#9509);
#8143=AXIS2_PLACEMENT_3D('',#13654,#9510,#9511);
#8144=AXIS2_PLACEMENT_3D('',#13655,#9512,#9513);
#8145=AXIS2_PLACEMENT_3D('',#13658,#9514,#9515);
#8146=AXIS2_PLACEMENT_3D('',#13659,#9516,#9517);
#8147=AXIS2_PLACEMENT_3D('',#13663,#9519,#9520);
#8148=AXIS2_PLACEMENT_3D('',#13667,#9522,#9523);
#8149=AXIS2_PLACEMENT_3D('',#13668,#9524,#9525);
#8150=AXIS2_PLACEMENT_3D('',#13686,#9527,#9528);
#8151=AXIS2_PLACEMENT_3D('',#13756,#9529,#9530);
#8152=AXIS2_PLACEMENT_3D('',#13757,#9531,#9532);
#8153=AXIS2_PLACEMENT_3D('',#13760,#9533,#9534);
#8154=AXIS2_PLACEMENT_3D('',#13761,#9535,#9536);
#8155=AXIS2_PLACEMENT_3D('',#13765,#9538,#9539);
#8156=AXIS2_PLACEMENT_3D('',#13769,#9541,#9542);
#8157=AXIS2_PLACEMENT_3D('',#13770,#9543,#9544);
#8158=AXIS2_PLACEMENT_3D('',#13788,#9546,#9547);
#8159=AXIS2_PLACEMENT_3D('',#13858,#9548,#9549);
#8160=AXIS2_PLACEMENT_3D('',#13862,#9551,#9552);
#8161=AXIS2_PLACEMENT_3D('',#13866,#9554,#9555);
#8162=AXIS2_PLACEMENT_3D('',#13867,#9556,#9557);
#8163=AXIS2_PLACEMENT_3D('',#13870,#9559,#9560);
#8164=AXIS2_PLACEMENT_3D('',#13871,#9561,#9562);
#8165=AXIS2_PLACEMENT_3D('',#13875,#9565,#9566);
#8166=AXIS2_PLACEMENT_3D('',#13878,#9568,#9569);
#8167=AXIS2_PLACEMENT_3D('',#13879,#9570,#9571);
#8168=AXIS2_PLACEMENT_3D('',#13883,#9574,#9575);
#8169=AXIS2_PLACEMENT_3D('',#13886,#9577,#9578);
#8170=AXIS2_PLACEMENT_3D('',#13887,#9579,#9580);
#8171=AXIS2_PLACEMENT_3D('',#13891,#9583,#9584);
#8172=AXIS2_PLACEMENT_3D('',#13892,#9585,#9586);
#8173=AXIS2_PLACEMENT_3D('',#13893,#9587,#9588);
#8174=AXIS2_PLACEMENT_3D('',#13894,#9589,#9590);
#8175=AXIS2_PLACEMENT_3D('',#13895,#9591,#9592);
#8176=AXIS2_PLACEMENT_3D('',#13896,#9593,#9594);
#8177=AXIS2_PLACEMENT_3D('',#13897,#9595,#9596);
#8178=AXIS2_PLACEMENT_3D('',#13901,#9598,#9599);
#8179=AXIS2_PLACEMENT_3D('',#13902,#9600,#9601);
#8180=AXIS2_PLACEMENT_3D('',#13908,#9605,#9606);
#8181=AXIS2_PLACEMENT_3D('',#13909,#9607,#9608);
#8182=AXIS2_PLACEMENT_3D('',#13913,#9610,#9611);
#8183=AXIS2_PLACEMENT_3D('',#13914,#9612,#9613);
#8184=AXIS2_PLACEMENT_3D('',#13920,#9617,#9618);
#8185=AXIS2_PLACEMENT_3D('',#13921,#9619,#9620);
#8186=AXIS2_PLACEMENT_3D('',#13925,#9622,#9623);
#8187=AXIS2_PLACEMENT_3D('',#13926,#9624,#9625);
#8188=AXIS2_PLACEMENT_3D('',#13927,#9626,#9627);
#8189=AXIS2_PLACEMENT_3D('',#13930,#9629,#9630);
#8190=AXIS2_PLACEMENT_3D('',#13943,#9632,#9633);
#8191=AXIS2_PLACEMENT_3D('',#13954,#9634,#9635);
#8192=AXIS2_PLACEMENT_3D('',#13958,#9638,#9639);
#8193=AXIS2_PLACEMENT_3D('',#13959,#9640,#9641);
#8194=AXIS2_PLACEMENT_3D('',#13968,#9642,#9643);
#8195=AXIS2_PLACEMENT_3D('',#13969,#9644,#9645);
#8196=AXIS2_PLACEMENT_3D('',#13971,#9646,#9647);
#8197=AXIS2_PLACEMENT_3D('',#13973,#9648,#9649);
#8198=AXIS2_PLACEMENT_3D('',#13976,#9651,#9652);
#8199=AXIS2_PLACEMENT_3D('',#13977,#9653,#9654);
#8200=AXIS2_PLACEMENT_3D('',#13978,#9655,#9656);
#8201=AXIS2_PLACEMENT_3D('',#13980,#9657,#9658);
#8202=AXIS2_PLACEMENT_3D('',#13982,#9659,#9660);
#8203=AXIS2_PLACEMENT_3D('',#13984,#9661,#9662);
#8204=AXIS2_PLACEMENT_3D('',#13986,#9663,#9664);
#8205=AXIS2_PLACEMENT_3D('',#13987,#9665,#9666);
#8206=AXIS2_PLACEMENT_3D('',#13988,#9667,#9668);
#8207=AXIS2_PLACEMENT_3D('',#13998,#9670,#9671);
#8208=AXIS2_PLACEMENT_3D('',#13999,#9672,#9673);
#8209=AXIS2_PLACEMENT_3D('',#14000,#9674,#9675);
#8210=AXIS2_PLACEMENT_3D('',#14001,#9676,#9677);
#8211=AXIS2_PLACEMENT_3D('',#14003,#9678,#9679);
#8212=AXIS2_PLACEMENT_3D('',#14005,#9680,#9681);
#8213=AXIS2_PLACEMENT_3D('',#14007,#9682,#9683);
#8214=AXIS2_PLACEMENT_3D('',#14009,#9684,#9685);
#8215=AXIS2_PLACEMENT_3D('',#14011,#9686,#9687);
#8216=AXIS2_PLACEMENT_3D('',#14013,#9688,#9689);
#8217=AXIS2_PLACEMENT_3D('',#14015,#9690,#9691);
#8218=AXIS2_PLACEMENT_3D('',#14016,#9692,#9693);
#8219=AXIS2_PLACEMENT_3D('',#14017,#9694,#9695);
#8220=AXIS2_PLACEMENT_3D('',#14018,#9696,#9697);
#8221=AXIS2_PLACEMENT_3D('',#14020,#9698,#9699);
#8222=AXIS2_PLACEMENT_3D('',#14021,#9700,#9701);
#8223=AXIS2_PLACEMENT_3D('',#14022,#9702,#9703);
#8224=AXIS2_PLACEMENT_3D('',#14024,#9704,#9705);
#8225=AXIS2_PLACEMENT_3D('',#14025,#9706,#9707);
#8226=AXIS2_PLACEMENT_3D('',#14026,#9708,#9709);
#8227=AXIS2_PLACEMENT_3D('',#14041,#9710,#9711);
#8228=AXIS2_PLACEMENT_3D('',#14042,#9712,#9713);
#8229=AXIS2_PLACEMENT_3D('',#14043,#9714,#9715);
#8230=AXIS2_PLACEMENT_3D('',#14089,#9716,#9717);
#8231=AXIS2_PLACEMENT_3D('',#14090,#9718,#9719);
#8232=AXIS2_PLACEMENT_3D('',#14091,#9720,#9721);
#8233=AXIS2_PLACEMENT_3D('',#14092,#9722,#9723);
#8234=AXIS2_PLACEMENT_3D('',#14093,#9724,#9725);
#8235=AXIS2_PLACEMENT_3D('',#14094,#9726,#9727);
#8236=AXIS2_PLACEMENT_3D('',#14095,#9728,#9729);
#8237=AXIS2_PLACEMENT_3D('',#14096,#9730,#9731);
#8238=AXIS2_PLACEMENT_3D('',#14097,#9732,#9733);
#8239=AXIS2_PLACEMENT_3D('',#14098,#9734,#9735);
#8240=AXIS2_PLACEMENT_3D('',#14099,#9736,#9737);
#8241=AXIS2_PLACEMENT_3D('',#14100,#9738,#9739);
#8242=AXIS2_PLACEMENT_3D('',#14101,#9740,#9741);
#8243=AXIS2_PLACEMENT_3D('',#14102,#9742,#9743);
#8244=AXIS2_PLACEMENT_3D('',#14103,#9744,#9745);
#8245=AXIS2_PLACEMENT_3D('',#14104,#9746,#9747);
#8246=AXIS2_PLACEMENT_3D('',#14105,#9748,#9749);
#8247=AXIS2_PLACEMENT_3D('',#14107,#9751,#9752);
#8248=AXIS2_PLACEMENT_3D('',#14109,#9754,#9755);
#8249=AXIS2_PLACEMENT_3D('',#14110,#9756,#9757);
#8250=AXIS2_PLACEMENT_3D('',#14112,#9759,#9760);
#8251=AXIS2_PLACEMENT_3D('',#14114,#9762,#9763);
#8252=AXIS2_PLACEMENT_3D('',#14115,#9764,#9765);
#8253=AXIS2_PLACEMENT_3D('',#14116,#9766,#9767);
#8254=AXIS2_PLACEMENT_3D('',#14117,#9768,#9769);
#8255=AXIS2_PLACEMENT_3D('',#14237,#9780,#9781);
#8256=AXIS2_PLACEMENT_3D('',#14371,#9794,#9795);
#8257=AXIS2_PLACEMENT_3D('',#14374,#9797,#9798);
#8258=AXIS2_PLACEMENT_3D('',#14375,#9799,#9800);
#8259=AXIS2_PLACEMENT_3D('',#14378,#9802,#9803);
#8260=AXIS2_PLACEMENT_3D('',#14379,#9804,#9805);
#8261=AXIS2_PLACEMENT_3D('',#14407,#9809,#9810);
#8262=AXIS2_PLACEMENT_3D('',#14408,#9811,#9812);
#8263=AXIS2_PLACEMENT_3D('',#14414,#9816,#9817);
#8264=AXIS2_PLACEMENT_3D('',#14418,#9820,#9821);
#8265=AXIS2_PLACEMENT_3D('',#14421,#9823,#9824);
#8266=AXIS2_PLACEMENT_3D('',#14422,#9825,#9826);
#8267=AXIS2_PLACEMENT_3D('',#14425,#9828,#9829);
#8268=AXIS2_PLACEMENT_3D('',#14426,#9830,#9831);
#8269=AXIS2_PLACEMENT_3D('',#14430,#9834,#9835);
#8270=AXIS2_PLACEMENT_3D('',#14434,#9838,#9839);
#8271=AXIS2_PLACEMENT_3D('',#14438,#9842,#9843);
#8272=AXIS2_PLACEMENT_3D('',#14442,#9846,#9847);
#8273=AXIS2_PLACEMENT_3D('',#14444,#9849,#9850);
#8274=AXIS2_PLACEMENT_3D('',#14445,#9851,#9852);
#8275=AXIS2_PLACEMENT_3D('',#14451,#9856,#9857);
#8276=AXIS2_PLACEMENT_3D('',#14455,#9860,#9861);
#8277=AXIS2_PLACEMENT_3D('',#14459,#9864,#9865);
#8278=AXIS2_PLACEMENT_3D('',#14463,#9868,#9869);
#8279=AXIS2_PLACEMENT_3D('',#14466,#9871,#9872);
#8280=AXIS2_PLACEMENT_3D('',#14467,#9873,#9874);
#8281=AXIS2_PLACEMENT_3D('',#14470,#9876,#9877);
#8282=AXIS2_PLACEMENT_3D('',#14471,#9878,#9879);
#8283=AXIS2_PLACEMENT_3D('',#14475,#9882,#9883);
#8284=AXIS2_PLACEMENT_3D('',#14479,#9886,#9887);
#8285=AXIS2_PLACEMENT_3D('',#14483,#9890,#9891);
#8286=AXIS2_PLACEMENT_3D('',#14487,#9894,#9895);
#8287=AXIS2_PLACEMENT_3D('',#14491,#9898,#9899);
#8288=AXIS2_PLACEMENT_3D('',#14495,#9902,#9903);
#8289=AXIS2_PLACEMENT_3D('',#14498,#9905,#9906);
#8290=AXIS2_PLACEMENT_3D('',#14499,#9907,#9908);
#8291=AXIS2_PLACEMENT_3D('',#14503,#9911,#9912);
#8292=AXIS2_PLACEMENT_3D('',#14505,#9914,#9915);
#8293=AXIS2_PLACEMENT_3D('',#14506,#9916,#9917);
#8294=AXIS2_PLACEMENT_3D('',#14512,#9921,#9922);
#8295=AXIS2_PLACEMENT_3D('',#14516,#9925,#9926);
#8296=AXIS2_PLACEMENT_3D('',#14520,#9929,#9930);
#8297=AXIS2_PLACEMENT_3D('',#14524,#9933,#9934);
#8298=AXIS2_PLACEMENT_3D('',#14528,#9937,#9938);
#8299=AXIS2_PLACEMENT_3D('',#14532,#9941,#9942);
#8300=AXIS2_PLACEMENT_3D('',#14536,#9945,#9946);
#8301=AXIS2_PLACEMENT_3D('',#14540,#9949,#9950);
#8302=AXIS2_PLACEMENT_3D('',#14544,#9953,#9954);
#8303=AXIS2_PLACEMENT_3D('',#14548,#9957,#9958);
#8304=AXIS2_PLACEMENT_3D('',#14552,#9961,#9962);
#8305=AXIS2_PLACEMENT_3D('',#14554,#9964,#9965);
#8306=AXIS2_PLACEMENT_3D('',#14555,#9966,#9967);
#8307=AXIS2_PLACEMENT_3D('',#14556,#9968,#9969);
#8308=AXIS2_PLACEMENT_3D('',#14557,#9970,#9971);
#8309=AXIS2_PLACEMENT_3D('',#14558,#9972,#9973);
#8310=AXIS2_PLACEMENT_3D('',#14560,#9974,#9975);
#8311=DIRECTION('',(0.,0.,1.));
#8312=DIRECTION('',(1.,0.,0.));
#8313=DIRECTION('',(-1.,6.12809923578764E-17,-1.14958480846707E-15));
#8314=DIRECTION('',(-1.14958480846707E-15,0.,1.));
#8315=DIRECTION('',(1.14958480846707E-15,0.,-1.));
#8316=DIRECTION('',(0.,1.,0.));
#8317=DIRECTION('',(-1.13317023233599E-15,-0.123724030206484,0.992316665359131));
#8318=DIRECTION('',(6.12809923578764E-17,-1.,-6.12809923578763E-17));
#8319=DIRECTION('',(1.14833409503513E-15,-0.123724030206484,-0.992316665359131));
#8320=DIRECTION('',(0.,-1.,0.));
#8321=DIRECTION('',(-1.14958480846707E-15,0.,1.));
#8322=DIRECTION('',(0.,-1.,0.));
#8323=DIRECTION('',(-1.14958480846707E-15,0.,1.));
#8324=DIRECTION('',(0.,-1.,0.));
#8325=DIRECTION('',(-1.14958480846707E-15,0.,1.));
#8326=DIRECTION('',(0.,1.,0.));
#8327=DIRECTION('',(1.14958480846707E-15,0.,-1.));
#8328=DIRECTION('',(0.,1.,0.));
#8329=DIRECTION('',(-9.64929151758212E-16,-0.5,0.866025403784439));
#8330=DIRECTION('',(0.,1.,0.));
#8331=DIRECTION('',(-1.14958480846707E-15,0.,1.));
#8332=DIRECTION('',(0.,1.,0.));
#8333=DIRECTION('',(1.14958480846707E-15,0.,-1.));
#8334=DIRECTION('',(0.,1.,0.));
#8335=DIRECTION('',(-1.14958480846707E-15,0.,1.));
#8336=DIRECTION('',(0.,1.,0.));
#8337=DIRECTION('',(1.14958480846707E-15,0.,-1.));
#8338=DIRECTION('',(0.,1.,0.));
#8339=DIRECTION('',(-1.14958480846707E-15,0.,1.));
#8340=DIRECTION('',(6.12809923578764E-17,-1.,7.04476978624012E-32));
#8341=DIRECTION('',(-1.14958480846707E-15,0.,1.));
#8342=DIRECTION('',(0.,-1.,0.));
#8343=DIRECTION('',(-1.14958480846707E-15,0.,1.));
#8344=DIRECTION('',(6.12809923578764E-17,1.,7.04476978624012E-32));
#8345=DIRECTION('',(0.,-1.,0.));
#8346=DIRECTION('',(-1.14958480846707E-15,0.,1.));
#8347=DIRECTION('',(0.,-1.,0.));
#8348=DIRECTION('',(-1.14958480846707E-15,0.,1.));
#8349=DIRECTION('',(-1.,6.12809923578764E-17,-1.14958480846707E-15));
#8350=DIRECTION('',(-1.14958480846707E-15,0.,1.));
#8351=DIRECTION('',(-1.,6.12809923578764E-17,-1.14958480846707E-15));
#8352=DIRECTION('',(-1.14958480846707E-15,0.,1.));
#8353=DIRECTION('',(-1.14958480846707E-15,0.,1.));
#8354=DIRECTION('',(0.,-1.,0.));
#8355=DIRECTION('',(-1.14958480846707E-15,0.,1.));
#8356=DIRECTION('',(0.,-1.,0.));
#8357=DIRECTION('',(-1.,6.12809923578764E-17,-1.14958480846707E-15));
#8358=DIRECTION('',(-1.14958480846707E-15,0.,1.));
#8359=DIRECTION('',(0.,1.,0.));
#8360=DIRECTION('',(1.14958480846707E-15,0.,-1.));
#8361=DIRECTION('',(6.12809923578764E-17,1.,7.04476978624012E-32));
#8362=DIRECTION('',(-1.14958480846707E-15,0.,1.));
#8363=DIRECTION('',(0.,-1.,0.));
#8364=DIRECTION('',(-1.14958480846707E-15,0.,1.));
#8365=DIRECTION('',(6.12809923578764E-17,-1.,7.04476978624012E-32));
#8366=DIRECTION('',(-1.14958480846707E-15,0.,1.));
#8367=DIRECTION('',(0.,1.,0.));
#8368=DIRECTION('',(1.14958480846707E-15,0.,-1.));
#8369=DIRECTION('',(0.,1.,0.));
#8370=DIRECTION('',(-1.14958480846707E-15,0.,1.));
#8371=DIRECTION('',(0.,1.,0.));
#8372=DIRECTION('',(1.14958480846707E-15,0.,-1.));
#8373=DIRECTION('',(0.,1.,0.));
#8374=DIRECTION('',(-1.14958480846707E-15,0.,1.));
#8375=DIRECTION('',(0.,1.,0.));
#8376=DIRECTION('',(-9.64929151758212E-16,-0.5,0.866025403784439));
#8377=DIRECTION('',(0.,1.,0.));
#8378=DIRECTION('',(1.14958480846707E-15,0.,-1.));
#8379=DIRECTION('',(0.,1.,0.));
#8380=DIRECTION('',(-1.14958480846707E-15,0.,1.));
#8381=DIRECTION('',(0.,-1.,0.));
#8382=DIRECTION('',(-1.14958480846707E-15,0.,1.));
#8383=DIRECTION('',(0.,-1.,0.));
#8384=DIRECTION('',(-1.14958480846707E-15,0.,1.));
#8385=DIRECTION('',(0.,-1.,0.));
#8386=DIRECTION('',(1.14833409503513E-15,-0.123724030206484,-0.992316665359131));
#8387=DIRECTION('',(0.,-1.,0.));
#8388=DIRECTION('',(-1.13317023233599E-15,-0.123724030206484,0.992316665359131));
#8389=DIRECTION('',(0.,-1.,0.));
#8390=DIRECTION('',(1.,0.,0.));
#8391=DIRECTION('',(1.14958480846707E-15,0.,-1.));
#8392=DIRECTION('',(0.,-1.,0.));
#8393=DIRECTION('',(0.,0.,-1.));
#8394=DIRECTION('',(0.,-1.,0.));
#8395=DIRECTION('',(0.,0.,-1.));
#8396=DIRECTION('',(1.14958480846707E-15,0.,-1.));
#8397=DIRECTION('',(0.,-1.,0.));
#8398=DIRECTION('',(0.,0.,-1.));
#8399=DIRECTION('',(1.14958480846707E-15,0.,-1.));
#8400=DIRECTION('',(0.,-1.,0.));
#8401=DIRECTION('',(0.,0.,-1.));
#8402=DIRECTION('',(1.14958480846707E-15,0.,-1.));
#8403=DIRECTION('',(0.,-1.,0.));
#8404=DIRECTION('',(0.,0.,-1.));
#8405=DIRECTION('',(1.,0.,-6.82940297773767E-18));
#8406=DIRECTION('',(1.14958480846707E-15,0.,-1.));
#8407=DIRECTION('',(0.,-1.,0.));
#8408=DIRECTION('',(0.,0.,-1.));
#8409=DIRECTION('',(1.,0.,-6.12323399573676E-17));
#8410=DIRECTION('',(0.,-1.,0.));
#8411=DIRECTION('',(0.,0.,-1.));
#8412=DIRECTION('',(1.,0.,-6.12323399573676E-17));
#8413=DIRECTION('',(0.,-1.,0.));
#8414=DIRECTION('',(0.,0.,-1.));
#8415=DIRECTION('',(1.,0.,-6.12323399573676E-17));
#8416=DIRECTION('',(0.,-1.,0.));
#8417=DIRECTION('',(0.,0.,-1.));
#8418=DIRECTION('',(1.,0.,-6.12323399573676E-17));
#8419=DIRECTION('',(0.,-1.,0.));
#8420=DIRECTION('',(0.,0.,-1.));
#8421=DIRECTION('',(1.,0.,-6.12323399573676E-17));
#8422=DIRECTION('',(0.,-1.,0.));
#8423=DIRECTION('',(0.,0.,-1.));
#8424=DIRECTION('',(1.,0.,-6.12323399573676E-17));
#8425=DIRECTION('',(0.,-1.,0.));
#8426=DIRECTION('',(0.,0.,-1.));
#8427=DIRECTION('',(1.,0.,-6.12323399573676E-17));
#8428=DIRECTION('',(0.,-1.,0.));
#8429=DIRECTION('',(0.,0.,-1.));
#8430=DIRECTION('',(1.,0.,-6.12323399573676E-17));
#8431=DIRECTION('',(0.,-1.,0.));
#8432=DIRECTION('',(0.,0.,-1.));
#8433=DIRECTION('',(1.,0.,-6.12323399573676E-17));
#8434=DIRECTION('',(0.,-1.,0.));
#8435=DIRECTION('',(0.,0.,-1.));
#8436=DIRECTION('',(0.,-1.,0.));
#8437=DIRECTION('',(0.,0.,-1.));
#8438=DIRECTION('',(1.14958480846707E-15,0.,-1.));
#8439=DIRECTION('',(0.,-1.,0.));
#8440=DIRECTION('',(0.,0.,-1.));
#8441=DIRECTION('',(1.,0.,-6.82940297773767E-18));
#8442=DIRECTION('',(1.,0.,-6.82940297773767E-18));
#8443=DIRECTION('',(0.,-1.,0.));
#8444=DIRECTION('',(0.,0.,-1.));
#8445=DIRECTION('',(1.,0.,-6.82940297773767E-18));
#8446=DIRECTION('',(0.,-1.,0.));
#8447=DIRECTION('',(0.,0.,-1.));
#8448=DIRECTION('',(1.,0.,-6.82940297773767E-18));
#8449=DIRECTION('',(0.,-1.,0.));
#8450=DIRECTION('',(0.,0.,-1.));
#8451=DIRECTION('',(1.,0.,-6.82940297773767E-18));
#8452=DIRECTION('',(0.,-1.,0.));
#8453=DIRECTION('',(0.,0.,-1.));
#8454=DIRECTION('',(1.,0.,-6.82940297773767E-18));
#8455=DIRECTION('',(0.,-1.,0.));
#8456=DIRECTION('',(0.,0.,-1.));
#8457=DIRECTION('',(1.,0.,-6.82940297773767E-18));
#8458=DIRECTION('',(0.,-1.,0.));
#8459=DIRECTION('',(0.,0.,-1.));
#8460=DIRECTION('',(1.,0.,-6.82940297773767E-18));
#8461=DIRECTION('',(0.,-1.,0.));
#8462=DIRECTION('',(0.,0.,-1.));
#8463=DIRECTION('',(1.,0.,-6.82940297773767E-18));
#8464=DIRECTION('',(0.,-1.,0.));
#8465=DIRECTION('',(0.,0.,-1.));
#8466=DIRECTION('',(1.,0.,-6.82940297773767E-18));
#8467=DIRECTION('',(0.,-1.,0.));
#8468=DIRECTION('',(0.,0.,-1.));
#8469=DIRECTION('',(1.,0.,-6.82940297773767E-18));
#8470=DIRECTION('',(0.,-1.,0.));
#8471=DIRECTION('',(0.,0.,-1.));
#8472=DIRECTION('',(1.,0.,-6.82940297773767E-18));
#8473=DIRECTION('',(0.,-1.,0.));
#8474=DIRECTION('',(0.,0.,-1.));
#8475=DIRECTION('',(1.,0.,-6.82940297773767E-18));
#8476=DIRECTION('',(0.,-1.,0.));
#8477=DIRECTION('',(0.,0.,-1.));
#8478=DIRECTION('',(0.,0.,1.));
#8479=DIRECTION('',(0.,-1.,0.));
#8480=DIRECTION('',(0.,0.,-1.));
#8481=DIRECTION('',(0.,-1.,0.));
#8482=DIRECTION('',(0.,0.,-1.));
#8483=DIRECTION('',(-0.338142350146581,0.,-0.941094974504352));
#8484=DIRECTION('',(0.334832499002173,0.,0.942277664816459));
#8485=DIRECTION('',(1.,0.,0.));
#8486=DIRECTION('',(-0.338930913110879,0.,-0.94081126488676));
#8487=DIRECTION('',(-1.,0.,0.));
#8488=DIRECTION('',(-0.337471629637336,0.,0.941335699519529));
#8489=DIRECTION('',(1.,0.,0.));
#8490=DIRECTION('',(0.334720358887728,0.,-0.942317505592499));
#8491=DIRECTION('',(0.,-1.,0.));
#8492=DIRECTION('',(0.,0.,-1.));
#8493=DIRECTION('',(0.,-1.,0.));
#8494=DIRECTION('',(0.,0.,-1.));
#8495=DIRECTION('',(0.,0.,-1.));
#8496=DIRECTION('',(-1.,0.,0.));
#8497=DIRECTION('',(-0.545740986752486,0.,0.83795392199));
#8498=DIRECTION('',(-1.,0.,0.));
#8499=DIRECTION('',(0.,-1.,0.));
#8500=DIRECTION('',(0.,0.,-1.));
#8501=DIRECTION('',(0.,0.,-1.));
#8502=DIRECTION('',(-1.,0.,0.));
#8503=DIRECTION('',(0.,0.,1.));
#8504=DIRECTION('',(1.,0.,0.));
#8505=DIRECTION('',(0.54632130002059,0.,-0.837575690396882));
#8506=DIRECTION('',(1.,0.,0.));
#8507=DIRECTION('',(0.,-1.,0.));
#8508=DIRECTION('',(0.,0.,-1.));
#8509=DIRECTION('',(0.,-1.,0.));
#8510=DIRECTION('',(0.,0.,-1.));
#8511=DIRECTION('',(0.,0.,1.));
#8512=DIRECTION('',(1.,0.,0.));
#8513=DIRECTION('',(0.,0.,-1.));
#8514=DIRECTION('',(-1.,0.,0.));
#8515=DIRECTION('',(0.,0.,1.));
#8516=DIRECTION('',(1.,0.,0.));
#8517=DIRECTION('',(0.,0.,-1.));
#8518=DIRECTION('',(-1.,0.,0.));
#8519=DIRECTION('',(0.,0.,-1.));
#8520=DIRECTION('',(1.,0.,0.));
#8521=DIRECTION('',(0.,0.,-1.));
#8522=DIRECTION('',(-1.,0.,0.));
#8523=DIRECTION('',(0.,0.,-1.));
#8524=DIRECTION('',(1.,0.,0.));
#8525=DIRECTION('',(0.,1.,0.));
#8526=DIRECTION('',(0.,0.,1.));
#8527=DIRECTION('',(-0.122787803968973,0.984807753012208,0.122787803968973));
#8528=DIRECTION('',(-0.696364240320018,-0.17364817766693,0.69636424032002));
#8529=DIRECTION('',(0.,-1.,0.));
#8530=DIRECTION('',(-0.122787803968973,-0.984807753012208,0.122787803968973));
#8531=DIRECTION('',(0.696364240320018,-0.17364817766693,-0.69636424032002));
#8532=DIRECTION('',(0.,1.,0.));
#8533=DIRECTION('',(0.,0.,1.));
#8534=DIRECTION('',(0.,1.,0.));
#8535=DIRECTION('',(0.,1.,0.));
#8536=DIRECTION('',(0.,0.,1.));
#8537=DIRECTION('',(0.,1.,0.));
#8538=DIRECTION('',(0.122787803968973,-0.984807753012208,-0.122787803968973));
#8539=DIRECTION('',(0.696364240320018,0.17364817766693,-0.69636424032002));
#8540=DIRECTION('',(0.,1.,0.));
#8541=DIRECTION('',(0.122787803968973,0.984807753012208,-0.122787803968973));
#8542=DIRECTION('',(-0.696364240320018,0.17364817766693,0.69636424032002));
#8543=DIRECTION('',(0.,1.,0.));
#8544=DIRECTION('',(0.,1.,0.));
#8545=DIRECTION('',(0.,0.,1.));
#8546=DIRECTION('',(0.,1.,0.));
#8547=DIRECTION('',(-0.122787803968973,0.984807753012208,-0.122787803968973));
#8548=DIRECTION('',(0.696364240320018,0.17364817766693,0.69636424032002));
#8549=DIRECTION('',(0.,1.,0.));
#8550=DIRECTION('',(-0.122787803968973,-0.984807753012208,-0.122787803968973));
#8551=DIRECTION('',(-0.696364240320018,0.17364817766693,-0.69636424032002));
#8552=DIRECTION('',(0.,1.,0.));
#8553=DIRECTION('',(0.,1.,0.));
#8554=DIRECTION('',(0.,0.,1.));
#8555=DIRECTION('',(0.,1.,0.));
#8556=DIRECTION('',(0.,1.,0.));
#8557=DIRECTION('',(0.,0.,1.));
#8558=DIRECTION('',(0.122787803968973,-0.984807753012208,0.122787803968973));
#8559=DIRECTION('',(-0.696364240320018,-0.17364817766693,-0.69636424032002));
#8560=DIRECTION('',(0.,-1.,0.));
#8561=DIRECTION('',(0.122787803968973,0.984807753012208,0.122787803968973));
#8562=DIRECTION('',(0.696364240320018,-0.17364817766693,0.69636424032002));
#8563=DIRECTION('',(-1.,6.12809923578764E-17,-1.14958480846707E-15));
#8564=DIRECTION('',(-1.14958480846707E-15,0.,1.));
#8565=DIRECTION('',(1.14958480846707E-15,0.,-1.));
#8566=DIRECTION('',(6.12809923578764E-17,1.,7.04476978624012E-32));
#8567=DIRECTION('',(-1.14958480846707E-15,0.,1.));
#8568=DIRECTION('',(0.,1.,0.));
#8569=DIRECTION('',(-1.14958480846707E-15,0.,1.));
#8570=DIRECTION('',(6.12809923578764E-17,1.,7.04476978624012E-32));
#8571=DIRECTION('',(-1.14958480846707E-15,0.,1.));
#8572=DIRECTION('',(0.,-1.,0.));
#8573=DIRECTION('',(0.,-1.,0.));
#8574=DIRECTION('',(-1.14958480846707E-15,0.,1.));
#8575=DIRECTION('',(0.,-1.,0.));
#8576=DIRECTION('',(0.,-1.,0.));
#8577=DIRECTION('',(-1.14958480846707E-15,0.,1.));
#8578=DIRECTION('',(0.,-1.,0.));
#8579=DIRECTION('',(-9.64929151758212E-16,0.5,0.866025403784439));
#8580=DIRECTION('',(0.,-1.,0.));
#8581=DIRECTION('',(0.,-1.,0.));
#8582=DIRECTION('',(-1.14958480846707E-15,0.,1.));
#8583=DIRECTION('',(0.,1.,0.));
#8584=DIRECTION('',(-1.14958480846707E-15,0.,1.));
#8585=DIRECTION('',(0.,1.,0.));
#8586=DIRECTION('',(-1.14958480846707E-15,0.,1.));
#8587=DIRECTION('',(1.14833409503513E-15,0.123724030206484,-0.992316665359131));
#8588=DIRECTION('',(6.12809923578764E-17,1.,-6.12809923578763E-17));
#8589=DIRECTION('',(-1.13317023233599E-15,0.123724030206484,0.992316665359131));
#8590=DIRECTION('',(0.,1.,0.));
#8591=DIRECTION('',(-1.14958480846707E-15,0.,1.));
#8592=DIRECTION('',(0.,1.,0.));
#8593=DIRECTION('',(-1.14958480846707E-15,0.,1.));
#8594=DIRECTION('',(0.,-1.,0.));
#8595=DIRECTION('',(0.,0.,-1.));
#8596=DIRECTION('',(0.,-1.,0.));
#8597=DIRECTION('',(4.07059435055245E-18,-0.802955068546966,0.59603956067927));
#8598=DIRECTION('',(0.,-0.59603956067927,-0.802955068546966));
#8599=DIRECTION('',(0.,1.,0.));
#8600=DIRECTION('',(0.,0.,1.));
#8601=DIRECTION('',(0.,-1.,0.));
#8602=DIRECTION('',(0.,0.,-1.));
#8603=DIRECTION('',(0.,-1.,0.));
#8604=DIRECTION('',(0.,1.,0.));
#8605=DIRECTION('',(0.,0.,1.));
#8606=DIRECTION('',(0.,-1.,0.));
#8607=DIRECTION('',(-3.41470148886883E-18,0.866025403784439,-0.5));
#8608=DIRECTION('',(-1.,-2.95721823570095E-18,1.70735074443442E-18));
#8609=DIRECTION('',(-9.64929151758212E-16,0.5,0.866025403784439));
#8610=DIRECTION('',(-3.41470148886883E-18,0.866025403784439,-0.5));
#8611=DIRECTION('',(-5.91443647140191E-18,-0.5,-0.866025403784439));
#8612=DIRECTION('',(0.,-1.,0.));
#8613=DIRECTION('',(0.,-1.,0.));
#8614=DIRECTION('',(0.,0.,-1.));
#8615=DIRECTION('',(0.,-1.,0.));
#8616=DIRECTION('',(0.,-1.,0.));
#8617=DIRECTION('',(0.,1.,0.));
#8618=DIRECTION('',(0.,0.,1.));
#8619=DIRECTION('',(0.,-1.,0.));
#8620=DIRECTION('',(0.,0.,-1.));
#8621=DIRECTION('',(0.,-1.,0.));
#8622=DIRECTION('',(0.,1.,0.));
#8623=DIRECTION('',(0.,0.,1.));
#8624=DIRECTION('',(0.,-1.,0.));
#8625=DIRECTION('',(0.,-1.,0.));
#8626=DIRECTION('',(0.,0.,-1.));
#8627=DIRECTION('',(0.,1.,0.));
#8628=DIRECTION('',(0.,0.,1.));
#8629=DIRECTION('',(0.,-1.,0.));
#8630=DIRECTION('',(0.,-1.,0.));
#8631=DIRECTION('',(0.,0.,-1.));
#8632=DIRECTION('',(0.,-1.,0.));
#8633=DIRECTION('',(0.,-1.,0.));
#8634=DIRECTION('',(0.,-1.,0.));
#8635=DIRECTION('',(0.,0.,-1.));
#8636=DIRECTION('',(0.,1.,0.));
#8637=DIRECTION('',(0.,0.,1.));
#8638=DIRECTION('',(0.,1.,0.));
#8639=DIRECTION('',(0.,0.,1.));
#8640=DIRECTION('',(0.,1.,0.));
#8641=DIRECTION('',(0.,0.,1.));
#8642=DIRECTION('',(0.,1.,0.));
#8643=DIRECTION('',(0.,0.,1.));
#8644=DIRECTION('',(0.,1.,0.));
#8645=DIRECTION('',(0.,0.,1.));
#8646=DIRECTION('',(0.,1.,0.));
#8647=DIRECTION('',(0.,0.,1.));
#8648=DIRECTION('',(0.,1.,0.));
#8649=DIRECTION('',(0.,0.,1.));
#8650=DIRECTION('',(0.,1.,0.));
#8651=DIRECTION('',(0.,0.,1.));
#8652=DIRECTION('',(0.,1.,0.));
#8653=DIRECTION('',(0.,0.,1.));
#8654=DIRECTION('',(0.,1.,0.));
#8655=DIRECTION('',(0.,0.,1.));
#8656=DIRECTION('',(0.,1.,0.));
#8657=DIRECTION('',(0.,0.,1.));
#8658=DIRECTION('',(0.,1.,0.));
#8659=DIRECTION('',(0.,0.,1.));
#8660=DIRECTION('',(0.,1.,0.));
#8661=DIRECTION('',(0.,0.,1.));
#8662=DIRECTION('',(1.,0.,-6.12323399573676E-17));
#8663=DIRECTION('',(-1.14958480846707E-15,0.,1.));
#8664=DIRECTION('',(-1.14958480846707E-15,0.,1.));
#8665=DIRECTION('',(0.,1.,0.));
#8666=DIRECTION('',(0.,0.,1.));
#8667=DIRECTION('',(-1.14958480846707E-15,0.,1.));
#8668=DIRECTION('',(-1.14958480846707E-15,0.,1.));
#8669=DIRECTION('',(0.,1.,0.));
#8670=DIRECTION('',(0.,0.,1.));
#8671=DIRECTION('',(1.14958480846707E-15,0.,-1.));
#8672=DIRECTION('',(1.,0.,-6.12323399573676E-17));
#8673=DIRECTION('',(0.,-1.,0.));
#8674=DIRECTION('',(0.,0.,-1.));
#8675=DIRECTION('',(1.,0.,-6.12323399573676E-17));
#8676=DIRECTION('',(0.,-1.,0.));
#8677=DIRECTION('',(0.,0.,-1.));
#8678=DIRECTION('',(1.,0.,-6.12323399573676E-17));
#8679=DIRECTION('',(0.,-1.,0.));
#8680=DIRECTION('',(0.,0.,-1.));
#8681=DIRECTION('',(1.,0.,-6.12323399573676E-17));
#8682=DIRECTION('',(0.,-1.,0.));
#8683=DIRECTION('',(0.,0.,-1.));
#8684=DIRECTION('',(0.,1.,0.));
#8685=DIRECTION('',(0.,0.,1.));
#8686=DIRECTION('',(0.,1.,0.));
#8687=DIRECTION('',(0.,1.,0.));
#8688=DIRECTION('',(0.,0.,1.));
#8689=DIRECTION('',(0.,1.,0.));
#8690=DIRECTION('',(0.,0.,1.));
#8691=DIRECTION('',(0.,1.,0.));
#8692=DIRECTION('',(0.,0.,1.));
#8693=DIRECTION('',(0.,1.,0.));
#8694=DIRECTION('',(0.,0.,1.));
#8695=DIRECTION('',(0.,1.,0.));
#8696=DIRECTION('',(0.,0.,1.));
#8697=DIRECTION('',(0.,1.,0.));
#8698=DIRECTION('',(0.,0.,1.));
#8699=DIRECTION('',(0.,1.,0.));
#8700=DIRECTION('',(0.,0.,1.));
#8701=DIRECTION('',(0.,1.,0.));
#8702=DIRECTION('',(0.,0.,1.));
#8703=DIRECTION('',(0.,1.,0.));
#8704=DIRECTION('',(0.,0.,1.));
#8705=DIRECTION('',(-1.14958480846707E-15,0.,1.));
#8706=DIRECTION('',(1.,0.,1.14958480846707E-15));
#8707=DIRECTION('',(1.14958480846707E-15,0.,-1.));
#8708=DIRECTION('',(-1.14958480846707E-15,0.,1.));
#8709=DIRECTION('',(0.,1.,0.));
#8710=DIRECTION('',(0.,0.,1.));
#8711=DIRECTION('',(-1.14958480846707E-15,0.,1.));
#8712=DIRECTION('',(0.,1.,0.));
#8713=DIRECTION('',(0.,0.,1.));
#8714=DIRECTION('',(0.,1.,0.));
#8715=DIRECTION('',(0.,0.,1.));
#8716=DIRECTION('',(0.,1.,0.));
#8717=DIRECTION('',(0.,0.,1.));
#8718=DIRECTION('',(0.,1.,0.));
#8719=DIRECTION('',(0.,0.,1.));
#8720=DIRECTION('',(0.,1.,0.));
#8721=DIRECTION('',(0.,0.,1.));
#8722=DIRECTION('',(0.,1.,0.));
#8723=DIRECTION('',(0.,0.,1.));
#8724=DIRECTION('',(0.,1.,0.));
#8725=DIRECTION('',(0.,0.,1.));
#8726=DIRECTION('',(0.,1.,0.));
#8727=DIRECTION('',(0.,0.,1.));
#8728=DIRECTION('',(0.,1.,0.));
#8729=DIRECTION('',(0.,0.,1.));
#8730=DIRECTION('',(1.,0.,1.14958480846707E-15));
#8731=DIRECTION('',(-1.14958480846707E-15,0.,1.));
#8732=DIRECTION('',(0.,1.,0.));
#8733=DIRECTION('',(0.,0.,1.));
#8734=DIRECTION('',(-1.14958480846707E-15,0.,1.));
#8735=DIRECTION('',(0.,1.,0.));
#8736=DIRECTION('',(0.,0.,1.));
#8737=DIRECTION('',(-1.14958480846707E-15,0.,1.));
#8738=DIRECTION('',(0.,1.,0.));
#8739=DIRECTION('',(0.,0.,1.));
#8740=DIRECTION('',(0.,1.,0.));
#8741=DIRECTION('',(0.,1.,0.));
#8742=DIRECTION('',(0.,1.,0.));
#8743=DIRECTION('',(0.,0.,1.));
#8744=DIRECTION('',(0.,1.,0.));
#8745=DIRECTION('',(0.,1.,0.));
#8746=DIRECTION('',(0.,-1.,0.));
#8747=DIRECTION('',(0.,0.,-1.));
#8748=DIRECTION('',(4.07059435055245E-18,-0.802955068546966,0.59603956067927));
#8749=DIRECTION('',(0.,-0.59603956067927,-0.802955068546966));
#8750=DIRECTION('',(0.,-1.,0.));
#8751=DIRECTION('',(0.,0.,-1.));
#8752=DIRECTION('',(0.,-1.,0.));
#8753=DIRECTION('',(0.,-1.,0.));
#8754=DIRECTION('',(-3.41470148886883E-18,0.866025403784439,-0.5));
#8755=DIRECTION('',(-1.,-2.95721823570095E-18,1.70735074443442E-18));
#8756=DIRECTION('',(-3.41470148886883E-18,0.866025403784439,-0.5));
#8757=DIRECTION('',(-5.91443647140191E-18,-0.5,-0.866025403784439));
#8758=DIRECTION('',(0.,-1.,0.));
#8759=DIRECTION('',(0.,0.,-1.));
#8760=DIRECTION('',(4.07059435055245E-18,-0.802955068546966,0.59603956067927));
#8761=DIRECTION('',(0.,-0.59603956067927,-0.802955068546966));
#8762=DIRECTION('',(0.,-1.,0.));
#8763=DIRECTION('',(0.,0.,-1.));
#8764=DIRECTION('',(0.,-1.,0.));
#8765=DIRECTION('',(0.,-1.,0.));
#8766=DIRECTION('',(-3.41470148886883E-18,0.866025403784439,-0.5));
#8767=DIRECTION('',(-1.,-2.95721823570095E-18,1.70735074443442E-18));
#8768=DIRECTION('',(-3.41470148886883E-18,0.866025403784439,-0.5));
#8769=DIRECTION('',(-5.91443647140191E-18,-0.5,-0.866025403784439));
#8770=DIRECTION('',(0.,-1.,0.));
#8771=DIRECTION('',(0.,0.,-1.));
#8772=DIRECTION('',(4.07059435055245E-18,-0.802955068546966,0.59603956067927));
#8773=DIRECTION('',(0.,-0.59603956067927,-0.802955068546966));
#8774=DIRECTION('',(0.,-1.,0.));
#8775=DIRECTION('',(0.,0.,-1.));
#8776=DIRECTION('',(0.,-1.,0.));
#8777=DIRECTION('',(0.,-1.,0.));
#8778=DIRECTION('',(-3.41470148886883E-18,0.866025403784439,-0.5));
#8779=DIRECTION('',(-1.,-2.95721823570095E-18,1.70735074443442E-18));
#8780=DIRECTION('',(-3.41470148886883E-18,0.866025403784439,-0.5));
#8781=DIRECTION('',(-5.91443647140191E-18,-0.5,-0.866025403784439));
#8782=DIRECTION('',(0.,-1.,0.));
#8783=DIRECTION('',(0.,0.,-1.));
#8784=DIRECTION('',(4.07059435055245E-18,-0.802955068546966,0.59603956067927));
#8785=DIRECTION('',(0.,-0.59603956067927,-0.802955068546966));
#8786=DIRECTION('',(0.,1.,0.));
#8787=DIRECTION('',(0.,0.,1.));
#8788=DIRECTION('',(0.,-1.,0.));
#8789=DIRECTION('',(0.,0.,-1.));
#8790=DIRECTION('',(0.,1.,0.));
#8791=DIRECTION('',(0.,0.,1.));
#8792=DIRECTION('',(0.,-1.,0.));
#8793=DIRECTION('',(-3.41470148886883E-18,0.866025403784439,-0.5));
#8794=DIRECTION('',(-1.,-2.95721823570095E-18,1.70735074443442E-18));
#8795=DIRECTION('',(-3.41470148886883E-18,0.866025403784439,-0.5));
#8796=DIRECTION('',(-5.91443647140191E-18,-0.5,-0.866025403784439));
#8797=DIRECTION('',(0.,-1.,0.));
#8798=DIRECTION('',(0.,0.,-1.));
#8799=DIRECTION('',(0.,1.,0.));
#8800=DIRECTION('',(0.,0.,1.));
#8801=DIRECTION('',(4.07059435055245E-18,-0.802955068546966,0.59603956067927));
#8802=DIRECTION('',(0.,-0.59603956067927,-0.802955068546966));
#8803=DIRECTION('',(0.,-1.,0.));
#8804=DIRECTION('',(0.,0.,-1.));
#8805=DIRECTION('',(0.,-1.,0.));
#8806=DIRECTION('',(0.,1.,0.));
#8807=DIRECTION('',(0.,0.,1.));
#8808=DIRECTION('',(0.,-1.,0.));
#8809=DIRECTION('',(-3.41470148886883E-18,0.866025403784439,-0.5));
#8810=DIRECTION('',(-1.,-2.95721823570095E-18,1.70735074443442E-18));
#8811=DIRECTION('',(-3.41470148886883E-18,0.866025403784439,-0.5));
#8812=DIRECTION('',(-5.91443647140191E-18,-0.5,-0.866025403784439));
#8813=DIRECTION('',(0.,-1.,0.));
#8814=DIRECTION('',(0.,0.,-1.));
#8815=DIRECTION('',(0.,1.,0.));
#8816=DIRECTION('',(0.,0.,1.));
#8817=DIRECTION('',(4.07059435055245E-18,-0.802955068546966,0.59603956067927));
#8818=DIRECTION('',(0.,-0.59603956067927,-0.802955068546966));
#8819=DIRECTION('',(0.,-1.,0.));
#8820=DIRECTION('',(0.,0.,-1.));
#8821=DIRECTION('',(0.,-1.,0.));
#8822=DIRECTION('',(0.,1.,0.));
#8823=DIRECTION('',(0.,0.,1.));
#8824=DIRECTION('',(0.,-1.,0.));
#8825=DIRECTION('',(-3.41470148886883E-18,0.866025403784439,-0.5));
#8826=DIRECTION('',(-1.,-2.95721823570095E-18,1.70735074443442E-18));
#8827=DIRECTION('',(-3.41470148886883E-18,0.866025403784439,-0.5));
#8828=DIRECTION('',(-5.91443647140191E-18,-0.5,-0.866025403784439));
#8829=DIRECTION('',(0.,-1.,0.));
#8830=DIRECTION('',(0.,0.,-1.));
#8831=DIRECTION('',(0.,1.,0.));
#8832=DIRECTION('',(0.,0.,1.));
#8833=DIRECTION('',(4.07059435055245E-18,-0.802955068546966,0.59603956067927));
#8834=DIRECTION('',(0.,-0.59603956067927,-0.802955068546966));
#8835=DIRECTION('',(0.,-1.,0.));
#8836=DIRECTION('',(0.,0.,-1.));
#8837=DIRECTION('',(0.,-1.,0.));
#8838=DIRECTION('',(0.,1.,0.));
#8839=DIRECTION('',(0.,0.,1.));
#8840=DIRECTION('',(0.,-1.,0.));
#8841=DIRECTION('',(-3.41470148886883E-18,0.866025403784439,-0.5));
#8842=DIRECTION('',(-1.,-2.95721823570095E-18,1.70735074443442E-18));
#8843=DIRECTION('',(-3.41470148886883E-18,0.866025403784439,-0.5));
#8844=DIRECTION('',(-5.91443647140191E-18,-0.5,-0.866025403784439));
#8845=DIRECTION('',(0.,-1.,0.));
#8846=DIRECTION('',(0.,0.,-1.));
#8847=DIRECTION('',(4.07059435055245E-18,-0.802955068546966,0.59603956067927));
#8848=DIRECTION('',(0.,-0.59603956067927,-0.802955068546966));
#8849=DIRECTION('',(0.,-1.,0.));
#8850=DIRECTION('',(0.,0.,-1.));
#8851=DIRECTION('',(0.,-1.,0.));
#8852=DIRECTION('',(0.,-1.,0.));
#8853=DIRECTION('',(-3.41470148886883E-18,0.866025403784439,-0.5));
#8854=DIRECTION('',(-1.,-2.95721823570095E-18,1.70735074443442E-18));
#8855=DIRECTION('',(-3.41470148886883E-18,0.866025403784439,-0.5));
#8856=DIRECTION('',(-5.91443647140191E-18,-0.5,-0.866025403784439));
#8857=DIRECTION('',(0.,-1.,0.));
#8858=DIRECTION('',(0.,0.,-1.));
#8859=DIRECTION('',(4.07059435055245E-18,-0.802955068546966,0.59603956067927));
#8860=DIRECTION('',(0.,-0.59603956067927,-0.802955068546966));
#8861=DIRECTION('',(0.,-1.,0.));
#8862=DIRECTION('',(0.,0.,-1.));
#8863=DIRECTION('',(0.,-1.,0.));
#8864=DIRECTION('',(0.,-1.,0.));
#8865=DIRECTION('',(-3.41470148886883E-18,0.866025403784439,-0.5));
#8866=DIRECTION('',(-1.,-2.95721823570095E-18,1.70735074443442E-18));
#8867=DIRECTION('',(-3.41470148886883E-18,0.866025403784439,-0.5));
#8868=DIRECTION('',(-5.91443647140191E-18,-0.5,-0.866025403784439));
#8869=DIRECTION('',(0.,-1.,0.));
#8870=DIRECTION('',(0.,0.,-1.));
#8871=DIRECTION('',(4.07059435055245E-18,-0.802955068546966,0.59603956067927));
#8872=DIRECTION('',(0.,-0.59603956067927,-0.802955068546966));
#8873=DIRECTION('',(0.,-1.,0.));
#8874=DIRECTION('',(0.,0.,-1.));
#8875=DIRECTION('',(0.,-1.,0.));
#8876=DIRECTION('',(0.,-1.,0.));
#8877=DIRECTION('',(-3.41470148886883E-18,0.866025403784439,-0.5));
#8878=DIRECTION('',(-1.,-2.95721823570095E-18,1.70735074443442E-18));
#8879=DIRECTION('',(-3.41470148886883E-18,0.866025403784439,-0.5));
#8880=DIRECTION('',(-5.91443647140191E-18,-0.5,-0.866025403784439));
#8881=DIRECTION('',(0.,-1.,0.));
#8882=DIRECTION('',(0.,0.,-1.));
#8883=DIRECTION('',(4.07059435055245E-18,-0.802955068546966,0.59603956067927));
#8884=DIRECTION('',(0.,-0.59603956067927,-0.802955068546966));
#8885=DIRECTION('',(-3.41470148886883E-18,0.866025403784439,-0.5));
#8886=DIRECTION('',(-1.,-2.95721823570095E-18,1.70735074443442E-18));
#8887=DIRECTION('',(-3.41470148886883E-18,0.866025403784439,-0.5));
#8888=DIRECTION('',(-5.91443647140191E-18,-0.5,-0.866025403784439));
#8889=DIRECTION('',(0.,-1.,0.));
#8890=DIRECTION('',(0.,0.,-1.));
#8891=DIRECTION('',(0.,1.,0.));
#8892=DIRECTION('',(0.,0.,1.));
#8893=DIRECTION('',(4.07059435055245E-18,-0.802955068546966,0.59603956067927));
#8894=DIRECTION('',(0.,-0.59603956067927,-0.802955068546966));
#8895=DIRECTION('',(0.,-1.,0.));
#8896=DIRECTION('',(0.,0.,-1.));
#8897=DIRECTION('',(0.,1.,0.));
#8898=DIRECTION('',(0.,0.,1.));
#8899=DIRECTION('',(0.,-1.,0.));
#8900=DIRECTION('',(-3.41470148886883E-18,0.866025403784439,-0.5));
#8901=DIRECTION('',(-1.,-2.95721823570095E-18,1.70735074443442E-18));
#8902=DIRECTION('',(-3.41470148886883E-18,0.866025403784439,-0.5));
#8903=DIRECTION('',(-5.91443647140191E-18,-0.5,-0.866025403784439));
#8904=DIRECTION('',(0.,-1.,0.));
#8905=DIRECTION('',(0.,0.,-1.));
#8906=DIRECTION('',(0.,1.,0.));
#8907=DIRECTION('',(0.,0.,1.));
#8908=DIRECTION('',(4.07059435055245E-18,-0.802955068546966,0.59603956067927));
#8909=DIRECTION('',(0.,-0.59603956067927,-0.802955068546966));
#8910=DIRECTION('',(0.,-1.,0.));
#8911=DIRECTION('',(0.,0.,-1.));
#8912=DIRECTION('',(0.,-1.,0.));
#8913=DIRECTION('',(0.,1.,0.));
#8914=DIRECTION('',(0.,0.,1.));
#8915=DIRECTION('',(0.,-1.,0.));
#8916=DIRECTION('',(-3.41470148886883E-18,0.866025403784439,-0.5));
#8917=DIRECTION('',(-1.,-2.95721823570095E-18,1.70735074443442E-18));
#8918=DIRECTION('',(-3.41470148886883E-18,0.866025403784439,-0.5));
#8919=DIRECTION('',(-5.91443647140191E-18,-0.5,-0.866025403784439));
#8920=DIRECTION('',(0.,-1.,0.));
#8921=DIRECTION('',(0.,0.,-1.));
#8922=DIRECTION('',(0.,1.,0.));
#8923=DIRECTION('',(0.,0.,1.));
#8924=DIRECTION('',(4.07059435055245E-18,-0.802955068546966,0.59603956067927));
#8925=DIRECTION('',(0.,-0.59603956067927,-0.802955068546966));
#8926=DIRECTION('',(0.,-1.,0.));
#8927=DIRECTION('',(0.,0.,-1.));
#8928=DIRECTION('',(0.,-1.,0.));
#8929=DIRECTION('',(0.,1.,0.));
#8930=DIRECTION('',(0.,0.,1.));
#8931=DIRECTION('',(0.,-1.,0.));
#8932=DIRECTION('',(-3.41470148886883E-18,0.866025403784439,-0.5));
#8933=DIRECTION('',(-1.,-2.95721823570095E-18,1.70735074443442E-18));
#8934=DIRECTION('',(-3.41470148886883E-18,0.866025403784439,-0.5));
#8935=DIRECTION('',(-5.91443647140191E-18,-0.5,-0.866025403784439));
#8936=DIRECTION('',(0.,-1.,0.));
#8937=DIRECTION('',(0.,0.,-1.));
#8938=DIRECTION('',(0.,-1.,0.));
#8939=DIRECTION('',(0.,1.,0.));
#8940=DIRECTION('',(0.,0.,1.));
#8941=DIRECTION('',(0.,-1.,0.));
#8942=DIRECTION('',(0.,-1.,0.));
#8943=DIRECTION('',(0.,0.,-1.));
#8944=DIRECTION('',(0.,-1.,0.));
#8945=DIRECTION('',(0.,-1.,0.));
#8946=DIRECTION('',(-1.14958480846707E-15,0.,1.));
#8947=DIRECTION('',(1.,0.,1.14958480846707E-15));
#8948=DIRECTION('',(0.,-1.,0.));
#8949=DIRECTION('',(0.,-1.,0.));
#8950=DIRECTION('',(0.,0.,-1.));
#8951=DIRECTION('',(0.,-1.,0.));
#8952=DIRECTION('',(-1.14958480846707E-15,0.,1.));
#8953=DIRECTION('',(1.,0.,1.14958480846707E-15));
#8954=DIRECTION('',(0.,-1.,0.));
#8955=DIRECTION('',(0.,-1.,0.));
#8956=DIRECTION('',(0.,0.,-1.));
#8957=DIRECTION('',(0.,-1.,0.));
#8958=DIRECTION('',(-1.14958480846707E-15,0.,1.));
#8959=DIRECTION('',(1.,0.,1.14958480846707E-15));
#8960=DIRECTION('',(0.,-1.,0.));
#8961=DIRECTION('',(0.,-1.,0.));
#8962=DIRECTION('',(0.,0.,-1.));
#8963=DIRECTION('',(0.,-1.,0.));
#8964=DIRECTION('',(0.,-1.,0.));
#8965=DIRECTION('',(0.,0.,-1.));
#8966=DIRECTION('',(0.,-1.,0.));
#8967=DIRECTION('',(0.,0.,-1.));
#8968=DIRECTION('',(-1.14958480846707E-15,0.,1.));
#8969=DIRECTION('',(1.,0.,1.14958480846707E-15));
#8970=DIRECTION('',(1.14958480846707E-15,0.,-1.));
#8971=DIRECTION('',(-1.,0.,-1.14958480846707E-15));
#8972=DIRECTION('',(1.14958480846707E-15,0.,-1.));
#8973=DIRECTION('',(-1.,0.,-1.14958480846707E-15));
#8974=DIRECTION('',(6.12809923578764E-17,1.,7.04476978624012E-32));
#8975=DIRECTION('',(1.,0.,1.14958480846707E-15));
#8976=DIRECTION('',(1.14958480846707E-15,0.,-1.));
#8977=DIRECTION('',(-1.,0.,-1.14958480846707E-15));
#8978=DIRECTION('',(1.,0.,1.14958480846707E-15));
#8979=DIRECTION('',(1.,0.,1.14958480846707E-15));
#8980=DIRECTION('',(-1.14958480846707E-15,0.,1.));
#8981=DIRECTION('',(-1.,0.,-1.14958480846707E-15));
#8982=DIRECTION('',(1.14958480846707E-15,0.,-1.));
#8983=DIRECTION('',(-1.,0.,-1.14958480846707E-15));
#8984=DIRECTION('',(1.14958480846707E-15,0.,-1.));
#8985=DIRECTION('',(-1.,0.,-1.14958480846707E-15));
#8986=DIRECTION('',(-1.14958480846707E-15,0.,1.));
#8987=DIRECTION('',(-1.,0.,-1.14958480846707E-15));
#8988=DIRECTION('',(0.,1.,0.));
#8989=DIRECTION('',(1.,0.,-6.12323399573676E-17));
#8990=DIRECTION('',(0.,1.,0.));
#8991=DIRECTION('',(1.,0.,-6.12323399573676E-17));
#8992=DIRECTION('',(-1.14958480846707E-15,0.,1.));
#8993=DIRECTION('',(-1.,0.,-1.14958480846707E-15));
#8994=DIRECTION('',(1.,0.,1.14958480846707E-15));
#8995=DIRECTION('',(1.,0.,-6.12323399573676E-17));
#8996=DIRECTION('',(0.,1.,0.));
#8997=DIRECTION('',(1.,0.,-6.12323399573676E-17));
#8998=DIRECTION('',(0.,1.,0.));
#8999=DIRECTION('',(1.,0.,-6.12323399573676E-17));
#9000=DIRECTION('',(1.,0.,1.14958480846707E-15));
#9001=DIRECTION('',(1.14958480846707E-15,0.,-1.));
#9002=DIRECTION('',(-1.,0.,-1.14958480846707E-15));
#9003=DIRECTION('',(1.,0.,-6.12323399573676E-17));
#9004=DIRECTION('',(0.,1.,0.));
#9005=DIRECTION('',(1.,0.,-6.12323399573676E-17));
#9006=DIRECTION('',(0.,1.,0.));
#9007=DIRECTION('',(-1.14958480846707E-15,0.,1.));
#9008=DIRECTION('',(-1.,0.,-1.14958480846707E-15));
#9009=DIRECTION('',(6.12809923578764E-17,1.,7.04476978624012E-32));
#9010=DIRECTION('',(0.,-1.,0.));
#9011=DIRECTION('',(1.,0.,-6.12323399573676E-17));
#9012=DIRECTION('',(1.,0.,1.14958480846707E-15));
#9013=DIRECTION('',(1.14958480846707E-15,0.,-1.));
#9014=DIRECTION('',(-1.,0.,-1.14958480846707E-15));
#9015=DIRECTION('',(1.,0.,-6.12323399573676E-17));
#9016=DIRECTION('',(0.,-1.,0.));
#9017=DIRECTION('',(0.,-1.,0.));
#9018=DIRECTION('',(0.,0.,-1.));
#9019=DIRECTION('',(0.,-1.,0.));
#9020=DIRECTION('',(0.,0.,-1.));
#9021=DIRECTION('',(0.,-1.,0.));
#9022=DIRECTION('',(-1.14958480846707E-15,0.,1.));
#9023=DIRECTION('',(1.,0.,1.14958480846707E-15));
#9024=DIRECTION('',(1.,0.,-6.12323399573676E-17));
#9025=DIRECTION('',(0.,-1.,0.));
#9026=DIRECTION('',(0.,-1.,0.));
#9027=DIRECTION('',(0.,0.,-1.));
#9028=DIRECTION('',(0.,-1.,0.));
#9029=DIRECTION('',(0.,0.,-1.));
#9030=DIRECTION('',(0.,-1.,0.));
#9031=DIRECTION('',(-1.14958480846707E-15,0.,1.));
#9032=DIRECTION('',(1.,0.,1.14958480846707E-15));
#9033=DIRECTION('',(1.,0.,-6.12323399573676E-17));
#9034=DIRECTION('',(0.,-1.,0.));
#9035=DIRECTION('',(0.,-1.,0.));
#9036=DIRECTION('',(0.,0.,-1.));
#9037=DIRECTION('',(0.,-1.,0.));
#9038=DIRECTION('',(0.,0.,-1.));
#9039=DIRECTION('',(0.,-1.,0.));
#9040=DIRECTION('',(0.,1.,0.));
#9041=DIRECTION('',(0.,0.,1.));
#9042=DIRECTION('',(1.,0.,-6.12323399573676E-17));
#9043=DIRECTION('',(0.,-1.,0.));
#9044=DIRECTION('',(0.,0.,-1.));
#9045=DIRECTION('',(1.14958480846707E-15,0.,-1.));
#9046=DIRECTION('',(0.,1.,0.));
#9047=DIRECTION('',(0.,0.,1.));
#9048=DIRECTION('',(0.,1.,0.));
#9049=DIRECTION('',(0.,0.,1.));
#9050=DIRECTION('',(-1.14958480846707E-15,0.,1.));
#9051=DIRECTION('',(1.,0.,1.14958480846707E-15));
#9052=DIRECTION('',(0.,-1.,0.));
#9053=DIRECTION('',(0.,1.,0.));
#9054=DIRECTION('',(0.,0.,1.));
#9055=DIRECTION('',(0.,1.,0.));
#9056=DIRECTION('',(0.,0.,1.));
#9057=DIRECTION('',(0.,1.,0.));
#9058=DIRECTION('',(0.,0.,1.));
#9059=DIRECTION('',(0.,1.,0.));
#9060=DIRECTION('',(0.,0.,1.));
#9061=DIRECTION('',(0.,1.,0.));
#9062=DIRECTION('',(0.,0.,1.));
#9063=DIRECTION('',(0.,1.,0.));
#9064=DIRECTION('',(0.,0.,1.));
#9065=DIRECTION('',(0.,1.,0.));
#9066=DIRECTION('',(0.,0.,1.));
#9067=DIRECTION('',(0.,1.,0.));
#9068=DIRECTION('',(0.,0.,1.));
#9069=DIRECTION('',(1.14958480846707E-15,0.,-1.));
#9070=DIRECTION('',(0.,1.,0.));
#9071=DIRECTION('',(0.,0.,1.));
#9072=DIRECTION('',(0.,1.,0.));
#9073=DIRECTION('',(0.,0.,1.));
#9074=DIRECTION('',(0.,1.,0.));
#9075=DIRECTION('',(0.,0.,1.));
#9076=DIRECTION('',(0.,1.,0.));
#9077=DIRECTION('',(0.,0.,1.));
#9078=DIRECTION('',(0.,1.,0.));
#9079=DIRECTION('',(0.,0.,1.));
#9080=DIRECTION('',(0.,1.,0.));
#9081=DIRECTION('',(0.,0.,1.));
#9082=DIRECTION('',(0.,-1.,0.));
#9083=DIRECTION('',(0.,0.,-1.));
#9084=DIRECTION('',(0.,1.,0.));
#9085=DIRECTION('',(0.,0.,1.));
#9086=DIRECTION('',(0.,1.,0.));
#9087=DIRECTION('',(0.,0.,1.));
#9088=DIRECTION('',(0.,1.,0.));
#9089=DIRECTION('',(0.,0.,1.));
#9090=DIRECTION('',(0.,1.,0.));
#9091=DIRECTION('',(0.,0.,1.));
#9092=DIRECTION('',(0.,1.,0.));
#9093=DIRECTION('',(0.,0.,1.));
#9094=DIRECTION('',(0.,1.,0.));
#9095=DIRECTION('',(0.,0.,1.));
#9096=DIRECTION('',(0.,1.,0.));
#9097=DIRECTION('',(0.,0.,1.));
#9098=DIRECTION('',(0.,1.,0.));
#9099=DIRECTION('',(0.,0.,1.));
#9100=DIRECTION('',(0.,1.,0.));
#9101=DIRECTION('',(0.,0.,1.));
#9102=DIRECTION('',(0.,1.,0.));
#9103=DIRECTION('',(0.,0.,1.));
#9104=DIRECTION('',(1.14958480846707E-15,0.,-1.));
#9105=DIRECTION('',(-1.,0.,-1.14958480846707E-15));
#9106=DIRECTION('',(1.14958480846707E-15,0.,-1.));
#9107=DIRECTION('',(-1.,0.,-1.14958480846707E-15));
#9108=DIRECTION('',(1.14958480846707E-15,0.,-1.));
#9109=DIRECTION('',(-1.,0.,-1.14958480846707E-15));
#9110=DIRECTION('',(-1.14958480846707E-15,0.,1.));
#9111=DIRECTION('',(-1.,0.,-1.14958480846707E-15));
#9112=DIRECTION('',(1.14958480846707E-15,0.,-1.));
#9113=DIRECTION('',(1.,0.,1.14958480846707E-15));
#9114=DIRECTION('',(1.14958480846707E-15,0.,-1.));
#9115=DIRECTION('',(-1.,0.,-1.14958480846707E-15));
#9116=DIRECTION('',(1.14958480846707E-15,0.,-1.));
#9117=DIRECTION('',(-1.,0.,-1.14958480846707E-15));
#9118=DIRECTION('',(1.14958480846707E-15,0.,-1.));
#9119=DIRECTION('',(1.,0.,1.14958480846707E-15));
#9120=DIRECTION('',(0.,-1.,0.));
#9121=DIRECTION('',(0.,0.,-1.));
#9122=DIRECTION('',(0.,-1.,0.));
#9123=DIRECTION('',(0.,0.,-1.));
#9124=DIRECTION('',(4.07059435055245E-18,-0.802955068546966,0.59603956067927));
#9125=DIRECTION('',(0.,-0.59603956067927,-0.802955068546966));
#9126=DIRECTION('',(-3.41470148886883E-18,0.866025403784439,-0.5));
#9127=DIRECTION('',(-1.,-2.95721823570095E-18,1.70735074443442E-18));
#9128=DIRECTION('',(-3.41470148886883E-18,0.866025403784439,-0.5));
#9129=DIRECTION('',(-5.91443647140191E-18,-0.5,-0.866025403784439));
#9130=DIRECTION('',(0.,1.,0.));
#9131=DIRECTION('',(0.,0.,1.));
#9132=DIRECTION('',(0.,1.,0.));
#9133=DIRECTION('',(0.,0.,1.));
#9134=DIRECTION('',(0.,1.,0.));
#9135=DIRECTION('',(0.,0.,1.));
#9136=DIRECTION('',(0.,1.,0.));
#9137=DIRECTION('',(0.,0.,1.));
#9138=DIRECTION('',(0.,1.,0.));
#9139=DIRECTION('',(0.,0.,1.));
#9140=DIRECTION('',(0.,1.,0.));
#9141=DIRECTION('',(0.,0.,1.));
#9142=DIRECTION('',(0.,1.,0.));
#9143=DIRECTION('',(0.,0.,1.));
#9144=DIRECTION('',(0.,1.,0.));
#9145=DIRECTION('',(0.,0.,1.));
#9146=DIRECTION('',(0.,1.,0.));
#9147=DIRECTION('',(0.,0.,1.));
#9148=DIRECTION('',(0.,1.,0.));
#9149=DIRECTION('',(0.,0.,1.));
#9150=DIRECTION('',(0.,1.,0.));
#9151=DIRECTION('',(0.,0.,1.));
#9152=DIRECTION('',(0.,1.,0.));
#9153=DIRECTION('',(0.,0.,1.));
#9154=DIRECTION('',(0.,1.,0.));
#9155=DIRECTION('',(0.,0.,1.));
#9156=DIRECTION('',(0.,1.,0.));
#9157=DIRECTION('',(0.,0.,1.));
#9158=DIRECTION('',(0.,1.,0.));
#9159=DIRECTION('',(0.,0.,1.));
#9160=DIRECTION('',(0.,1.,0.));
#9161=DIRECTION('',(0.,0.,1.));
#9162=DIRECTION('',(-1.,6.12809923578764E-17,-1.14958480846707E-15));
#9163=DIRECTION('',(-1.14958480846707E-15,0.,1.));
#9164=DIRECTION('',(1.14958480846707E-15,0.,-1.));
#9165=DIRECTION('',(-1.13317023233599E-15,0.123724030206484,0.992316665359131));
#9166=DIRECTION('',(0.,1.,0.));
#9167=DIRECTION('',(1.14833409503513E-15,0.123724030206484,-0.992316665359131));
#9168=DIRECTION('',(-0.122787803968973,-0.984807753012208,-0.122787803968973));
#9169=DIRECTION('',(-0.696364240320018,0.17364817766693,-0.69636424032002));
#9170=DIRECTION('',(-0.707106781186548,0.,0.707106781186547));
#9171=DIRECTION('',(-0.122787803968973,0.984807753012208,-0.122787803968973));
#9172=DIRECTION('',(-0.696364240320018,-0.17364817766693,-0.69636424032002));
#9173=DIRECTION('',(-0.707106781186548,0.,0.707106781186547));
#9174=DIRECTION('',(-0.707106781186547,0.,-0.707106781186548));
#9175=DIRECTION('',(-0.707106781186548,0.,0.707106781186547));
#9176=DIRECTION('',(0.122787803968973,0.984807753012208,-0.122787803968973));
#9177=DIRECTION('',(0.696364240320018,-0.17364817766693,-0.69636424032002));
#9178=DIRECTION('',(0.707106781186548,0.,0.707106781186547));
#9179=DIRECTION('',(0.122787803968973,-0.984807753012208,-0.122787803968973));
#9180=DIRECTION('',(0.696364240320018,0.17364817766693,-0.69636424032002));
#9181=DIRECTION('',(0.707106781186548,0.,0.707106781186547));
#9182=DIRECTION('',(-0.707106781186547,0.,0.707106781186548));
#9183=DIRECTION('',(0.707106781186548,0.,0.707106781186547));
#9184=DIRECTION('',(0.,1.,0.));
#9185=DIRECTION('',(0.,0.,-1.));
#9186=DIRECTION('',(0.,1.,0.));
#9187=DIRECTION('',(0.,0.,1.));
#9188=DIRECTION('',(-4.07059435055245E-18,-0.802955068546966,-0.59603956067927));
#9189=DIRECTION('',(0.,0.59603956067927,-0.802955068546966));
#9190=DIRECTION('',(0.,1.,0.));
#9191=DIRECTION('',(0.,0.,-1.));
#9192=DIRECTION('',(0.,-1.,0.));
#9193=DIRECTION('',(0.,0.,-1.));
#9194=DIRECTION('',(0.,1.,0.));
#9195=DIRECTION('',(0.,1.,0.));
#9196=DIRECTION('',(0.,0.,1.));
#9197=DIRECTION('',(-3.41470148886883E-18,-0.866025403784439,-0.5));
#9198=DIRECTION('',(-1.,2.95721823570095E-18,1.70735074443442E-18));
#9199=DIRECTION('',(3.41470148886883E-18,0.866025403784439,0.5));
#9200=DIRECTION('',(-5.91443647140191E-18,0.5,-0.866025403784439));
#9201=DIRECTION('',(0.,1.,0.));
#9202=DIRECTION('',(0.,0.,-1.));
#9203=DIRECTION('',(0.,1.,0.));
#9204=DIRECTION('',(0.,0.,1.));
#9205=DIRECTION('',(0.,1.,0.));
#9206=DIRECTION('',(0.,-1.,0.));
#9207=DIRECTION('',(0.,0.,-1.));
#9208=DIRECTION('',(0.,1.,0.));
#9209=DIRECTION('',(0.,0.,-1.));
#9210=DIRECTION('',(0.,-1.,0.));
#9211=DIRECTION('',(0.,0.,-1.));
#9212=DIRECTION('',(0.,1.,0.));
#9213=DIRECTION('',(0.,1.,0.));
#9214=DIRECTION('',(0.,0.,1.));
#9215=DIRECTION('',(0.,1.,0.));
#9216=DIRECTION('',(0.,0.,-1.));
#9217=DIRECTION('',(0.,-1.,0.));
#9218=DIRECTION('',(0.,0.,-1.));
#9219=DIRECTION('',(0.,1.,0.));
#9220=DIRECTION('',(0.,1.,0.));
#9221=DIRECTION('',(0.,0.,1.));
#9222=DIRECTION('',(0.,1.,0.));
#9223=DIRECTION('',(0.,0.,-1.));
#9224=DIRECTION('',(0.,-1.,0.));
#9225=DIRECTION('',(0.,0.,-1.));
#9226=DIRECTION('',(0.,-1.,0.));
#9227=DIRECTION('',(0.,0.,-1.));
#9228=DIRECTION('',(0.,-1.,0.));
#9229=DIRECTION('',(0.,0.,1.));
#9230=DIRECTION('',(0.,1.,0.));
#9231=DIRECTION('',(0.,0.,1.));
#9232=DIRECTION('',(0.,1.,0.));
#9233=DIRECTION('',(0.,0.,1.));
#9234=DIRECTION('',(0.,1.,0.));
#9235=DIRECTION('',(0.,0.,1.));
#9236=DIRECTION('',(0.,1.,0.));
#9237=DIRECTION('',(0.,0.,1.));
#9238=DIRECTION('',(0.,1.,0.));
#9239=DIRECTION('',(0.,0.,1.));
#9240=DIRECTION('',(0.,1.,0.));
#9241=DIRECTION('',(0.,0.,1.));
#9242=DIRECTION('',(0.,1.,0.));
#9243=DIRECTION('',(0.,0.,1.));
#9244=DIRECTION('',(0.,1.,0.));
#9245=DIRECTION('',(0.,0.,1.));
#9246=DIRECTION('',(0.,1.,0.));
#9247=DIRECTION('',(0.,0.,1.));
#9248=DIRECTION('',(0.,1.,0.));
#9249=DIRECTION('',(0.,0.,1.));
#9250=DIRECTION('',(0.,1.,0.));
#9251=DIRECTION('',(0.,0.,1.));
#9252=DIRECTION('',(0.,1.,0.));
#9253=DIRECTION('',(0.,0.,1.));
#9254=DIRECTION('',(0.,-1.,0.));
#9255=DIRECTION('',(0.,0.,-1.));
#9256=DIRECTION('',(1.,0.,-6.12323399573676E-17));
#9257=DIRECTION('',(0.,-1.,0.));
#9258=DIRECTION('',(0.,0.,-1.));
#9259=DIRECTION('',(1.,0.,-6.12323399573676E-17));
#9260=DIRECTION('',(0.,-1.,0.));
#9261=DIRECTION('',(0.,0.,-1.));
#9262=DIRECTION('',(1.,0.,-6.12323399573676E-17));
#9263=DIRECTION('',(0.,-1.,0.));
#9264=DIRECTION('',(0.,0.,-1.));
#9265=DIRECTION('',(1.14958480846707E-15,0.,-1.));
#9266=DIRECTION('',(0.,1.,0.));
#9267=DIRECTION('',(0.,0.,1.));
#9268=DIRECTION('',(0.,1.,0.));
#9269=DIRECTION('',(0.,0.,1.));
#9270=DIRECTION('',(0.,-1.,0.));
#9271=DIRECTION('',(0.,0.,1.));
#9272=DIRECTION('',(0.,1.,0.));
#9273=DIRECTION('',(0.,0.,1.));
#9274=DIRECTION('',(0.,-1.,0.));
#9275=DIRECTION('',(0.,0.,1.));
#9276=DIRECTION('',(0.,1.,0.));
#9277=DIRECTION('',(0.,0.,1.));
#9278=DIRECTION('',(0.,1.,0.));
#9279=DIRECTION('',(0.,0.,1.));
#9280=DIRECTION('',(0.,1.,0.));
#9281=DIRECTION('',(0.,0.,1.));
#9282=DIRECTION('',(0.,1.,0.));
#9283=DIRECTION('',(0.,0.,1.));
#9284=DIRECTION('',(0.,1.,0.));
#9285=DIRECTION('',(0.,0.,1.));
#9286=DIRECTION('',(0.,1.,0.));
#9287=DIRECTION('',(0.,0.,1.));
#9288=DIRECTION('',(0.,1.,0.));
#9289=DIRECTION('',(0.,0.,1.));
#9290=DIRECTION('',(0.,1.,0.));
#9291=DIRECTION('',(0.,0.,1.));
#9292=DIRECTION('',(0.,1.,0.));
#9293=DIRECTION('',(0.,0.,1.));
#9294=DIRECTION('',(1.14958480846707E-15,0.,-1.));
#9295=DIRECTION('',(0.,-1.,0.));
#9296=DIRECTION('',(0.,0.,1.));
#9297=DIRECTION('',(0.,1.,0.));
#9298=DIRECTION('',(0.,0.,1.));
#9299=DIRECTION('',(0.,1.,0.));
#9300=DIRECTION('',(0.,0.,1.));
#9301=DIRECTION('',(0.,1.,0.));
#9302=DIRECTION('',(0.,0.,1.));
#9303=DIRECTION('',(0.,1.,0.));
#9304=DIRECTION('',(0.,0.,1.));
#9305=DIRECTION('',(0.,1.,0.));
#9306=DIRECTION('',(0.,0.,1.));
#9307=DIRECTION('',(0.,1.,0.));
#9308=DIRECTION('',(0.,0.,1.));
#9309=DIRECTION('',(0.,1.,0.));
#9310=DIRECTION('',(0.,0.,1.));
#9311=DIRECTION('',(0.,1.,0.));
#9312=DIRECTION('',(0.,0.,1.));
#9313=DIRECTION('',(0.,1.,0.));
#9314=DIRECTION('',(0.,0.,1.));
#9315=DIRECTION('',(0.,-1.,0.));
#9316=DIRECTION('',(0.,0.,1.));
#9317=DIRECTION('',(0.,-1.,0.));
#9318=DIRECTION('',(0.,0.,1.));
#9319=DIRECTION('',(0.,1.,0.));
#9320=DIRECTION('',(0.,0.,-1.));
#9321=DIRECTION('',(-4.07059435055245E-18,-0.802955068546966,-0.59603956067927));
#9322=DIRECTION('',(0.,0.59603956067927,-0.802955068546966));
#9323=DIRECTION('',(0.,1.,0.));
#9324=DIRECTION('',(0.,0.,-1.));
#9325=DIRECTION('',(0.,1.,0.));
#9326=DIRECTION('',(0.,-1.,0.));
#9327=DIRECTION('',(0.,0.,-1.));
#9328=DIRECTION('',(0.,1.,0.));
#9329=DIRECTION('',(-3.41470148886883E-18,-0.866025403784439,-0.5));
#9330=DIRECTION('',(-1.,2.95721823570095E-18,1.70735074443442E-18));
#9331=DIRECTION('',(1.,0.,-6.82940297773767E-18));
#9332=DIRECTION('',(3.41470148886883E-18,0.866025403784439,0.5));
#9333=DIRECTION('',(-5.91443647140191E-18,0.5,-0.866025403784439));
#9334=DIRECTION('',(0.,1.,0.));
#9335=DIRECTION('',(0.,0.,-1.));
#9336=DIRECTION('',(-4.07059435055245E-18,-0.802955068546966,-0.59603956067927));
#9337=DIRECTION('',(0.,0.59603956067927,-0.802955068546966));
#9338=DIRECTION('',(0.,1.,0.));
#9339=DIRECTION('',(0.,0.,-1.));
#9340=DIRECTION('',(0.,1.,0.));
#9341=DIRECTION('',(0.,-1.,0.));
#9342=DIRECTION('',(0.,0.,-1.));
#9343=DIRECTION('',(0.,1.,0.));
#9344=DIRECTION('',(-3.41470148886883E-18,-0.866025403784439,-0.5));
#9345=DIRECTION('',(-1.,2.95721823570095E-18,1.70735074443442E-18));
#9346=DIRECTION('',(1.,0.,-6.82940297773767E-18));
#9347=DIRECTION('',(3.41470148886883E-18,0.866025403784439,0.5));
#9348=DIRECTION('',(-5.91443647140191E-18,0.5,-0.866025403784439));
#9349=DIRECTION('',(0.,1.,0.));
#9350=DIRECTION('',(0.,0.,-1.));
#9351=DIRECTION('',(-4.07059435055245E-18,-0.802955068546966,-0.59603956067927));
#9352=DIRECTION('',(0.,0.59603956067927,-0.802955068546966));
#9353=DIRECTION('',(0.,1.,0.));
#9354=DIRECTION('',(0.,0.,-1.));
#9355=DIRECTION('',(0.,1.,0.));
#9356=DIRECTION('',(0.,-1.,0.));
#9357=DIRECTION('',(0.,0.,-1.));
#9358=DIRECTION('',(0.,1.,0.));
#9359=DIRECTION('',(-3.41470148886883E-18,-0.866025403784439,-0.5));
#9360=DIRECTION('',(-1.,2.95721823570095E-18,1.70735074443442E-18));
#9361=DIRECTION('',(1.,0.,-6.82940297773767E-18));
#9362=DIRECTION('',(3.41470148886883E-18,0.866025403784439,0.5));
#9363=DIRECTION('',(-5.91443647140191E-18,0.5,-0.866025403784439));
#9364=DIRECTION('',(0.,1.,0.));
#9365=DIRECTION('',(0.,0.,-1.));
#9366=DIRECTION('',(-4.07059435055245E-18,-0.802955068546966,-0.59603956067927));
#9367=DIRECTION('',(0.,0.59603956067927,-0.802955068546966));
#9368=DIRECTION('',(0.,1.,0.));
#9369=DIRECTION('',(0.,0.,1.));
#9370=DIRECTION('',(0.,1.,0.));
#9371=DIRECTION('',(0.,0.,-1.));
#9372=DIRECTION('',(0.,1.,0.));
#9373=DIRECTION('',(0.,0.,1.));
#9374=DIRECTION('',(0.,1.,0.));
#9375=DIRECTION('',(0.,-1.,0.));
#9376=DIRECTION('',(0.,0.,-1.));
#9377=DIRECTION('',(-3.41470148886883E-18,-0.866025403784439,-0.5));
#9378=DIRECTION('',(-1.,2.95721823570095E-18,1.70735074443442E-18));
#9379=DIRECTION('',(3.41470148886883E-18,0.866025403784439,0.5));
#9380=DIRECTION('',(-5.91443647140191E-18,0.5,-0.866025403784439));
#9381=DIRECTION('',(0.,1.,0.));
#9382=DIRECTION('',(0.,0.,-1.));
#9383=DIRECTION('',(0.,1.,0.));
#9384=DIRECTION('',(0.,0.,1.));
#9385=DIRECTION('',(-4.07059435055245E-18,-0.802955068546966,-0.59603956067927));
#9386=DIRECTION('',(0.,0.59603956067927,-0.802955068546966));
#9387=DIRECTION('',(0.,1.,0.));
#9388=DIRECTION('',(0.,0.,-1.));
#9389=DIRECTION('',(0.,1.,0.));
#9390=DIRECTION('',(0.,-1.,0.));
#9391=DIRECTION('',(0.,0.,-1.));
#9392=DIRECTION('',(0.,1.,0.));
#9393=DIRECTION('',(0.,1.,0.));
#9394=DIRECTION('',(0.,0.,1.));
#9395=DIRECTION('',(-3.41470148886883E-18,-0.866025403784439,-0.5));
#9396=DIRECTION('',(-1.,2.95721823570095E-18,1.70735074443442E-18));
#9397=DIRECTION('',(1.,0.,-6.82940297773767E-18));
#9398=DIRECTION('',(3.41470148886883E-18,0.866025403784439,0.5));
#9399=DIRECTION('',(-5.91443647140191E-18,0.5,-0.866025403784439));
#9400=DIRECTION('',(0.,1.,0.));
#9401=DIRECTION('',(0.,0.,-1.));
#9402=DIRECTION('',(0.,1.,0.));
#9403=DIRECTION('',(0.,0.,1.));
#9404=DIRECTION('',(-4.07059435055245E-18,-0.802955068546966,-0.59603956067927));
#9405=DIRECTION('',(0.,0.59603956067927,-0.802955068546966));
#9406=DIRECTION('',(0.,1.,0.));
#9407=DIRECTION('',(0.,0.,-1.));
#9408=DIRECTION('',(0.,1.,0.));
#9409=DIRECTION('',(0.,-1.,0.));
#9410=DIRECTION('',(0.,0.,-1.));
#9411=DIRECTION('',(0.,1.,0.));
#9412=DIRECTION('',(0.,1.,0.));
#9413=DIRECTION('',(0.,0.,1.));
#9414=DIRECTION('',(-3.41470148886883E-18,-0.866025403784439,-0.5));
#9415=DIRECTION('',(-1.,2.95721823570095E-18,1.70735074443442E-18));
#9416=DIRECTION('',(1.,0.,-6.82940297773767E-18));
#9417=DIRECTION('',(3.41470148886883E-18,0.866025403784439,0.5));
#9418=DIRECTION('',(-5.91443647140191E-18,0.5,-0.866025403784439));
#9419=DIRECTION('',(0.,1.,0.));
#9420=DIRECTION('',(0.,0.,-1.));
#9421=DIRECTION('',(0.,1.,0.));
#9422=DIRECTION('',(0.,0.,1.));
#9423=DIRECTION('',(-4.07059435055245E-18,-0.802955068546966,-0.59603956067927));
#9424=DIRECTION('',(0.,0.59603956067927,-0.802955068546966));
#9425=DIRECTION('',(0.,1.,0.));
#9426=DIRECTION('',(0.,0.,-1.));
#9427=DIRECTION('',(0.,1.,0.));
#9428=DIRECTION('',(0.,-1.,0.));
#9429=DIRECTION('',(0.,0.,-1.));
#9430=DIRECTION('',(0.,1.,0.));
#9431=DIRECTION('',(0.,1.,0.));
#9432=DIRECTION('',(0.,0.,1.));
#9433=DIRECTION('',(-3.41470148886883E-18,-0.866025403784439,-0.5));
#9434=DIRECTION('',(-1.,2.95721823570095E-18,1.70735074443442E-18));
#9435=DIRECTION('',(1.,0.,-6.82940297773767E-18));
#9436=DIRECTION('',(3.41470148886883E-18,0.866025403784439,0.5));
#9437=DIRECTION('',(-5.91443647140191E-18,0.5,-0.866025403784439));
#9438=DIRECTION('',(0.,1.,0.));
#9439=DIRECTION('',(0.,0.,-1.));
#9440=DIRECTION('',(-4.07059435055245E-18,-0.802955068546966,-0.59603956067927));
#9441=DIRECTION('',(0.,0.59603956067927,-0.802955068546966));
#9442=DIRECTION('',(0.,1.,0.));
#9443=DIRECTION('',(0.,0.,-1.));
#9444=DIRECTION('',(0.,1.,0.));
#9445=DIRECTION('',(0.,-1.,0.));
#9446=DIRECTION('',(0.,0.,-1.));
#9447=DIRECTION('',(0.,1.,0.));
#9448=DIRECTION('',(-3.41470148886883E-18,-0.866025403784439,-0.5));
#9449=DIRECTION('',(-1.,2.95721823570095E-18,1.70735074443442E-18));
#9450=DIRECTION('',(1.,0.,-6.82940297773767E-18));
#9451=DIRECTION('',(3.41470148886883E-18,0.866025403784439,0.5));
#9452=DIRECTION('',(-5.91443647140191E-18,0.5,-0.866025403784439));
#9453=DIRECTION('',(0.,1.,0.));
#9454=DIRECTION('',(0.,0.,-1.));
#9455=DIRECTION('',(-4.07059435055245E-18,-0.802955068546966,-0.59603956067927));
#9456=DIRECTION('',(0.,0.59603956067927,-0.802955068546966));
#9457=DIRECTION('',(0.,1.,0.));
#9458=DIRECTION('',(0.,0.,-1.));
#9459=DIRECTION('',(0.,1.,0.));
#9460=DIRECTION('',(0.,-1.,0.));
#9461=DIRECTION('',(0.,0.,-1.));
#9462=DIRECTION('',(0.,1.,0.));
#9463=DIRECTION('',(-3.41470148886883E-18,-0.866025403784439,-0.5));
#9464=DIRECTION('',(-1.,2.95721823570095E-18,1.70735074443442E-18));
#9465=DIRECTION('',(1.,0.,-6.82940297773767E-18));
#9466=DIRECTION('',(3.41470148886883E-18,0.866025403784439,0.5));
#9467=DIRECTION('',(-5.91443647140191E-18,0.5,-0.866025403784439));
#9468=DIRECTION('',(0.,1.,0.));
#9469=DIRECTION('',(0.,0.,-1.));
#9470=DIRECTION('',(-4.07059435055245E-18,-0.802955068546966,-0.59603956067927));
#9471=DIRECTION('',(0.,0.59603956067927,-0.802955068546966));
#9472=DIRECTION('',(0.,1.,0.));
#9473=DIRECTION('',(0.,0.,-1.));
#9474=DIRECTION('',(0.,1.,0.));
#9475=DIRECTION('',(0.,-1.,0.));
#9476=DIRECTION('',(0.,0.,-1.));
#9477=DIRECTION('',(0.,1.,0.));
#9478=DIRECTION('',(-3.41470148886883E-18,-0.866025403784439,-0.5));
#9479=DIRECTION('',(-1.,2.95721823570095E-18,1.70735074443442E-18));
#9480=DIRECTION('',(1.,0.,-6.82940297773767E-18));
#9481=DIRECTION('',(3.41470148886883E-18,0.866025403784439,0.5));
#9482=DIRECTION('',(-5.91443647140191E-18,0.5,-0.866025403784439));
#9483=DIRECTION('',(0.,1.,0.));
#9484=DIRECTION('',(0.,0.,-1.));
#9485=DIRECTION('',(-4.07059435055245E-18,-0.802955068546966,-0.59603956067927));
#9486=DIRECTION('',(0.,0.59603956067927,-0.802955068546966));
#9487=DIRECTION('',(-3.41470148886883E-18,-0.866025403784439,-0.5));
#9488=DIRECTION('',(-1.,2.95721823570095E-18,1.70735074443442E-18));
#9489=DIRECTION('',(1.,0.,-6.82940297773767E-18));
#9490=DIRECTION('',(3.41470148886883E-18,0.866025403784439,0.5));
#9491=DIRECTION('',(-5.91443647140191E-18,0.5,-0.866025403784439));
#9492=DIRECTION('',(0.,1.,0.));
#9493=DIRECTION('',(0.,0.,-1.));
#9494=DIRECTION('',(0.,1.,0.));
#9495=DIRECTION('',(0.,0.,1.));
#9496=DIRECTION('',(-4.07059435055245E-18,-0.802955068546966,-0.59603956067927));
#9497=DIRECTION('',(0.,0.59603956067927,-0.802955068546966));
#9498=DIRECTION('',(0.,1.,0.));
#9499=DIRECTION('',(0.,0.,-1.));
#9500=DIRECTION('',(0.,1.,0.));
#9501=DIRECTION('',(0.,0.,1.));
#9502=DIRECTION('',(0.,1.,0.));
#9503=DIRECTION('',(0.,-1.,0.));
#9504=DIRECTION('',(0.,0.,-1.));
#9505=DIRECTION('',(-3.41470148886883E-18,-0.866025403784439,-0.5));
#9506=DIRECTION('',(-1.,2.95721823570095E-18,1.70735074443442E-18));
#9507=DIRECTION('',(1.,0.,-6.82940297773767E-18));
#9508=DIRECTION('',(3.41470148886883E-18,0.866025403784439,0.5));
#9509=DIRECTION('',(-5.91443647140191E-18,0.5,-0.866025403784439));
#9510=DIRECTION('',(0.,1.,0.));
#9511=DIRECTION('',(0.,0.,-1.));
#9512=DIRECTION('',(0.,1.,0.));
#9513=DIRECTION('',(0.,0.,1.));
#9514=DIRECTION('',(-4.07059435055245E-18,-0.802955068546966,-0.59603956067927));
#9515=DIRECTION('',(0.,0.59603956067927,-0.802955068546966));
#9516=DIRECTION('',(0.,1.,0.));
#9517=DIRECTION('',(0.,0.,-1.));
#9518=DIRECTION('',(0.,1.,0.));
#9519=DIRECTION('',(0.,-1.,0.));
#9520=DIRECTION('',(0.,0.,-1.));
#9521=DIRECTION('',(0.,1.,0.));
#9522=DIRECTION('',(0.,1.,0.));
#9523=DIRECTION('',(0.,0.,1.));
#9524=DIRECTION('',(-3.41470148886883E-18,-0.866025403784439,-0.5));
#9525=DIRECTION('',(-1.,2.95721823570095E-18,1.70735074443442E-18));
#9526=DIRECTION('',(1.,0.,-6.82940297773767E-18));
#9527=DIRECTION('',(3.41470148886883E-18,0.866025403784439,0.5));
#9528=DIRECTION('',(-5.91443647140191E-18,0.5,-0.866025403784439));
#9529=DIRECTION('',(0.,1.,0.));
#9530=DIRECTION('',(0.,0.,-1.));
#9531=DIRECTION('',(0.,1.,0.));
#9532=DIRECTION('',(0.,0.,1.));
#9533=DIRECTION('',(-4.07059435055245E-18,-0.802955068546966,-0.59603956067927));
#9534=DIRECTION('',(0.,0.59603956067927,-0.802955068546966));
#9535=DIRECTION('',(0.,1.,0.));
#9536=DIRECTION('',(0.,0.,-1.));
#9537=DIRECTION('',(0.,1.,0.));
#9538=DIRECTION('',(0.,-1.,0.));
#9539=DIRECTION('',(0.,0.,-1.));
#9540=DIRECTION('',(0.,1.,0.));
#9541=DIRECTION('',(0.,1.,0.));
#9542=DIRECTION('',(0.,0.,1.));
#9543=DIRECTION('',(-3.41470148886883E-18,-0.866025403784439,-0.5));
#9544=DIRECTION('',(-1.,2.95721823570095E-18,1.70735074443442E-18));
#9545=DIRECTION('',(1.,0.,-6.82940297773767E-18));
#9546=DIRECTION('',(3.41470148886883E-18,0.866025403784439,0.5));
#9547=DIRECTION('',(-5.91443647140191E-18,0.5,-0.866025403784439));
#9548=DIRECTION('',(0.,1.,0.));
#9549=DIRECTION('',(0.,0.,-1.));
#9550=DIRECTION('',(0.,1.,0.));
#9551=DIRECTION('',(0.,-1.,0.));
#9552=DIRECTION('',(0.,0.,-1.));
#9553=DIRECTION('',(0.,1.,0.));
#9554=DIRECTION('',(0.,1.,0.));
#9555=DIRECTION('',(0.,0.,1.));
#9556=DIRECTION('',(0.,1.,0.));
#9557=DIRECTION('',(0.,0.,-1.));
#9558=DIRECTION('',(0.,1.,0.));
#9559=DIRECTION('',(0.,-1.,0.));
#9560=DIRECTION('',(0.,0.,-1.));
#9561=DIRECTION('',(-1.14958480846707E-15,0.,1.));
#9562=DIRECTION('',(1.,0.,1.14958480846707E-15));
#9563=DIRECTION('',(0.,1.,0.));
#9564=DIRECTION('',(1.,0.,-6.12323399573676E-17));
#9565=DIRECTION('',(0.,1.,0.));
#9566=DIRECTION('',(0.,0.,-1.));
#9567=DIRECTION('',(0.,1.,0.));
#9568=DIRECTION('',(0.,-1.,0.));
#9569=DIRECTION('',(0.,0.,-1.));
#9570=DIRECTION('',(-1.14958480846707E-15,0.,1.));
#9571=DIRECTION('',(1.,0.,1.14958480846707E-15));
#9572=DIRECTION('',(0.,1.,0.));
#9573=DIRECTION('',(1.,0.,-6.12323399573676E-17));
#9574=DIRECTION('',(0.,1.,0.));
#9575=DIRECTION('',(0.,0.,-1.));
#9576=DIRECTION('',(0.,1.,0.));
#9577=DIRECTION('',(0.,-1.,0.));
#9578=DIRECTION('',(0.,0.,-1.));
#9579=DIRECTION('',(-1.14958480846707E-15,0.,1.));
#9580=DIRECTION('',(1.,0.,1.14958480846707E-15));
#9581=DIRECTION('',(0.,1.,0.));
#9582=DIRECTION('',(1.,0.,-6.12323399573676E-17));
#9583=DIRECTION('',(0.,1.,0.));
#9584=DIRECTION('',(0.,0.,-1.));
#9585=DIRECTION('',(0.,-1.,0.));
#9586=DIRECTION('',(0.,0.,-1.));
#9587=DIRECTION('',(0.,1.,0.));
#9588=DIRECTION('',(0.,0.,-1.));
#9589=DIRECTION('',(0.,-1.,0.));
#9590=DIRECTION('',(0.,0.,-1.));
#9591=DIRECTION('',(0.,-1.,0.));
#9592=DIRECTION('',(0.,0.,-1.));
#9593=DIRECTION('',(0.,1.,0.));
#9594=DIRECTION('',(0.,0.,-1.));
#9595=DIRECTION('',(0.,-1.,0.));
#9596=DIRECTION('',(0.,0.,-1.));
#9597=DIRECTION('',(0.,1.,0.));
#9598=DIRECTION('',(0.,-1.,0.));
#9599=DIRECTION('',(0.,0.,-1.));
#9600=DIRECTION('',(-1.14958480846707E-15,0.,1.));
#9601=DIRECTION('',(1.,0.,1.14958480846707E-15));
#9602=DIRECTION('',(1.,0.,-6.12323399573676E-17));
#9603=DIRECTION('',(0.,1.,0.));
#9604=DIRECTION('',(1.,0.,-6.12323399573676E-17));
#9605=DIRECTION('',(0.,1.,0.));
#9606=DIRECTION('',(0.,0.,-1.));
#9607=DIRECTION('',(0.,-1.,0.));
#9608=DIRECTION('',(0.,0.,-1.));
#9609=DIRECTION('',(0.,1.,0.));
#9610=DIRECTION('',(0.,-1.,0.));
#9611=DIRECTION('',(0.,0.,-1.));
#9612=DIRECTION('',(-1.14958480846707E-15,0.,1.));
#9613=DIRECTION('',(1.,0.,1.14958480846707E-15));
#9614=DIRECTION('',(1.,0.,-6.12323399573676E-17));
#9615=DIRECTION('',(0.,1.,0.));
#9616=DIRECTION('',(1.,0.,-6.12323399573676E-17));
#9617=DIRECTION('',(0.,1.,0.));
#9618=DIRECTION('',(0.,0.,-1.));
#9619=DIRECTION('',(0.,-1.,0.));
#9620=DIRECTION('',(0.,0.,-1.));
#9621=DIRECTION('',(0.,1.,0.));
#9622=DIRECTION('',(0.,-1.,0.));
#9623=DIRECTION('',(0.,0.,-1.));
#9624=DIRECTION('',(0.,-1.,0.));
#9625=DIRECTION('',(0.,0.,1.));
#9626=DIRECTION('',(0.,1.,0.));
#9627=DIRECTION('',(0.,0.,1.));
#9628=DIRECTION('',(1.14958480846707E-15,0.,-1.));
#9629=DIRECTION('',(0.,-1.,0.));
#9630=DIRECTION('',(0.,0.,-1.));
#9631=DIRECTION('',(1.,0.,-6.12323399573676E-17));
#9632=DIRECTION('',(0.,1.,0.));
#9633=DIRECTION('',(0.,0.,1.));
#9634=DIRECTION('',(-1.14958480846707E-15,0.,1.));
#9635=DIRECTION('',(1.,0.,1.14958480846707E-15));
#9636=DIRECTION('',(0.,1.,0.));
#9637=DIRECTION('',(1.,0.,-6.12323399573676E-17));
#9638=DIRECTION('',(0.,-1.,0.));
#9639=DIRECTION('',(0.,0.,1.));
#9640=DIRECTION('',(0.,1.,0.));
#9641=DIRECTION('',(0.,0.,1.));
#9642=DIRECTION('',(0.,-1.,0.));
#9643=DIRECTION('',(0.,0.,1.));
#9644=DIRECTION('',(0.,1.,0.));
#9645=DIRECTION('',(0.,0.,1.));
#9646=DIRECTION('',(0.,1.,0.));
#9647=DIRECTION('',(0.,0.,1.));
#9648=DIRECTION('',(0.,1.,0.));
#9649=DIRECTION('',(0.,0.,1.));
#9650=DIRECTION('',(1.14958480846707E-15,0.,-1.));
#9651=DIRECTION('',(0.,1.,0.));
#9652=DIRECTION('',(0.,0.,1.));
#9653=DIRECTION('',(0.,1.,0.));
#9654=DIRECTION('',(0.,0.,1.));
#9655=DIRECTION('',(0.,1.,0.));
#9656=DIRECTION('',(0.,0.,1.));
#9657=DIRECTION('',(0.,1.,0.));
#9658=DIRECTION('',(0.,0.,1.));
#9659=DIRECTION('',(0.,1.,0.));
#9660=DIRECTION('',(0.,0.,1.));
#9661=DIRECTION('',(0.,1.,0.));
#9662=DIRECTION('',(0.,0.,1.));
#9663=DIRECTION('',(0.,1.,0.));
#9664=DIRECTION('',(1.,0.,0.));
#9665=DIRECTION('',(0.,1.,0.));
#9666=DIRECTION('',(0.,0.,1.));
#9667=DIRECTION('',(0.,-1.,0.));
#9668=DIRECTION('',(0.,0.,-1.));
#9669=DIRECTION('',(1.,0.,-6.82940297773767E-18));
#9670=DIRECTION('',(0.,-1.,0.));
#9671=DIRECTION('',(0.,0.,1.));
#9672=DIRECTION('',(0.,1.,0.));
#9673=DIRECTION('',(0.,0.,1.));
#9674=DIRECTION('',(0.,1.,0.));
#9675=DIRECTION('',(0.,0.,1.));
#9676=DIRECTION('',(0.,1.,0.));
#9677=DIRECTION('',(0.,0.,1.));
#9678=DIRECTION('',(0.,1.,0.));
#9679=DIRECTION('',(0.,0.,1.));
#9680=DIRECTION('',(0.,1.,0.));
#9681=DIRECTION('',(0.,0.,1.));
#9682=DIRECTION('',(0.,1.,0.));
#9683=DIRECTION('',(0.,0.,1.));
#9684=DIRECTION('',(0.,1.,0.));
#9685=DIRECTION('',(0.,0.,1.));
#9686=DIRECTION('',(0.,1.,0.));
#9687=DIRECTION('',(0.,0.,1.));
#9688=DIRECTION('',(0.,1.,0.));
#9689=DIRECTION('',(0.,0.,1.));
#9690=DIRECTION('',(1.14958480846707E-15,0.,-1.));
#9691=DIRECTION('',(-1.,0.,-1.14958480846707E-15));
#9692=DIRECTION('',(1.14958480846707E-15,0.,-1.));
#9693=DIRECTION('',(-1.,0.,-1.14958480846707E-15));
#9694=DIRECTION('',(1.14958480846707E-15,0.,-1.));
#9695=DIRECTION('',(-1.,0.,-1.14958480846707E-15));
#9696=DIRECTION('',(1.14958480846707E-15,0.,-1.));
#9697=DIRECTION('',(-1.,0.,-1.14958480846707E-15));
#9698=DIRECTION('',(1.14958480846707E-15,0.,-1.));
#9699=DIRECTION('',(1.,0.,1.14958480846707E-15));
#9700=DIRECTION('',(1.14958480846707E-15,0.,-1.));
#9701=DIRECTION('',(-1.,0.,-1.14958480846707E-15));
#9702=DIRECTION('',(-1.14958480846707E-15,0.,1.));
#9703=DIRECTION('',(-1.,0.,-1.14958480846707E-15));
#9704=DIRECTION('',(1.14958480846707E-15,0.,-1.));
#9705=DIRECTION('',(1.,0.,1.14958480846707E-15));
#9706=DIRECTION('',(0.,1.,0.));
#9707=DIRECTION('',(0.,0.,-1.));
#9708=DIRECTION('',(-3.41470148886883E-18,-0.866025403784439,-0.5));
#9709=DIRECTION('',(-1.,2.95721823570095E-18,1.70735074443442E-18));
#9710=DIRECTION('',(3.41470148886883E-18,0.866025403784439,0.5));
#9711=DIRECTION('',(-5.91443647140191E-18,0.5,-0.866025403784439));
#9712=DIRECTION('',(0.,1.,0.));
#9713=DIRECTION('',(0.,0.,-1.));
#9714=DIRECTION('',(-4.07059435055245E-18,-0.802955068546966,-0.59603956067927));
#9715=DIRECTION('',(0.,0.59603956067927,-0.802955068546966));
#9716=DIRECTION('',(0.,-1.,0.));
#9717=DIRECTION('',(0.,0.,1.));
#9718=DIRECTION('',(0.,-1.,0.));
#9719=DIRECTION('',(0.,0.,1.));
#9720=DIRECTION('',(0.,-1.,0.));
#9721=DIRECTION('',(0.,0.,1.));
#9722=DIRECTION('',(0.,-1.,0.));
#9723=DIRECTION('',(0.,0.,1.));
#9724=DIRECTION('',(0.,-1.,0.));
#9725=DIRECTION('',(0.,0.,1.));
#9726=DIRECTION('',(0.,-1.,0.));
#9727=DIRECTION('',(0.,0.,1.));
#9728=DIRECTION('',(0.,-1.,0.));
#9729=DIRECTION('',(0.,0.,1.));
#9730=DIRECTION('',(0.,-1.,0.));
#9731=DIRECTION('',(0.,0.,1.));
#9732=DIRECTION('',(0.,-1.,0.));
#9733=DIRECTION('',(0.,0.,1.));
#9734=DIRECTION('',(0.,-1.,0.));
#9735=DIRECTION('',(0.,0.,1.));
#9736=DIRECTION('',(0.,-1.,0.));
#9737=DIRECTION('',(0.,0.,1.));
#9738=DIRECTION('',(0.,-1.,0.));
#9739=DIRECTION('',(0.,0.,1.));
#9740=DIRECTION('',(0.,-1.,0.));
#9741=DIRECTION('',(0.,0.,1.));
#9742=DIRECTION('',(0.,-1.,0.));
#9743=DIRECTION('',(0.,0.,1.));
#9744=DIRECTION('',(0.,-1.,0.));
#9745=DIRECTION('',(0.,0.,1.));
#9746=DIRECTION('',(0.,-1.,0.));
#9747=DIRECTION('',(0.,0.,1.));
#9748=DIRECTION('',(-0.122787803968973,0.984807753012208,-0.122787803968973));
#9749=DIRECTION('',(-0.696364240320018,-0.17364817766693,-0.69636424032002));
#9750=DIRECTION('',(-0.707106781186548,0.,0.707106781186547));
#9751=DIRECTION('',(-0.122787803968973,-0.984807753012208,-0.122787803968973));
#9752=DIRECTION('',(-0.696364240320018,0.17364817766693,-0.69636424032002));
#9753=DIRECTION('',(-0.707106781186548,0.,0.707106781186547));
#9754=DIRECTION('',(-0.707106781186547,0.,-0.707106781186548));
#9755=DIRECTION('',(-0.707106781186548,0.,0.707106781186547));
#9756=DIRECTION('',(0.122787803968973,-0.984807753012208,-0.122787803968973));
#9757=DIRECTION('',(0.696364240320018,0.17364817766693,-0.69636424032002));
#9758=DIRECTION('',(0.707106781186548,0.,0.707106781186547));
#9759=DIRECTION('',(0.122787803968973,0.984807753012208,-0.122787803968973));
#9760=DIRECTION('',(0.696364240320018,-0.17364817766693,-0.69636424032002));
#9761=DIRECTION('',(0.707106781186548,0.,0.707106781186547));
#9762=DIRECTION('',(-0.707106781186547,0.,0.707106781186548));
#9763=DIRECTION('',(0.707106781186548,0.,0.707106781186547));
#9764=DIRECTION('',(-1.,6.12809923578764E-17,-1.14958480846707E-15));
#9765=DIRECTION('',(-1.14958480846707E-15,0.,1.));
#9766=DIRECTION('',(0.,1.,0.));
#9767=DIRECTION('',(0.,0.,1.));
#9768=DIRECTION('',(0.,-1.,0.));
#9769=DIRECTION('',(0.,0.,-1.));
#9770=DIRECTION('',(0.,-1.,0.));
#9771=DIRECTION('',(0.,-1.,0.));
#9772=DIRECTION('',(0.,-1.,0.));
#9773=DIRECTION('',(0.,-1.,0.));
#9774=DIRECTION('',(0.,-1.,0.));
#9775=DIRECTION('',(0.,-1.,0.));
#9776=DIRECTION('',(0.,-1.,0.));
#9777=DIRECTION('',(0.,-1.,0.));
#9778=DIRECTION('',(0.,-1.,0.));
#9779=DIRECTION('',(0.,-1.,0.));
#9780=DIRECTION('',(-0.941094974504352,0.,0.338142350146581));
#9781=DIRECTION('',(0.338142350146581,0.,0.941094974504352));
#9782=DIRECTION('',(0.,-1.,0.));
#9783=DIRECTION('',(-0.338142350146581,0.,-0.941094974504352));
#9784=DIRECTION('',(0.,-1.,0.));
#9785=DIRECTION('',(0.,-1.,0.));
#9786=DIRECTION('',(0.,-1.,0.));
#9787=DIRECTION('',(0.,-1.,0.));
#9788=DIRECTION('',(0.,-1.,0.));
#9789=DIRECTION('',(0.,-1.,0.));
#9790=DIRECTION('',(0.,-1.,0.));
#9791=DIRECTION('',(0.,-1.,0.));
#9792=DIRECTION('',(0.,-1.,0.));
#9793=DIRECTION('',(0.,-1.,0.));
#9794=DIRECTION('',(0.,-1.,0.));
#9795=DIRECTION('',(-0.103930416659377,0.,-0.994584570809847));
#9796=DIRECTION('',(0.,-1.,0.));
#9797=DIRECTION('',(0.,-1.,0.));
#9798=DIRECTION('',(0.,0.,-1.));
#9799=DIRECTION('',(0.,-1.,0.));
#9800=DIRECTION('',(-0.293310951628106,0.,-0.956017094855011));
#9801=DIRECTION('',(0.,-1.,0.));
#9802=DIRECTION('',(0.,-1.,0.));
#9803=DIRECTION('',(0.,0.,-1.));
#9804=DIRECTION('',(1.,0.,0.));
#9805=DIRECTION('',(0.,0.,-1.));
#9806=DIRECTION('',(0.,-1.,0.));
#9807=DIRECTION('',(0.,0.,1.));
#9808=DIRECTION('',(0.,-1.,0.));
#9809=DIRECTION('',(0.,-1.,0.));
#9810=DIRECTION('',(1.,0.,0.));
#9811=DIRECTION('',(0.,0.,-1.));
#9812=DIRECTION('',(-1.,0.,0.));
#9813=DIRECTION('',(0.,-1.,0.));
#9814=DIRECTION('',(1.,0.,0.));
#9815=DIRECTION('',(0.,-1.,0.));
#9816=DIRECTION('',(0.942277664816459,0.,-0.334832499002173));
#9817=DIRECTION('',(-0.334832499002173,0.,-0.94227766481646));
#9818=DIRECTION('',(0.,-1.,0.));
#9819=DIRECTION('',(0.334832499002173,0.,0.942277664816459));
#9820=DIRECTION('',(0.,-1.,0.));
#9821=DIRECTION('',(-0.960163768363177,0.,0.279437896360932));
#9822=DIRECTION('',(0.,-1.,0.));
#9823=DIRECTION('',(0.,-1.,0.));
#9824=DIRECTION('',(0.,0.,-1.));
#9825=DIRECTION('',(0.,-1.,0.));
#9826=DIRECTION('',(0.960798520019606,0.,0.277247549904657));
#9827=DIRECTION('',(0.,-1.,0.));
#9828=DIRECTION('',(0.,-1.,0.));
#9829=DIRECTION('',(0.,0.,-1.));
#9830=DIRECTION('',(-0.942317505592499,0.,-0.334720358887728));
#9831=DIRECTION('',(-0.334720358887728,0.,0.942317505592499));
#9832=DIRECTION('',(0.,-1.,0.));
#9833=DIRECTION('',(0.334720358887728,0.,-0.942317505592499));
#9834=DIRECTION('',(0.,0.,-1.));
#9835=DIRECTION('',(-1.,0.,0.));
#9836=DIRECTION('',(0.,-1.,0.));
#9837=DIRECTION('',(1.,0.,0.));
#9838=DIRECTION('',(0.941335699519529,0.,0.337471629637336));
#9839=DIRECTION('',(0.337471629637336,0.,-0.941335699519529));
#9840=DIRECTION('',(0.,-1.,0.));
#9841=DIRECTION('',(-0.337471629637336,0.,0.941335699519529));
#9842=DIRECTION('',(0.,0.,1.));
#9843=DIRECTION('',(1.,0.,0.));
#9844=DIRECTION('',(0.,-1.,0.));
#9845=DIRECTION('',(-1.,0.,0.));
#9846=DIRECTION('',(-0.94081126488676,0.,0.338930913110879));
#9847=DIRECTION('',(0.338930913110879,0.,0.94081126488676));
#9848=DIRECTION('',(-0.338930913110879,0.,-0.94081126488676));
#9849=DIRECTION('',(0.,-1.,0.));
#9850=DIRECTION('',(1.,0.,0.));
#9851=DIRECTION('',(0.,0.,1.));
#9852=DIRECTION('',(1.,0.,0.));
#9853=DIRECTION('',(0.,-1.,0.));
#9854=DIRECTION('',(-1.,0.,0.));
#9855=DIRECTION('',(0.,-1.,0.));
#9856=DIRECTION('',(-1.,0.,0.));
#9857=DIRECTION('',(0.,0.,1.));
#9858=DIRECTION('',(0.,-1.,0.));
#9859=DIRECTION('',(0.,0.,-1.));
#9860=DIRECTION('',(0.,0.,-1.));
#9861=DIRECTION('',(-1.,0.,0.));
#9862=DIRECTION('',(0.,-1.,0.));
#9863=DIRECTION('',(1.,0.,0.));
#9864=DIRECTION('',(1.,0.,0.));
#9865=DIRECTION('',(0.,0.,-1.));
#9866=DIRECTION('',(0.,-1.,0.));
#9867=DIRECTION('',(0.,0.,1.));
#9868=DIRECTION('',(0.,-1.,0.));
#9869=DIRECTION('',(-0.999795158446899,0.,-0.0202395935270557));
#9870=DIRECTION('',(0.,-1.,0.));
#9871=DIRECTION('',(0.,-1.,0.));
#9872=DIRECTION('',(0.,0.,-1.));
#9873=DIRECTION('',(0.,-1.,0.));
#9874=DIRECTION('',(-0.998604161237669,0.,-0.0528178867317825));
#9875=DIRECTION('',(0.,-1.,0.));
#9876=DIRECTION('',(0.,-1.,0.));
#9877=DIRECTION('',(0.,0.,-1.));
#9878=DIRECTION('',(0.,0.,-1.));
#9879=DIRECTION('',(-1.,0.,0.));
#9880=DIRECTION('',(0.,-1.,0.));
#9881=DIRECTION('',(1.,0.,0.));
#9882=DIRECTION('',(-0.837575690396882,0.,-0.54632130002059));
#9883=DIRECTION('',(-0.54632130002059,0.,0.837575690396882));
#9884=DIRECTION('',(0.,-1.,0.));
#9885=DIRECTION('',(0.54632130002059,0.,-0.837575690396882));
#9886=DIRECTION('',(0.,0.,-1.));
#9887=DIRECTION('',(-1.,0.,0.));
#9888=DIRECTION('',(0.,-1.,0.));
#9889=DIRECTION('',(1.,0.,0.));
#9890=DIRECTION('',(1.,0.,0.));
#9891=DIRECTION('',(0.,0.,-1.));
#9892=DIRECTION('',(0.,-1.,0.));
#9893=DIRECTION('',(0.,0.,1.));
#9894=DIRECTION('',(0.,0.,1.));
#9895=DIRECTION('',(1.,0.,0.));
#9896=DIRECTION('',(0.,-1.,0.));
#9897=DIRECTION('',(-1.,0.,0.));
#9898=DIRECTION('',(-1.,0.,0.));
#9899=DIRECTION('',(0.,0.,1.));
#9900=DIRECTION('',(0.,-1.,0.));
#9901=DIRECTION('',(0.,0.,-1.));
#9902=DIRECTION('',(0.,-1.,0.));
#9903=DIRECTION('',(0.999228789651001,0.,0.0392660913842286));
#9904=DIRECTION('',(0.,-1.,0.));
#9905=DIRECTION('',(0.,-1.,0.));
#9906=DIRECTION('',(0.,0.,-1.));
#9907=DIRECTION('',(0.,0.,1.));
#9908=DIRECTION('',(1.,0.,0.));
#9909=DIRECTION('',(0.,-1.,0.));
#9910=DIRECTION('',(-1.,0.,0.));
#9911=DIRECTION('',(0.83795392199,0.,0.545740986752486));
#9912=DIRECTION('',(0.545740986752486,0.,-0.83795392199));
#9913=DIRECTION('',(-0.545740986752486,0.,0.83795392199));
#9914=DIRECTION('',(0.,-1.,0.));
#9915=DIRECTION('',(1.,0.,0.));
#9916=DIRECTION('',(0.,0.,1.));
#9917=DIRECTION('',(1.,0.,0.));
#9918=DIRECTION('',(0.,-1.,0.));
#9919=DIRECTION('',(-1.,0.,0.));
#9920=DIRECTION('',(0.,-1.,0.));
#9921=DIRECTION('',(-1.,0.,0.));
#9922=DIRECTION('',(0.,0.,1.));
#9923=DIRECTION('',(0.,-1.,0.));
#9924=DIRECTION('',(0.,0.,-1.));
#9925=DIRECTION('',(0.,0.,-1.));
#9926=DIRECTION('',(-1.,0.,0.));
#9927=DIRECTION('',(0.,-1.,0.));
#9928=DIRECTION('',(1.,0.,0.));
#9929=DIRECTION('',(-1.,0.,0.));
#9930=DIRECTION('',(0.,0.,1.));
#9931=DIRECTION('',(0.,-1.,0.));
#9932=DIRECTION('',(0.,0.,-1.));
#9933=DIRECTION('',(0.,0.,1.));
#9934=DIRECTION('',(1.,0.,0.));
#9935=DIRECTION('',(0.,-1.,0.));
#9936=DIRECTION('',(-1.,0.,0.));
#9937=DIRECTION('',(-1.,0.,0.));
#9938=DIRECTION('',(0.,0.,1.));
#9939=DIRECTION('',(0.,-1.,0.));
#9940=DIRECTION('',(0.,0.,-1.));
#9941=DIRECTION('',(0.,0.,-1.));
#9942=DIRECTION('',(-1.,0.,0.));
#9943=DIRECTION('',(0.,-1.,0.));
#9944=DIRECTION('',(1.,0.,0.));
#9945=DIRECTION('',(-1.,0.,0.));
#9946=DIRECTION('',(0.,0.,1.));
#9947=DIRECTION('',(0.,-1.,0.));
#9948=DIRECTION('',(0.,0.,-1.));
#9949=DIRECTION('',(0.,0.,1.));
#9950=DIRECTION('',(1.,0.,0.));
#9951=DIRECTION('',(0.,-1.,0.));
#9952=DIRECTION('',(-1.,0.,0.));
#9953=DIRECTION('',(-1.,0.,0.));
#9954=DIRECTION('',(0.,0.,1.));
#9955=DIRECTION('',(0.,-1.,0.));
#9956=DIRECTION('',(0.,0.,-1.));
#9957=DIRECTION('',(0.,0.,-1.));
#9958=DIRECTION('',(-1.,0.,0.));
#9959=DIRECTION('',(0.,-1.,0.));
#9960=DIRECTION('',(1.,0.,0.));
#9961=DIRECTION('',(1.,0.,0.));
#9962=DIRECTION('',(0.,0.,-1.));
#9963=DIRECTION('',(0.,0.,1.));
#9964=DIRECTION('',(0.,-1.,0.));
#9965=DIRECTION('',(1.,0.,0.));
#9966=DIRECTION('',(1.14958480846707E-15,0.,-1.));
#9967=DIRECTION('',(-1.,0.,-1.14958480846707E-15));
#9968=DIRECTION('',(1.14958480846707E-15,0.,-1.));
#9969=DIRECTION('',(-1.,0.,-1.14958480846707E-15));
#9970=DIRECTION('',(1.14958480846707E-15,0.,-1.));
#9971=DIRECTION('',(-1.,0.,-1.14958480846707E-15));
#9972=DIRECTION('',(1.14958480846707E-15,0.,-1.));
#9973=DIRECTION('',(-1.,0.,-1.14958480846707E-15));
#9974=DIRECTION('',(1.14958480846707E-15,0.,-1.));
#9975=DIRECTION('',(1.,0.,1.14958480846707E-15));
#9976=CARTESIAN_POINT('',(0.,0.,0.));
#9977=CARTESIAN_POINT('',(-0.00150000000000004,-0.023,0.033));
#9978=CARTESIAN_POINT('',(-0.00150000000000004,0.00424264068711928,0.034));
#9979=CARTESIAN_POINT('',(-0.00150000000000004,0.00424264068711928,0.0320666631748199));
#9980=CARTESIAN_POINT('',(-0.0015,0.00424264068711928,-6.41744223478657E-17));
#9981=CARTESIAN_POINT('',(-0.00150000000000004,-0.046,0.0320666631748199));
#9982=CARTESIAN_POINT('',(-0.00150000000000004,0.0165038159548187,0.0320666631748199));
#9983=CARTESIAN_POINT('',(-0.00150000000000002,0.0177905898088426,0.0217462174395386));
#9984=CARTESIAN_POINT('',(-0.00150000000000002,0.018,0.0200666631748199));
#9985=CARTESIAN_POINT('',(-0.00150000000000002,0.019,0.0200666631748199));
#9986=CARTESIAN_POINT('',(-0.00150000000000002,0.02,0.0200666631748199));
#9987=CARTESIAN_POINT('',(-0.00150000000000002,0.0202094101911573,0.0217462174395386));
#9988=CARTESIAN_POINT('',(-0.00150000000000004,0.0214961840451813,0.0320666631748199));
#9989=CARTESIAN_POINT('',(-0.00150000000000004,0.046,0.0320666631748199));
#9990=CARTESIAN_POINT('',(-0.00150000000000004,0.035,0.0320666631748199));
#9991=CARTESIAN_POINT('',(-0.00150000000000005,0.035,0.034829921658229));
#9992=CARTESIAN_POINT('',(-0.00150000000000004,0.035,0.0304712315177208));
#9993=CARTESIAN_POINT('',(-0.00150000000000004,0.04,0.0304712315177208));
#9994=CARTESIAN_POINT('',(-0.00150000000000004,0.038,0.0304712315177208));
#9995=CARTESIAN_POINT('',(-0.00150000000000005,0.038,0.034829921658229));
#9996=CARTESIAN_POINT('',(-0.00150000000000004,0.038,0.0320666631748199));
#9997=CARTESIAN_POINT('',(-0.00150000000000004,0.046,0.0320666631748199));
#9998=CARTESIAN_POINT('',(-0.00150000000000004,0.043,0.0320666631748199));
#9999=CARTESIAN_POINT('',(-0.00150000000000004,0.043,0.0320891215252208));
#10000=CARTESIAN_POINT('',(-0.00150000000000003,0.043,0.0219272825730719));
#10001=CARTESIAN_POINT('',(-0.0015,-0.210617621135332,0.0219272825730719));
#10002=CARTESIAN_POINT('',(-0.00150000000000003,0.046,0.0219272825730719));
#10003=CARTESIAN_POINT('',(-0.00150000000000004,0.046,0.033));
#10004=CARTESIAN_POINT('',(-0.0015,0.046,0.0135917494404404));
#10005=CARTESIAN_POINT('',(-0.0015,0.0445,0.0135917494404403));
#10006=CARTESIAN_POINT('',(-0.0015,0.0454370452254893,0.0135917494404403));
#10007=CARTESIAN_POINT('',(-0.0015,0.0492,0.00707412058440386));
#10008=CARTESIAN_POINT('',(-0.0015,0.0446036337995059,0.0150352603738519));
#10009=CARTESIAN_POINT('',(-0.0015,0.0436331937370066,0.0156175082059599));
#10010=CARTESIAN_POINT('',(-0.0015,0.0440316987927974,0.0156175082059599));
#10011=CARTESIAN_POINT('',(-0.0015,0.0444047439012366,0.0153797477827665));
#10012=CARTESIAN_POINT('',(-0.0015,0.0446036337995059,0.0150352603738519));
#10013=CARTESIAN_POINT('',(-0.0015,0.0436331937370067,0.0156175082059599));
#10014=CARTESIAN_POINT('',(-0.0015,-0.210617621135332,0.0156175082059599));
#10015=CARTESIAN_POINT('',(-0.0015,0.043,0.0156175082059599));
#10016=CARTESIAN_POINT('',(-0.00150000000000004,0.043,0.0320891215252208));
#10017=CARTESIAN_POINT('',(-0.0015,0.043,0.0126252996159991));
#10018=CARTESIAN_POINT('',(-0.0015,-0.210617621135332,0.012625299615999));
#10019=CARTESIAN_POINT('',(-0.0015,0.046,0.0126252996159991));
#10020=CARTESIAN_POINT('',(-0.00150000000000004,0.046,0.033));
#10021=CARTESIAN_POINT('',(-0.0015,0.046,0.010771249994225));
#10022=CARTESIAN_POINT('',(-0.0015,-0.210617621135332,0.0107712499942251));
#10023=CARTESIAN_POINT('',(-0.0015,0.043,0.010771249994225));
#10024=CARTESIAN_POINT('',(-0.00150000000000004,0.043,0.0320891215252208));
#10025=CARTESIAN_POINT('',(-0.0015,0.043,0.00641227766016838));
#10026=CARTESIAN_POINT('',(-0.0015,0.043,0.00641227766016838));
#10027=CARTESIAN_POINT('',(-0.0015,0.046,0.00641227766016838));
#10028=CARTESIAN_POINT('',(-0.00150000000000004,0.046,0.033));
#10029=CARTESIAN_POINT('',(-0.0015,0.046,8.77223398316166E-5));
#10030=CARTESIAN_POINT('',(-0.0015,0.043,8.77223398316166E-5));
#10031=CARTESIAN_POINT('',(-0.0015,0.043,8.77223398316166E-5));
#10032=CARTESIAN_POINT('',(-0.00150000000000004,0.043,0.0320891215252208));
#10033=CARTESIAN_POINT('',(-0.0015,0.043,-3.15456768992366E-18));
#10034=CARTESIAN_POINT('',(-0.0015,0.023,-6.26730645880077E-17));
#10035=CARTESIAN_POINT('',(-0.0015,0.038,-6.26730645880077E-17));
#10036=CARTESIAN_POINT('',(-0.00150000000000005,0.038,0.034829921658229));
#10037=CARTESIAN_POINT('',(-0.00150000000000002,0.038,0.0182413055623025));
#10038=CARTESIAN_POINT('',(-0.00150000000000002,0.04,0.0182413055623025));
#10039=CARTESIAN_POINT('',(-0.00150000000000002,0.035,0.0182413055623025));
#10040=CARTESIAN_POINT('',(-0.00150000000000005,0.035,0.034829921658229));
#10041=CARTESIAN_POINT('',(-0.0015,0.035,-6.26730645880077E-17));
#10042=CARTESIAN_POINT('',(-0.0015,-0.023,-6.26730645880077E-17));
#10043=CARTESIAN_POINT('',(-0.00150000000000003,0.04,0.0263287684822793));
#10044=CARTESIAN_POINT('',(-0.00150000000000003,0.038,0.0263287684822793));
#10045=CARTESIAN_POINT('',(-0.00150000000000003,0.035,0.0263287684822793));
#10046=CARTESIAN_POINT('',(-0.00150000000000005,0.035,0.034829921658229));
#10047=CARTESIAN_POINT('',(-0.00150000000000003,0.035,0.022550837491173));
#10048=CARTESIAN_POINT('',(-0.00150000000000003,0.04,0.022550837491173));
#10049=CARTESIAN_POINT('',(-0.00150000000000003,0.038,0.022550837491173));
#10050=CARTESIAN_POINT('',(-0.00150000000000005,0.038,0.034829921658229));
#10051=CARTESIAN_POINT('',(-0.0015,0.022681094739004,0.0040349216444909));
#10052=CARTESIAN_POINT('',(-0.0015,0.022681094739004,0.0065349216444909));
#10053=CARTESIAN_POINT('',(0.00149999999999996,-0.023,0.033));
#10054=CARTESIAN_POINT('',(0.00149999999999996,0.038,0.034829921658229));
#10055=CARTESIAN_POINT('',(0.00149999999999997,0.038,0.0221985775224732));
#10056=CARTESIAN_POINT('',(0.00149999999999997,0.038,0.0264790627287701));
#10057=CARTESIAN_POINT('',(0.00149999999999997,0.04,0.0221985775224732));
#10058=CARTESIAN_POINT('',(0.00149999999999997,0.035,0.0221985775224732));
#10059=CARTESIAN_POINT('',(0.00149999999999996,0.035,0.034829921658229));
#10060=CARTESIAN_POINT('',(0.00149999999999997,0.035,0.0264790627287701));
#10061=CARTESIAN_POINT('',(0.00149999999999997,0.04,0.0264790627287701));
#10062=CARTESIAN_POINT('',(0.0015,0.022681094739004,0.0040349216444909));
#10063=CARTESIAN_POINT('',(0.0015,0.022681094739004,0.0065349216444909));
#10064=CARTESIAN_POINT('',(0.00149999999999996,-0.046,0.0320666631748199));
#10065=CARTESIAN_POINT('',(0.00149999999999996,0.00424264068711928,0.0320666631748199));
#10066=CARTESIAN_POINT('',(0.00149999999999996,0.0165038159548187,0.0320666631748199));
#10067=CARTESIAN_POINT('',(0.00149999999999996,0.00424264068711928,0.034));
#10068=CARTESIAN_POINT('',(0.0015,0.00424264068711928,-5.92243101626065E-17));
#10069=CARTESIAN_POINT('',(0.0015,-0.023,-5.92243101626065E-17));
#10070=CARTESIAN_POINT('',(0.00149999999999998,0.035,-5.92243101626065E-17));
#10071=CARTESIAN_POINT('',(0.00149999999999996,0.035,0.034829921658229));
#10072=CARTESIAN_POINT('',(0.00149999999999998,0.035,0.0185935655310023));
#10073=CARTESIAN_POINT('',(0.00149999999999998,0.04,0.0185935655310023));
#10074=CARTESIAN_POINT('',(0.00149999999999998,0.038,0.0185935655310023));
#10075=CARTESIAN_POINT('',(0.00149999999999996,0.038,0.034829921658229));
#10076=CARTESIAN_POINT('',(0.00149999999999998,0.038,-5.92243101626065E-17));
#10077=CARTESIAN_POINT('',(0.0015,0.023,-5.92243101626065E-17));
#10078=CARTESIAN_POINT('',(0.0015,0.043,-5.92243101626065E-17));
#10079=CARTESIAN_POINT('',(0.00149999999999996,0.043,0.0320891215252208));
#10080=CARTESIAN_POINT('',(0.0015,0.043,8.77223398316205E-5));
#10081=CARTESIAN_POINT('',(0.0015,0.043,8.77223398316205E-5));
#10082=CARTESIAN_POINT('',(0.0015,0.046,8.77223398316196E-5));
#10083=CARTESIAN_POINT('',(0.00149999999999996,0.046,0.033));
#10084=CARTESIAN_POINT('',(0.0015,0.046,0.00641227766016839));
#10085=CARTESIAN_POINT('',(0.0015,0.043,0.00641227766016839));
#10086=CARTESIAN_POINT('',(0.0015,0.043,0.00641227766016839));
#10087=CARTESIAN_POINT('',(0.00149999999999996,0.043,0.0320891215252208));
#10088=CARTESIAN_POINT('',(0.00149999999999998,0.043,0.0107712499942252));
#10089=CARTESIAN_POINT('',(0.0015,-0.210617621135332,0.0107712499942251));
#10090=CARTESIAN_POINT('',(0.00149999999999998,0.046,0.0107712499942252));
#10091=CARTESIAN_POINT('',(0.00149999999999996,0.046,0.033));
#10092=CARTESIAN_POINT('',(0.00149999999999998,0.046,0.0126252996159989));
#10093=CARTESIAN_POINT('',(0.0015,-0.210617621135332,0.012625299615999));
#10094=CARTESIAN_POINT('',(0.00149999999999998,0.043,0.0126252996159989));
#10095=CARTESIAN_POINT('',(0.00149999999999996,0.043,0.0320891215252208));
#10096=CARTESIAN_POINT('',(0.00149999999999998,0.043,0.0156028201103109));
#10097=CARTESIAN_POINT('',(0.0015,-0.210617621135332,0.0156028201103109));
#10098=CARTESIAN_POINT('',(0.0015,0.0436440968204054,0.0156028201103109));
#10099=CARTESIAN_POINT('',(0.00149999999999998,0.0436440968204054,0.0156028201103109));
#10100=CARTESIAN_POINT('',(0.00149999999999998,0.0440405510923493,0.0156028201103109));
#10101=CARTESIAN_POINT('',(0.00149999999999998,0.0444120719579911,0.015367055216147));
#10102=CARTESIAN_POINT('',(0.00149999999999998,0.0446099545040331,0.0150243125924711));
#10103=CARTESIAN_POINT('',(0.00149999999999998,0.0446099545040331,0.0150243125924711));
#10104=CARTESIAN_POINT('',(0.0015,0.0492,0.00707412058440387));
#10105=CARTESIAN_POINT('',(0.00149999999999998,0.0454620791801301,0.0135483893590881));
#10106=CARTESIAN_POINT('',(0.00149999999999998,0.0445,0.0135483893590881));
#10107=CARTESIAN_POINT('',(0.00149999999999998,0.046,0.0135483893590881));
#10108=CARTESIAN_POINT('',(0.00149999999999996,0.046,0.033));
#10109=CARTESIAN_POINT('',(0.00149999999999997,0.046,0.0219419706687209));
#10110=CARTESIAN_POINT('',(0.00149999999999999,-0.210617621135332,0.0219419706687209));
#10111=CARTESIAN_POINT('',(0.00149999999999997,0.043,0.0219419706687209));
#10112=CARTESIAN_POINT('',(0.00149999999999996,0.043,0.0320891215252208));
#10113=CARTESIAN_POINT('',(0.00149999999999996,0.043,0.0320666631748199));
#10114=CARTESIAN_POINT('',(0.00149999999999996,0.046,0.0320666631748199));
#10115=CARTESIAN_POINT('',(0.00149999999999996,0.038,0.0320666631748199));
#10116=CARTESIAN_POINT('',(0.00149999999999996,0.038,0.034829921658229));
#10117=CARTESIAN_POINT('',(0.00149999999999996,0.038,0.0303209372712299));
#10118=CARTESIAN_POINT('',(0.00149999999999996,0.04,0.0303209372712299));
#10119=CARTESIAN_POINT('',(0.00149999999999996,0.035,0.0303209372712299));
#10120=CARTESIAN_POINT('',(0.00149999999999996,0.035,0.034829921658229));
#10121=CARTESIAN_POINT('',(0.00149999999999996,0.035,0.0320666631748199));
#10122=CARTESIAN_POINT('',(0.00149999999999996,0.046,0.0320666631748199));
#10123=CARTESIAN_POINT('',(0.00149999999999996,0.0214961840451813,0.0320666631748199));
#10124=CARTESIAN_POINT('',(0.00149999999999997,0.0202094101911574,0.0217462174395386));
#10125=CARTESIAN_POINT('',(0.00149999999999998,0.02,0.0200666631748198));
#10126=CARTESIAN_POINT('',(0.00150000000000002,0.019,0.0200666631748199));
#10127=CARTESIAN_POINT('',(0.00149999999999998,0.018,0.0200666631748199));
#10128=CARTESIAN_POINT('',(0.00149999999999997,0.0177905898088426,0.0217462174395386));
#10129=CARTESIAN_POINT('',(0.,-0.046,0.0174139608291145));
#10130=CARTESIAN_POINT('',(-0.00330263470812976,-0.046,0.0176587980849472));
#10131=CARTESIAN_POINT('',(1.54823849302932E-5,-0.046,0.0073806614140475));
#10132=CARTESIAN_POINT('',(0.00333359947799035,-0.046,0.0176587980849472));
#10133=CARTESIAN_POINT('',(0.00149999999999998,-0.046,0.0135483893590881));
#10134=CARTESIAN_POINT('',(0.00333359947799035,-0.046,0.0176587980849472));
#10135=CARTESIAN_POINT('',(0.00149999999999996,-0.046,0.033));
#10136=CARTESIAN_POINT('',(0.00149999999999997,-0.046,0.0219419706687209));
#10137=CARTESIAN_POINT('',(1.54823849303002E-5,-0.046,0.0187723953895159));
#10138=CARTESIAN_POINT('',(-6.93889390390723E-18,-0.046,0.00325));
#10139=CARTESIAN_POINT('',(-0.0015,-0.046,0.00641227766016838));
#10140=CARTESIAN_POINT('',(-0.0015,-0.046,8.77223398316166E-5));
#10141=CARTESIAN_POINT('',(-0.00150000000000004,-0.046,0.033));
#10142=CARTESIAN_POINT('',(1.54823849303002E-5,-0.046,0.0187723953895159));
#10143=CARTESIAN_POINT('',(-0.00150000000000003,-0.046,0.0219272825730719));
#10144=CARTESIAN_POINT('',(-0.00330263470812976,-0.046,0.0176587980849472));
#10145=CARTESIAN_POINT('',(-0.00150000000000004,-0.046,0.033));
#10146=CARTESIAN_POINT('',(-0.0015,-0.046,0.0135917494404404));
#10147=CARTESIAN_POINT('',(-0.00330263470812976,-0.046,0.0176587980849472));
#10148=CARTESIAN_POINT('',(1.54823849302932E-5,-0.046,0.0073806614140475));
#10149=CARTESIAN_POINT('',(0.00333359947799035,-0.046,0.0176587980849472));
#10150=CARTESIAN_POINT('',(0.004875,-0.046,0.011698274805112));
#10151=CARTESIAN_POINT('',(0.00149999999999998,-0.046,0.0107712499942252));
#10152=CARTESIAN_POINT('',(0.00155688290693994,-0.046,0.0105846775005433));
#10153=CARTESIAN_POINT('',(0.00149999999999996,-0.046,0.033));
#10154=CARTESIAN_POINT('',(0.00149999999999998,-0.046,0.0126252996159989));
#10155=CARTESIAN_POINT('',(0.004875,-0.046,0.011698274805112));
#10156=CARTESIAN_POINT('',(0.00819311709306006,-0.046,0.0105846775005433));
#10157=CARTESIAN_POINT('',(0.00155688290693994,-0.046,0.0105846775005433));
#10158=CARTESIAN_POINT('',(0.004875,-0.046,0.000306540829643632));
#10159=CARTESIAN_POINT('',(0.00819311709306006,-0.046,0.0105846775005433));
#10160=CARTESIAN_POINT('',(0.00533075461615461,-0.046,0.00554256258422041));
#10161=CARTESIAN_POINT('',(0.039,-0.046,0.00554256258422041));
#10162=CARTESIAN_POINT('',(0.0044192453838454,-0.046,0.00554256258422041));
#10163=CARTESIAN_POINT('',(0.00155688290693994,-0.046,0.0105846775005433));
#10164=CARTESIAN_POINT('',(0.004875,-0.046,0.000306540829643632));
#10165=CARTESIAN_POINT('',(0.00819311709306006,-0.046,0.0105846775005433));
#10166=CARTESIAN_POINT('',(0.00149999999999996,-0.046,0.033));
#10167=CARTESIAN_POINT('',(0.0015,-0.046,0.00641227766016839));
#10168=CARTESIAN_POINT('',(0.0015,-0.046,8.77223398316196E-5));
#10169=CARTESIAN_POINT('',(-6.93889390390723E-18,-0.046,0.00325));
#10170=CARTESIAN_POINT('',(-0.0515,-0.046,-9.29506920552896E-20));
#10171=CARTESIAN_POINT('',(0.0402990381056766,-0.046,4.293391204431E-20));
#10172=CARTESIAN_POINT('',(0.0497147382493558,-0.046,-6.29056595323582E-18));
#10173=CARTESIAN_POINT('',(4.85722573273506E-17,-0.046,-0.0229128784747792));
#10174=CARTESIAN_POINT('',(-0.0497147382493557,-0.046,-2.0226644648363E-19));
#10175=CARTESIAN_POINT('',(-0.0515,-0.046,-9.29506920552896E-20));
#10176=CARTESIAN_POINT('',(-0.0402990381056766,-0.046,4.33680868994202E-19));
#10177=CARTESIAN_POINT('',(-0.039,-0.046,0.00325));
#10178=CARTESIAN_POINT('',(-0.0377009618943233,-0.046,4.33680868994202E-19));
#10179=CARTESIAN_POINT('',(-0.0515,-0.046,-9.29506920552896E-20));
#10180=CARTESIAN_POINT('',(-0.0305490381056766,-0.046,3.84837499375465E-19));
#10181=CARTESIAN_POINT('',(-0.02925,-0.046,0.00325));
#10182=CARTESIAN_POINT('',(-0.0279509618943234,-0.046,3.84837499375465E-19));
#10183=CARTESIAN_POINT('',(-0.0515,-0.046,-9.29506920552896E-20));
#10184=CARTESIAN_POINT('',(-0.0207990381056767,-0.046,3.35994129756729E-19));
#10185=CARTESIAN_POINT('',(-0.0195,-0.046,0.00325));
#10186=CARTESIAN_POINT('',(-0.0182009618943233,-0.046,3.35994129756729E-19));
#10187=CARTESIAN_POINT('',(-0.0515,-0.046,-9.29506920552896E-20));
#10188=CARTESIAN_POINT('',(-0.0110490381056767,-0.046,2.87150760137992E-19));
#10189=CARTESIAN_POINT('',(-0.00975,-0.046,0.00325));
#10190=CARTESIAN_POINT('',(-0.00845096189432334,-0.046,2.87150760137992E-19));
#10191=CARTESIAN_POINT('',(-0.0515,-0.046,-9.29506920552896E-20));
#10192=CARTESIAN_POINT('',(0.00845096189432333,-0.046,1.8946402090052E-19));
#10193=CARTESIAN_POINT('',(0.00975,-0.046,0.00325));
#10194=CARTESIAN_POINT('',(0.0110490381056767,-0.046,1.8946402090052E-19));
#10195=CARTESIAN_POINT('',(-0.0515,-0.046,-9.29506920552896E-20));
#10196=CARTESIAN_POINT('',(0.0182009618943233,-0.046,1.40620651281783E-19));
#10197=CARTESIAN_POINT('',(0.0195,-0.046,0.00325));
#10198=CARTESIAN_POINT('',(0.0207990381056767,-0.046,1.40620651281783E-19));
#10199=CARTESIAN_POINT('',(-0.0515,-0.046,-9.29506920552896E-20));
#10200=CARTESIAN_POINT('',(0.0279509618943234,-0.046,9.17772816630465E-20));
#10201=CARTESIAN_POINT('',(0.02925,-0.046,0.00325));
#10202=CARTESIAN_POINT('',(0.0305490381056766,-0.046,9.17772816630465E-20));
#10203=CARTESIAN_POINT('',(-0.0515,-0.046,-9.29506920552896E-20));
#10204=CARTESIAN_POINT('',(0.0377009618943233,-0.046,4.293391204431E-20));
#10205=CARTESIAN_POINT('',(0.039,-0.046,0.00325));
#10206=CARTESIAN_POINT('',(-0.004875,-0.046,0.011698274805112));
#10207=CARTESIAN_POINT('',(-0.0015,-0.046,0.0126252996159991));
#10208=CARTESIAN_POINT('',(-0.00819311709306006,-0.046,0.0105846775005433));
#10209=CARTESIAN_POINT('',(-0.00150000000000004,-0.046,0.033));
#10210=CARTESIAN_POINT('',(-0.0015,-0.046,0.010771249994225));
#10211=CARTESIAN_POINT('',(-0.004875,-0.046,0.011698274805112));
#10212=CARTESIAN_POINT('',(-0.00155688290693994,-0.046,0.0105846775005433));
#10213=CARTESIAN_POINT('',(-0.00819311709306006,-0.046,0.0105846775005433));
#10214=CARTESIAN_POINT('',(-0.004875,-0.046,0.000306540829643633));
#10215=CARTESIAN_POINT('',(-0.00155688290693994,-0.046,0.0105846775005433));
#10216=CARTESIAN_POINT('',(-0.0044192453838454,-0.046,0.00554256258422041));
#10217=CARTESIAN_POINT('',(0.02925,-0.046,0.00554256258422041));
#10218=CARTESIAN_POINT('',(-0.00533075461615461,-0.046,0.00554256258422041));
#10219=CARTESIAN_POINT('',(-0.00819311709306006,-0.046,0.0105846775005433));
#10220=CARTESIAN_POINT('',(-0.004875,-0.046,0.000306540829643633));
#10221=CARTESIAN_POINT('',(-0.00155688290693994,-0.046,0.0105846775005433));
#10222=CARTESIAN_POINT('',(0.0259473652918703,-0.046,0.0176587980849472));
#10223=CARTESIAN_POINT('',(0.0292654823849303,-0.046,0.0073806614140475));
#10224=CARTESIAN_POINT('',(0.0325835994779904,-0.046,0.0176587980849472));
#10225=CARTESIAN_POINT('',(0.0297212370010849,-0.046,0.0126166831686243));
#10226=CARTESIAN_POINT('',(0.0325835994779904,-0.046,0.0176587980849472));
#10227=CARTESIAN_POINT('',(0.0633904823849303,-0.046,0.0126166831686243));
#10228=CARTESIAN_POINT('',(0.0288097277687757,-0.046,0.0126166831686243));
#10229=CARTESIAN_POINT('',(0.0259473652918703,-0.046,0.0176587980849472));
#10230=CARTESIAN_POINT('',(0.0292654823849303,-0.046,0.0073806614140475));
#10231=CARTESIAN_POINT('',(0.0325835994779904,-0.046,0.0176587980849472));
#10232=CARTESIAN_POINT('',(0.0259473652918703,-0.046,0.0176587980849472));
#10233=CARTESIAN_POINT('',(0.0292654823849303,-0.046,0.0187723953895159));
#10234=CARTESIAN_POINT('',(0.0161973652918703,-0.046,0.0176587980849472));
#10235=CARTESIAN_POINT('',(0.0195154823849303,-0.046,0.0073806614140475));
#10236=CARTESIAN_POINT('',(0.0228335994779904,-0.046,0.0176587980849472));
#10237=CARTESIAN_POINT('',(0.0199712370010849,-0.046,0.0126166831686243));
#10238=CARTESIAN_POINT('',(0.0228335994779904,-0.046,0.0176587980849472));
#10239=CARTESIAN_POINT('',(0.0536404823849303,-0.046,0.0126166831686243));
#10240=CARTESIAN_POINT('',(0.0190597277687757,-0.046,0.0126166831686243));
#10241=CARTESIAN_POINT('',(0.0161973652918703,-0.046,0.0176587980849472));
#10242=CARTESIAN_POINT('',(0.0195154823849303,-0.046,0.0073806614140475));
#10243=CARTESIAN_POINT('',(0.0228335994779904,-0.046,0.0176587980849472));
#10244=CARTESIAN_POINT('',(0.0161973652918703,-0.046,0.0176587980849472));
#10245=CARTESIAN_POINT('',(0.0195154823849303,-0.046,0.0187723953895159));
#10246=CARTESIAN_POINT('',(0.00644736529187024,-0.046,0.0176587980849472));
#10247=CARTESIAN_POINT('',(0.00976548238493029,-0.046,0.0073806614140475));
#10248=CARTESIAN_POINT('',(0.0130835994779903,-0.046,0.0176587980849472));
#10249=CARTESIAN_POINT('',(0.0102212370010849,-0.046,0.0126166831686243));
#10250=CARTESIAN_POINT('',(0.0130835994779903,-0.046,0.0176587980849472));
#10251=CARTESIAN_POINT('',(0.0438904823849303,-0.046,0.0126166831686243));
#10252=CARTESIAN_POINT('',(0.00930972776877569,-0.046,0.0126166831686243));
#10253=CARTESIAN_POINT('',(0.00644736529187024,-0.046,0.0176587980849472));
#10254=CARTESIAN_POINT('',(0.00976548238493029,-0.046,0.0073806614140475));
#10255=CARTESIAN_POINT('',(0.0130835994779903,-0.046,0.0176587980849472));
#10256=CARTESIAN_POINT('',(0.00644736529187024,-0.046,0.0176587980849472));
#10257=CARTESIAN_POINT('',(0.0097654823849303,-0.046,0.0187723953895159));
#10258=CARTESIAN_POINT('',(-0.0130526347081298,-0.046,0.0176587980849472));
#10259=CARTESIAN_POINT('',(-0.00973451761506971,-0.046,0.0073806614140475));
#10260=CARTESIAN_POINT('',(-0.00641640052200965,-0.046,0.0176587980849472));
#10261=CARTESIAN_POINT('',(-0.0092787629989151,-0.046,0.0126166831686243));
#10262=CARTESIAN_POINT('',(-0.00641640052200965,-0.046,0.0176587980849472));
#10263=CARTESIAN_POINT('',(0.0243904823849303,-0.046,0.0126166831686243));
#10264=CARTESIAN_POINT('',(-0.0101902722312243,-0.046,0.0126166831686243));
#10265=CARTESIAN_POINT('',(-0.0130526347081298,-0.046,0.0176587980849472));
#10266=CARTESIAN_POINT('',(-0.00973451761506971,-0.046,0.0073806614140475));
#10267=CARTESIAN_POINT('',(-0.00641640052200965,-0.046,0.0176587980849472));
#10268=CARTESIAN_POINT('',(-0.0130526347081298,-0.046,0.0176587980849472));
#10269=CARTESIAN_POINT('',(-0.0097345176150697,-0.046,0.0187723953895159));
#10270=CARTESIAN_POINT('',(-0.0228026347081298,-0.046,0.0176587980849472));
#10271=CARTESIAN_POINT('',(-0.0194845176150697,-0.046,0.0073806614140475));
#10272=CARTESIAN_POINT('',(-0.0161664005220096,-0.046,0.0176587980849472));
#10273=CARTESIAN_POINT('',(-0.0190287629989151,-0.046,0.0126166831686243));
#10274=CARTESIAN_POINT('',(-0.0161664005220096,-0.046,0.0176587980849472));
#10275=CARTESIAN_POINT('',(0.0146404823849303,-0.046,0.0126166831686243));
#10276=CARTESIAN_POINT('',(-0.0199402722312243,-0.046,0.0126166831686243));
#10277=CARTESIAN_POINT('',(-0.0228026347081298,-0.046,0.0176587980849472));
#10278=CARTESIAN_POINT('',(-0.0194845176150697,-0.046,0.0073806614140475));
#10279=CARTESIAN_POINT('',(-0.0161664005220096,-0.046,0.0176587980849472));
#10280=CARTESIAN_POINT('',(-0.0228026347081298,-0.046,0.0176587980849472));
#10281=CARTESIAN_POINT('',(-0.0194845176150697,-0.046,0.0187723953895159));
#10282=CARTESIAN_POINT('',(-0.0325526347081297,-0.046,0.0176587980849472));
#10283=CARTESIAN_POINT('',(-0.0292345176150697,-0.046,0.0073806614140475));
#10284=CARTESIAN_POINT('',(-0.0259164005220096,-0.046,0.0176587980849472));
#10285=CARTESIAN_POINT('',(-0.0287787629989151,-0.046,0.0126166831686243));
#10286=CARTESIAN_POINT('',(-0.0259164005220096,-0.046,0.0176587980849472));
#10287=CARTESIAN_POINT('',(0.0048904823849303,-0.046,0.0126166831686243));
#10288=CARTESIAN_POINT('',(-0.0296902722312243,-0.046,0.0126166831686243));
#10289=CARTESIAN_POINT('',(-0.0325526347081297,-0.046,0.0176587980849472));
#10290=CARTESIAN_POINT('',(-0.0292345176150697,-0.046,0.0073806614140475));
#10291=CARTESIAN_POINT('',(-0.0259164005220096,-0.046,0.0176587980849472));
#10292=CARTESIAN_POINT('',(-0.0325526347081297,-0.046,0.0176587980849472));
#10293=CARTESIAN_POINT('',(-0.0292345176150697,-0.046,0.0187723953895159));
#10294=CARTESIAN_POINT('',(0.0308068829069399,-0.046,0.0105846775005433));
#10295=CARTESIAN_POINT('',(0.034125,-0.046,0.000306540829643632));
#10296=CARTESIAN_POINT('',(0.0374431170930601,-0.046,0.0105846775005433));
#10297=CARTESIAN_POINT('',(0.0345807546161546,-0.046,0.00554256258422041));
#10298=CARTESIAN_POINT('',(0.0374431170930601,-0.046,0.0105846775005433));
#10299=CARTESIAN_POINT('',(0.06825,-0.046,0.00554256258422041));
#10300=CARTESIAN_POINT('',(0.0336692453838454,-0.046,0.00554256258422041));
#10301=CARTESIAN_POINT('',(0.0308068829069399,-0.046,0.0105846775005433));
#10302=CARTESIAN_POINT('',(0.034125,-0.046,0.000306540829643632));
#10303=CARTESIAN_POINT('',(0.0374431170930601,-0.046,0.0105846775005433));
#10304=CARTESIAN_POINT('',(0.0308068829069399,-0.046,0.0105846775005433));
#10305=CARTESIAN_POINT('',(0.034125,-0.046,0.011698274805112));
#10306=CARTESIAN_POINT('',(0.0210568829069399,-0.046,0.0105846775005433));
#10307=CARTESIAN_POINT('',(0.024375,-0.046,0.000306540829643632));
#10308=CARTESIAN_POINT('',(0.02769311709306,-0.046,0.0105846775005433));
#10309=CARTESIAN_POINT('',(0.0248307546161546,-0.046,0.00554256258422041));
#10310=CARTESIAN_POINT('',(0.02769311709306,-0.046,0.0105846775005433));
#10311=CARTESIAN_POINT('',(0.0585,-0.046,0.00554256258422041));
#10312=CARTESIAN_POINT('',(0.0239192453838454,-0.046,0.00554256258422041));
#10313=CARTESIAN_POINT('',(0.0210568829069399,-0.046,0.0105846775005433));
#10314=CARTESIAN_POINT('',(0.024375,-0.046,0.000306540829643632));
#10315=CARTESIAN_POINT('',(0.02769311709306,-0.046,0.0105846775005433));
#10316=CARTESIAN_POINT('',(0.0210568829069399,-0.046,0.0105846775005433));
#10317=CARTESIAN_POINT('',(0.024375,-0.046,0.011698274805112));
#10318=CARTESIAN_POINT('',(0.0113068829069399,-0.046,0.0105846775005433));
#10319=CARTESIAN_POINT('',(0.014625,-0.046,0.000306540829643632));
#10320=CARTESIAN_POINT('',(0.01794311709306,-0.046,0.0105846775005433));
#10321=CARTESIAN_POINT('',(0.0150807546161546,-0.046,0.00554256258422041));
#10322=CARTESIAN_POINT('',(0.01794311709306,-0.046,0.0105846775005433));
#10323=CARTESIAN_POINT('',(0.04875,-0.046,0.00554256258422041));
#10324=CARTESIAN_POINT('',(0.0141692453838454,-0.046,0.00554256258422041));
#10325=CARTESIAN_POINT('',(0.0113068829069399,-0.046,0.0105846775005433));
#10326=CARTESIAN_POINT('',(0.014625,-0.046,0.000306540829643632));
#10327=CARTESIAN_POINT('',(0.01794311709306,-0.046,0.0105846775005433));
#10328=CARTESIAN_POINT('',(0.0113068829069399,-0.046,0.0105846775005433));
#10329=CARTESIAN_POINT('',(0.014625,-0.046,0.011698274805112));
#10330=CARTESIAN_POINT('',(-0.01794311709306,-0.046,0.0105846775005433));
#10331=CARTESIAN_POINT('',(-0.014625,-0.046,0.000306540829643633));
#10332=CARTESIAN_POINT('',(-0.0113068829069399,-0.046,0.0105846775005433));
#10333=CARTESIAN_POINT('',(-0.0141692453838454,-0.046,0.00554256258422041));
#10334=CARTESIAN_POINT('',(-0.0113068829069399,-0.046,0.0105846775005433));
#10335=CARTESIAN_POINT('',(0.0195,-0.046,0.00554256258422041));
#10336=CARTESIAN_POINT('',(-0.0150807546161546,-0.046,0.00554256258422041));
#10337=CARTESIAN_POINT('',(-0.01794311709306,-0.046,0.0105846775005433));
#10338=CARTESIAN_POINT('',(-0.014625,-0.046,0.000306540829643633));
#10339=CARTESIAN_POINT('',(-0.0113068829069399,-0.046,0.0105846775005433));
#10340=CARTESIAN_POINT('',(-0.01794311709306,-0.046,0.0105846775005433));
#10341=CARTESIAN_POINT('',(-0.014625,-0.046,0.011698274805112));
#10342=CARTESIAN_POINT('',(-0.02769311709306,-0.046,0.0105846775005433));
#10343=CARTESIAN_POINT('',(-0.024375,-0.046,0.000306540829643633));
#10344=CARTESIAN_POINT('',(-0.0210568829069399,-0.046,0.0105846775005433));
#10345=CARTESIAN_POINT('',(-0.0239192453838454,-0.046,0.00554256258422041));
#10346=CARTESIAN_POINT('',(-0.0210568829069399,-0.046,0.0105846775005433));
#10347=CARTESIAN_POINT('',(0.00975,-0.046,0.00554256258422041));
#10348=CARTESIAN_POINT('',(-0.0248307546161546,-0.046,0.00554256258422041));
#10349=CARTESIAN_POINT('',(-0.02769311709306,-0.046,0.0105846775005433));
#10350=CARTESIAN_POINT('',(-0.024375,-0.046,0.000306540829643633));
#10351=CARTESIAN_POINT('',(-0.0210568829069399,-0.046,0.0105846775005433));
#10352=CARTESIAN_POINT('',(-0.02769311709306,-0.046,0.0105846775005433));
#10353=CARTESIAN_POINT('',(-0.024375,-0.046,0.011698274805112));
#10354=CARTESIAN_POINT('',(-0.0374431170930601,-0.046,0.0105846775005433));
#10355=CARTESIAN_POINT('',(-0.034125,-0.046,0.000306540829643633));
#10356=CARTESIAN_POINT('',(-0.0308068829069399,-0.046,0.0105846775005433));
#10357=CARTESIAN_POINT('',(-0.0336692453838454,-0.046,0.00554256258422041));
#10358=CARTESIAN_POINT('',(-0.0308068829069399,-0.046,0.0105846775005433));
#10359=CARTESIAN_POINT('',(-8.10745625235895E-20,-0.046,0.00554256258422041));
#10360=CARTESIAN_POINT('',(-0.0345807546161546,-0.046,0.00554256258422041));
#10361=CARTESIAN_POINT('',(-0.0374431170930601,-0.046,0.0105846775005433));
#10362=CARTESIAN_POINT('',(-0.034125,-0.046,0.000306540829643633));
#10363=CARTESIAN_POINT('',(-0.0308068829069399,-0.046,0.0105846775005433));
#10364=CARTESIAN_POINT('',(-0.0374431170930601,-0.046,0.0105846775005433));
#10365=CARTESIAN_POINT('',(-0.034125,-0.046,0.011698274805112));
#10366=CARTESIAN_POINT('',(0.00807526591557285,-0.046,0.0280098762434338));
#10367=CARTESIAN_POINT('',(0.00837716591518579,-0.046,0.0276811406882997));
#10368=CARTESIAN_POINT('',(0.00837716591518579,-0.046,0.0271578473556373));
#10369=CARTESIAN_POINT('',(0.00807526591557285,-0.046,0.0280098762434338));
#10370=CARTESIAN_POINT('',(0.00837716591518579,-0.046,0.0271578473556373));
#10371=CARTESIAN_POINT('',(0.00837716591518579,-0.046,0.0271578473556373));
#10372=CARTESIAN_POINT('',(0.00837716591518579,-0.046,0.0264836040231684));
#10373=CARTESIAN_POINT('',(0.00788797610099815,-0.046,0.0261056699495789));
#10374=CARTESIAN_POINT('',(0.00788797610099815,-0.046,0.0261056699495789));
#10375=CARTESIAN_POINT('',(0.00788797610099815,-0.046,0.0261056699495789));
#10376=CARTESIAN_POINT('',(0.00739878628681052,-0.046,0.0257277358759893));
#10377=CARTESIAN_POINT('',(0.00656017517677456,-0.046,0.0257277358759893));
#10378=CARTESIAN_POINT('',(0.00656017517677456,-0.046,0.0257277358759893));
#10379=CARTESIAN_POINT('',(0.00656017517677456,-0.046,0.0257277358759893));
#10380=CARTESIAN_POINT('',(0.00565223888164231,-0.046,0.0257277358759893));
#10381=CARTESIAN_POINT('',(0.00516248999338131,-0.046,0.0259625469867994));
#10382=CARTESIAN_POINT('',(0.00516248999338131,-0.046,0.0259625469867994));
#10383=CARTESIAN_POINT('',(0.00516248999338131,-0.046,0.0262487929123583));
#10384=CARTESIAN_POINT('',(0.00516248999338131,-0.046,0.0265347213940329));
#10385=CARTESIAN_POINT('',(0.0065955608971516,-0.046,0.0300153518466605));
#10386=CARTESIAN_POINT('',(0.00584794459790489,-0.046,0.0263260892650037));
#10387=CARTESIAN_POINT('',(0.00658911628348107,-0.046,0.0298353999029962));
#10388=CARTESIAN_POINT('',(0.00658141999156214,-0.046,0.0262487929123583));
#10389=CARTESIAN_POINT('',(0.00658141999156214,-0.046,0.0262487929123583));
#10390=CARTESIAN_POINT('',(0.00717515665746759,-0.046,0.0262487929123583));
#10391=CARTESIAN_POINT('',(0.00747593850893382,-0.046,0.0264740997639213));
#10392=CARTESIAN_POINT('',(0.00747593850893382,-0.046,0.0264740997639213));
#10393=CARTESIAN_POINT('',(0.00747593850893382,-0.046,0.0264740997639213));
#10394=CARTESIAN_POINT('',(0.00777672036040005,-0.046,0.0266994066154843));
#10395=CARTESIAN_POINT('',(0.00777672036040005,-0.046,0.0271019399483016));
#10396=CARTESIAN_POINT('',(0.00777672036040005,-0.046,0.0271019399483016));
#10397=CARTESIAN_POINT('',(0.00777672036040005,-0.046,0.0271019399483016));
#10398=CARTESIAN_POINT('',(0.00777672036040005,-0.046,0.0273669410590729));
#10399=CARTESIAN_POINT('',(0.0076699372123888,-0.046,0.0275363405033002));
#10400=CARTESIAN_POINT('',(0.0076699372123888,-0.046,0.0275363405033002));
#10401=CARTESIAN_POINT('',(0.0076699372123888,-0.046,0.0275363405033002));
#10402=CARTESIAN_POINT('',(0.00756315406437756,-0.046,0.0277057399475275));
#10403=CARTESIAN_POINT('',(0.00731324795358685,-0.046,0.0278494219843803));
#10404=CARTESIAN_POINT('',(0.00731324795358685,-0.046,0.0278494219843803));
#10405=CARTESIAN_POINT('',(0.00731324795358685,-0.046,0.0278494219843803));
#10406=CARTESIAN_POINT('',(0.00706334184279613,-0.046,0.0279931040212331));
#10407=CARTESIAN_POINT('',(0.00655346628789428,-0.046,0.0281742440210009));
#10408=CARTESIAN_POINT('',(0.00655346628789428,-0.046,0.0281742440210009));
#10409=CARTESIAN_POINT('',(0.00655346628789428,-0.046,0.0281742440210009));
#10410=CARTESIAN_POINT('',(0.00584120591843708,-0.046,0.0284291817984518));
#10411=CARTESIAN_POINT('',(0.00553539240031063,-0.046,0.0287786030943001));
#10412=CARTESIAN_POINT('',(0.00553539240031063,-0.046,0.0287786030943001));
#10413=CARTESIAN_POINT('',(0.00553539240031063,-0.046,0.0287786030943001));
#10414=CARTESIAN_POINT('',(0.00522957888218419,-0.046,0.0291280243901484));
#10415=CARTESIAN_POINT('',(0.00522957888218419,-0.046,0.0296904529079458));
#10416=CARTESIAN_POINT('',(0.00522957888218419,-0.046,0.0296904529079458));
#10417=CARTESIAN_POINT('',(0.00522957888218419,-0.046,0.0296904529079458));
#10418=CARTESIAN_POINT('',(0.00522957888218419,-0.046,0.0302808351294112));
#10419=CARTESIAN_POINT('',(0.00567292462235653,-0.046,0.0306302564252595));
#10420=CARTESIAN_POINT('',(0.00567292462235653,-0.046,0.0306302564252595));
#10421=CARTESIAN_POINT('',(0.00567292462235653,-0.046,0.0306302564252595));
#10422=CARTESIAN_POINT('',(0.00611627036252887,-0.046,0.0309796777211078));
#10423=CARTESIAN_POINT('',(0.00684753925048022,-0.046,0.0309796777211078));
#10424=CARTESIAN_POINT('',(0.00684753925048022,-0.046,0.0309796777211078));
#10425=CARTESIAN_POINT('',(0.00684753925048022,-0.046,0.0309796777211078));
#10426=CARTESIAN_POINT('',(0.00760899813839286,-0.046,0.0309796777211078));
#10427=CARTESIAN_POINT('',(0.00824857887831361,-0.046,0.0307001406844291));
#10428=CARTESIAN_POINT('',(0.00824857887831361,-0.046,0.0307001406844291));
#10429=CARTESIAN_POINT('',(0.0081557725821363,-0.046,0.0304418484625381));
#10430=CARTESIAN_POINT('',(0.00806296628595899,-0.046,0.030183556240647));
#10431=CARTESIAN_POINT('',(0.00806296628595899,-0.046,0.030183556240647));
#10432=CARTESIAN_POINT('',(0.00743009443491853,-0.046,0.0304485573514184));
#10433=CARTESIAN_POINT('',(0.00683300332457293,-0.046,0.0304485573514184));
#10434=CARTESIAN_POINT('',(0.00683300332457293,-0.046,0.0304485573514184));
#10435=CARTESIAN_POINT('',(0.00683300332457293,-0.046,0.0304485573514184));
#10436=CARTESIAN_POINT('',(0.00636114480665937,-0.046,0.0304485573514184));
#10437=CARTESIAN_POINT('',(0.00609558462181465,-0.046,0.030246172536863));
#10438=CARTESIAN_POINT('',(0.00609558462181465,-0.046,0.030246172536863));
#10439=CARTESIAN_POINT('',(0.00609558462181465,-0.046,0.030246172536863));
#10440=CARTESIAN_POINT('',(0.00583002443696993,-0.046,0.0300437877223077));
#10441=CARTESIAN_POINT('',(0.00583002443696993,-0.046,0.0296837440190656));
#10442=CARTESIAN_POINT('',(0.00583002443696993,-0.046,0.0296837440190656));
#10443=CARTESIAN_POINT('',(0.00583002443696993,-0.046,0.0296837440190656));
#10444=CARTESIAN_POINT('',(0.00583002443696993,-0.046,0.0294187429082942));
#10445=CARTESIAN_POINT('',(0.00592786239980746,-0.046,0.0292487843899936));
#10446=CARTESIAN_POINT('',(0.00592786239980746,-0.046,0.0292487843899936));
#10447=CARTESIAN_POINT('',(0.00592786239980746,-0.046,0.0292487843899936));
#10448=CARTESIAN_POINT('',(0.00602570036264498,-0.046,0.0290788258716929));
#10449=CARTESIAN_POINT('',(0.00625827517716162,-0.046,0.0289373801311336));
#10450=CARTESIAN_POINT('',(0.00625827517716162,-0.046,0.0289373801311336));
#10451=CARTESIAN_POINT('',(0.00625827517716162,-0.046,0.0289373801311336));
#10452=CARTESIAN_POINT('',(0.00649084999167826,-0.046,0.0287959343905742));
#10453=CARTESIAN_POINT('',(0.00696941739847211,-0.046,0.0286248577241268));
#10454=CARTESIAN_POINT('',(0.00696941739847211,-0.046,0.0286248577241268));
#10455=CARTESIAN_POINT('',(0.00696941739847211,-0.046,0.0286248577241268));
#10456=CARTESIAN_POINT('',(0.0077733659159599,-0.046,0.0283386117985679));
#10457=CARTESIAN_POINT('',(0.00807526591557285,-0.046,0.0280098762434338));
#10458=CARTESIAN_POINT('',(0.00357024703245972,-0.046,0.0292644384640476));
#10459=CARTESIAN_POINT('',(0.00298662005184103,-0.046,0.0276218620956684));
#10460=CARTESIAN_POINT('',(0.00415392036504474,-0.046,0.0309069980915714));
#10461=CARTESIAN_POINT('',(0.00447315166093176,-0.046,0.0309069980915714));
#10462=CARTESIAN_POINT('',(0.00479238295681878,-0.046,0.0309069980915714));
#10463=CARTESIAN_POINT('',(0.00387214703207267,-0.046,0.0283525886504018));
#10464=CARTESIAN_POINT('',(0.00295191110732654,-0.046,0.0257981792092324));
#10465=CARTESIAN_POINT('',(0.00265839721881397,-0.046,0.0257981792092324));
#10466=CARTESIAN_POINT('',(0.00236488333030138,-0.046,0.0257981792092324));
#10467=CARTESIAN_POINT('',(0.00144911999814212,-0.046,0.0283525886504018));
#10468=CARTESIAN_POINT('',(0.000533356665982863,-0.046,0.0309069980915714));
#10469=CARTESIAN_POINT('',(0.000848115369283023,-0.046,0.0309069980915714));
#10470=CARTESIAN_POINT('',(0.00116287407258318,-0.046,0.0309069980915714));
#10471=CARTESIAN_POINT('',(0.00174990184960835,-0.046,0.0292543751307272));
#10472=CARTESIAN_POINT('',(0.00233679622526316,-0.046,0.0276017043264438));
#10473=CARTESIAN_POINT('',(-0.00643120080328702,-0.046,0.0244571254382477));
#10474=CARTESIAN_POINT('',(0.00265784234410918,-0.046,0.0264941093966738));
#10475=CARTESIAN_POINT('',(0.0117784830518255,-0.046,0.0244465209129445));
#10476=CARTESIAN_POINT('',(-0.000168840370153906,-0.046,0.0283525886504018));
#10477=CARTESIAN_POINT('',(-0.000168840370153906,-0.046,0.0309069980915714));
#10478=CARTESIAN_POINT('',(-0.000168840370153906,-0.046,0.0257981792092324));
#10479=CARTESIAN_POINT('',(-0.00050763925860843,-0.046,0.0257981792092324));
#10480=CARTESIAN_POINT('',(-0.000846438147062954,-0.046,0.0257981792092324));
#10481=CARTESIAN_POINT('',(-0.00224244610823613,-0.046,0.0279416692064842));
#10482=CARTESIAN_POINT('',(-0.00363845406940931,-0.046,0.0300851592037361));
#10483=CARTESIAN_POINT('',(-0.00365243092124325,-0.046,0.0300851592037361));
#10484=CARTESIAN_POINT('',(-0.00366640777307718,-0.046,0.0300851592037361));
#10485=CARTESIAN_POINT('',(-0.0225214686684703,-0.046,0.0286194132084305));
#10486=CARTESIAN_POINT('',(-0.00361029380067139,-0.046,0.0287020108484568));
#10487=CARTESIAN_POINT('',(-0.00361050036574145,-0.046,0.0272500945777412));
#10488=CARTESIAN_POINT('',(-0.00361050036574145,-0.046,0.0257981792092324));
#10489=CARTESIAN_POINT('',(-0.00388500573575989,-0.046,0.0257981792092324));
#10490=CARTESIAN_POINT('',(-0.00415951110577832,-0.046,0.0257981792092324));
#10491=CARTESIAN_POINT('',(-0.00415951110577832,-0.046,0.0283525886504018));
#10492=CARTESIAN_POINT('',(-0.00415951110577832,-0.046,0.0309069980915714));
#10493=CARTESIAN_POINT('',(-0.00382406666176393,-0.046,0.0309069980915714));
#10494=CARTESIAN_POINT('',(-0.00348862221774955,-0.046,0.0309069980915714));
#10495=CARTESIAN_POINT('',(-0.00209596870101652,-0.046,0.0287718942054198));
#10496=CARTESIAN_POINT('',(-0.000703315184283486,-0.046,0.0266367903192683));
#10497=CARTESIAN_POINT('',(-0.000689338332449553,-0.046,0.0266367903192683));
#10498=CARTESIAN_POINT('',(-0.000675629197349946,-0.046,0.0266367903192683));
#10499=CARTESIAN_POINT('',(0.0538196384688854,-0.046,0.0297181870313576));
#10500=CARTESIAN_POINT('',(-0.000706330118745278,-0.046,0.0272428475786484));
#10501=CARTESIAN_POINT('',(0.0107172830545954,-0.046,0.0279135823630836));
#10502=CARTESIAN_POINT('',(-0.000725029058965915,-0.046,0.0279752161774686));
#10503=CARTESIAN_POINT('',(-0.000724559999071063,-0.046,0.0294411058712285));
#10504=CARTESIAN_POINT('',(-0.000724559999071063,-0.046,0.0309069980915714));
#10505=CARTESIAN_POINT('',(-0.000446700184612484,-0.046,0.0309069980915714));
#10506=CARTESIAN_POINT('',(-0.00529107703025349,-0.046,0.0260637393940771));
#10507=CARTESIAN_POINT('',(-0.00529107703025349,-0.046,0.0263292995789218));
#10508=CARTESIAN_POINT('',(-0.00529107703025349,-0.046,0.0257981792092324));
#10509=CARTESIAN_POINT('',(-0.00671503869509454,-0.046,0.0257981792092324));
#10510=CARTESIAN_POINT('',(-0.00813900035993558,-0.046,0.0257981792092324));
#10511=CARTESIAN_POINT('',(-0.00813900035993558,-0.046,0.0283525886504018));
#10512=CARTESIAN_POINT('',(-0.00813900035993558,-0.046,0.0309069980915714));
#10513=CARTESIAN_POINT('',(-0.00671503869509454,-0.046,0.0309069980915714));
#10514=CARTESIAN_POINT('',(-0.00529107703025349,-0.046,0.0309069980915714));
#10515=CARTESIAN_POINT('',(-0.00529107703025349,-0.046,0.0306431151289467));
#10516=CARTESIAN_POINT('',(-0.00529107703025349,-0.046,0.030379232166322));
#10517=CARTESIAN_POINT('',(-0.00641817036214181,-0.046,0.030379232166322));
#10518=CARTESIAN_POINT('',(-0.00754526369403013,-0.046,0.030379232166322));
#10519=CARTESIAN_POINT('',(-0.00754526369403013,-0.046,0.0295562751303401));
#10520=CARTESIAN_POINT('',(-0.00754526369403013,-0.046,0.0287333180943582));
#10521=CARTESIAN_POINT('',(-0.0064863773990914,-0.046,0.0287333180943582));
#10522=CARTESIAN_POINT('',(-0.00542749110415268,-0.046,0.0287333180943582));
#10523=CARTESIAN_POINT('',(-0.00542749110415268,-0.046,0.0284711123539536));
#10524=CARTESIAN_POINT('',(-0.00542749110415268,-0.046,0.028208906613549));
#10525=CARTESIAN_POINT('',(-0.0064863773990914,-0.046,0.028208906613549));
#10526=CARTESIAN_POINT('',(-0.00754526369403013,-0.046,0.028208906613549));
#10527=CARTESIAN_POINT('',(-0.00754526369403013,-0.046,0.0272691030962354));
#10528=CARTESIAN_POINT('',(-0.00754526369403013,-0.046,0.0263292995789218));
#10529=CARTESIAN_POINT('',(-0.00641817036214181,-0.046,0.0263292995789218));
#10530=CARTESIAN_POINT('',(-2.08166817117217E-17,-0.046,-0.0229128784747792));
#10531=CARTESIAN_POINT('',(0.00149999999999996,0.00424264068711928,0.0320666631748199));
#10532=CARTESIAN_POINT('',(0.0023786162946105,0.00393200291712923,0.0320426919956799));
#10533=CARTESIAN_POINT('',(0.00390624244692341,0.00277183323238461,0.0319560026598239));
#10534=CARTESIAN_POINT('',(0.00479559096994777,3.23083052507263E-6,0.0318761671219041));
#10535=CARTESIAN_POINT('',(0.00391138743858236,-0.00276640787824248,0.0319556583318232));
#10536=CARTESIAN_POINT('',(0.0023786085006316,-0.0039320056727169,0.0320426922083221));
#10537=CARTESIAN_POINT('',(0.00149999999999996,-0.00424264068711929,0.0320666631748199));
#10538=CARTESIAN_POINT('',(0.00149999999999996,-0.00424264068711928,0.0320666631748199));
#10539=CARTESIAN_POINT('',(-2.08166817117217E-17,0.0231717523681302,-0.0229128784747792));
#10540=CARTESIAN_POINT('',(0.0121594982572758,0.018,0.0307261614320956));
#10541=CARTESIAN_POINT('',(0.0121594982572758,0.046,0.0307261614320956));
#10542=CARTESIAN_POINT('',(0.0121594982572758,0.02,0.0307261614320956));
#10543=CARTESIAN_POINT('',(-2.08166817117217E-17,0.0148282476318699,-0.0229128784747792));
#10544=CARTESIAN_POINT('',(-2.08166817117217E-17,0.035,-0.0229128784747792));
#10545=CARTESIAN_POINT('',(0.05,0.035,-3.46944695195361E-18));
#10546=CARTESIAN_POINT('',(0.05,-0.046,-3.46944695195361E-18));
#10547=CARTESIAN_POINT('',(0.05,-0.035,-3.46944695195361E-18));
#10548=CARTESIAN_POINT('',(-2.08166817117217E-17,-0.035,-0.0229128784747792));
#10549=CARTESIAN_POINT('',(0.00149999999999996,-0.035,0.0320666631748199));
#10550=CARTESIAN_POINT('',(0.00149999999999996,-0.046,0.0320666631748199));
#10551=CARTESIAN_POINT('',(0.00149999999999996,-0.0214961840451813,0.0320666631748199));
#10552=CARTESIAN_POINT('',(-2.08166817117217E-17,-0.0148282476318699,-0.0229128784747792));
#10553=CARTESIAN_POINT('',(0.0121594982572758,-0.02,0.0307261614320956));
#10554=CARTESIAN_POINT('',(0.0121594982572758,-0.046,0.0307261614320956));
#10555=CARTESIAN_POINT('',(0.0121594982572758,-0.018,0.0307261614320956));
#10556=CARTESIAN_POINT('',(-2.08166817117217E-17,-0.0231717523681302,-0.0229128784747792));
#10557=CARTESIAN_POINT('',(0.00149999999999996,-0.0165038159548187,0.0320666631748199));
#10558=CARTESIAN_POINT('',(0.00149999999999996,-0.046,0.0320666631748199));
#10559=CARTESIAN_POINT('',(-2.08166817117217E-17,-0.046,-0.0229128784747792));
#10560=CARTESIAN_POINT('',(-0.00150000000000003,-0.00424264068711928,0.0320666631748199));
#10561=CARTESIAN_POINT('',(-0.00237861629461057,-0.00393200291712923,0.0320426919956799));
#10562=CARTESIAN_POINT('',(-0.00390624244692348,-0.00277183323238461,0.0319560026598239));
#10563=CARTESIAN_POINT('',(-0.00479559096994784,-3.23083052507543E-6,0.0318761671219041));
#10564=CARTESIAN_POINT('',(-0.00391138743858244,0.00276640787824247,0.0319556583318232));
#10565=CARTESIAN_POINT('',(-0.00237860850063167,0.0039320056727169,0.0320426922083221));
#10566=CARTESIAN_POINT('',(-0.00150000000000003,0.00424264068711929,0.0320666631748199));
#10567=CARTESIAN_POINT('',(-0.00150000000000003,-0.00424264068711928,0.0320666631748199));
#10568=CARTESIAN_POINT('',(-0.00150000000000004,-0.046,0.0320666631748199));
#10569=CARTESIAN_POINT('',(-0.00150000000000004,-0.0165038159548187,0.0320666631748199));
#10570=CARTESIAN_POINT('',(-2.08166817117217E-17,-0.0231717523681302,-0.0229128784747792));
#10571=CARTESIAN_POINT('',(-0.0121594982572758,-0.018,0.0307261614320956));
#10572=CARTESIAN_POINT('',(-0.0121594982572758,-0.046,0.0307261614320956));
#10573=CARTESIAN_POINT('',(-0.0121594982572758,-0.02,0.0307261614320956));
#10574=CARTESIAN_POINT('',(-2.08166817117217E-17,-0.0148282476318699,-0.0229128784747792));
#10575=CARTESIAN_POINT('',(-0.00150000000000004,-0.0214961840451813,0.0320666631748199));
#10576=CARTESIAN_POINT('',(-0.00150000000000004,-0.046,0.0320666631748199));
#10577=CARTESIAN_POINT('',(-0.00150000000000004,-0.035,0.0320666631748199));
#10578=CARTESIAN_POINT('',(-2.08166817117217E-17,-0.035,-0.0229128784747792));
#10579=CARTESIAN_POINT('',(-0.05,-0.035,-1.04083408558608E-17));
#10580=CARTESIAN_POINT('',(-0.05,-0.046,-1.04083408558608E-17));
#10581=CARTESIAN_POINT('',(-0.05,0.035,-1.04083408558608E-17));
#10582=CARTESIAN_POINT('',(-2.08166817117217E-17,0.035,-0.0229128784747792));
#10583=CARTESIAN_POINT('',(-2.08166817117217E-17,0.0148282476318699,-0.0229128784747792));
#10584=CARTESIAN_POINT('',(-0.0121594982572758,0.02,0.0307261614320956));
#10585=CARTESIAN_POINT('',(-0.0121594982572758,0.046,0.0307261614320956));
#10586=CARTESIAN_POINT('',(-0.0121594982572758,0.018,0.0307261614320956));
#10587=CARTESIAN_POINT('',(-2.08166817117217E-17,0.0231717523681302,-0.0229128784747792));
#10588=CARTESIAN_POINT('',(-0.00150000000000004,-0.023,0.033));
#10589=CARTESIAN_POINT('',(-0.00150000000000004,-0.00424264068711928,0.034));
#10590=CARTESIAN_POINT('',(-0.0015,-0.00424264068711928,-6.41744223478657E-17));
#10591=CARTESIAN_POINT('',(-0.0015,-0.023,-6.26730645880077E-17));
#10592=CARTESIAN_POINT('',(-0.0015,-0.035,-6.26730645880077E-17));
#10593=CARTESIAN_POINT('',(-0.00150000000000005,-0.035,0.034829921658229));
#10594=CARTESIAN_POINT('',(-0.00150000000000002,-0.035,0.0182413055623025));
#10595=CARTESIAN_POINT('',(-0.00150000000000002,-0.04,0.0182413055623025));
#10596=CARTESIAN_POINT('',(-0.00150000000000002,-0.038,0.0182413055623025));
#10597=CARTESIAN_POINT('',(-0.00150000000000005,-0.038,0.034829921658229));
#10598=CARTESIAN_POINT('',(-0.0015,-0.038,-6.26730645880077E-17));
#10599=CARTESIAN_POINT('',(-0.0015,-0.023,-6.26730645880077E-17));
#10600=CARTESIAN_POINT('',(-0.0015,-0.043,-3.15456768992366E-18));
#10601=CARTESIAN_POINT('',(-0.00150000000000004,-0.043,0.0320891215252208));
#10602=CARTESIAN_POINT('',(-0.0015,-0.043,8.77223398316166E-5));
#10603=CARTESIAN_POINT('',(-0.0015,-0.043,8.77223398316166E-5));
#10604=CARTESIAN_POINT('',(-0.0015,-0.043,0.00641227766016838));
#10605=CARTESIAN_POINT('',(-0.0015,-0.043,0.00641227766016838));
#10606=CARTESIAN_POINT('',(-0.00150000000000004,-0.043,0.0320891215252208));
#10607=CARTESIAN_POINT('',(-0.0015,-0.043,0.010771249994225));
#10608=CARTESIAN_POINT('',(-0.0015,0.210617621135332,0.0107712499942251));
#10609=CARTESIAN_POINT('',(-0.0015,0.210617621135332,0.012625299615999));
#10610=CARTESIAN_POINT('',(-0.0015,-0.043,0.0126252996159991));
#10611=CARTESIAN_POINT('',(-0.00150000000000004,-0.043,0.0320891215252208));
#10612=CARTESIAN_POINT('',(-0.0015,-0.043,0.0156175082059599));
#10613=CARTESIAN_POINT('',(-0.0015,0.210617621135332,0.0156175082059599));
#10614=CARTESIAN_POINT('',(-0.0015,-0.0436331937370067,0.0156175082059599));
#10615=CARTESIAN_POINT('',(-0.0015,-0.0436331937370066,0.0156175082059599));
#10616=CARTESIAN_POINT('',(-0.0015,-0.0440316987927974,0.0156175082059599));
#10617=CARTESIAN_POINT('',(-0.0015,-0.0444047439012366,0.0153797477827665));
#10618=CARTESIAN_POINT('',(-0.0015,-0.0446036337995059,0.0150352603738519));
#10619=CARTESIAN_POINT('',(-0.0015,-0.0446036337995059,0.0150352603738519));
#10620=CARTESIAN_POINT('',(-0.0015,-0.0492,0.00707412058440386));
#10621=CARTESIAN_POINT('',(-0.0015,-0.0454370452254893,0.0135917494404403));
#10622=CARTESIAN_POINT('',(-0.0015,-0.0445,0.0135917494404403));
#10623=CARTESIAN_POINT('',(-0.0015,0.210617621135332,0.0219272825730719));
#10624=CARTESIAN_POINT('',(-0.00150000000000003,-0.043,0.0219272825730719));
#10625=CARTESIAN_POINT('',(-0.00150000000000004,-0.043,0.0320891215252208));
#10626=CARTESIAN_POINT('',(-0.00150000000000004,-0.043,0.0320666631748199));
#10627=CARTESIAN_POINT('',(-0.00150000000000004,-0.046,0.0320666631748199));
#10628=CARTESIAN_POINT('',(-0.00150000000000004,-0.038,0.0320666631748199));
#10629=CARTESIAN_POINT('',(-0.00150000000000005,-0.038,0.034829921658229));
#10630=CARTESIAN_POINT('',(-0.00150000000000004,-0.038,0.0304712315177208));
#10631=CARTESIAN_POINT('',(-0.00150000000000004,-0.04,0.0304712315177208));
#10632=CARTESIAN_POINT('',(-0.00150000000000004,-0.035,0.0304712315177208));
#10633=CARTESIAN_POINT('',(-0.00150000000000005,-0.035,0.034829921658229));
#10634=CARTESIAN_POINT('',(-0.00150000000000002,-0.0202094101911573,0.0217462174395386));
#10635=CARTESIAN_POINT('',(-0.00150000000000002,-0.02,0.0200666631748199));
#10636=CARTESIAN_POINT('',(-0.00150000000000002,-0.019,0.0200666631748199));
#10637=CARTESIAN_POINT('',(-0.00150000000000002,-0.018,0.0200666631748199));
#10638=CARTESIAN_POINT('',(-0.00150000000000002,-0.0177905898088426,0.0217462174395386));
#10639=CARTESIAN_POINT('',(-0.00150000000000003,-0.04,0.0263287684822793));
#10640=CARTESIAN_POINT('',(-0.00150000000000003,-0.038,0.0263287684822793));
#10641=CARTESIAN_POINT('',(-0.00150000000000003,-0.035,0.0263287684822793));
#10642=CARTESIAN_POINT('',(-0.00150000000000005,-0.038,0.034829921658229));
#10643=CARTESIAN_POINT('',(-0.00150000000000003,-0.038,0.022550837491173));
#10644=CARTESIAN_POINT('',(-0.00150000000000003,-0.04,0.022550837491173));
#10645=CARTESIAN_POINT('',(-0.00150000000000003,-0.035,0.022550837491173));
#10646=CARTESIAN_POINT('',(-0.00150000000000005,-0.035,0.034829921658229));
#10647=CARTESIAN_POINT('',(1.54823849303002E-5,0.210617621135332,0.0187723953895159));
#10648=CARTESIAN_POINT('',(0.0015,0.210617621135332,0.0156028201103109));
#10649=CARTESIAN_POINT('',(0.0015,-0.0436440968204054,0.0156028201103109));
#10650=CARTESIAN_POINT('',(0.00149999999999998,-0.043,0.0156028201103109));
#10651=CARTESIAN_POINT('',(1.54823849303002E-5,-0.0412912973538351,0.0187723953895159));
#10652=CARTESIAN_POINT('',(0.00265202352594051,-0.043,0.0164705155464831));
#10653=CARTESIAN_POINT('',(1.54823849303002E-5,-0.043,0.0187723953895159));
#10654=CARTESIAN_POINT('',(1.54823849303002E-5,0.210617621135332,0.0187723953895159));
#10655=CARTESIAN_POINT('',(0.00149999999999999,0.210617621135332,0.0219419706687209));
#10656=CARTESIAN_POINT('',(0.00149999999999997,-0.043,0.0219419706687209));
#10657=CARTESIAN_POINT('',(1.54823849303002E-5,-0.043,0.0187723953895159));
#10658=CARTESIAN_POINT('',(0.0033335994779902,-0.043,0.0176587980849468));
#10659=CARTESIAN_POINT('',(0.00333359947799035,0.210617621135332,0.0176587980849472));
#10660=CARTESIAN_POINT('',(1.54823849302932E-5,-0.0492,0.00707412058440386));
#10661=CARTESIAN_POINT('',(0.0015,-0.0492,0.00707412058440387));
#10662=CARTESIAN_POINT('',(0.00149999999999998,-0.0454620791801301,0.0135483893590881));
#10663=CARTESIAN_POINT('',(0.00149999999999998,-0.0446099545040331,0.0150243125924711));
#10664=CARTESIAN_POINT('',(0.00149999999999998,-0.0454620791801301,0.0135483893590881));
#10665=CARTESIAN_POINT('',(0.00195487407147131,-0.045098124856742,0.0141787767388306));
#10666=CARTESIAN_POINT('',(0.00227975988658044,-0.0446972159636963,0.0148731713107925));
#10667=CARTESIAN_POINT('',(0.00257123414735763,-0.0442957125668698,0.0155685955935073));
#10668=CARTESIAN_POINT('',(0.00257123414735753,-0.0442957125668697,0.0155685955935071));
#10669=CARTESIAN_POINT('',(1.54823849303002E-5,-0.0421573227576195,0.0192723953895159));
#10670=CARTESIAN_POINT('',(0.00149999999998702,-0.043,0.0135483893590702));
#10671=CARTESIAN_POINT('',(0.00149999999998702,-0.046,0.0135483893590702));
#10672=CARTESIAN_POINT('',(0.00211119982598813,-0.043,0.0143954208365124));
#10673=CARTESIAN_POINT('',(0.00211119982598813,-0.046,0.0143954208365124));
#10674=CARTESIAN_POINT('',(0.00272239965198924,-0.043,0.0157655570784714));
#10675=CARTESIAN_POINT('',(0.00272239965198924,-0.046,0.0157655570784714));
#10676=CARTESIAN_POINT('',(0.00333359947799035,-0.043,0.0176587980849472));
#10677=CARTESIAN_POINT('',(0.00333359947799035,-0.046,0.0176587980849472));
#10678=CARTESIAN_POINT('',(0.00149999999999998,-0.0445,0.0135483893590881));
#10679=CARTESIAN_POINT('',(0.00311357858866694,-0.043,0.0169998614013385));
#10680=CARTESIAN_POINT('',(0.00318925358751071,-0.043,0.0172187273985683));
#10681=CARTESIAN_POINT('',(0.00326245413632488,-0.043,0.0174384196219132));
#10682=CARTESIAN_POINT('',(0.0033335994779902,-0.043,0.0176587980849468));
#10683=CARTESIAN_POINT('',(0.00311357858866694,-0.043,0.0169998614013385));
#10684=CARTESIAN_POINT('',(0.00311357858866773,-0.0430000000000138,0.0169998614013515));
#10685=CARTESIAN_POINT('',(0.00296829953216224,-0.0435071977610229,0.0165796876839469));
#10686=CARTESIAN_POINT('',(0.00280548936749741,-0.043973027927893,0.0161275017830406));
#10687=CARTESIAN_POINT('',(0.00257123414735923,-0.0442957125668674,0.0155685955935111));
#10688=CARTESIAN_POINT('',(0.00298173966442915,-0.0426703356115745,0.0169146231344157));
#10689=CARTESIAN_POINT('',(0.00315948930674933,-0.0433547264100623,0.0171984314263164));
#10690=CARTESIAN_POINT('',(0.00382924174428596,-0.043536361015359,0.0168838310615299));
#10691=CARTESIAN_POINT('',(0.0025612033769825,-0.0431687650247219,0.0162431636374254));
#10692=CARTESIAN_POINT('',(0.00277894657901952,-0.0437849687238223,0.016453229879324));
#10693=CARTESIAN_POINT('',(0.00328855223185127,-0.0440347904285061,0.0160205259939724));
#10694=CARTESIAN_POINT('',(0.00190576859867515,-0.0435555818053019,0.015722063168499));
#10695=CARTESIAN_POINT('',(0.00208387001032694,-0.0441561381554788,0.0158103455654551));
#10696=CARTESIAN_POINT('',(0.00244585037402916,-0.0444216072090878,0.0153505396767847));
#10697=CARTESIAN_POINT('',(0.00115679481559088,-0.0437473600743237,0.0154637089529342));
#10698=CARTESIAN_POINT('',(0.00126145675655162,-0.0443354250876293,0.0154998114898549));
#10699=CARTESIAN_POINT('',(0.00148288408149391,-0.0446133854781082,0.0150183699710537));
#10700=CARTESIAN_POINT('',(0.00149999999999998,-0.0436440968204054,0.0156028201103109));
#10701=CARTESIAN_POINT('',(0.00149999999999998,-0.0440405510923493,0.0156028201103109));
#10702=CARTESIAN_POINT('',(0.00149999999999998,-0.0444120719579911,0.015367055216147));
#10703=CARTESIAN_POINT('',(0.00149999999999998,-0.0446099545040331,0.0150243125924711));
#10704=CARTESIAN_POINT('',(0.00265202352594051,-0.043,0.0164705155464831));
#10705=CARTESIAN_POINT('',(0.00280598766314817,-0.043,0.0166468639267936));
#10706=CARTESIAN_POINT('',(0.00295753426988717,-0.043,0.0168253673017725));
#10707=CARTESIAN_POINT('',(0.00311357858866678,-0.043,0.0169998614013386));
#10708=CARTESIAN_POINT('',(0.004875,0.210617621135332,0.011698274805112));
#10709=CARTESIAN_POINT('',(0.0015,0.210617621135332,0.0107712499942251));
#10710=CARTESIAN_POINT('',(0.00149999999999998,-0.043,0.0107712499942252));
#10711=CARTESIAN_POINT('',(0.00155688290693994,0.210617621135332,0.0105846775005433));
#10712=CARTESIAN_POINT('',(0.00155688290693979,-0.043,0.0105846775005438));
#10713=CARTESIAN_POINT('',(0.004875,-0.043,0.011698274805112));
#10714=CARTESIAN_POINT('',(0.004875,0.210617621135332,0.011698274805112));
#10715=CARTESIAN_POINT('',(0.0015,0.210617621135332,0.012625299615999));
#10716=CARTESIAN_POINT('',(0.00149999999999998,-0.043,0.0126252996159989));
#10717=CARTESIAN_POINT('',(0.004875,-0.043,0.011698274805112));
#10718=CARTESIAN_POINT('',(0.00819311709305991,-0.043,0.0105846775005429));
#10719=CARTESIAN_POINT('',(0.00819311709306006,0.210617621135332,0.0105846775005433));
#10720=CARTESIAN_POINT('',(-0.004875,0.210617621135332,0.011698274805112));
#10721=CARTESIAN_POINT('',(-0.004875,-0.043,0.011698274805112));
#10722=CARTESIAN_POINT('',(-0.00155688290694009,-0.043,0.0105846775005429));
#10723=CARTESIAN_POINT('',(-0.00155688290693994,0.210617621135332,0.0105846775005433));
#10724=CARTESIAN_POINT('',(-6.93889390390723E-18,-0.043,0.00325));
#10725=CARTESIAN_POINT('',(0.0015,-0.043,8.77223398316205E-5));
#10726=CARTESIAN_POINT('',(0.0015,-0.043,8.77223398316205E-5));
#10727=CARTESIAN_POINT('',(0.0015,-0.043,0.00641227766016839));
#10728=CARTESIAN_POINT('',(0.0015,-0.043,0.00641227766016839));
#10729=CARTESIAN_POINT('',(-6.93889390390723E-18,-0.043,0.00325));
#10730=CARTESIAN_POINT('',(-4.97400190574163E-18,-0.043,0.0320891215252208));
#10731=CARTESIAN_POINT('',(0.014625,-0.043,0.011698274805112));
#10732=CARTESIAN_POINT('',(0.0113068829069398,-0.043,0.0105846775005438));
#10733=CARTESIAN_POINT('',(0.0179431170930599,-0.043,0.0105846775005429));
#10734=CARTESIAN_POINT('',(0.0113068829069398,-0.043,0.0105846775005438));
#10735=CARTESIAN_POINT('',(0.0113780282486052,-0.043,0.0103642990375099));
#10736=CARTESIAN_POINT('',(0.0114512287974196,-0.043,0.0101446068141648));
#10737=CARTESIAN_POINT('',(0.0115269037962633,-0.043,0.00992574081693458));
#10738=CARTESIAN_POINT('',(0.0115269037962633,-0.043,0.00992574081693458));
#10739=CARTESIAN_POINT('',(0.0119884588589898,-0.043,0.00939639496207925));
#10740=CARTESIAN_POINT('',(0.0118344947217821,-0.043,0.00957274334238972));
#10741=CARTESIAN_POINT('',(0.0116829481150431,-0.043,0.00975124671736867));
#10742=CARTESIAN_POINT('',(0.0115269037962635,-0.043,0.00992574081693474));
#10743=CARTESIAN_POINT('',(0.0119884588589898,-0.043,0.00939639496207925));
#10744=CARTESIAN_POINT('',(0.014625,-0.043,0.011698274805112));
#10745=CARTESIAN_POINT('',(0.0172615411410102,-0.043,0.00939639496207926));
#10746=CARTESIAN_POINT('',(0.0172615411410102,-0.043,0.00939639496207925));
#10747=CARTESIAN_POINT('',(0.0174155052782179,-0.043,0.00957274334238972));
#10748=CARTESIAN_POINT('',(0.0175670518849569,-0.043,0.00975124671736867));
#10749=CARTESIAN_POINT('',(0.0177230962037365,-0.043,0.00992574081693473));
#10750=CARTESIAN_POINT('',(0.0177230962037366,-0.043,0.00992574081693457));
#10751=CARTESIAN_POINT('',(0.0177230962037366,-0.043,0.00992574081693457));
#10752=CARTESIAN_POINT('',(0.0177987712025804,-0.043,0.0101446068141645));
#10753=CARTESIAN_POINT('',(0.0178719717513946,-0.043,0.0103642990375093));
#10754=CARTESIAN_POINT('',(0.0179431170930599,-0.043,0.0105846775005429));
#10755=CARTESIAN_POINT('',(0.024375,-0.043,0.011698274805112));
#10756=CARTESIAN_POINT('',(0.0210568829069398,-0.043,0.0105846775005438));
#10757=CARTESIAN_POINT('',(0.0276931170930599,-0.043,0.0105846775005429));
#10758=CARTESIAN_POINT('',(0.0210568829069398,-0.043,0.0105846775005438));
#10759=CARTESIAN_POINT('',(0.0211280282486052,-0.043,0.0103642990375099));
#10760=CARTESIAN_POINT('',(0.0212012287974196,-0.043,0.0101446068141648));
#10761=CARTESIAN_POINT('',(0.0212769037962634,-0.043,0.00992574081693458));
#10762=CARTESIAN_POINT('',(0.0212769037962634,-0.043,0.00992574081693458));
#10763=CARTESIAN_POINT('',(0.0217384588589898,-0.043,0.00939639496207925));
#10764=CARTESIAN_POINT('',(0.0215844947217821,-0.043,0.00957274334238972));
#10765=CARTESIAN_POINT('',(0.0214329481150431,-0.043,0.00975124671736867));
#10766=CARTESIAN_POINT('',(0.0212769037962635,-0.043,0.00992574081693473));
#10767=CARTESIAN_POINT('',(0.0217384588589898,-0.043,0.00939639496207925));
#10768=CARTESIAN_POINT('',(0.024375,-0.043,0.011698274805112));
#10769=CARTESIAN_POINT('',(0.0270115411410102,-0.043,0.00939639496207926));
#10770=CARTESIAN_POINT('',(0.0270115411410102,-0.043,0.00939639496207925));
#10771=CARTESIAN_POINT('',(0.0271655052782179,-0.043,0.00957274334238972));
#10772=CARTESIAN_POINT('',(0.0273170518849569,-0.043,0.00975124671736867));
#10773=CARTESIAN_POINT('',(0.0274730962037365,-0.043,0.00992574081693473));
#10774=CARTESIAN_POINT('',(0.0274730962037367,-0.043,0.00992574081693457));
#10775=CARTESIAN_POINT('',(0.0274730962037367,-0.043,0.00992574081693457));
#10776=CARTESIAN_POINT('',(0.0275487712025804,-0.043,0.0101446068141645));
#10777=CARTESIAN_POINT('',(0.0276219717513946,-0.043,0.0103642990375093));
#10778=CARTESIAN_POINT('',(0.0276931170930599,-0.043,0.0105846775005429));
#10779=CARTESIAN_POINT('',(0.034125,-0.043,0.011698274805112));
#10780=CARTESIAN_POINT('',(0.0308068829069398,-0.043,0.0105846775005438));
#10781=CARTESIAN_POINT('',(0.0374431170930599,-0.043,0.0105846775005429));
#10782=CARTESIAN_POINT('',(0.0308068829069398,-0.043,0.0105846775005438));
#10783=CARTESIAN_POINT('',(0.0308780282486052,-0.043,0.0103642990375099));
#10784=CARTESIAN_POINT('',(0.0309512287974196,-0.043,0.0101446068141648));
#10785=CARTESIAN_POINT('',(0.0310269037962634,-0.043,0.00992574081693458));
#10786=CARTESIAN_POINT('',(0.0310269037962634,-0.043,0.00992574081693458));
#10787=CARTESIAN_POINT('',(0.0314884588589898,-0.043,0.00939639496207925));
#10788=CARTESIAN_POINT('',(0.0313344947217821,-0.043,0.00957274334238972));
#10789=CARTESIAN_POINT('',(0.0311829481150431,-0.043,0.00975124671736867));
#10790=CARTESIAN_POINT('',(0.0310269037962635,-0.043,0.00992574081693473));
#10791=CARTESIAN_POINT('',(0.0314884588589898,-0.043,0.00939639496207925));
#10792=CARTESIAN_POINT('',(0.034125,-0.043,0.011698274805112));
#10793=CARTESIAN_POINT('',(0.0367615411410102,-0.043,0.00939639496207926));
#10794=CARTESIAN_POINT('',(0.0367615411410102,-0.043,0.00939639496207925));
#10795=CARTESIAN_POINT('',(0.0369155052782179,-0.043,0.00957274334238971));
#10796=CARTESIAN_POINT('',(0.0370670518849569,-0.043,0.00975124671736867));
#10797=CARTESIAN_POINT('',(0.0372230962037365,-0.043,0.00992574081693472));
#10798=CARTESIAN_POINT('',(0.0372230962037366,-0.043,0.00992574081693457));
#10799=CARTESIAN_POINT('',(0.0372230962037366,-0.043,0.00992574081693457));
#10800=CARTESIAN_POINT('',(0.0372987712025804,-0.043,0.0101446068141645));
#10801=CARTESIAN_POINT('',(0.0373719717513946,-0.043,0.0103642990375093));
#10802=CARTESIAN_POINT('',(0.0374431170930599,-0.043,0.0105846775005429));
#10803=CARTESIAN_POINT('',(0.0097654823849303,-0.043,0.0187723953895159));
#10804=CARTESIAN_POINT('',(0.00644736529187009,-0.043,0.0176587980849476));
#10805=CARTESIAN_POINT('',(0.0130835994779902,-0.043,0.0176587980849468));
#10806=CARTESIAN_POINT('',(0.00644736529187009,-0.043,0.0176587980849476));
#10807=CARTESIAN_POINT('',(0.0065185106335355,-0.043,0.0174384196219138));
#10808=CARTESIAN_POINT('',(0.00659171118234988,-0.043,0.0172187273985687));
#10809=CARTESIAN_POINT('',(0.00666738618119365,-0.043,0.0169998614013385));
#10810=CARTESIAN_POINT('',(0.00666738618119365,-0.043,0.0169998614013385));
#10811=CARTESIAN_POINT('',(0.0071289412439201,-0.043,0.0164705155464831));
#10812=CARTESIAN_POINT('',(0.00697497710671244,-0.043,0.0166468639267936));
#10813=CARTESIAN_POINT('',(0.00682343049997343,-0.043,0.0168253673017725));
#10814=CARTESIAN_POINT('',(0.00666738618119382,-0.043,0.0169998614013386));
#10815=CARTESIAN_POINT('',(0.0071289412439201,-0.043,0.0164705155464831));
#10816=CARTESIAN_POINT('',(0.0097654823849303,-0.043,0.0187723953895159));
#10817=CARTESIAN_POINT('',(0.0124020235259405,-0.043,0.0164705155464831));
#10818=CARTESIAN_POINT('',(0.0124020235259405,-0.043,0.0164705155464831));
#10819=CARTESIAN_POINT('',(0.0125559876631482,-0.043,0.0166468639267936));
#10820=CARTESIAN_POINT('',(0.0127075342698872,-0.043,0.0168253673017725));
#10821=CARTESIAN_POINT('',(0.0128635785886668,-0.043,0.0169998614013386));
#10822=CARTESIAN_POINT('',(0.0128635785886669,-0.043,0.0169998614013385));
#10823=CARTESIAN_POINT('',(0.0128635785886669,-0.043,0.0169998614013385));
#10824=CARTESIAN_POINT('',(0.0129392535875107,-0.043,0.0172187273985683));
#10825=CARTESIAN_POINT('',(0.0130124541363249,-0.043,0.0174384196219132));
#10826=CARTESIAN_POINT('',(0.0130835994779902,-0.043,0.0176587980849468));
#10827=CARTESIAN_POINT('',(0.0195154823849303,-0.043,0.0187723953895159));
#10828=CARTESIAN_POINT('',(0.0161973652918701,-0.043,0.0176587980849476));
#10829=CARTESIAN_POINT('',(0.0228335994779902,-0.043,0.0176587980849468));
#10830=CARTESIAN_POINT('',(0.0161973652918701,-0.043,0.0176587980849476));
#10831=CARTESIAN_POINT('',(0.0162685106335355,-0.043,0.0174384196219138));
#10832=CARTESIAN_POINT('',(0.0163417111823499,-0.043,0.0172187273985687));
#10833=CARTESIAN_POINT('',(0.0164173861811936,-0.043,0.0169998614013385));
#10834=CARTESIAN_POINT('',(0.0164173861811936,-0.043,0.0169998614013385));
#10835=CARTESIAN_POINT('',(0.0168789412439201,-0.043,0.0164705155464831));
#10836=CARTESIAN_POINT('',(0.0167249771067124,-0.043,0.0166468639267936));
#10837=CARTESIAN_POINT('',(0.0165734304999734,-0.043,0.0168253673017725));
#10838=CARTESIAN_POINT('',(0.0164173861811938,-0.043,0.0169998614013386));
#10839=CARTESIAN_POINT('',(0.0168789412439201,-0.043,0.0164705155464831));
#10840=CARTESIAN_POINT('',(0.0195154823849303,-0.043,0.0187723953895159));
#10841=CARTESIAN_POINT('',(0.0221520235259405,-0.043,0.0164705155464831));
#10842=CARTESIAN_POINT('',(0.0221520235259405,-0.043,0.0164705155464831));
#10843=CARTESIAN_POINT('',(0.0223059876631482,-0.043,0.0166468639267936));
#10844=CARTESIAN_POINT('',(0.0224575342698872,-0.043,0.0168253673017725));
#10845=CARTESIAN_POINT('',(0.0226135785886668,-0.043,0.0169998614013386));
#10846=CARTESIAN_POINT('',(0.0226135785886669,-0.043,0.0169998614013385));
#10847=CARTESIAN_POINT('',(0.0226135785886669,-0.043,0.0169998614013385));
#10848=CARTESIAN_POINT('',(0.0226892535875107,-0.043,0.0172187273985683));
#10849=CARTESIAN_POINT('',(0.0227624541363249,-0.043,0.0174384196219132));
#10850=CARTESIAN_POINT('',(0.0228335994779902,-0.043,0.0176587980849468));
#10851=CARTESIAN_POINT('',(0.0292654823849303,-0.043,0.0187723953895159));
#10852=CARTESIAN_POINT('',(0.0259473652918701,-0.043,0.0176587980849476));
#10853=CARTESIAN_POINT('',(0.0325835994779902,-0.043,0.0176587980849468));
#10854=CARTESIAN_POINT('',(0.0259473652918701,-0.043,0.0176587980849476));
#10855=CARTESIAN_POINT('',(0.0260185106335355,-0.043,0.0174384196219138));
#10856=CARTESIAN_POINT('',(0.0260917111823499,-0.043,0.0172187273985687));
#10857=CARTESIAN_POINT('',(0.0261673861811936,-0.043,0.0169998614013385));
#10858=CARTESIAN_POINT('',(0.0261673861811936,-0.043,0.0169998614013385));
#10859=CARTESIAN_POINT('',(0.0266289412439201,-0.043,0.0164705155464831));
#10860=CARTESIAN_POINT('',(0.0264749771067124,-0.043,0.0166468639267936));
#10861=CARTESIAN_POINT('',(0.0263234304999734,-0.043,0.0168253673017725));
#10862=CARTESIAN_POINT('',(0.0261673861811938,-0.043,0.0169998614013386));
#10863=CARTESIAN_POINT('',(0.0266289412439201,-0.043,0.0164705155464831));
#10864=CARTESIAN_POINT('',(0.0292654823849303,-0.043,0.0187723953895159));
#10865=CARTESIAN_POINT('',(0.0319020235259405,-0.043,0.0164705155464831));
#10866=CARTESIAN_POINT('',(0.0319020235259405,-0.043,0.0164705155464831));
#10867=CARTESIAN_POINT('',(0.0320559876631482,-0.043,0.0166468639267936));
#10868=CARTESIAN_POINT('',(0.0322075342698872,-0.043,0.0168253673017725));
#10869=CARTESIAN_POINT('',(0.0323635785886668,-0.043,0.0169998614013386));
#10870=CARTESIAN_POINT('',(0.0323635785886669,-0.043,0.0169998614013385));
#10871=CARTESIAN_POINT('',(0.0323635785886669,-0.043,0.0169998614013385));
#10872=CARTESIAN_POINT('',(0.0324392535875107,-0.043,0.0172187273985683));
#10873=CARTESIAN_POINT('',(0.0325124541363249,-0.043,0.0174384196219132));
#10874=CARTESIAN_POINT('',(0.0325835994779902,-0.043,0.0176587980849468));
#10875=CARTESIAN_POINT('',(-6.93889390390723E-18,-0.043,-3.24641619985972E-18));
#10876=CARTESIAN_POINT('',(0.0015,-0.043,-5.92243101626065E-17));
#10877=CARTESIAN_POINT('',(0.00845096189432333,-0.043,-6.77897717087884E-19));
#10878=CARTESIAN_POINT('',(0.00149999999999996,-0.043,0.0320891215252208));
#10879=CARTESIAN_POINT('',(0.00149999999999996,-0.043,0.0320891215252208));
#10880=CARTESIAN_POINT('',(0.00155688290693979,-0.043,0.0105846775005438));
#10881=CARTESIAN_POINT('',(0.0016280282486052,-0.043,0.0103642990375099));
#10882=CARTESIAN_POINT('',(0.00170122879741958,-0.043,0.0101446068141648));
#10883=CARTESIAN_POINT('',(0.00177690379626335,-0.043,0.00992574081693458));
#10884=CARTESIAN_POINT('',(0.00177690379626335,-0.043,0.00992574081693458));
#10885=CARTESIAN_POINT('',(0.0022384588589898,-0.043,0.00939639496207925));
#10886=CARTESIAN_POINT('',(0.00208449472178214,-0.043,0.00957274334238972));
#10887=CARTESIAN_POINT('',(0.00193294811504313,-0.043,0.00975124671736867));
#10888=CARTESIAN_POINT('',(0.00177690379626352,-0.043,0.00992574081693473));
#10889=CARTESIAN_POINT('',(0.0022384588589898,-0.043,0.00939639496207925));
#10890=CARTESIAN_POINT('',(0.004875,-0.043,0.011698274805112));
#10891=CARTESIAN_POINT('',(0.00751154114101021,-0.043,0.00939639496207926));
#10892=CARTESIAN_POINT('',(0.00751154114101021,-0.043,0.00939639496207925));
#10893=CARTESIAN_POINT('',(0.00766550527821787,-0.043,0.00957274334238971));
#10894=CARTESIAN_POINT('',(0.00781705188495687,-0.043,0.00975124671736867));
#10895=CARTESIAN_POINT('',(0.00797309620373647,-0.043,0.00992574081693473));
#10896=CARTESIAN_POINT('',(0.00797309620373665,-0.043,0.00992574081693457));
#10897=CARTESIAN_POINT('',(0.00797309620373665,-0.043,0.00992574081693457));
#10898=CARTESIAN_POINT('',(0.00804877120258042,-0.043,0.0101446068141645));
#10899=CARTESIAN_POINT('',(0.00812197175139458,-0.043,0.0103642990375093));
#10900=CARTESIAN_POINT('',(0.0081931170930599,-0.043,0.0105846775005429));
#10901=CARTESIAN_POINT('',(0.00149999999999996,-0.043,0.0320891215252208));
#10902=CARTESIAN_POINT('',(0.00149999999999996,-0.043,0.0320891215252208));
#10903=CARTESIAN_POINT('',(0.00149999999999996,-0.043,0.0320666631748199));
#10904=CARTESIAN_POINT('',(-2.08166817117217E-17,-0.043,-0.0229128784747792));
#10905=CARTESIAN_POINT('',(0.0432583426132261,-0.043,0.0110535136556304));
#10906=CARTESIAN_POINT('',(0.0432583426132261,-0.043,0.0320891215252209));
#10907=CARTESIAN_POINT('',(0.0432583426132261,-0.043,-5.89522574074506E-18));
#10908=CARTESIAN_POINT('',(-6.93889390390723E-18,-0.043,-3.24641619985972E-18));
#10909=CARTESIAN_POINT('',(0.0402990381056766,-0.043,-9.03970968848462E-19));
#10910=CARTESIAN_POINT('',(0.039,-0.043,0.00325));
#10911=CARTESIAN_POINT('',(0.0377009618943233,-0.043,-8.24427825944094E-19));
#10912=CARTESIAN_POINT('',(-6.93889390390723E-18,-0.043,-3.24641619985972E-18));
#10913=CARTESIAN_POINT('',(0.0305490381056766,-0.043,-8.55127599229725E-19));
#10914=CARTESIAN_POINT('',(0.02925,-0.043,0.00325));
#10915=CARTESIAN_POINT('',(0.0279509618943234,-0.043,-7.75584456325357E-19));
#10916=CARTESIAN_POINT('',(-6.93889390390723E-18,-0.043,-3.24641619985972E-18));
#10917=CARTESIAN_POINT('',(0.0207990381056767,-0.043,-8.06284229610989E-19));
#10918=CARTESIAN_POINT('',(0.0195,-0.043,0.00325));
#10919=CARTESIAN_POINT('',(0.0182009618943233,-0.043,-7.26741086706621E-19));
#10920=CARTESIAN_POINT('',(-6.93889390390723E-18,-0.043,-3.24641619985972E-18));
#10921=CARTESIAN_POINT('',(0.0110490381056767,-0.043,-7.57440859992252E-19));
#10922=CARTESIAN_POINT('',(0.00975,-0.043,0.00325));
#10923=CARTESIAN_POINT('',(-2.08166817117217E-17,-0.046,-0.0229128784747792));
#10924=CARTESIAN_POINT('',(0.00149999999999996,-0.046,0.0320666631748199));
#10925=CARTESIAN_POINT('',(0.00149999999999996,-0.038,0.0320666631748199));
#10926=CARTESIAN_POINT('',(-2.08166817117217E-17,-0.038,-0.0229128784747792));
#10927=CARTESIAN_POINT('',(0.0432583426132261,-0.038,0.0110535136556304));
#10928=CARTESIAN_POINT('',(0.0432583426132261,-0.043,0.0110535136556304));
#10929=CARTESIAN_POINT('',(0.0430426606499995,-0.0426771967956397,0.0113281982387008));
#10930=CARTESIAN_POINT('',(0.0426596600377326,-0.041926129450783,0.0118044704796299));
#10931=CARTESIAN_POINT('',(0.0424200173605908,-0.0404974968891917,0.0120945368988782));
#10932=CARTESIAN_POINT('',(0.0426602724647624,-0.0390736349521195,0.0118037093650548));
#10933=CARTESIAN_POINT('',(0.0430423132887119,-0.0383233230871313,0.0113286406252083));
#10934=CARTESIAN_POINT('',(0.0432583426132261,-0.038,0.0110535136556304));
#10935=CARTESIAN_POINT('',(-4.00399488183983E-17,-0.038,0.034829921658229));
#10936=CARTESIAN_POINT('',(0.0267557406934653,-0.038,0.0204198875659074));
#10937=CARTESIAN_POINT('',(0.0267557406934653,-0.038,0.0229198875659074));
#10938=CARTESIAN_POINT('',(0.00425501298481569,-0.038,0.0243112496561805));
#10939=CARTESIAN_POINT('',(0.00425501298481569,-0.038,0.0268112496561804));
#10940=CARTESIAN_POINT('',(0.00890635885298252,-0.038,0.0283552166074514));
#10941=CARTESIAN_POINT('',(0.00890635885298252,-0.038,0.0308552166074514));
#10942=CARTESIAN_POINT('',(0.0177597166569309,-0.038,0.0204119488861842));
#10943=CARTESIAN_POINT('',(0.0177597166569309,-0.038,0.0229119488861842));
#10944=CARTESIAN_POINT('',(0.00876369262039661,-0.038,0.0204040102064609));
#10945=CARTESIAN_POINT('',(0.00876369262039661,-0.038,0.0229040102064609));
#10946=CARTESIAN_POINT('',(0.022245790809393,-0.038,0.0243813041597605));
#10947=CARTESIAN_POINT('',(0.022245790809393,-0.038,0.0268813041597605));
#10948=CARTESIAN_POINT('',(0.0132504018971043,-0.038,0.0243462769079705));
#10949=CARTESIAN_POINT('',(0.0132504018971043,-0.038,0.0268462769079705));
#10950=CARTESIAN_POINT('',(0.00149999999999996,-0.038,0.034829921658229));
#10951=CARTESIAN_POINT('',(0.00149999999999998,-0.038,-5.92243101626065E-17));
#10952=CARTESIAN_POINT('',(0.00149999999999998,-0.038,0.0185935655310023));
#10953=CARTESIAN_POINT('',(-1.4169726759932E-47,-0.038,-6.09486873753071E-17));
#10954=CARTESIAN_POINT('',(0.0432583426132261,-0.038,-1.12195538676787E-17));
#10955=CARTESIAN_POINT('',(0.0432583426132261,-0.038,0.0320891215252209));
#10956=CARTESIAN_POINT('',(0.00149999999999996,-0.038,0.034829921658229));
#10957=CARTESIAN_POINT('',(0.00149999999999996,-0.038,0.0303209372712299));
#10958=CARTESIAN_POINT('',(-0.0001,-0.038,0.0284));
#10959=CARTESIAN_POINT('',(0.00149999999999997,-0.038,0.0264790627287701));
#10960=CARTESIAN_POINT('',(0.00149999999999996,-0.038,0.034829921658229));
#10961=CARTESIAN_POINT('',(0.00149999999999997,-0.038,0.0221985775224732));
#10962=CARTESIAN_POINT('',(-0.0002323314161377,-0.038,0.0203960715267377));
#10963=CARTESIAN_POINT('',(-4.00399488183983E-17,-0.035,0.034829921658229));
#10964=CARTESIAN_POINT('',(0.0267557406934653,-0.035,0.0204198875659074));
#10965=CARTESIAN_POINT('',(0.0267557406934653,-0.035,0.0229198875659074));
#10966=CARTESIAN_POINT('',(0.00425501298481569,-0.035,0.0243112496561805));
#10967=CARTESIAN_POINT('',(0.00425501298481569,-0.035,0.0268112496561804));
#10968=CARTESIAN_POINT('',(0.00890635885298252,-0.035,0.0283552166074514));
#10969=CARTESIAN_POINT('',(0.00890635885298252,-0.035,0.0308552166074514));
#10970=CARTESIAN_POINT('',(0.0177597166569309,-0.035,0.0204119488861842));
#10971=CARTESIAN_POINT('',(0.0177597166569309,-0.035,0.0229119488861842));
#10972=CARTESIAN_POINT('',(0.00876369262039661,-0.035,0.0204040102064609));
#10973=CARTESIAN_POINT('',(0.00876369262039661,-0.035,0.0229040102064609));
#10974=CARTESIAN_POINT('',(0.022245790809393,-0.035,0.0243813041597605));
#10975=CARTESIAN_POINT('',(0.022245790809393,-0.035,0.0268813041597605));
#10976=CARTESIAN_POINT('',(0.0132504018971043,-0.035,0.0243462769079705));
#10977=CARTESIAN_POINT('',(0.0132504018971043,-0.035,0.0268462769079705));
#10978=CARTESIAN_POINT('',(-1.4169726759932E-47,-0.035,-6.09486873753071E-17));
#10979=CARTESIAN_POINT('',(0.00149999999999998,-0.035,-5.92243101626065E-17));
#10980=CARTESIAN_POINT('',(0.00149999999999996,-0.035,0.034829921658229));
#10981=CARTESIAN_POINT('',(0.00149999999999998,-0.035,0.0185935655310023));
#10982=CARTESIAN_POINT('',(-0.0002323314161377,-0.035,0.0203960715267377));
#10983=CARTESIAN_POINT('',(0.00149999999999997,-0.035,0.0221985775224732));
#10984=CARTESIAN_POINT('',(0.00149999999999996,-0.035,0.034829921658229));
#10985=CARTESIAN_POINT('',(0.00149999999999997,-0.035,0.0264790627287701));
#10986=CARTESIAN_POINT('',(-0.0001,-0.035,0.0284));
#10987=CARTESIAN_POINT('',(0.00149999999999996,-0.035,0.0303209372712299));
#10988=CARTESIAN_POINT('',(0.00149999999999996,-0.035,0.034829921658229));
#10989=CARTESIAN_POINT('',(-0.0001,-0.04,0.0284));
#10990=CARTESIAN_POINT('',(0.00149999999999996,-0.04,0.0303209372712299));
#10991=CARTESIAN_POINT('',(0.00149999999999997,-0.04,0.0264790627287701));
#10992=CARTESIAN_POINT('',(-0.0002323314161377,-0.04,0.0203960715267377));
#10993=CARTESIAN_POINT('',(0.00149999999999997,-0.04,0.0221985775224732));
#10994=CARTESIAN_POINT('',(0.00149999999999998,-0.04,0.0185935655310023));
#10995=CARTESIAN_POINT('',(0.0292654823849303,0.210617621135332,0.0187723953895159));
#10996=CARTESIAN_POINT('',(0.0292654823849303,-0.0412912973538351,0.0187723953895159));
#10997=CARTESIAN_POINT('',(0.0292654823849303,0.210617621135332,0.0187723953895159));
#10998=CARTESIAN_POINT('',(0.0259473652918703,0.210617621135332,0.0176587980849472));
#10999=CARTESIAN_POINT('',(0.0325835994779904,0.210617621135332,0.0176587980849472));
#11000=CARTESIAN_POINT('',(0.0292654823849303,-0.0492,0.00707412058440386));
#11001=CARTESIAN_POINT('',(0.0297212369803018,-0.0460000000019144,0.0126166831608871));
#11002=CARTESIAN_POINT('',(0.0300323697535944,-0.0459235729404398,0.0127490587144343));
#11003=CARTESIAN_POINT('',(0.0305097493183788,-0.0456691377774055,0.0131897533504728));
#11004=CARTESIAN_POINT('',(0.0312085658423066,-0.0450866323228297,0.0141986823902685));
#11005=CARTESIAN_POINT('',(0.0315906113002237,-0.0446133936419091,0.0150183558309357));
#11006=CARTESIAN_POINT('',(0.0318212341473575,-0.0442957125668697,0.0155685955935071));
#11007=CARTESIAN_POINT('',(0.0318212341473575,-0.0442957125668697,0.0155685955935071));
#11008=CARTESIAN_POINT('',(0.0292654823849303,-0.0421573227576195,0.0192723953895159));
#11009=CARTESIAN_POINT('',(0.0267097306224979,-0.0442957125668626,0.0155685955935194));
#11010=CARTESIAN_POINT('',(0.0267097306224978,-0.0442957125668626,0.0155685955935195));
#11011=CARTESIAN_POINT('',(0.0269413205965205,-0.0446147258512374,0.015016048376693));
#11012=CARTESIAN_POINT('',(0.0273236590727405,-0.0450867869934665,0.0141984144940733));
#11013=CARTESIAN_POINT('',(0.0280161642688214,-0.0456659523385674,0.0131952706903753));
#11014=CARTESIAN_POINT('',(0.028498503932801,-0.0459235505695513,0.0127490974663712));
#11015=CARTESIAN_POINT('',(0.0288097277882605,-0.0460000000047863,0.0126166831603342));
#11016=CARTESIAN_POINT('',(0.0297040628262079,-0.043,0.0126095138626942));
#11017=CARTESIAN_POINT('',(0.0297040628262079,-0.046,0.0126095138626942));
#11018=CARTESIAN_POINT('',(0.0306639083768021,-0.043,0.0130025039436701));
#11019=CARTESIAN_POINT('',(0.0306639083768021,-0.046,0.0130025039436701));
#11020=CARTESIAN_POINT('',(0.0316237539273962,-0.043,0.0146855986844211));
#11021=CARTESIAN_POINT('',(0.0316237539273962,-0.046,0.0146855986844211));
#11022=CARTESIAN_POINT('',(0.0325835994779904,-0.043,0.0176587980849472));
#11023=CARTESIAN_POINT('',(0.0325835994779904,-0.046,0.0176587980849472));
#11024=CARTESIAN_POINT('',(0.0323635785886677,-0.0430000000000138,0.0169998614013515));
#11025=CARTESIAN_POINT('',(0.0322182995321622,-0.0435071977610229,0.0165796876839469));
#11026=CARTESIAN_POINT('',(0.0320554893674974,-0.043973027927893,0.0161275017830406));
#11027=CARTESIAN_POINT('',(0.0318212341473592,-0.0442957125668674,0.0155685955935111));
#11028=CARTESIAN_POINT('',(0.0259473652918703,-0.043,0.0176587980849472));
#11029=CARTESIAN_POINT('',(0.0259473652918703,-0.046,0.0176587980849472));
#11030=CARTESIAN_POINT('',(0.0269072108424644,-0.043,0.0146855986844211));
#11031=CARTESIAN_POINT('',(0.0269072108424644,-0.046,0.0146855986844211));
#11032=CARTESIAN_POINT('',(0.0278670563930585,-0.043,0.0130025039436701));
#11033=CARTESIAN_POINT('',(0.0278670563930585,-0.046,0.0130025039436701));
#11034=CARTESIAN_POINT('',(0.0288269019436527,-0.043,0.0126095138626942));
#11035=CARTESIAN_POINT('',(0.0288269019436527,-0.046,0.0126095138626942));
#11036=CARTESIAN_POINT('',(0.0267097306224979,-0.0442957125668626,0.0155685955935194));
#11037=CARTESIAN_POINT('',(0.0264781777125845,-0.0439767503379943,0.0161210543796147));
#11038=CARTESIAN_POINT('',(0.0263126030407852,-0.0435069806193643,0.0165798675688404));
#11039=CARTESIAN_POINT('',(0.0261673861811929,-0.0430000000000073,0.0169998614013471));
#11040=CARTESIAN_POINT('',(0.0322466178084681,-0.0426525426783057,0.0169385928956448));
#11041=CARTESIAN_POINT('',(0.0324234325761272,-0.0433387905122024,0.017226033211074));
#11042=CARTESIAN_POINT('',(0.0330983707866218,-0.0435185680820901,0.0169146493259673));
#11043=CARTESIAN_POINT('',(0.0319350786034807,-0.0430284888748751,0.0164321367407901));
#11044=CARTESIAN_POINT('',(0.0321402291555853,-0.0436660129224267,0.0166592673711816));
#11045=CARTESIAN_POINT('',(0.0326978203802057,-0.0438945142786676,0.0162634914125828));
#11046=CARTESIAN_POINT('',(0.0310486578412571,-0.0436594366511295,0.0155821550477213));
#11047=CARTESIAN_POINT('',(0.0312451946080779,-0.0442449826353709,0.0156564624123317));
#11048=CARTESIAN_POINT('',(0.0315581365430663,-0.0445254620549099,0.0151706578072084));
#11049=CARTESIAN_POINT('',(0.0292654823849305,-0.0440043420222179,0.0151175155604129));
#11050=CARTESIAN_POINT('',(0.0292654823849333,-0.0445751865263832,0.0150845324962353));
#11051=CARTESIAN_POINT('',(0.0292654823849305,-0.0448703674260042,0.0145732641806697));
#11052=CARTESIAN_POINT('',(0.0274823069286029,-0.0436594366511295,0.0155821550477223));
#11053=CARTESIAN_POINT('',(0.0272857701617709,-0.0442449826353698,0.0156564624123335));
#11054=CARTESIAN_POINT('',(0.0269728282267936,-0.0445254620549102,0.015170657807208));
#11055=CARTESIAN_POINT('',(0.0265958861663813,-0.0430284888748751,0.0164321367407879));
#11056=CARTESIAN_POINT('',(0.0263907356142994,-0.0436660129224292,0.0166592673711777));
#11057=CARTESIAN_POINT('',(0.0258331443896563,-0.0438945142786669,0.016263491412584));
#11058=CARTESIAN_POINT('',(0.0262843469613925,-0.0426525426783057,0.0169385928956448));
#11059=CARTESIAN_POINT('',(0.0261075321937334,-0.0433387905122024,0.017226033211074));
#11060=CARTESIAN_POINT('',(0.0254325939832388,-0.0435185680820901,0.0169146493259673));
#11061=CARTESIAN_POINT('',(0.0195154823849303,0.210617621135332,0.0187723953895159));
#11062=CARTESIAN_POINT('',(0.0195154823849303,-0.0412912973538351,0.0187723953895159));
#11063=CARTESIAN_POINT('',(0.0195154823849303,0.210617621135332,0.0187723953895159));
#11064=CARTESIAN_POINT('',(0.0161973652918703,0.210617621135332,0.0176587980849472));
#11065=CARTESIAN_POINT('',(0.0228335994779904,0.210617621135332,0.0176587980849472));
#11066=CARTESIAN_POINT('',(0.0195154823849303,-0.0492,0.00707412058440386));
#11067=CARTESIAN_POINT('',(0.0199712369803018,-0.0460000000019144,0.0126166831608871));
#11068=CARTESIAN_POINT('',(0.0202823697535944,-0.0459235729404398,0.0127490587144343));
#11069=CARTESIAN_POINT('',(0.0207597493183788,-0.0456691377774055,0.0131897533504727));
#11070=CARTESIAN_POINT('',(0.0214585658423066,-0.0450866323228298,0.0141986823902685));
#11071=CARTESIAN_POINT('',(0.0218406113002237,-0.0446133936419091,0.0150183558309357));
#11072=CARTESIAN_POINT('',(0.0220712341473575,-0.0442957125668697,0.0155685955935071));
#11073=CARTESIAN_POINT('',(0.0220712341473575,-0.0442957125668697,0.0155685955935071));
#11074=CARTESIAN_POINT('',(0.0195154823849303,-0.0421573227576195,0.0192723953895159));
#11075=CARTESIAN_POINT('',(0.0169597306224979,-0.0442957125668626,0.0155685955935194));
#11076=CARTESIAN_POINT('',(0.0169597306224978,-0.0442957125668627,0.0155685955935195));
#11077=CARTESIAN_POINT('',(0.0171913205965205,-0.0446147258512375,0.015016048376693));
#11078=CARTESIAN_POINT('',(0.0175736590727405,-0.0450867869934665,0.0141984144940733));
#11079=CARTESIAN_POINT('',(0.0182661642688214,-0.0456659523385675,0.0131952706903753));
#11080=CARTESIAN_POINT('',(0.018748503932801,-0.0459235505695513,0.0127490974663712));
#11081=CARTESIAN_POINT('',(0.0190597277882605,-0.0460000000047863,0.0126166831603342));
#11082=CARTESIAN_POINT('',(0.0199540628262079,-0.043,0.0126095138626942));
#11083=CARTESIAN_POINT('',(0.0199540628262079,-0.046,0.0126095138626942));
#11084=CARTESIAN_POINT('',(0.0209139083768021,-0.043,0.0130025039436701));
#11085=CARTESIAN_POINT('',(0.0209139083768021,-0.046,0.0130025039436701));
#11086=CARTESIAN_POINT('',(0.0218737539273962,-0.043,0.0146855986844211));
#11087=CARTESIAN_POINT('',(0.0218737539273962,-0.046,0.0146855986844211));
#11088=CARTESIAN_POINT('',(0.0228335994779904,-0.043,0.0176587980849472));
#11089=CARTESIAN_POINT('',(0.0228335994779904,-0.046,0.0176587980849472));
#11090=CARTESIAN_POINT('',(0.0226135785886677,-0.0430000000000138,0.0169998614013515));
#11091=CARTESIAN_POINT('',(0.0224682995321622,-0.0435071977610229,0.0165796876839469));
#11092=CARTESIAN_POINT('',(0.0223054893674974,-0.043973027927893,0.0161275017830406));
#11093=CARTESIAN_POINT('',(0.0220712341473592,-0.0442957125668674,0.0155685955935111));
#11094=CARTESIAN_POINT('',(0.0161973652918703,-0.043,0.0176587980849472));
#11095=CARTESIAN_POINT('',(0.0161973652918703,-0.046,0.0176587980849472));
#11096=CARTESIAN_POINT('',(0.0171572108424644,-0.043,0.0146855986844211));
#11097=CARTESIAN_POINT('',(0.0171572108424644,-0.046,0.0146855986844211));
#11098=CARTESIAN_POINT('',(0.0181170563930586,-0.043,0.0130025039436701));
#11099=CARTESIAN_POINT('',(0.0181170563930586,-0.046,0.0130025039436701));
#11100=CARTESIAN_POINT('',(0.0190769019436527,-0.043,0.0126095138626942));
#11101=CARTESIAN_POINT('',(0.0190769019436527,-0.046,0.0126095138626942));
#11102=CARTESIAN_POINT('',(0.0169597306224979,-0.0442957125668626,0.0155685955935194));
#11103=CARTESIAN_POINT('',(0.0167281777125845,-0.0439767503379943,0.0161210543796147));
#11104=CARTESIAN_POINT('',(0.0165626030407852,-0.0435069806193642,0.0165798675688405));
#11105=CARTESIAN_POINT('',(0.0164173861811929,-0.0430000000000072,0.0169998614013471));
#11106=CARTESIAN_POINT('',(0.0224966178084681,-0.0426525426783057,0.0169385928956448));
#11107=CARTESIAN_POINT('',(0.0226734325761272,-0.0433387905122024,0.017226033211074));
#11108=CARTESIAN_POINT('',(0.0233483707866218,-0.0435185680820901,0.0169146493259673));
#11109=CARTESIAN_POINT('',(0.0221850786034775,-0.0430284888748751,0.0164321367407849));
#11110=CARTESIAN_POINT('',(0.0223902291555616,-0.0436660129224285,0.0166592673711882));
#11111=CARTESIAN_POINT('',(0.0229478203802043,-0.0438945142786676,0.0162634914125828));
#11112=CARTESIAN_POINT('',(0.0212986578412586,-0.0436594366511295,0.0155821550477238));
#11113=CARTESIAN_POINT('',(0.0214951946080885,-0.0442449826353703,0.0156564624123289));
#11114=CARTESIAN_POINT('',(0.021808136543067,-0.0445254620549099,0.0151706578072084));
#11115=CARTESIAN_POINT('',(0.01951548238493,-0.0440043420222179,0.0151175155604123));
#11116=CARTESIAN_POINT('',(0.01951548238493,-0.0445751865263825,0.0150845324962359));
#11117=CARTESIAN_POINT('',(0.0195154823849303,-0.0448703674260042,0.0145732641806697));
#11118=CARTESIAN_POINT('',(0.017732306928603,-0.0436594366511295,0.0155821550477225));
#11119=CARTESIAN_POINT('',(0.0175357701617742,-0.0442449826353733,0.0156564624123333));
#11120=CARTESIAN_POINT('',(0.0172228282267937,-0.0445254620549102,0.015170657807208));
#11121=CARTESIAN_POINT('',(0.0168458861663813,-0.0430284888748751,0.0164321367407879));
#11122=CARTESIAN_POINT('',(0.016640735614293,-0.0436660129224204,0.0166592673711788));
#11123=CARTESIAN_POINT('',(0.0160831443896563,-0.0438945142786669,0.016263491412584));
#11124=CARTESIAN_POINT('',(0.0165343469613925,-0.0426525426783057,0.0169385928956448));
#11125=CARTESIAN_POINT('',(0.0163575321937334,-0.0433387905122024,0.017226033211074));
#11126=CARTESIAN_POINT('',(0.0156825939832388,-0.0435185680820901,0.0169146493259673));
#11127=CARTESIAN_POINT('',(0.0097654823849303,0.210617621135332,0.0187723953895159));
#11128=CARTESIAN_POINT('',(0.0097654823849303,-0.0412912973538351,0.0187723953895159));
#11129=CARTESIAN_POINT('',(0.0097654823849303,0.210617621135332,0.0187723953895159));
#11130=CARTESIAN_POINT('',(0.00644736529187024,0.210617621135332,0.0176587980849472));
#11131=CARTESIAN_POINT('',(0.0130835994779903,0.210617621135332,0.0176587980849472));
#11132=CARTESIAN_POINT('',(0.00976548238493029,-0.0492,0.00707412058440386));
#11133=CARTESIAN_POINT('',(0.0102212369803017,-0.0460000000019144,0.0126166831608871));
#11134=CARTESIAN_POINT('',(0.0105323697535944,-0.0459235729404398,0.0127490587144343));
#11135=CARTESIAN_POINT('',(0.0110097493183788,-0.0456691377774055,0.0131897533504727));
#11136=CARTESIAN_POINT('',(0.0117085658423066,-0.0450866323228298,0.0141986823902685));
#11137=CARTESIAN_POINT('',(0.0120906113002237,-0.0446133936419091,0.0150183558309357));
#11138=CARTESIAN_POINT('',(0.0123212341473575,-0.0442957125668697,0.0155685955935071));
#11139=CARTESIAN_POINT('',(0.0123212341473575,-0.0442957125668697,0.0155685955935071));
#11140=CARTESIAN_POINT('',(0.0097654823849303,-0.0421573227576195,0.0192723953895159));
#11141=CARTESIAN_POINT('',(0.00720973062249789,-0.0442957125668626,0.0155685955935194));
#11142=CARTESIAN_POINT('',(0.00720973062249784,-0.0442957125668626,0.0155685955935195));
#11143=CARTESIAN_POINT('',(0.00744132059652052,-0.0446147258512374,0.015016048376693));
#11144=CARTESIAN_POINT('',(0.0078236590727405,-0.0450867869934665,0.0141984144940733));
#11145=CARTESIAN_POINT('',(0.00851616426882135,-0.0456659523385675,0.0131952706903753));
#11146=CARTESIAN_POINT('',(0.00899850393280102,-0.0459235505695513,0.0127490974663712));
#11147=CARTESIAN_POINT('',(0.00930972778826045,-0.0460000000047863,0.0126166831603342));
#11148=CARTESIAN_POINT('',(0.0102040628262079,-0.043,0.0126095138626942));
#11149=CARTESIAN_POINT('',(0.0102040628262079,-0.046,0.0126095138626942));
#11150=CARTESIAN_POINT('',(0.011163908376802,-0.043,0.0130025039436701));
#11151=CARTESIAN_POINT('',(0.011163908376802,-0.046,0.0130025039436701));
#11152=CARTESIAN_POINT('',(0.0121237539273962,-0.043,0.0146855986844211));
#11153=CARTESIAN_POINT('',(0.0121237539273962,-0.046,0.0146855986844211));
#11154=CARTESIAN_POINT('',(0.0130835994779903,-0.043,0.0176587980849472));
#11155=CARTESIAN_POINT('',(0.0130835994779903,-0.046,0.0176587980849472));
#11156=CARTESIAN_POINT('',(0.0128635785886677,-0.0430000000000138,0.0169998614013515));
#11157=CARTESIAN_POINT('',(0.0127182995321622,-0.0435071977610229,0.0165796876839469));
#11158=CARTESIAN_POINT('',(0.0125554893674974,-0.043973027927893,0.0161275017830406));
#11159=CARTESIAN_POINT('',(0.0123212341473592,-0.0442957125668674,0.0155685955935111));
#11160=CARTESIAN_POINT('',(0.00644736529187024,-0.043,0.0176587980849472));
#11161=CARTESIAN_POINT('',(0.00644736529187024,-0.046,0.0176587980849472));
#11162=CARTESIAN_POINT('',(0.00740721084246439,-0.043,0.0146855986844211));
#11163=CARTESIAN_POINT('',(0.00740721084246439,-0.046,0.0146855986844211));
#11164=CARTESIAN_POINT('',(0.00836705639305854,-0.043,0.0130025039436701));
#11165=CARTESIAN_POINT('',(0.00836705639305854,-0.046,0.0130025039436701));
#11166=CARTESIAN_POINT('',(0.00932690194365269,-0.043,0.0126095138626942));
#11167=CARTESIAN_POINT('',(0.00932690194365269,-0.046,0.0126095138626942));
#11168=CARTESIAN_POINT('',(0.0072097306224979,-0.0442957125668626,0.0155685955935194));
#11169=CARTESIAN_POINT('',(0.00697817771258446,-0.0439767503379943,0.0161210543796147));
#11170=CARTESIAN_POINT('',(0.00681260304078515,-0.0435069806193642,0.0165798675688405));
#11171=CARTESIAN_POINT('',(0.00666738618119288,-0.0430000000000072,0.0169998614013471));
#11172=CARTESIAN_POINT('',(0.0127466178084681,-0.0426525426783057,0.0169385928956448));
#11173=CARTESIAN_POINT('',(0.0129234325761272,-0.0433387905122024,0.017226033211074));
#11174=CARTESIAN_POINT('',(0.0135983707866218,-0.0435185680820901,0.0169146493259673));
#11175=CARTESIAN_POINT('',(0.0124350786034781,-0.0430284888748751,0.0164321367407859));
#11176=CARTESIAN_POINT('',(0.012640229155568,-0.0436660129224215,0.0166592673711823));
#11177=CARTESIAN_POINT('',(0.0131978203802043,-0.0438945142786676,0.0162634914125828));
#11178=CARTESIAN_POINT('',(0.0115486578412583,-0.0436594366511295,0.0155821550477233));
#11179=CARTESIAN_POINT('',(0.0117451946080861,-0.0442449826353731,0.0156564624123317));
#11180=CARTESIAN_POINT('',(0.0120581365430671,-0.0445254620549099,0.0151706578072084));
#11181=CARTESIAN_POINT('',(0.00976548238493014,-0.0440043420222179,0.0151175155604124));
#11182=CARTESIAN_POINT('',(0.00976548238493056,-0.0445751865263817,0.0150845324962361));
#11183=CARTESIAN_POINT('',(0.0097654823849299,-0.0448703674260042,0.0145732641806697));
#11184=CARTESIAN_POINT('',(0.00798230692860289,-0.0436594366511295,0.0155821550477226));
#11185=CARTESIAN_POINT('',(0.00778577016177398,-0.0442449826353739,0.0156564624123291));
#11186=CARTESIAN_POINT('',(0.00747282822679505,-0.0445254620549102,0.0151706578072079));
#11187=CARTESIAN_POINT('',(0.00709588616638146,-0.0430284888748751,0.0164321367407876));
#11188=CARTESIAN_POINT('',(0.00689073561429292,-0.0436660129224193,0.0166592673711894));
#11189=CARTESIAN_POINT('',(0.00633314438965337,-0.0438945142786669,0.016263491412584));
#11190=CARTESIAN_POINT('',(0.00678434696139247,-0.0426525426783057,0.0169385928956448));
#11191=CARTESIAN_POINT('',(0.00660753219373336,-0.0433387905122024,0.017226033211074));
#11192=CARTESIAN_POINT('',(0.00593259398323881,-0.0435185680820901,0.0169146493259673));
#11193=CARTESIAN_POINT('',(1.54823849303002E-5,0.210617621135332,0.0187723953895159));
#11194=CARTESIAN_POINT('',(1.54823849303002E-5,-0.0412912973538351,0.0187723953895159));
#11195=CARTESIAN_POINT('',(-0.0026210587560799,-0.043,0.0164705155464831));
#11196=CARTESIAN_POINT('',(1.54823849303002E-5,-0.043,0.0187723953895159));
#11197=CARTESIAN_POINT('',(1.54823849303002E-5,0.210617621135332,0.0187723953895159));
#11198=CARTESIAN_POINT('',(1.54823849303002E-5,-0.043,0.0187723953895159));
#11199=CARTESIAN_POINT('',(-0.00330263470812991,-0.043,0.0176587980849476));
#11200=CARTESIAN_POINT('',(-0.00330263470812976,0.210617621135332,0.0176587980849472));
#11201=CARTESIAN_POINT('',(1.54823849302932E-5,-0.0492,0.00707412058440386));
#11202=CARTESIAN_POINT('',(-0.00254026937750216,-0.0442957125668626,0.0155685955935195));
#11203=CARTESIAN_POINT('',(-0.00225355858983739,-0.0446906543186573,0.0148845364133808));
#11204=CARTESIAN_POINT('',(-0.00193725047768816,-0.0450798945048573,0.0142103526345348));
#11205=CARTESIAN_POINT('',(-0.00149999999999999,-0.0454370452254893,0.0135917494404403));
#11206=CARTESIAN_POINT('',(-0.00254026937750211,-0.0442957125668626,0.0155685955935194));
#11207=CARTESIAN_POINT('',(1.54823849303002E-5,-0.0421573227576195,0.0192723953895159));
#11208=CARTESIAN_POINT('',(-0.00330263470812976,-0.043,0.0176587980849472));
#11209=CARTESIAN_POINT('',(-0.00330263470812976,-0.046,0.0176587980849472));
#11210=CARTESIAN_POINT('',(-0.00270175647208227,-0.043,0.0157975290400475));
#11211=CARTESIAN_POINT('',(-0.00270175647208227,-0.046,0.0157975290400475));
#11212=CARTESIAN_POINT('',(-0.00210087823603479,-0.043,0.0144418461585392));
#11213=CARTESIAN_POINT('',(-0.00210087823603479,-0.046,0.0144418461585392));
#11214=CARTESIAN_POINT('',(-0.0014999999999873,-0.043,0.0135917494404224));
#11215=CARTESIAN_POINT('',(-0.0014999999999873,-0.046,0.0135917494404224));
#11216=CARTESIAN_POINT('',(-0.00254026937750211,-0.0442957125668626,0.0155685955935194));
#11217=CARTESIAN_POINT('',(-0.00277182228741555,-0.0439767503379943,0.0161210543796147));
#11218=CARTESIAN_POINT('',(-0.00293739695921485,-0.0435069806193642,0.0165798675688405));
#11219=CARTESIAN_POINT('',(-0.00308261381880712,-0.0430000000000072,0.0169998614013471));
#11220=CARTESIAN_POINT('',(-0.00308261381880635,-0.043,0.0169998614013385));
#11221=CARTESIAN_POINT('',(-0.00330263470812991,-0.043,0.0176587980849476));
#11222=CARTESIAN_POINT('',(-0.00323148936646451,-0.043,0.0174384196219138));
#11223=CARTESIAN_POINT('',(-0.00315828881765012,-0.043,0.0172187273985687));
#11224=CARTESIAN_POINT('',(-0.00308261381880635,-0.043,0.0169998614013385));
#11225=CARTESIAN_POINT('',(-0.00115009236449459,-0.0437410735143494,0.0154721778961523));
#11226=CARTESIAN_POINT('',(-0.00125679330636037,-0.044329622040669,0.0155098626620287));
#11227=CARTESIAN_POINT('',(-0.00148311372147314,-0.0446070989181338,0.0150292586123341));
#11228=CARTESIAN_POINT('',(-0.00188902385458024,-0.0435473485519735,0.0157331546009091));
#11229=CARTESIAN_POINT('',(-0.00206791063494918,-0.0441485147762843,0.0158235496455984));
#11230=CARTESIAN_POINT('',(-0.00243316849444065,-0.0444133739557509,0.0153648000898758));
#11231=CARTESIAN_POINT('',(-0.00253470204600332,-0.0431634268557038,0.0162503549551625));
#11232=CARTESIAN_POINT('',(-0.00275185904768763,-0.0437805351787211,0.0164609090046825));
#11233=CARTESIAN_POINT('',(-0.00326332616912821,-0.0440294522594917,0.0160297719739248));
#11234=CARTESIAN_POINT('',(-0.00295069353814758,-0.0426704320324084,0.0169144932410288));
#11235=CARTESIAN_POINT('',(-0.00312844812633972,-0.0433548127949038,0.017198281803382));
#11236=CARTESIAN_POINT('',(-0.00379817237331269,-0.0435364574361929,0.0168836640557467));
#11237=CARTESIAN_POINT('',(-0.0026210587560799,-0.043,0.0164705155464831));
#11238=CARTESIAN_POINT('',(-0.00277502289328757,-0.043,0.0166468639267936));
#11239=CARTESIAN_POINT('',(-0.00292656950002657,-0.043,0.0168253673017725));
#11240=CARTESIAN_POINT('',(-0.00308261381880619,-0.043,0.0169998614013386));
#11241=CARTESIAN_POINT('',(-0.0097345176150697,0.210617621135332,0.0187723953895159));
#11242=CARTESIAN_POINT('',(-0.0097345176150697,-0.043,0.0187723953895159));
#11243=CARTESIAN_POINT('',(-0.0070979764740595,-0.043,0.0164705155464831));
#11244=CARTESIAN_POINT('',(-0.0123710587560799,-0.043,0.0164705155464831));
#11245=CARTESIAN_POINT('',(-0.0097345176150697,-0.0412912973538351,0.0187723953895159));
#11246=CARTESIAN_POINT('',(-0.0097345176150697,0.210617621135332,0.0187723953895159));
#11247=CARTESIAN_POINT('',(-0.0130526347081298,0.210617621135332,0.0176587980849472));
#11248=CARTESIAN_POINT('',(-0.0130526347081299,-0.043,0.0176587980849476));
#11249=CARTESIAN_POINT('',(-0.0097345176150697,-0.043,0.0187723953895159));
#11250=CARTESIAN_POINT('',(-0.0064164005220098,-0.043,0.0176587980849468));
#11251=CARTESIAN_POINT('',(-0.00641640052200965,0.210617621135332,0.0176587980849472));
#11252=CARTESIAN_POINT('',(-0.00973451761506971,-0.0492,0.00707412058440386));
#11253=CARTESIAN_POINT('',(-0.00927876301969827,-0.0460000000019144,0.0126166831608871));
#11254=CARTESIAN_POINT('',(-0.00896763024640558,-0.0459235729404398,0.0127490587144343));
#11255=CARTESIAN_POINT('',(-0.00849025068162121,-0.0456691377774055,0.0131897533504728));
#11256=CARTESIAN_POINT('',(-0.00779143415769343,-0.0450866323228297,0.0141986823902685));
#11257=CARTESIAN_POINT('',(-0.0074093886997763,-0.0446133936419091,0.0150183558309357));
#11258=CARTESIAN_POINT('',(-0.00717876585264247,-0.0442957125668697,0.0155685955935071));
#11259=CARTESIAN_POINT('',(-0.00717876585264247,-0.0442957125668697,0.0155685955935071));
#11260=CARTESIAN_POINT('',(-0.0097345176150697,-0.0421573227576195,0.0192723953895159));
#11261=CARTESIAN_POINT('',(-0.0122902693775021,-0.0442957125668626,0.0155685955935194));
#11262=CARTESIAN_POINT('',(-0.0122902693775022,-0.0442957125668626,0.0155685955935195));
#11263=CARTESIAN_POINT('',(-0.0120586794034795,-0.0446147258512374,0.015016048376693));
#11264=CARTESIAN_POINT('',(-0.0116763409272595,-0.0450867869934665,0.0141984144940732));
#11265=CARTESIAN_POINT('',(-0.0109838357311786,-0.0456659523385675,0.0131952706903753));
#11266=CARTESIAN_POINT('',(-0.010501496067199,-0.0459235505695513,0.0127490974663712));
#11267=CARTESIAN_POINT('',(-0.0101902722117395,-0.0460000000047863,0.0126166831603342));
#11268=CARTESIAN_POINT('',(-0.0092959371737921,-0.043,0.0126095138626942));
#11269=CARTESIAN_POINT('',(-0.0092959371737921,-0.046,0.0126095138626942));
#11270=CARTESIAN_POINT('',(-0.00833609162319794,-0.043,0.0130025039436701));
#11271=CARTESIAN_POINT('',(-0.00833609162319794,-0.046,0.0130025039436701));
#11272=CARTESIAN_POINT('',(-0.0073762460726038,-0.043,0.0146855986844211));
#11273=CARTESIAN_POINT('',(-0.0073762460726038,-0.046,0.0146855986844211));
#11274=CARTESIAN_POINT('',(-0.00641640052200965,-0.043,0.0176587980849472));
#11275=CARTESIAN_POINT('',(-0.00641640052200965,-0.046,0.0176587980849472));
#11276=CARTESIAN_POINT('',(-0.00663642141133306,-0.043,0.0169998614013385));
#11277=CARTESIAN_POINT('',(-0.00656074641248929,-0.043,0.0172187273985683));
#11278=CARTESIAN_POINT('',(-0.00648754586367512,-0.043,0.0174384196219132));
#11279=CARTESIAN_POINT('',(-0.0064164005220098,-0.043,0.0176587980849468));
#11280=CARTESIAN_POINT('',(-0.00663642141133306,-0.043,0.0169998614013385));
#11281=CARTESIAN_POINT('',(-0.00663642141133227,-0.0430000000000138,0.0169998614013515));
#11282=CARTESIAN_POINT('',(-0.00678170046783776,-0.0435071977610229,0.0165796876839469));
#11283=CARTESIAN_POINT('',(-0.00694451063250259,-0.043973027927893,0.0161275017830406));
#11284=CARTESIAN_POINT('',(-0.00717876585264077,-0.0442957125668674,0.0155685955935111));
#11285=CARTESIAN_POINT('',(-0.0130526347081298,-0.0429999999999999,0.0176587980849472));
#11286=CARTESIAN_POINT('',(-0.0130526347081298,-0.046,0.0176587980849472));
#11287=CARTESIAN_POINT('',(-0.0120927891575356,-0.0429999999999999,0.0146855986844211));
#11288=CARTESIAN_POINT('',(-0.0120927891575356,-0.046,0.0146855986844211));
#11289=CARTESIAN_POINT('',(-0.0111329436069415,-0.0429999999999999,0.0130025039436701));
#11290=CARTESIAN_POINT('',(-0.0111329436069415,-0.046,0.0130025039436701));
#11291=CARTESIAN_POINT('',(-0.0101730980563473,-0.0429999999999999,0.0126095138626942));
#11292=CARTESIAN_POINT('',(-0.0101730980563473,-0.046,0.0126095138626942));
#11293=CARTESIAN_POINT('',(-0.0122902693775021,-0.0442957125668626,0.0155685955935194));
#11294=CARTESIAN_POINT('',(-0.0125218222874155,-0.0439767503379943,0.0161210543796147));
#11295=CARTESIAN_POINT('',(-0.0126873969592149,-0.0435069806193642,0.0165798675688405));
#11296=CARTESIAN_POINT('',(-0.0128326138188071,-0.0430000000000072,0.0169998614013471));
#11297=CARTESIAN_POINT('',(-0.0128326138188063,-0.043,0.0169998614013385));
#11298=CARTESIAN_POINT('',(-0.0130526347081299,-0.043,0.0176587980849476));
#11299=CARTESIAN_POINT('',(-0.0129814893664645,-0.043,0.0174384196219138));
#11300=CARTESIAN_POINT('',(-0.0129082888176501,-0.043,0.0172187273985687));
#11301=CARTESIAN_POINT('',(-0.0128326138188063,-0.043,0.0169998614013385));
#11302=CARTESIAN_POINT('',(-0.00675338219153188,-0.0426525426783057,0.0169385928956448));
#11303=CARTESIAN_POINT('',(-0.00657656742387276,-0.0433387905122024,0.017226033211074));
#11304=CARTESIAN_POINT('',(-0.00590162921337822,-0.0435185680820901,0.0169146493259673));
#11305=CARTESIAN_POINT('',(-0.00706492139652117,-0.043028488874887,0.0164321367407871));
#11306=CARTESIAN_POINT('',(-0.00685977084443772,-0.0436660129224427,0.0166592673711891));
#11307=CARTESIAN_POINT('',(-0.00630217961979389,-0.0438945142786699,0.0162634914125788));
#11308=CARTESIAN_POINT('',(-0.00795134215874206,-0.043659436651124,0.0155821550477228));
#11309=CARTESIAN_POINT('',(-0.00775480539191066,-0.0442449826353632,0.0156564624123298));
#11310=CARTESIAN_POINT('',(-0.0074418634569337,-0.0445254620549089,0.0151706578072103));
#11311=CARTESIAN_POINT('',(-0.0097345176150698,-0.0440043420222193,0.0151175155604126));
#11312=CARTESIAN_POINT('',(-0.00973451761507044,-0.0445751865263842,0.0150845324962362));
#11313=CARTESIAN_POINT('',(-0.00973451761507014,-0.0448703674260045,0.0145732641806692));
#11314=CARTESIAN_POINT('',(-0.011517693071397,-0.0436594366511291,0.0155821550477223));
#11315=CARTESIAN_POINT('',(-0.0117142298382263,-0.0442449826353744,0.0156564624123302));
#11316=CARTESIAN_POINT('',(-0.012027171773204,-0.0445254620549101,0.0151706578072081));
#11317=CARTESIAN_POINT('',(-0.0124041138336189,-0.0430284888748751,0.0164321367407882));
#11318=CARTESIAN_POINT('',(-0.0126092643857058,-0.043666012922416,0.0166592673711874));
#11319=CARTESIAN_POINT('',(-0.0131668556103488,-0.0438945142786669,0.0162634914125839));
#11320=CARTESIAN_POINT('',(-0.0127156530386075,-0.0426525426783057,0.0169385928956448));
#11321=CARTESIAN_POINT('',(-0.0128924678062666,-0.0433387905122025,0.017226033211074));
#11322=CARTESIAN_POINT('',(-0.0135674060167612,-0.0435185680820901,0.0169146493259673));
#11323=CARTESIAN_POINT('',(-0.0123710587560799,-0.043,0.0164705155464831));
#11324=CARTESIAN_POINT('',(-0.0125250228932876,-0.043,0.0166468639267936));
#11325=CARTESIAN_POINT('',(-0.0126765695000266,-0.043,0.0168253673017725));
#11326=CARTESIAN_POINT('',(-0.0128326138188062,-0.043,0.0169998614013386));
#11327=CARTESIAN_POINT('',(-0.0070979764740595,-0.043,0.0164705155464831));
#11328=CARTESIAN_POINT('',(-0.00694401233685184,-0.043,0.0166468639267936));
#11329=CARTESIAN_POINT('',(-0.00679246573011283,-0.043,0.0168253673017725));
#11330=CARTESIAN_POINT('',(-0.00663642141133322,-0.043,0.0169998614013386));
#11331=CARTESIAN_POINT('',(-0.0194845176150697,0.210617621135332,0.0187723953895159));
#11332=CARTESIAN_POINT('',(-0.0194845176150697,-0.043,0.0187723953895159));
#11333=CARTESIAN_POINT('',(-0.0168479764740595,-0.043,0.0164705155464831));
#11334=CARTESIAN_POINT('',(-0.0221210587560799,-0.043,0.0164705155464831));
#11335=CARTESIAN_POINT('',(-0.0194845176150697,-0.0412912973538351,0.0187723953895159));
#11336=CARTESIAN_POINT('',(-0.0194845176150697,0.210617621135332,0.0187723953895159));
#11337=CARTESIAN_POINT('',(-0.0228026347081298,0.210617621135332,0.0176587980849472));
#11338=CARTESIAN_POINT('',(-0.0228026347081299,-0.043,0.0176587980849476));
#11339=CARTESIAN_POINT('',(-0.0194845176150697,-0.043,0.0187723953895159));
#11340=CARTESIAN_POINT('',(-0.0161664005220098,-0.043,0.0176587980849468));
#11341=CARTESIAN_POINT('',(-0.0161664005220096,0.210617621135332,0.0176587980849472));
#11342=CARTESIAN_POINT('',(-0.0194845176150697,-0.0492,0.00707412058440386));
#11343=CARTESIAN_POINT('',(-0.0190287630196983,-0.0460000000019144,0.0126166831608871));
#11344=CARTESIAN_POINT('',(-0.0187176302464056,-0.0459235729404398,0.0127490587144343));
#11345=CARTESIAN_POINT('',(-0.0182402506816212,-0.0456691377774055,0.0131897533504728));
#11346=CARTESIAN_POINT('',(-0.0175414341576934,-0.0450866323228297,0.0141986823902685));
#11347=CARTESIAN_POINT('',(-0.0171593886997763,-0.0446133936419091,0.0150183558309357));
#11348=CARTESIAN_POINT('',(-0.0169287658526425,-0.0442957125668697,0.0155685955935071));
#11349=CARTESIAN_POINT('',(-0.0169287658526424,-0.0442957125668697,0.0155685955935071));
#11350=CARTESIAN_POINT('',(-0.0194845176150697,-0.0421573227576195,0.0192723953895159));
#11351=CARTESIAN_POINT('',(-0.0220402693775021,-0.0442957125668626,0.0155685955935194));
#11352=CARTESIAN_POINT('',(-0.0220402693775022,-0.0442957125668626,0.0155685955935195));
#11353=CARTESIAN_POINT('',(-0.0218086794034795,-0.0446147258512374,0.015016048376693));
#11354=CARTESIAN_POINT('',(-0.0214263409272595,-0.0450867869934665,0.0141984144940733));
#11355=CARTESIAN_POINT('',(-0.0207338357311786,-0.0456659523385675,0.0131952706903753));
#11356=CARTESIAN_POINT('',(-0.020251496067199,-0.0459235505695513,0.0127490974663712));
#11357=CARTESIAN_POINT('',(-0.0199402722117395,-0.0460000000047863,0.0126166831603342));
#11358=CARTESIAN_POINT('',(-0.0190459371737921,-0.043,0.0126095138626942));
#11359=CARTESIAN_POINT('',(-0.0190459371737921,-0.046,0.0126095138626942));
#11360=CARTESIAN_POINT('',(-0.018086091623198,-0.043,0.0130025039436701));
#11361=CARTESIAN_POINT('',(-0.018086091623198,-0.046,0.0130025039436701));
#11362=CARTESIAN_POINT('',(-0.0171262460726038,-0.043,0.0146855986844211));
#11363=CARTESIAN_POINT('',(-0.0171262460726038,-0.046,0.0146855986844211));
#11364=CARTESIAN_POINT('',(-0.0161664005220097,-0.043,0.0176587980849472));
#11365=CARTESIAN_POINT('',(-0.0161664005220097,-0.046,0.0176587980849472));
#11366=CARTESIAN_POINT('',(-0.0163864214113331,-0.043,0.0169998614013385));
#11367=CARTESIAN_POINT('',(-0.0163107464124893,-0.043,0.0172187273985683));
#11368=CARTESIAN_POINT('',(-0.0162375458636751,-0.043,0.0174384196219132));
#11369=CARTESIAN_POINT('',(-0.0161664005220098,-0.043,0.0176587980849468));
#11370=CARTESIAN_POINT('',(-0.0163864214113331,-0.043,0.0169998614013385));
#11371=CARTESIAN_POINT('',(-0.0163864214113323,-0.0430000000000138,0.0169998614013515));
#11372=CARTESIAN_POINT('',(-0.0165317004678378,-0.0435071977610229,0.0165796876839469));
#11373=CARTESIAN_POINT('',(-0.0166945106325026,-0.043973027927893,0.0161275017830406));
#11374=CARTESIAN_POINT('',(-0.0169287658526407,-0.0442957125668674,0.0155685955935111));
#11375=CARTESIAN_POINT('',(-0.0228026347081298,-0.043,0.0176587980849472));
#11376=CARTESIAN_POINT('',(-0.0228026347081298,-0.046,0.0176587980849472));
#11377=CARTESIAN_POINT('',(-0.0218427891575356,-0.043,0.0146855986844211));
#11378=CARTESIAN_POINT('',(-0.0218427891575356,-0.046,0.0146855986844211));
#11379=CARTESIAN_POINT('',(-0.0208829436069415,-0.043,0.0130025039436701));
#11380=CARTESIAN_POINT('',(-0.0208829436069415,-0.046,0.0130025039436701));
#11381=CARTESIAN_POINT('',(-0.0199230980563473,-0.043,0.0126095138626942));
#11382=CARTESIAN_POINT('',(-0.0199230980563473,-0.046,0.0126095138626942));
#11383=CARTESIAN_POINT('',(-0.0220402693775021,-0.0442957125668626,0.0155685955935194));
#11384=CARTESIAN_POINT('',(-0.0222718222874155,-0.0439767503379943,0.0161210543796147));
#11385=CARTESIAN_POINT('',(-0.0224373969592148,-0.0435069806193643,0.0165798675688404));
#11386=CARTESIAN_POINT('',(-0.0225826138188071,-0.0430000000000073,0.0169998614013471));
#11387=CARTESIAN_POINT('',(-0.0225826138188064,-0.043,0.0169998614013385));
#11388=CARTESIAN_POINT('',(-0.0228026347081299,-0.043,0.0176587980849476));
#11389=CARTESIAN_POINT('',(-0.0227314893664645,-0.043,0.0174384196219138));
#11390=CARTESIAN_POINT('',(-0.0226582888176501,-0.043,0.0172187273985687));
#11391=CARTESIAN_POINT('',(-0.0225826138188064,-0.043,0.0169998614013385));
#11392=CARTESIAN_POINT('',(-0.0165033821915319,-0.0426525426783057,0.0169385928956448));
#11393=CARTESIAN_POINT('',(-0.0163265674238728,-0.0433387905122024,0.017226033211074));
#11394=CARTESIAN_POINT('',(-0.0156516292133782,-0.0435185680820901,0.0169146493259673));
#11395=CARTESIAN_POINT('',(-0.0168149213965232,-0.043028488874887,0.0164321367407838));
#11396=CARTESIAN_POINT('',(-0.0166097708444295,-0.0436660129224296,0.0166592673711794));
#11397=CARTESIAN_POINT('',(-0.0160521796197957,-0.0438945142786705,0.0162634914125777));
#11398=CARTESIAN_POINT('',(-0.0177013421587412,-0.0436594366511236,0.0155821550477244));
#11399=CARTESIAN_POINT('',(-0.0175048053919153,-0.0442449826353697,0.0156564624123324));
#11400=CARTESIAN_POINT('',(-0.017191863456933,-0.0445254620549085,0.015170657807211));
#11401=CARTESIAN_POINT('',(-0.0194845176150698,-0.0440043420222208,0.0151175155604118));
#11402=CARTESIAN_POINT('',(-0.0194845176150693,-0.0445751865263834,0.0150845324962357));
#11403=CARTESIAN_POINT('',(-0.0194845176150697,-0.044870367426005,0.0145732641806685));
#11404=CARTESIAN_POINT('',(-0.0212676930713978,-0.0436594366511236,0.0155821550477239));
#11405=CARTESIAN_POINT('',(-0.0214642298382255,-0.0442449826353697,0.0156564624123316));
#11406=CARTESIAN_POINT('',(-0.0217771717732063,-0.0445254620549088,0.0151706578072105));
#11407=CARTESIAN_POINT('',(-0.0221541138336169,-0.043028488874887,0.0164321367407849));
#11408=CARTESIAN_POINT('',(-0.0223592643857067,-0.0436660129224296,0.0166592673711812));
#11409=CARTESIAN_POINT('',(-0.0229168556103437,-0.0438945142786699,0.0162634914125788));
#11410=CARTESIAN_POINT('',(-0.0224656530386075,-0.0426525426783057,0.0169385928956448));
#11411=CARTESIAN_POINT('',(-0.0226424678062666,-0.0433387905122024,0.017226033211074));
#11412=CARTESIAN_POINT('',(-0.0233174060167612,-0.0435185680820901,0.0169146493259673));
#11413=CARTESIAN_POINT('',(-0.0221210587560799,-0.043,0.0164705155464831));
#11414=CARTESIAN_POINT('',(-0.0222750228932876,-0.043,0.0166468639267936));
#11415=CARTESIAN_POINT('',(-0.0224265695000266,-0.043,0.0168253673017725));
#11416=CARTESIAN_POINT('',(-0.0225826138188062,-0.043,0.0169998614013386));
#11417=CARTESIAN_POINT('',(-0.0168479764740595,-0.043,0.0164705155464831));
#11418=CARTESIAN_POINT('',(-0.0166940123368518,-0.043,0.0166468639267936));
#11419=CARTESIAN_POINT('',(-0.0165424657301128,-0.043,0.0168253673017725));
#11420=CARTESIAN_POINT('',(-0.0163864214113332,-0.043,0.0169998614013386));
#11421=CARTESIAN_POINT('',(-0.0292345176150697,0.210617621135332,0.0187723953895159));
#11422=CARTESIAN_POINT('',(-0.0292345176150697,-0.043,0.0187723953895159));
#11423=CARTESIAN_POINT('',(-0.0265979764740595,-0.043,0.0164705155464831));
#11424=CARTESIAN_POINT('',(-0.0318710587560799,-0.043,0.0164705155464831));
#11425=CARTESIAN_POINT('',(-0.0292345176150697,-0.0412912973538351,0.0187723953895159));
#11426=CARTESIAN_POINT('',(-0.0292345176150697,0.210617621135332,0.0187723953895159));
#11427=CARTESIAN_POINT('',(-0.0325526347081297,0.210617621135332,0.0176587980849472));
#11428=CARTESIAN_POINT('',(-0.0325526347081299,-0.043,0.0176587980849476));
#11429=CARTESIAN_POINT('',(-0.0292345176150697,-0.043,0.0187723953895159));
#11430=CARTESIAN_POINT('',(-0.0259164005220098,-0.043,0.0176587980849468));
#11431=CARTESIAN_POINT('',(-0.0259164005220096,0.210617621135332,0.0176587980849472));
#11432=CARTESIAN_POINT('',(-0.0292345176150697,-0.0492,0.00707412058440386));
#11433=CARTESIAN_POINT('',(-0.0287787630196982,-0.0460000000019144,0.0126166831608871));
#11434=CARTESIAN_POINT('',(-0.0284676302464056,-0.0459235729404398,0.0127490587144343));
#11435=CARTESIAN_POINT('',(-0.0279902506816212,-0.0456691377774055,0.0131897533504728));
#11436=CARTESIAN_POINT('',(-0.0272914341576934,-0.0450866323228297,0.0141986823902685));
#11437=CARTESIAN_POINT('',(-0.0269093886997763,-0.0446133936419091,0.0150183558309357));
#11438=CARTESIAN_POINT('',(-0.0266787658526425,-0.0442957125668697,0.0155685955935071));
#11439=CARTESIAN_POINT('',(-0.0266787658526424,-0.0442957125668697,0.0155685955935071));
#11440=CARTESIAN_POINT('',(-0.0292345176150697,-0.0421573227576195,0.0192723953895159));
#11441=CARTESIAN_POINT('',(-0.0317902693775021,-0.0442957125668626,0.0155685955935194));
#11442=CARTESIAN_POINT('',(-0.0317902693775022,-0.0442957125668626,0.0155685955935195));
#11443=CARTESIAN_POINT('',(-0.0315586794034795,-0.0446147258512374,0.015016048376693));
#11444=CARTESIAN_POINT('',(-0.0311763409272595,-0.0450867869934665,0.0141984144940733));
#11445=CARTESIAN_POINT('',(-0.0304838357311786,-0.0456659523385676,0.0131952706903753));
#11446=CARTESIAN_POINT('',(-0.030001496067199,-0.0459235505695513,0.0127490974663712));
#11447=CARTESIAN_POINT('',(-0.0296902722117395,-0.0460000000047863,0.0126166831603342));
#11448=CARTESIAN_POINT('',(-0.0287959371737921,-0.043,0.0126095138626942));
#11449=CARTESIAN_POINT('',(-0.0287959371737921,-0.046,0.0126095138626942));
#11450=CARTESIAN_POINT('',(-0.0278360916231979,-0.043,0.0130025039436701));
#11451=CARTESIAN_POINT('',(-0.0278360916231979,-0.046,0.0130025039436701));
#11452=CARTESIAN_POINT('',(-0.0268762460726038,-0.043,0.0146855986844211));
#11453=CARTESIAN_POINT('',(-0.0268762460726038,-0.046,0.0146855986844211));
#11454=CARTESIAN_POINT('',(-0.0259164005220096,-0.043,0.0176587980849472));
#11455=CARTESIAN_POINT('',(-0.0259164005220096,-0.046,0.0176587980849472));
#11456=CARTESIAN_POINT('',(-0.026136421411333,-0.043,0.0169998614013385));
#11457=CARTESIAN_POINT('',(-0.0260607464124893,-0.043,0.0172187273985683));
#11458=CARTESIAN_POINT('',(-0.0259875458636751,-0.043,0.0174384196219132));
#11459=CARTESIAN_POINT('',(-0.0259164005220098,-0.043,0.0176587980849468));
#11460=CARTESIAN_POINT('',(-0.026136421411333,-0.043,0.0169998614013385));
#11461=CARTESIAN_POINT('',(-0.0261364214113323,-0.0430000000000138,0.0169998614013515));
#11462=CARTESIAN_POINT('',(-0.0262817004678378,-0.0435071977610229,0.0165796876839469));
#11463=CARTESIAN_POINT('',(-0.0264445106325026,-0.043973027927893,0.0161275017830406));
#11464=CARTESIAN_POINT('',(-0.0266787658526407,-0.0442957125668674,0.0155685955935111));
#11465=CARTESIAN_POINT('',(-0.0325526347081297,-0.043,0.0176587980849472));
#11466=CARTESIAN_POINT('',(-0.0325526347081297,-0.046,0.0176587980849472));
#11467=CARTESIAN_POINT('',(-0.0315927891575356,-0.043,0.0146855986844211));
#11468=CARTESIAN_POINT('',(-0.0315927891575356,-0.046,0.0146855986844211));
#11469=CARTESIAN_POINT('',(-0.0306329436069415,-0.043,0.0130025039436701));
#11470=CARTESIAN_POINT('',(-0.0306329436069415,-0.046,0.0130025039436701));
#11471=CARTESIAN_POINT('',(-0.0296730980563473,-0.043,0.0126095138626942));
#11472=CARTESIAN_POINT('',(-0.0296730980563473,-0.046,0.0126095138626942));
#11473=CARTESIAN_POINT('',(-0.0317902693775021,-0.0442957125668626,0.0155685955935194));
#11474=CARTESIAN_POINT('',(-0.0320218222874155,-0.0439767503379943,0.0161210543796147));
#11475=CARTESIAN_POINT('',(-0.0321873969592148,-0.0435069806193642,0.0165798675688404));
#11476=CARTESIAN_POINT('',(-0.0323326138188071,-0.0430000000000072,0.0169998614013471));
#11477=CARTESIAN_POINT('',(-0.0323326138188064,-0.043,0.0169998614013385));
#11478=CARTESIAN_POINT('',(-0.0325526347081299,-0.043,0.0176587980849476));
#11479=CARTESIAN_POINT('',(-0.0324814893664645,-0.043,0.0174384196219138));
#11480=CARTESIAN_POINT('',(-0.0324082888176501,-0.043,0.0172187273985687));
#11481=CARTESIAN_POINT('',(-0.0323326138188064,-0.043,0.0169998614013385));
#11482=CARTESIAN_POINT('',(-0.0262533821915319,-0.0426525426783057,0.0169385928956448));
#11483=CARTESIAN_POINT('',(-0.0260765674238728,-0.0433387905122024,0.017226033211074));
#11484=CARTESIAN_POINT('',(-0.0254016292133782,-0.0435185680820901,0.0169146493259673));
#11485=CARTESIAN_POINT('',(-0.0265649213965232,-0.043028488874887,0.0164321367407838));
#11486=CARTESIAN_POINT('',(-0.0263597708444328,-0.0436660129224296,0.0166592673711794));
#11487=CARTESIAN_POINT('',(-0.0258021796197957,-0.0438945142786705,0.0162634914125777));
#11488=CARTESIAN_POINT('',(-0.027451342158741,-0.0436594366511236,0.0155821550477241));
#11489=CARTESIAN_POINT('',(-0.0272548053919129,-0.0442449826353698,0.0156564624123323));
#11490=CARTESIAN_POINT('',(-0.0269418634569326,-0.0445254620549085,0.015170657807211));
#11491=CARTESIAN_POINT('',(-0.0292345176150705,-0.0440043420222208,0.0151175155604129));
#11492=CARTESIAN_POINT('',(-0.0292345176150729,-0.044575186526383,0.0150845324962359));
#11493=CARTESIAN_POINT('',(-0.029234517615071,-0.044870367426005,0.0145732641806685));
#11494=CARTESIAN_POINT('',(-0.0310176930713952,-0.0436594366511236,0.0155821550477196));
#11495=CARTESIAN_POINT('',(-0.0312142298382143,-0.0442449826353711,0.0156564624123312));
#11496=CARTESIAN_POINT('',(-0.0315271717732015,-0.0445254620549088,0.0151706578072105));
#11497=CARTESIAN_POINT('',(-0.0319041138336225,-0.043028488874887,0.0164321367407941));
#11498=CARTESIAN_POINT('',(-0.0321092643857306,-0.0436660129224272,0.0166592673711809));
#11499=CARTESIAN_POINT('',(-0.032666855610354,-0.0438945142786699,0.0162634914125788));
#11500=CARTESIAN_POINT('',(-0.0322156530386075,-0.0426525426783057,0.0169385928956448));
#11501=CARTESIAN_POINT('',(-0.0323924678062666,-0.0433387905122024,0.017226033211074));
#11502=CARTESIAN_POINT('',(-0.0330674060167612,-0.0435185680820901,0.0169146493259673));
#11503=CARTESIAN_POINT('',(-0.0318710587560799,-0.043,0.0164705155464831));
#11504=CARTESIAN_POINT('',(-0.0320250228932876,-0.043,0.0166468639267936));
#11505=CARTESIAN_POINT('',(-0.0321765695000266,-0.043,0.0168253673017725));
#11506=CARTESIAN_POINT('',(-0.0323326138188062,-0.043,0.0169998614013386));
#11507=CARTESIAN_POINT('',(-0.0265979764740595,-0.043,0.0164705155464831));
#11508=CARTESIAN_POINT('',(-0.0264440123368518,-0.043,0.0166468639267936));
#11509=CARTESIAN_POINT('',(-0.0262924657301128,-0.043,0.0168253673017725));
#11510=CARTESIAN_POINT('',(-0.0261364214113332,-0.043,0.0169998614013386));
#11511=CARTESIAN_POINT('',(0.034125,0.210617621135332,0.011698274805112));
#11512=CARTESIAN_POINT('',(0.034125,-0.0412912973538351,0.011698274805112));
#11513=CARTESIAN_POINT('',(0.034125,0.210617621135332,0.011698274805112));
#11514=CARTESIAN_POINT('',(0.0308068829069399,0.210617621135332,0.0105846775005433));
#11515=CARTESIAN_POINT('',(0.0374431170930601,0.210617621135332,0.0105846775005433));
#11516=CARTESIAN_POINT('',(0.034125,-0.0492,-5.68475690457626E-20));
#11517=CARTESIAN_POINT('',(0.0345807545953714,-0.0460000000019144,0.00554256257648325));
#11518=CARTESIAN_POINT('',(0.0348918873686641,-0.0459235729404398,0.00567493813003044));
#11519=CARTESIAN_POINT('',(0.0353692669334485,-0.0456691377774055,0.00611563276606887));
#11520=CARTESIAN_POINT('',(0.0360680834573763,-0.0450866323228297,0.00712456180586464));
#11521=CARTESIAN_POINT('',(0.0364501289152934,-0.0446133936419091,0.00794423524653186));
#11522=CARTESIAN_POINT('',(0.0366807517624272,-0.0442957125668697,0.0084944750091032));
#11523=CARTESIAN_POINT('',(0.0366807517624273,-0.0442957125668697,0.00849447500910319));
#11524=CARTESIAN_POINT('',(0.034125,-0.0421573227576195,0.012198274805112));
#11525=CARTESIAN_POINT('',(0.0315692482375676,-0.0442957125668626,0.00849447500911553));
#11526=CARTESIAN_POINT('',(0.0315692482375676,-0.0442957125668626,0.00849447500911566));
#11527=CARTESIAN_POINT('',(0.0318008382115902,-0.0446147258512374,0.00794192779228916));
#11528=CARTESIAN_POINT('',(0.0321831766878102,-0.0450867869934665,0.0071242939096694));
#11529=CARTESIAN_POINT('',(0.0328756818838911,-0.0456659523385675,0.00612115010597141));
#11530=CARTESIAN_POINT('',(0.0333580215478707,-0.0459235505695513,0.00567497688196731));
#11531=CARTESIAN_POINT('',(0.0336692454033301,-0.0460000000047863,0.00554256257593036));
#11532=CARTESIAN_POINT('',(0.0345635804412776,-0.043,0.00553539327829035));
#11533=CARTESIAN_POINT('',(0.0345635804412776,-0.046,0.00553539327829035));
#11534=CARTESIAN_POINT('',(0.0355234259918718,-0.043,0.00592838335926621));
#11535=CARTESIAN_POINT('',(0.0355234259918718,-0.046,0.00592838335926621));
#11536=CARTESIAN_POINT('',(0.0364832715424659,-0.043,0.00761147810001721));
#11537=CARTESIAN_POINT('',(0.0364832715424659,-0.046,0.00761147810001721));
#11538=CARTESIAN_POINT('',(0.0374431170930601,-0.043,0.0105846775005433));
#11539=CARTESIAN_POINT('',(0.0374431170930601,-0.046,0.0105846775005433));
#11540=CARTESIAN_POINT('',(0.0372230962037374,-0.0430000000000138,0.00992574081694765));
#11541=CARTESIAN_POINT('',(0.0370778171472319,-0.0435071977610229,0.00950556709954303));
#11542=CARTESIAN_POINT('',(0.0369150069825671,-0.043973027927893,0.00905338119863673));
#11543=CARTESIAN_POINT('',(0.036680751762429,-0.0442957125668674,0.00849447500910724));
#11544=CARTESIAN_POINT('',(0.0308068829069399,-0.043,0.0105846775005433));
#11545=CARTESIAN_POINT('',(0.0308068829069399,-0.046,0.0105846775005433));
#11546=CARTESIAN_POINT('',(0.0317667284575341,-0.043,0.00761147810001721));
#11547=CARTESIAN_POINT('',(0.0317667284575341,-0.046,0.00761147810001721));
#11548=CARTESIAN_POINT('',(0.0327265740081282,-0.043,0.00592838335926621));
#11549=CARTESIAN_POINT('',(0.0327265740081282,-0.046,0.00592838335926621));
#11550=CARTESIAN_POINT('',(0.0336864195587224,-0.043,0.00553539327829036));
#11551=CARTESIAN_POINT('',(0.0336864195587224,-0.046,0.00553539327829036));
#11552=CARTESIAN_POINT('',(0.0315692482375676,-0.0442957125668626,0.00849447500911554));
#11553=CARTESIAN_POINT('',(0.0313376953276542,-0.0439767503379943,0.00904693379521088));
#11554=CARTESIAN_POINT('',(0.0311721206558549,-0.0435069806193642,0.0095057469844366));
#11555=CARTESIAN_POINT('',(0.0310269037962626,-0.0430000000000072,0.00992574081694323));
#11556=CARTESIAN_POINT('',(0.0371061354235378,-0.0426525426783057,0.0098644723112409));
#11557=CARTESIAN_POINT('',(0.0372829501911969,-0.0433387905122024,0.0101519126266701));
#11558=CARTESIAN_POINT('',(0.0379578884016915,-0.0435185680820901,0.00984052874156343));
#11559=CARTESIAN_POINT('',(0.0367945962185488,-0.043028488874884,0.00935801615638368));
#11560=CARTESIAN_POINT('',(0.0369997467706275,-0.043666012922433,0.0095851467867858));
#11561=CARTESIAN_POINT('',(0.0375573379952725,-0.0438945142786691,0.00918937082817625));
#11562=CARTESIAN_POINT('',(0.0359081754563275,-0.043659436651125,0.00850803446331867));
#11563=CARTESIAN_POINT('',(0.0361047122231607,-0.0442449826353673,0.00858234182792531));
#11564=CARTESIAN_POINT('',(0.0364176541581374,-0.0445254620549092,0.00809653722280599));
#11565=CARTESIAN_POINT('',(0.0341249999999999,-0.0440043420222205,0.00804339497600882));
#11566=CARTESIAN_POINT('',(0.0341249999999991,-0.0445751865263845,0.00801041191183274));
#11567=CARTESIAN_POINT('',(0.0341249999999998,-0.0448703674260047,0.00749914359626505));
#11568=CARTESIAN_POINT('',(0.0323418245436728,-0.0436594366511237,0.00850803446331827));
#11569=CARTESIAN_POINT('',(0.032145287776843,-0.0442449826353688,0.0085823418279253));
#11570=CARTESIAN_POINT('',(0.0318323458418634,-0.0445254620549091,0.00809653722280606));
#11571=CARTESIAN_POINT('',(0.0314554037814506,-0.043028488874887,0.00935801615638459));
#11572=CARTESIAN_POINT('',(0.0312502532293647,-0.0436660129224294,0.0095851467867858));
#11573=CARTESIAN_POINT('',(0.030692662004726,-0.0438945142786692,0.00918937082817608));
#11574=CARTESIAN_POINT('',(0.0311438645764622,-0.0426525426783057,0.0098644723112409));
#11575=CARTESIAN_POINT('',(0.0309670498088031,-0.0433387905122024,0.0101519126266701));
#11576=CARTESIAN_POINT('',(0.0302921115983085,-0.0435185680820901,0.00984052874156344));
#11577=CARTESIAN_POINT('',(0.024375,0.210617621135332,0.011698274805112));
#11578=CARTESIAN_POINT('',(0.024375,-0.0412912973538351,0.011698274805112));
#11579=CARTESIAN_POINT('',(0.024375,0.210617621135332,0.011698274805112));
#11580=CARTESIAN_POINT('',(0.0210568829069399,0.210617621135332,0.0105846775005433));
#11581=CARTESIAN_POINT('',(0.02769311709306,0.210617621135332,0.0105846775005433));
#11582=CARTESIAN_POINT('',(0.024375,-0.0492,9.73910998717973E-21));
#11583=CARTESIAN_POINT('',(0.0248307545953715,-0.0460000000019144,0.00554256257648325));
#11584=CARTESIAN_POINT('',(0.0251418873686641,-0.0459235729404398,0.00567493813003044));
#11585=CARTESIAN_POINT('',(0.0256192669334485,-0.0456691377774055,0.00611563276606887));
#11586=CARTESIAN_POINT('',(0.0263180834573763,-0.0450866323228297,0.00712456180586465));
#11587=CARTESIAN_POINT('',(0.0267001289152934,-0.0446133936419091,0.00794423524653187));
#11588=CARTESIAN_POINT('',(0.0269307517624272,-0.0442957125668697,0.00849447500910321));
#11589=CARTESIAN_POINT('',(0.0269307517624273,-0.0442957125668697,0.00849447500910319));
#11590=CARTESIAN_POINT('',(0.024375,-0.0421573227576195,0.012198274805112));
#11591=CARTESIAN_POINT('',(0.0218192482375676,-0.0442957125668626,0.00849447500911553));
#11592=CARTESIAN_POINT('',(0.0218192482375676,-0.0442957125668626,0.00849447500911566));
#11593=CARTESIAN_POINT('',(0.0220508382115902,-0.0446147258512374,0.00794192779228916));
#11594=CARTESIAN_POINT('',(0.0224331766878102,-0.0450867869934665,0.00712429390966939));
#11595=CARTESIAN_POINT('',(0.0231256818838911,-0.0456659523385676,0.00612115010597141));
#11596=CARTESIAN_POINT('',(0.0236080215478707,-0.0459235505695513,0.00567497688196731));
#11597=CARTESIAN_POINT('',(0.0239192454033301,-0.0460000000047863,0.00554256257593036));
#11598=CARTESIAN_POINT('',(0.0248135804412776,-0.043,0.00553539327829036));
#11599=CARTESIAN_POINT('',(0.0248135804412776,-0.046,0.00553539327829036));
#11600=CARTESIAN_POINT('',(0.0257734259918717,-0.043,0.00592838335926621));
#11601=CARTESIAN_POINT('',(0.0257734259918717,-0.046,0.00592838335926621));
#11602=CARTESIAN_POINT('',(0.0267332715424659,-0.043,0.00761147810001721));
#11603=CARTESIAN_POINT('',(0.0267332715424659,-0.046,0.00761147810001721));
#11604=CARTESIAN_POINT('',(0.02769311709306,-0.043,0.0105846775005433));
#11605=CARTESIAN_POINT('',(0.02769311709306,-0.046,0.0105846775005433));
#11606=CARTESIAN_POINT('',(0.0274730962037374,-0.0430000000000138,0.00992574081694765));
#11607=CARTESIAN_POINT('',(0.0273278171472319,-0.0435071977610229,0.00950556709954302));
#11608=CARTESIAN_POINT('',(0.0271650069825671,-0.043973027927893,0.00905338119863673));
#11609=CARTESIAN_POINT('',(0.026930751762429,-0.0442957125668674,0.00849447500910724));
#11610=CARTESIAN_POINT('',(0.02105688290694,-0.043,0.0105846775005433));
#11611=CARTESIAN_POINT('',(0.02105688290694,-0.046,0.0105846775005433));
#11612=CARTESIAN_POINT('',(0.0220167284575341,-0.043,0.00761147810001721));
#11613=CARTESIAN_POINT('',(0.0220167284575341,-0.046,0.00761147810001721));
#11614=CARTESIAN_POINT('',(0.0229765740081282,-0.043,0.00592838335926621));
#11615=CARTESIAN_POINT('',(0.0229765740081282,-0.046,0.00592838335926621));
#11616=CARTESIAN_POINT('',(0.0239364195587224,-0.043,0.00553539327829036));
#11617=CARTESIAN_POINT('',(0.0239364195587224,-0.046,0.00553539327829036));
#11618=CARTESIAN_POINT('',(0.0218192482375676,-0.0442957125668626,0.00849447500911554));
#11619=CARTESIAN_POINT('',(0.0215876953276542,-0.0439767503379943,0.00904693379521088));
#11620=CARTESIAN_POINT('',(0.0214221206558548,-0.0435069806193642,0.0095057469844366));
#11621=CARTESIAN_POINT('',(0.0212769037962626,-0.0430000000000071,0.00992574081694322));
#11622=CARTESIAN_POINT('',(0.0273561354235378,-0.0426525426783057,0.0098644723112409));
#11623=CARTESIAN_POINT('',(0.0275329501911969,-0.0433387905122024,0.0101519126266701));
#11624=CARTESIAN_POINT('',(0.0282078884016915,-0.0435185680820901,0.00984052874156343));
#11625=CARTESIAN_POINT('',(0.02704459621855,-0.043028488874884,0.00935801615638566));
#11626=CARTESIAN_POINT('',(0.027249746770638,-0.0436660129224333,0.00958514678678397));
#11627=CARTESIAN_POINT('',(0.027807337995274,-0.0438945142786691,0.00918937082817625));
#11628=CARTESIAN_POINT('',(0.0261581754563269,-0.043659436651125,0.00850803446331775));
#11629=CARTESIAN_POINT('',(0.0263547122231562,-0.0442449826353669,0.00858234182792646));
#11630=CARTESIAN_POINT('',(0.0266676541581367,-0.0445254620549092,0.00809653722280599));
#11631=CARTESIAN_POINT('',(0.0243750000000001,-0.0440043420222205,0.00804339497600907));
#11632=CARTESIAN_POINT('',(0.0243750000000006,-0.0445751865263846,0.00801041191183238));
#11633=CARTESIAN_POINT('',(0.024375,-0.0448703674260047,0.00749914359626505));
#11634=CARTESIAN_POINT('',(0.0225918245436727,-0.0436594366511237,0.00850803446331821));
#11635=CARTESIAN_POINT('',(0.0223952877768408,-0.0442449826353687,0.00858234182792539));
#11636=CARTESIAN_POINT('',(0.0220823458418634,-0.0445254620549091,0.00809653722280606));
#11637=CARTESIAN_POINT('',(0.0217054037814506,-0.043028488874887,0.00935801615638459));
#11638=CARTESIAN_POINT('',(0.0215002532293691,-0.0436660129224294,0.0095851467867858));
#11639=CARTESIAN_POINT('',(0.020942662004726,-0.0438945142786692,0.00918937082817608));
#11640=CARTESIAN_POINT('',(0.0213938645764622,-0.0426525426783057,0.0098644723112409));
#11641=CARTESIAN_POINT('',(0.0212170498088031,-0.0433387905122024,0.0101519126266701));
#11642=CARTESIAN_POINT('',(0.0205421115983085,-0.0435185680820901,0.00984052874156344));
#11643=CARTESIAN_POINT('',(0.014625,0.210617621135332,0.011698274805112));
#11644=CARTESIAN_POINT('',(0.014625,-0.0412912973538351,0.011698274805112));
#11645=CARTESIAN_POINT('',(0.014625,0.210617621135332,0.011698274805112));
#11646=CARTESIAN_POINT('',(0.0113068829069399,0.210617621135332,0.0105846775005433));
#11647=CARTESIAN_POINT('',(0.01794311709306,0.210617621135332,0.0105846775005433));
#11648=CARTESIAN_POINT('',(0.014625,-0.0492,7.6325789020122E-20));
#11649=CARTESIAN_POINT('',(0.0150807545953715,-0.0460000000019144,0.00554256257648325));
#11650=CARTESIAN_POINT('',(0.0153918873686641,-0.0459235729404398,0.00567493813003044));
#11651=CARTESIAN_POINT('',(0.0158692669334485,-0.0456691377774055,0.00611563276606887));
#11652=CARTESIAN_POINT('',(0.0165680834573763,-0.0450866323228298,0.00712456180586465));
#11653=CARTESIAN_POINT('',(0.0169501289152934,-0.0446133936419091,0.00794423524653187));
#11654=CARTESIAN_POINT('',(0.0171807517624272,-0.0442957125668697,0.00849447500910321));
#11655=CARTESIAN_POINT('',(0.0171807517624273,-0.0442957125668697,0.00849447500910319));
#11656=CARTESIAN_POINT('',(0.014625,-0.0421573227576195,0.012198274805112));
#11657=CARTESIAN_POINT('',(0.0120692482375676,-0.0442957125668626,0.00849447500911553));
#11658=CARTESIAN_POINT('',(0.0120692482375675,-0.0442957125668626,0.00849447500911566));
#11659=CARTESIAN_POINT('',(0.0123008382115902,-0.0446147258512374,0.00794192779228916));
#11660=CARTESIAN_POINT('',(0.0126831766878102,-0.0450867869934665,0.00712429390966939));
#11661=CARTESIAN_POINT('',(0.0133756818838911,-0.0456659523385675,0.0061211501059714));
#11662=CARTESIAN_POINT('',(0.0138580215478707,-0.0459235505695513,0.00567497688196731));
#11663=CARTESIAN_POINT('',(0.0141692454033302,-0.0460000000047863,0.00554256257593036));
#11664=CARTESIAN_POINT('',(0.0150635804412776,-0.043,0.00553539327829036));
#11665=CARTESIAN_POINT('',(0.0150635804412776,-0.046,0.00553539327829036));
#11666=CARTESIAN_POINT('',(0.0160234259918718,-0.043,0.00592838335926622));
#11667=CARTESIAN_POINT('',(0.0160234259918718,-0.046,0.00592838335926622));
#11668=CARTESIAN_POINT('',(0.0169832715424659,-0.043,0.00761147810001721));
#11669=CARTESIAN_POINT('',(0.0169832715424659,-0.046,0.00761147810001721));
#11670=CARTESIAN_POINT('',(0.01794311709306,-0.043,0.0105846775005433));
#11671=CARTESIAN_POINT('',(0.01794311709306,-0.046,0.0105846775005433));
#11672=CARTESIAN_POINT('',(0.0177230962037374,-0.0430000000000138,0.00992574081694766));
#11673=CARTESIAN_POINT('',(0.0175778171472319,-0.0435071977610229,0.00950556709954303));
#11674=CARTESIAN_POINT('',(0.0174150069825671,-0.043973027927893,0.00905338119863673));
#11675=CARTESIAN_POINT('',(0.017180751762429,-0.0442957125668674,0.00849447500910724));
#11676=CARTESIAN_POINT('',(0.0113068829069399,-0.043,0.0105846775005433));
#11677=CARTESIAN_POINT('',(0.0113068829069399,-0.046,0.0105846775005433));
#11678=CARTESIAN_POINT('',(0.0122667284575341,-0.043,0.00761147810001721));
#11679=CARTESIAN_POINT('',(0.0122667284575341,-0.046,0.00761147810001721));
#11680=CARTESIAN_POINT('',(0.0132265740081282,-0.043,0.00592838335926621));
#11681=CARTESIAN_POINT('',(0.0132265740081282,-0.046,0.00592838335926621));
#11682=CARTESIAN_POINT('',(0.0141864195587224,-0.043,0.00553539327829035));
#11683=CARTESIAN_POINT('',(0.0141864195587224,-0.046,0.00553539327829035));
#11684=CARTESIAN_POINT('',(0.0120692482375676,-0.0442957125668626,0.00849447500911554));
#11685=CARTESIAN_POINT('',(0.0118376953276542,-0.0439767503379943,0.00904693379521088));
#11686=CARTESIAN_POINT('',(0.0116721206558549,-0.0435069806193642,0.00950574698443659));
#11687=CARTESIAN_POINT('',(0.0115269037962626,-0.0430000000000072,0.00992574081694324));
#11688=CARTESIAN_POINT('',(0.0176061354235378,-0.0426525426783057,0.0098644723112409));
#11689=CARTESIAN_POINT('',(0.0177829501911969,-0.0433387905122024,0.0101519126266701));
#11690=CARTESIAN_POINT('',(0.0184578884016915,-0.0435185680820901,0.00984052874156343));
#11691=CARTESIAN_POINT('',(0.01729459621855,-0.043028488874884,0.00935801615638566));
#11692=CARTESIAN_POINT('',(0.0174997467706301,-0.0436660129224345,0.00958514678678588));
#11693=CARTESIAN_POINT('',(0.018057337995274,-0.0438945142786692,0.00918937082817625));
#11694=CARTESIAN_POINT('',(0.0164081754563269,-0.043659436651125,0.00850803446331774));
#11695=CARTESIAN_POINT('',(0.0166047122231592,-0.0442449826353666,0.00858234182792524));
#11696=CARTESIAN_POINT('',(0.0169176541581368,-0.0445254620549091,0.00809653722280599));
#11697=CARTESIAN_POINT('',(0.014625,-0.0440043420222205,0.00804339497600911));
#11698=CARTESIAN_POINT('',(0.014625,-0.0445751865263853,0.00801041191183217));
#11699=CARTESIAN_POINT('',(0.0146249999999996,-0.0448703674260047,0.00749914359626505));
#11700=CARTESIAN_POINT('',(0.0128418245436728,-0.0436594366511237,0.00850803446331806));
#11701=CARTESIAN_POINT('',(0.012645287776842,-0.0442449826353664,0.00858234182792753));
#11702=CARTESIAN_POINT('',(0.0123323458418647,-0.0445254620549091,0.00809653722280606));
#11703=CARTESIAN_POINT('',(0.0119554037814504,-0.043028488874887,0.00935801615638492));
#11704=CARTESIAN_POINT('',(0.0117502532293658,-0.043666012922434,0.00958514678678187));
#11705=CARTESIAN_POINT('',(0.0111926620047231,-0.0438945142786692,0.00918937082817608));
#11706=CARTESIAN_POINT('',(0.0116438645764622,-0.0426525426783057,0.0098644723112409));
#11707=CARTESIAN_POINT('',(0.0114670498088031,-0.0433387905122024,0.0101519126266701));
#11708=CARTESIAN_POINT('',(0.0107921115983085,-0.0435185680820901,0.00984052874156344));
#11709=CARTESIAN_POINT('',(0.004875,0.210617621135332,0.011698274805112));
#11710=CARTESIAN_POINT('',(0.004875,-0.0412912973538351,0.011698274805112));
#11711=CARTESIAN_POINT('',(0.004875,-0.0492,1.42912468053064E-19));
#11712=CARTESIAN_POINT('',(0.00533075459537143,-0.0460000000019144,0.00554256257648325));
#11713=CARTESIAN_POINT('',(0.00564188736866412,-0.0459235729404398,0.00567493813003044));
#11714=CARTESIAN_POINT('',(0.0061192669334485,-0.0456691377774055,0.00611563276606888));
#11715=CARTESIAN_POINT('',(0.00681808345737628,-0.0450866323228297,0.00712456180586465));
#11716=CARTESIAN_POINT('',(0.00720012891529341,-0.0446133936419091,0.00794423524653186));
#11717=CARTESIAN_POINT('',(0.00743075176242724,-0.0442957125668697,0.0084944750091032));
#11718=CARTESIAN_POINT('',(0.00743075176242723,-0.0442957125668697,0.00849447500910319));
#11719=CARTESIAN_POINT('',(0.004875,-0.0421573227576195,0.012198274805112));
#11720=CARTESIAN_POINT('',(0.00231924823756759,-0.0442957125668626,0.00849447500911553));
#11721=CARTESIAN_POINT('',(0.00231924823756754,-0.0442957125668626,0.00849447500911566));
#11722=CARTESIAN_POINT('',(0.00255083821159023,-0.0446147258512374,0.00794192779228916));
#11723=CARTESIAN_POINT('',(0.0029331766878102,-0.0450867869934665,0.0071242939096694));
#11724=CARTESIAN_POINT('',(0.00362568188389106,-0.0456659523385675,0.0061211501059714));
#11725=CARTESIAN_POINT('',(0.00410802154787073,-0.0459235505695513,0.00567497688196731));
#11726=CARTESIAN_POINT('',(0.00441924540333015,-0.0460000000047863,0.00554256257593036));
#11727=CARTESIAN_POINT('',(0.00531358044127761,-0.043,0.00553539327829036));
#11728=CARTESIAN_POINT('',(0.00531358044127761,-0.046,0.00553539327829036));
#11729=CARTESIAN_POINT('',(0.00627342599187176,-0.043,0.00592838335926622));
#11730=CARTESIAN_POINT('',(0.00627342599187176,-0.046,0.00592838335926622));
#11731=CARTESIAN_POINT('',(0.00723327154246591,-0.043,0.00761147810001722));
#11732=CARTESIAN_POINT('',(0.00723327154246591,-0.046,0.00761147810001722));
#11733=CARTESIAN_POINT('',(0.00819311709306006,-0.043,0.0105846775005433));
#11734=CARTESIAN_POINT('',(0.00819311709306006,-0.046,0.0105846775005433));
#11735=CARTESIAN_POINT('',(0.00797309620373744,-0.0430000000000138,0.00992574081694766));
#11736=CARTESIAN_POINT('',(0.00782781714723195,-0.0435071977610229,0.00950556709954303));
#11737=CARTESIAN_POINT('',(0.00766500698256711,-0.043973027927893,0.00905338119863673));
#11738=CARTESIAN_POINT('',(0.00743075176242893,-0.0442957125668674,0.00849447500910724));
#11739=CARTESIAN_POINT('',(0.00155688290693994,-0.043,0.0105846775005433));
#11740=CARTESIAN_POINT('',(0.00155688290693994,-0.046,0.0105846775005433));
#11741=CARTESIAN_POINT('',(0.00251672845753409,-0.043,0.00761147810001721));
#11742=CARTESIAN_POINT('',(0.00251672845753409,-0.046,0.00761147810001721));
#11743=CARTESIAN_POINT('',(0.00347657400812824,-0.043,0.00592838335926622));
#11744=CARTESIAN_POINT('',(0.00347657400812824,-0.046,0.00592838335926622));
#11745=CARTESIAN_POINT('',(0.00443641955872239,-0.043,0.00553539327829036));
#11746=CARTESIAN_POINT('',(0.00443641955872239,-0.046,0.00553539327829036));
#11747=CARTESIAN_POINT('',(0.0023192482375676,-0.0442957125668626,0.00849447500911554));
#11748=CARTESIAN_POINT('',(0.00208769532765416,-0.0439767503379943,0.00904693379521088));
#11749=CARTESIAN_POINT('',(0.00192212065585486,-0.0435069806193642,0.00950574698443658));
#11750=CARTESIAN_POINT('',(0.00177690379626259,-0.0430000000000073,0.00992574081694324));
#11751=CARTESIAN_POINT('',(0.00785613542353782,-0.0426525426783057,0.0098644723112409));
#11752=CARTESIAN_POINT('',(0.00803295019119694,-0.0433387905122024,0.0101519126266701));
#11753=CARTESIAN_POINT('',(0.00870788840169148,-0.0435185680820901,0.00984052874156343));
#11754=CARTESIAN_POINT('',(0.00754459621854941,-0.043028488874884,0.00935801615638467));
#11755=CARTESIAN_POINT('',(0.00774974677063187,-0.0436660129224388,0.00958514678678378));
#11756=CARTESIAN_POINT('',(0.00830733799527396,-0.0438945142786691,0.00918937082817625));
#11757=CARTESIAN_POINT('',(0.0066581754563272,-0.043659436651125,0.00850803446331824));
#11758=CARTESIAN_POINT('',(0.00685471222315853,-0.0442449826353641,0.00858234182792616));
#11759=CARTESIAN_POINT('',(0.00716765415813671,-0.0445254620549092,0.00809653722280599));
#11760=CARTESIAN_POINT('',(0.00487500000000007,-0.0440043420222205,0.00804339497600886));
#11761=CARTESIAN_POINT('',(0.00487500000000022,-0.0445751865263873,0.00801041191183248));
#11762=CARTESIAN_POINT('',(0.0048749999999998,-0.0448703674260047,0.00749914359626505));
#11763=CARTESIAN_POINT('',(0.00309182454367256,-0.0436594366511237,0.00850803446331857));
#11764=CARTESIAN_POINT('',(0.00289528777684104,-0.0442449826353606,0.00858234182792543));
#11765=CARTESIAN_POINT('',(0.00258234584186413,-0.0445254620549091,0.00809653722280606));
#11766=CARTESIAN_POINT('',(0.00220540378145107,-0.043028488874887,0.00935801615638389));
#11767=CARTESIAN_POINT('',(0.00200025322936841,-0.043666012922447,0.00958514678678606));
#11768=CARTESIAN_POINT('',(0.00144266200472438,-0.0438945142786692,0.00918937082817608));
#11769=CARTESIAN_POINT('',(0.00189386457646218,-0.0426525426783057,0.0098644723112409));
#11770=CARTESIAN_POINT('',(0.00171704980880306,-0.0433387905122024,0.0101519126266701));
#11771=CARTESIAN_POINT('',(0.00104211159830852,-0.0435185680820901,0.00984052874156344));
#11772=CARTESIAN_POINT('',(-0.004875,0.210617621135332,0.011698274805112));
#11773=CARTESIAN_POINT('',(-0.004875,-0.043,0.011698274805112));
#11774=CARTESIAN_POINT('',(-0.0022384588589898,-0.043,0.00939639496207926));
#11775=CARTESIAN_POINT('',(-0.0075115411410102,-0.043,0.00939639496207925));
#11776=CARTESIAN_POINT('',(-0.004875,-0.0412912973538351,0.011698274805112));
#11777=CARTESIAN_POINT('',(-0.004875,0.210617621135332,0.011698274805112));
#11778=CARTESIAN_POINT('',(-0.004875,-0.043,0.011698274805112));
#11779=CARTESIAN_POINT('',(-0.00819311709306021,-0.043,0.0105846775005438));
#11780=CARTESIAN_POINT('',(-0.00819311709306006,0.210617621135332,0.0105846775005433));
#11781=CARTESIAN_POINT('',(-0.004875,-0.0492,2.09499147086007E-19));
#11782=CARTESIAN_POINT('',(-0.00441924540462857,-0.0460000000019144,0.00554256257648325));
#11783=CARTESIAN_POINT('',(-0.00410811263133588,-0.0459235729404398,0.00567493813003044));
#11784=CARTESIAN_POINT('',(-0.00363073306655151,-0.0456691377774055,0.00611563276606888));
#11785=CARTESIAN_POINT('',(-0.00293191654262372,-0.0450866323228297,0.00712456180586465));
#11786=CARTESIAN_POINT('',(-0.0025498710847066,-0.0446133936419091,0.00794423524653186));
#11787=CARTESIAN_POINT('',(-0.00231924823757276,-0.0442957125668697,0.0084944750091032));
#11788=CARTESIAN_POINT('',(-0.00231924823757277,-0.0442957125668697,0.00849447500910319));
#11789=CARTESIAN_POINT('',(-0.004875,-0.0421573227576195,0.012198274805112));
#11790=CARTESIAN_POINT('',(-0.00743075176243241,-0.0442957125668626,0.00849447500911553));
#11791=CARTESIAN_POINT('',(-0.00743075176243245,-0.0442957125668626,0.00849447500911566));
#11792=CARTESIAN_POINT('',(-0.00719916178840977,-0.0446147258512374,0.00794192779228916));
#11793=CARTESIAN_POINT('',(-0.0068168233121898,-0.0450867869934665,0.0071242939096694));
#11794=CARTESIAN_POINT('',(-0.00612431811610893,-0.0456659523385676,0.00612115010597141));
#11795=CARTESIAN_POINT('',(-0.00564197845212928,-0.0459235505695513,0.00567497688196731));
#11796=CARTESIAN_POINT('',(-0.00533075459666985,-0.0460000000047863,0.00554256257593036));
#11797=CARTESIAN_POINT('',(-0.0044364195587224,-0.043,0.00553539327829036));
#11798=CARTESIAN_POINT('',(-0.0044364195587224,-0.046,0.00553539327829036));
#11799=CARTESIAN_POINT('',(-0.00347657400812824,-0.043,0.00592838335926622));
#11800=CARTESIAN_POINT('',(-0.00347657400812824,-0.046,0.00592838335926622));
#11801=CARTESIAN_POINT('',(-0.0025167284575341,-0.043,0.00761147810001721));
#11802=CARTESIAN_POINT('',(-0.0025167284575341,-0.046,0.00761147810001721));
#11803=CARTESIAN_POINT('',(-0.00155688290693994,-0.043,0.0105846775005433));
#11804=CARTESIAN_POINT('',(-0.00155688290693994,-0.046,0.0105846775005433));
#11805=CARTESIAN_POINT('',(-0.00177690379626336,-0.043,0.00992574081693457));
#11806=CARTESIAN_POINT('',(-0.00170122879741959,-0.043,0.0101446068141645));
#11807=CARTESIAN_POINT('',(-0.00162802824860541,-0.043,0.0103642990375093));
#11808=CARTESIAN_POINT('',(-0.0015568829069401,-0.043,0.0105846775005429));
#11809=CARTESIAN_POINT('',(-0.00177690379626336,-0.043,0.00992574081693457));
#11810=CARTESIAN_POINT('',(-0.00177690379626257,-0.0430000000000138,0.00992574081694766));
#11811=CARTESIAN_POINT('',(-0.00192218285276805,-0.0435071977610229,0.00950556709954303));
#11812=CARTESIAN_POINT('',(-0.00208499301743289,-0.043973027927893,0.00905338119863673));
#11813=CARTESIAN_POINT('',(-0.00231924823757107,-0.0442957125668674,0.00849447500910724));
#11814=CARTESIAN_POINT('',(-0.00819311709306006,-0.043,0.0105846775005433));
#11815=CARTESIAN_POINT('',(-0.00819311709306006,-0.046,0.0105846775005433));
#11816=CARTESIAN_POINT('',(-0.00723327154246591,-0.043,0.00761147810001722));
#11817=CARTESIAN_POINT('',(-0.00723327154246591,-0.046,0.00761147810001722));
#11818=CARTESIAN_POINT('',(-0.00627342599187176,-0.043,0.00592838335926622));
#11819=CARTESIAN_POINT('',(-0.00627342599187176,-0.046,0.00592838335926622));
#11820=CARTESIAN_POINT('',(-0.00531358044127761,-0.043,0.00553539327829036));
#11821=CARTESIAN_POINT('',(-0.00531358044127761,-0.046,0.00553539327829036));
#11822=CARTESIAN_POINT('',(-0.0074307517624324,-0.0442957125668626,0.00849447500911554));
#11823=CARTESIAN_POINT('',(-0.00766230467234584,-0.0439767503379943,0.00904693379521088));
#11824=CARTESIAN_POINT('',(-0.00782787934414516,-0.0435069806193642,0.0095057469844366));
#11825=CARTESIAN_POINT('',(-0.00797309620373743,-0.0430000000000071,0.00992574081694323));
#11826=CARTESIAN_POINT('',(-0.00797309620373665,-0.043,0.00992574081693458));
#11827=CARTESIAN_POINT('',(-0.00819311709306021,-0.043,0.0105846775005438));
#11828=CARTESIAN_POINT('',(-0.0081219717513948,-0.043,0.0103642990375099));
#11829=CARTESIAN_POINT('',(-0.00804877120258042,-0.043,0.0101446068141648));
#11830=CARTESIAN_POINT('',(-0.00797309620373665,-0.043,0.00992574081693458));
#11831=CARTESIAN_POINT('',(-0.00189386457646218,-0.0426525426783057,0.0098644723112409));
#11832=CARTESIAN_POINT('',(-0.00171704980880307,-0.0433387905122025,0.0101519126266701));
#11833=CARTESIAN_POINT('',(-0.00104211159830852,-0.0435185680820901,0.00984052874156343));
#11834=CARTESIAN_POINT('',(-0.00220540378145069,-0.043028488874887,0.0093580161563845));
#11835=CARTESIAN_POINT('',(-0.00200025322936751,-0.0436660129224395,0.00958514678678801));
#11836=CARTESIAN_POINT('',(-0.00144266200472401,-0.0438945142786689,0.00918937082817662));
#11837=CARTESIAN_POINT('',(-0.0030918245436728,-0.0436594366511236,0.00850803446331838));
#11838=CARTESIAN_POINT('',(-0.0028952877768416,-0.0442449826353642,0.00858234182792454));
#11839=CARTESIAN_POINT('',(-0.0025823458418643,-0.0445254620549092,0.00809653722280588));
#11840=CARTESIAN_POINT('',(-0.0048749999999998,-0.0440043420222208,0.0080433949760086));
#11841=CARTESIAN_POINT('',(-0.00487499999999982,-0.0445751865263859,0.00801041191183254));
#11842=CARTESIAN_POINT('',(-0.00487499999999974,-0.0448703674260048,0.00749914359626489));
#11843=CARTESIAN_POINT('',(-0.00665817545632798,-0.0436594366511236,0.00850803446331945));
#11844=CARTESIAN_POINT('',(-0.00685471222315899,-0.0442449826353665,0.00858234182792672));
#11845=CARTESIAN_POINT('',(-0.00716765415813671,-0.0445254620549086,0.00809653722280681));
#11846=CARTESIAN_POINT('',(-0.00754459621854777,-0.043028488874887,0.00935801615638199));
#11847=CARTESIAN_POINT('',(-0.00774974677063139,-0.0436660129224337,0.0095851467867828));
#11848=CARTESIAN_POINT('',(-0.00830733799527397,-0.0438945142786702,0.00918937082817442));
#11849=CARTESIAN_POINT('',(-0.00785613542353782,-0.0426525426783057,0.00986447231124091));
#11850=CARTESIAN_POINT('',(-0.00803295019119694,-0.0433387905122024,0.0101519126266701));
#11851=CARTESIAN_POINT('',(-0.00870788840169148,-0.0435185680820901,0.00984052874156344));
#11852=CARTESIAN_POINT('',(-0.0075115411410102,-0.043,0.00939639496207925));
#11853=CARTESIAN_POINT('',(-0.00766550527821786,-0.043,0.00957274334238972));
#11854=CARTESIAN_POINT('',(-0.00781705188495687,-0.043,0.00975124671736867));
#11855=CARTESIAN_POINT('',(-0.00797309620373648,-0.043,0.00992574081693473));
#11856=CARTESIAN_POINT('',(-0.0022384588589898,-0.043,0.00939639496207925));
#11857=CARTESIAN_POINT('',(-0.00208449472178214,-0.043,0.00957274334238971));
#11858=CARTESIAN_POINT('',(-0.00193294811504313,-0.043,0.00975124671736867));
#11859=CARTESIAN_POINT('',(-0.00177690379626353,-0.043,0.00992574081693472));
#11860=CARTESIAN_POINT('',(-0.014625,0.210617621135332,0.011698274805112));
#11861=CARTESIAN_POINT('',(-0.014625,-0.043,0.011698274805112));
#11862=CARTESIAN_POINT('',(-0.0119884588589898,-0.043,0.00939639496207926));
#11863=CARTESIAN_POINT('',(-0.0172615411410102,-0.043,0.00939639496207925));
#11864=CARTESIAN_POINT('',(-0.014625,-0.0412912973538351,0.011698274805112));
#11865=CARTESIAN_POINT('',(-0.014625,0.210617621135332,0.011698274805112));
#11866=CARTESIAN_POINT('',(-0.01794311709306,0.210617621135332,0.0105846775005433));
#11867=CARTESIAN_POINT('',(-0.0179431170930602,-0.043,0.0105846775005438));
#11868=CARTESIAN_POINT('',(-0.014625,-0.043,0.011698274805112));
#11869=CARTESIAN_POINT('',(-0.0113068829069401,-0.043,0.0105846775005429));
#11870=CARTESIAN_POINT('',(-0.0113068829069399,0.210617621135332,0.0105846775005433));
#11871=CARTESIAN_POINT('',(-0.014625,-0.0492,2.76085826118949E-19));
#11872=CARTESIAN_POINT('',(-0.0141692454046286,-0.0460000000019144,0.00554256257648325));
#11873=CARTESIAN_POINT('',(-0.0138581126313359,-0.0459235729404398,0.00567493813003044));
#11874=CARTESIAN_POINT('',(-0.0133807330665515,-0.0456691377774055,0.00611563276606887));
#11875=CARTESIAN_POINT('',(-0.0126819165426237,-0.0450866323228297,0.00712456180586464));
#11876=CARTESIAN_POINT('',(-0.0122998710847066,-0.0446133936419091,0.00794423524653187));
#11877=CARTESIAN_POINT('',(-0.0120692482375728,-0.0442957125668697,0.0084944750091032));
#11878=CARTESIAN_POINT('',(-0.0120692482375728,-0.0442957125668697,0.00849447500910319));
#11879=CARTESIAN_POINT('',(-0.014625,-0.0421573227576195,0.012198274805112));
#11880=CARTESIAN_POINT('',(-0.0171807517624324,-0.0442957125668626,0.00849447500911553));
#11881=CARTESIAN_POINT('',(-0.0171807517624324,-0.0442957125668626,0.00849447500911566));
#11882=CARTESIAN_POINT('',(-0.0169491617884098,-0.0446147258512374,0.00794192779228916));
#11883=CARTESIAN_POINT('',(-0.0165668233121898,-0.0450867869934665,0.00712429390966939));
#11884=CARTESIAN_POINT('',(-0.0158743181161089,-0.0456659523385675,0.00612115010597141));
#11885=CARTESIAN_POINT('',(-0.0153919784521293,-0.0459235505695513,0.00567497688196731));
#11886=CARTESIAN_POINT('',(-0.0150807545966699,-0.0460000000047863,0.00554256257593036));
#11887=CARTESIAN_POINT('',(-0.0141864195587224,-0.043,0.00553539327829035));
#11888=CARTESIAN_POINT('',(-0.0141864195587224,-0.046,0.00553539327829035));
#11889=CARTESIAN_POINT('',(-0.0132265740081282,-0.043,0.00592838335926621));
#11890=CARTESIAN_POINT('',(-0.0132265740081282,-0.046,0.00592838335926621));
#11891=CARTESIAN_POINT('',(-0.0122667284575341,-0.043,0.00761147810001721));
#11892=CARTESIAN_POINT('',(-0.0122667284575341,-0.046,0.00761147810001721));
#11893=CARTESIAN_POINT('',(-0.0113068829069399,-0.043,0.0105846775005433));
#11894=CARTESIAN_POINT('',(-0.0113068829069399,-0.046,0.0105846775005433));
#11895=CARTESIAN_POINT('',(-0.0115269037962634,-0.043,0.00992574081693457));
#11896=CARTESIAN_POINT('',(-0.0114512287974196,-0.043,0.0101446068141645));
#11897=CARTESIAN_POINT('',(-0.0113780282486054,-0.043,0.0103642990375093));
#11898=CARTESIAN_POINT('',(-0.0113068829069401,-0.043,0.0105846775005429));
#11899=CARTESIAN_POINT('',(-0.0115269037962634,-0.043,0.00992574081693457));
#11900=CARTESIAN_POINT('',(-0.0115269037962626,-0.0430000000000138,0.00992574081694766));
#11901=CARTESIAN_POINT('',(-0.011672182852768,-0.0435071977610229,0.00950556709954303));
#11902=CARTESIAN_POINT('',(-0.0118349930174329,-0.043973027927893,0.00905338119863673));
#11903=CARTESIAN_POINT('',(-0.0120692482375711,-0.0442957125668674,0.00849447500910724));
#11904=CARTESIAN_POINT('',(-0.01794311709306,-0.043,0.0105846775005433));
#11905=CARTESIAN_POINT('',(-0.01794311709306,-0.046,0.0105846775005433));
#11906=CARTESIAN_POINT('',(-0.0169832715424659,-0.043,0.00761147810001721));
#11907=CARTESIAN_POINT('',(-0.0169832715424659,-0.046,0.00761147810001721));
#11908=CARTESIAN_POINT('',(-0.0160234259918718,-0.043,0.00592838335926622));
#11909=CARTESIAN_POINT('',(-0.0160234259918718,-0.046,0.00592838335926622));
#11910=CARTESIAN_POINT('',(-0.0150635804412776,-0.043,0.00553539327829036));
#11911=CARTESIAN_POINT('',(-0.0150635804412776,-0.046,0.00553539327829036));
#11912=CARTESIAN_POINT('',(-0.0171807517624324,-0.0442957125668626,0.00849447500911554));
#11913=CARTESIAN_POINT('',(-0.0174123046723458,-0.0439767503379943,0.00904693379521088));
#11914=CARTESIAN_POINT('',(-0.0175778793441451,-0.0435069806193642,0.00950574698443659));
#11915=CARTESIAN_POINT('',(-0.0177230962037374,-0.0430000000000072,0.00992574081694323));
#11916=CARTESIAN_POINT('',(-0.0177230962037366,-0.043,0.00992574081693458));
#11917=CARTESIAN_POINT('',(-0.0179431170930602,-0.043,0.0105846775005438));
#11918=CARTESIAN_POINT('',(-0.0178719717513948,-0.043,0.0103642990375099));
#11919=CARTESIAN_POINT('',(-0.0177987712025804,-0.043,0.0101446068141648));
#11920=CARTESIAN_POINT('',(-0.0177230962037367,-0.043,0.00992574081693458));
#11921=CARTESIAN_POINT('',(-0.0116438645764622,-0.0426525426783057,0.0098644723112409));
#11922=CARTESIAN_POINT('',(-0.0114670498088031,-0.0433387905122025,0.0101519126266701));
#11923=CARTESIAN_POINT('',(-0.0107921115983085,-0.0435185680820901,0.00984052874156343));
#11924=CARTESIAN_POINT('',(-0.0119554037814509,-0.043028488874887,0.00935801615638413));
#11925=CARTESIAN_POINT('',(-0.0117502532293704,-0.0436660129224201,0.00958514678678847));
#11926=CARTESIAN_POINT('',(-0.011192662004726,-0.0438945142786689,0.00918937082817662));
#11927=CARTESIAN_POINT('',(-0.0128418245436727,-0.0436594366511236,0.00850803446331854));
#11928=CARTESIAN_POINT('',(-0.0126452877768409,-0.0442449826353731,0.00858234182792359));
#11929=CARTESIAN_POINT('',(-0.0123323458418634,-0.0445254620549092,0.00809653722280588));
#11930=CARTESIAN_POINT('',(-0.0146249999999999,-0.0440043420222208,0.00804339497600862));
#11931=CARTESIAN_POINT('',(-0.0146249999999994,-0.0445751865263837,0.00801041191183346));
#11932=CARTESIAN_POINT('',(-0.014625,-0.0448703674260048,0.00749914359626489));
#11933=CARTESIAN_POINT('',(-0.0164081754563278,-0.0436594366511236,0.00850803446331923));
#11934=CARTESIAN_POINT('',(-0.0166047122231607,-0.0442449826353663,0.00858234182792429));
#11935=CARTESIAN_POINT('',(-0.0169176541581366,-0.0445254620549086,0.00809653722280681));
#11936=CARTESIAN_POINT('',(-0.0172945962185481,-0.043028488874887,0.00935801615638249));
#11937=CARTESIAN_POINT('',(-0.0174997467706278,-0.0436660129224359,0.00958514678678802));
#11938=CARTESIAN_POINT('',(-0.018057337995274,-0.0438945142786702,0.00918937082817442));
#11939=CARTESIAN_POINT('',(-0.0176061354235378,-0.0426525426783057,0.00986447231124091));
#11940=CARTESIAN_POINT('',(-0.0177829501911969,-0.0433387905122024,0.0101519126266701));
#11941=CARTESIAN_POINT('',(-0.0184578884016915,-0.0435185680820901,0.00984052874156344));
#11942=CARTESIAN_POINT('',(-0.0172615411410102,-0.043,0.00939639496207925));
#11943=CARTESIAN_POINT('',(-0.0174155052782179,-0.043,0.00957274334238972));
#11944=CARTESIAN_POINT('',(-0.0175670518849569,-0.043,0.00975124671736867));
#11945=CARTESIAN_POINT('',(-0.0177230962037365,-0.043,0.00992574081693473));
#11946=CARTESIAN_POINT('',(-0.0119884588589898,-0.043,0.00939639496207925));
#11947=CARTESIAN_POINT('',(-0.0118344947217821,-0.043,0.00957274334238971));
#11948=CARTESIAN_POINT('',(-0.0116829481150431,-0.043,0.00975124671736867));
#11949=CARTESIAN_POINT('',(-0.0115269037962635,-0.043,0.00992574081693472));
#11950=CARTESIAN_POINT('',(-0.024375,0.210617621135332,0.011698274805112));
#11951=CARTESIAN_POINT('',(-0.024375,-0.043,0.011698274805112));
#11952=CARTESIAN_POINT('',(-0.0217384588589898,-0.043,0.00939639496207926));
#11953=CARTESIAN_POINT('',(-0.0270115411410102,-0.043,0.00939639496207925));
#11954=CARTESIAN_POINT('',(-0.024375,-0.0412912973538351,0.011698274805112));
#11955=CARTESIAN_POINT('',(-0.024375,0.210617621135332,0.011698274805112));
#11956=CARTESIAN_POINT('',(-0.02769311709306,0.210617621135332,0.0105846775005433));
#11957=CARTESIAN_POINT('',(-0.0276931170930602,-0.043,0.0105846775005438));
#11958=CARTESIAN_POINT('',(-0.024375,-0.043,0.011698274805112));
#11959=CARTESIAN_POINT('',(-0.0210568829069401,-0.043,0.0105846775005429));
#11960=CARTESIAN_POINT('',(-0.0210568829069399,0.210617621135332,0.0105846775005433));
#11961=CARTESIAN_POINT('',(-0.024375,-0.0492,3.42672505151891E-19));
#11962=CARTESIAN_POINT('',(-0.0239192454046286,-0.0460000000019144,0.00554256257648325));
#11963=CARTESIAN_POINT('',(-0.0236081126313359,-0.0459235729404398,0.00567493813003044));
#11964=CARTESIAN_POINT('',(-0.0231307330665515,-0.0456691377774055,0.00611563276606888));
#11965=CARTESIAN_POINT('',(-0.0224319165426237,-0.0450866323228297,0.00712456180586465));
#11966=CARTESIAN_POINT('',(-0.0220498710847066,-0.0446133936419091,0.00794423524653187));
#11967=CARTESIAN_POINT('',(-0.0218192482375728,-0.0442957125668697,0.00849447500910321));
#11968=CARTESIAN_POINT('',(-0.0218192482375727,-0.0442957125668697,0.00849447500910319));
#11969=CARTESIAN_POINT('',(-0.024375,-0.0421573227576195,0.012198274805112));
#11970=CARTESIAN_POINT('',(-0.0269307517624324,-0.0442957125668626,0.00849447500911553));
#11971=CARTESIAN_POINT('',(-0.0269307517624324,-0.0442957125668626,0.00849447500911566));
#11972=CARTESIAN_POINT('',(-0.0266991617884098,-0.0446147258512374,0.00794192779228916));
#11973=CARTESIAN_POINT('',(-0.0263168233121898,-0.0450867869934665,0.00712429390966939));
#11974=CARTESIAN_POINT('',(-0.0256243181161089,-0.0456659523385675,0.00612115010597141));
#11975=CARTESIAN_POINT('',(-0.0251419784521293,-0.0459235505695513,0.00567497688196731));
#11976=CARTESIAN_POINT('',(-0.0248307545966698,-0.0460000000047863,0.00554256257593036));
#11977=CARTESIAN_POINT('',(-0.0239364195587224,-0.043,0.00553539327829036));
#11978=CARTESIAN_POINT('',(-0.0239364195587224,-0.046,0.00553539327829036));
#11979=CARTESIAN_POINT('',(-0.0229765740081282,-0.043,0.00592838335926621));
#11980=CARTESIAN_POINT('',(-0.0229765740081282,-0.046,0.00592838335926621));
#11981=CARTESIAN_POINT('',(-0.0220167284575341,-0.043,0.00761147810001721));
#11982=CARTESIAN_POINT('',(-0.0220167284575341,-0.046,0.00761147810001721));
#11983=CARTESIAN_POINT('',(-0.0210568829069399,-0.043,0.0105846775005433));
#11984=CARTESIAN_POINT('',(-0.0210568829069399,-0.046,0.0105846775005433));
#11985=CARTESIAN_POINT('',(-0.0212769037962634,-0.043,0.00992574081693457));
#11986=CARTESIAN_POINT('',(-0.0212012287974196,-0.043,0.0101446068141645));
#11987=CARTESIAN_POINT('',(-0.0211280282486054,-0.043,0.0103642990375093));
#11988=CARTESIAN_POINT('',(-0.0210568829069401,-0.043,0.0105846775005429));
#11989=CARTESIAN_POINT('',(-0.0212769037962634,-0.043,0.00992574081693457));
#11990=CARTESIAN_POINT('',(-0.0212769037962626,-0.0430000000000138,0.00992574081694765));
#11991=CARTESIAN_POINT('',(-0.0214221828527681,-0.0435071977610229,0.00950556709954303));
#11992=CARTESIAN_POINT('',(-0.0215849930174329,-0.043973027927893,0.00905338119863673));
#11993=CARTESIAN_POINT('',(-0.021819248237571,-0.0442957125668674,0.00849447500910724));
#11994=CARTESIAN_POINT('',(-0.02769311709306,-0.043,0.0105846775005433));
#11995=CARTESIAN_POINT('',(-0.02769311709306,-0.046,0.0105846775005433));
#11996=CARTESIAN_POINT('',(-0.0267332715424659,-0.043,0.00761147810001721));
#11997=CARTESIAN_POINT('',(-0.0267332715424659,-0.046,0.00761147810001721));
#11998=CARTESIAN_POINT('',(-0.0257734259918717,-0.043,0.00592838335926621));
#11999=CARTESIAN_POINT('',(-0.0257734259918717,-0.046,0.00592838335926621));
#12000=CARTESIAN_POINT('',(-0.0248135804412776,-0.043,0.00553539327829036));
#12001=CARTESIAN_POINT('',(-0.0248135804412776,-0.046,0.00553539327829036));
#12002=CARTESIAN_POINT('',(-0.0269307517624324,-0.0442957125668626,0.00849447500911554));
#12003=CARTESIAN_POINT('',(-0.0271623046723458,-0.0439767503379943,0.00904693379521088));
#12004=CARTESIAN_POINT('',(-0.0273278793441451,-0.0435069806193642,0.00950574698443659));
#12005=CARTESIAN_POINT('',(-0.0274730962037374,-0.0430000000000072,0.00992574081694323));
#12006=CARTESIAN_POINT('',(-0.0274730962037367,-0.043,0.00992574081693458));
#12007=CARTESIAN_POINT('',(-0.0276931170930602,-0.043,0.0105846775005438));
#12008=CARTESIAN_POINT('',(-0.0276219717513948,-0.043,0.0103642990375099));
#12009=CARTESIAN_POINT('',(-0.0275487712025804,-0.043,0.0101446068141648));
#12010=CARTESIAN_POINT('',(-0.0274730962037367,-0.043,0.00992574081693458));
#12011=CARTESIAN_POINT('',(-0.0213938645764622,-0.0426525426783057,0.0098644723112409));
#12012=CARTESIAN_POINT('',(-0.0212170498088031,-0.0433387905122024,0.0101519126266701));
#12013=CARTESIAN_POINT('',(-0.0205421115983085,-0.0435185680820901,0.00984052874156343));
#12014=CARTESIAN_POINT('',(-0.02170540378145,-0.043028488874884,0.00935801615638566));
#12015=CARTESIAN_POINT('',(-0.0215002532293682,-0.0436660129224345,0.00958514678678588));
#12016=CARTESIAN_POINT('',(-0.020942662004726,-0.0438945142786691,0.00918937082817625));
#12017=CARTESIAN_POINT('',(-0.0225918245436731,-0.043659436651125,0.00850803446331775));
#12018=CARTESIAN_POINT('',(-0.0223952877768413,-0.0442449826353668,0.00858234182792507));
#12019=CARTESIAN_POINT('',(-0.0220823458418634,-0.0445254620549092,0.00809653722280599));
#12020=CARTESIAN_POINT('',(-0.0243749999999999,-0.0440043420222205,0.00804339497600907));
#12021=CARTESIAN_POINT('',(-0.0243750000000003,-0.0445751865263845,0.00801041191183282));
#12022=CARTESIAN_POINT('',(-0.024375,-0.0448703674260047,0.00749914359626505));
#12023=CARTESIAN_POINT('',(-0.0261581754563273,-0.0436594366511237,0.00850803446331821));
#12024=CARTESIAN_POINT('',(-0.0263547122231571,-0.0442449826353691,0.0085823418279254));
#12025=CARTESIAN_POINT('',(-0.0266676541581366,-0.0445254620549091,0.00809653722280606));
#12026=CARTESIAN_POINT('',(-0.0270445962185494,-0.043028488874887,0.00935801615638459));
#12027=CARTESIAN_POINT('',(-0.0272497467706351,-0.0436660129224287,0.00958514678678518));
#12028=CARTESIAN_POINT('',(-0.027807337995274,-0.0438945142786692,0.00918937082817608));
#12029=CARTESIAN_POINT('',(-0.0273561354235378,-0.0426525426783057,0.0098644723112409));
#12030=CARTESIAN_POINT('',(-0.0275329501911969,-0.0433387905122024,0.0101519126266701));
#12031=CARTESIAN_POINT('',(-0.0282078884016915,-0.0435185680820901,0.00984052874156344));
#12032=CARTESIAN_POINT('',(-0.0270115411410102,-0.043,0.00939639496207925));
#12033=CARTESIAN_POINT('',(-0.0271655052782179,-0.043,0.00957274334238972));
#12034=CARTESIAN_POINT('',(-0.0273170518849569,-0.043,0.00975124671736867));
#12035=CARTESIAN_POINT('',(-0.0274730962037365,-0.043,0.00992574081693473));
#12036=CARTESIAN_POINT('',(-0.0217384588589898,-0.043,0.00939639496207925));
#12037=CARTESIAN_POINT('',(-0.0215844947217821,-0.043,0.00957274334238972));
#12038=CARTESIAN_POINT('',(-0.0214329481150431,-0.043,0.00975124671736867));
#12039=CARTESIAN_POINT('',(-0.0212769037962635,-0.043,0.00992574081693473));
#12040=CARTESIAN_POINT('',(-0.034125,0.210617621135332,0.011698274805112));
#12041=CARTESIAN_POINT('',(-0.0374431170930601,0.210617621135332,0.0105846775005433));
#12042=CARTESIAN_POINT('',(-0.0374431170930602,-0.043,0.0105846775005438));
#12043=CARTESIAN_POINT('',(-0.034125,-0.043,0.011698274805112));
#12044=CARTESIAN_POINT('',(-0.0308068829069401,-0.043,0.0105846775005429));
#12045=CARTESIAN_POINT('',(-0.0308068829069399,0.210617621135332,0.0105846775005433));
#12046=CARTESIAN_POINT('',(0.039,-0.043,0.00325));
#12047=CARTESIAN_POINT('',(0.0402990381056764,-0.043,-1.0471552451963E-16));
#12048=CARTESIAN_POINT('',(0.0377009618943236,-0.043,-1.07702233463441E-16));
#12049=CARTESIAN_POINT('',(0.0515,-0.046,-1.74506973925301E-18));
#12050=CARTESIAN_POINT('',(0.0305490381056764,-0.043,-1.04666681150011E-16));
#12051=CARTESIAN_POINT('',(0.02925,-0.043,0.00325));
#12052=CARTESIAN_POINT('',(0.0279509618943236,-0.043,-1.07653390093822E-16));
#12053=CARTESIAN_POINT('',(0.0515,-0.046,-1.74506973925301E-18));
#12054=CARTESIAN_POINT('',(0.0207990381056764,-0.043,-1.04617837780392E-16));
#12055=CARTESIAN_POINT('',(0.0195,-0.043,0.00325));
#12056=CARTESIAN_POINT('',(0.0182009618943236,-0.043,-1.07604546724203E-16));
#12057=CARTESIAN_POINT('',(0.0515,-0.046,-1.74506973925301E-18));
#12058=CARTESIAN_POINT('',(0.0110490381056764,-0.043,-1.04568994410773E-16));
#12059=CARTESIAN_POINT('',(0.00975,-0.043,0.00325));
#12060=CARTESIAN_POINT('',(0.0084509618943236,-0.043,-1.07555703354584E-16));
#12061=CARTESIAN_POINT('',(-6.93889390390723E-18,-0.043,0.00325));
#12062=CARTESIAN_POINT('',(-6.93889390390723E-18,-0.043,0.00325));
#12063=CARTESIAN_POINT('',(0.0515,-0.046,-1.74506973925301E-18));
#12064=CARTESIAN_POINT('',(-4.17039754622579E-48,-1.22464679914735E-19,
-6.09486873753071E-17));
#12065=CARTESIAN_POINT('',(-0.002,-1.22464679914735E-19,-6.32478569922412E-17));
#12066=CARTESIAN_POINT('',(9.25949720643054E-62,-2.75545529808154E-19,-6.09486873753071E-17));
#12067=CARTESIAN_POINT('',(0.0015,-0.00424264068711928,-5.92243101626065E-17));
#12068=CARTESIAN_POINT('',(0.0015,-0.023,-5.92243101626065E-17));
#12069=CARTESIAN_POINT('',(-1.4169726759932E-47,0.035,-6.09486873753071E-17));
#12070=CARTESIAN_POINT('',(9.25949720643054E-62,-2.75545529808154E-19,-6.09486873753071E-17));
#12071=CARTESIAN_POINT('',(-1.4169726759932E-47,0.035,-6.09486873753071E-17));
#12072=CARTESIAN_POINT('',(-1.4169726759932E-47,-0.035,-6.09486873753071E-17));
#12073=CARTESIAN_POINT('',(-0.047,0.0405,-1.14979173373259E-16));
#12074=CARTESIAN_POINT('',(-0.049,0.0405,-1.17278342990193E-16));
#12075=CARTESIAN_POINT('',(0.047,0.0405,-6.91820137735481E-18));
#12076=CARTESIAN_POINT('',(0.045,0.0405,-9.21737099428895E-18));
#12077=CARTESIAN_POINT('',(-0.047,-0.0405,-1.14979173373259E-16));
#12078=CARTESIAN_POINT('',(-0.049,-0.0405,-1.17278342990193E-16));
#12079=CARTESIAN_POINT('',(0.047,-0.0405,-6.91820137735481E-18));
#12080=CARTESIAN_POINT('',(0.045,-0.0405,-9.21737099428895E-18));
#12081=CARTESIAN_POINT('',(-0.053,-0.046,-3.46944695195361E-18));
#12082=CARTESIAN_POINT('',(-0.053,-0.043,-3.46944695195361E-18));
#12083=CARTESIAN_POINT('',(-0.053,0.043,-3.46944695195361E-18));
#12084=CARTESIAN_POINT('',(-0.053,0.043,-1.99905238061059E-17));
#12085=CARTESIAN_POINT('',(-0.053,0.0438313341745814,-1.99905238061059E-17));
#12086=CARTESIAN_POINT('',(-0.0522012198517171,0.0454247675202578,-1.71901495909269E-16));
#12087=CARTESIAN_POINT('',(-0.0505441396912435,0.046,-1.19053462521398E-16));
#12088=CARTESIAN_POINT('',(-0.0497147382493557,0.046,-1.18099995223683E-16));
#12089=CARTESIAN_POINT('',(-0.0497147382493557,0.046,-2.0226644648363E-19));
#12090=CARTESIAN_POINT('',(-0.0515,0.046,-9.29506920552896E-20));
#12091=CARTESIAN_POINT('',(-0.0402990381056766,0.046,4.33680868994202E-19));
#12092=CARTESIAN_POINT('',(-0.0402990381056764,0.043,-1.07311486506491E-16));
#12093=CARTESIAN_POINT('',(-0.0402990381056766,0.043,-4.33680868994202E-19));
#12094=CARTESIAN_POINT('',(-6.93889390390723E-18,0.043,-3.24641619985972E-18));
#12095=CARTESIAN_POINT('',(-0.0432583426132261,0.043,-1.10677820882935E-16));
#12096=CARTESIAN_POINT('',(-0.047,0.0405,-1.14979173373259E-16));
#12097=CARTESIAN_POINT('',(-0.0432583426132261,0.038,-1.10677820882935E-16));
#12098=CARTESIAN_POINT('',(-1.4169726759932E-47,0.038,-6.09486873753071E-17));
#12099=CARTESIAN_POINT('',(-6.93889390390723E-18,0.043,-3.24641619985972E-18));
#12100=CARTESIAN_POINT('',(-0.00845096189432334,0.043,-6.59754120754779E-19));
#12101=CARTESIAN_POINT('',(-0.0084509618943236,0.043,-1.04471307671536E-16));
#12102=CARTESIAN_POINT('',(-0.00845096189432334,0.046,2.87150760137992E-19));
#12103=CARTESIAN_POINT('',(-0.0515,0.046,-9.29506920552896E-20));
#12104=CARTESIAN_POINT('',(0.00845096189432333,0.046,1.8946402090052E-19));
#12105=CARTESIAN_POINT('',(0.0084509618943236,0.043,-1.07555703354584E-16));
#12106=CARTESIAN_POINT('',(0.00845096189432333,0.043,-6.77897717087884E-19));
#12107=CARTESIAN_POINT('',(-6.93889390390723E-18,0.043,-3.24641619985972E-18));
#12108=CARTESIAN_POINT('',(-1.4169726759932E-47,0.038,-6.09486873753071E-17));
#12109=CARTESIAN_POINT('',(0.0432583426132261,0.038,-1.12195538676787E-17));
#12110=CARTESIAN_POINT('',(0.047,0.0405,-6.91820137735481E-18));
#12111=CARTESIAN_POINT('',(0.0432583426132261,0.043,-5.89522574074506E-18));
#12112=CARTESIAN_POINT('',(-6.93889390390723E-18,0.043,-3.24641619985972E-18));
#12113=CARTESIAN_POINT('',(0.0402990381056766,0.043,-9.03970968848462E-19));
#12114=CARTESIAN_POINT('',(0.0402990381056764,0.043,-1.0471552451963E-16));
#12115=CARTESIAN_POINT('',(0.0402990381056766,0.046,4.293391204431E-20));
#12116=CARTESIAN_POINT('',(-0.0515,0.046,-9.29506920552896E-20));
#12117=CARTESIAN_POINT('',(0.0497147382493558,0.046,-6.29056595323582E-18));
#12118=CARTESIAN_POINT('',(0.0497147382493558,0.046,-3.38615037320591E-18));
#12119=CARTESIAN_POINT('',(0.0505452469659942,0.046,-2.43141016925898E-18));
#12120=CARTESIAN_POINT('',(0.0521967323376464,0.0454273483690859,-1.1497314051895E-18));
#12121=CARTESIAN_POINT('',(0.053,0.0438330379980411,-2.06925265522692E-20));
#12122=CARTESIAN_POINT('',(0.053,0.043,-2.06925265522692E-20));
#12123=CARTESIAN_POINT('',(0.053,0.043,-2.06925265524E-20));
#12124=CARTESIAN_POINT('',(0.053,-0.046,-2.06925265524E-20));
#12125=CARTESIAN_POINT('',(0.053,-0.043,-2.06925265524E-20));
#12126=CARTESIAN_POINT('',(0.053,-0.043,1.92538971366253E-17));
#12127=CARTESIAN_POINT('',(0.053,-0.0438313341745814,1.92538971366253E-17));
#12128=CARTESIAN_POINT('',(0.0522012198517171,-0.0454247675202578,-1.05762528819123E-17));
#12129=CARTESIAN_POINT('',(0.0505441396912436,-0.046,-2.84391222921611E-18));
#12130=CARTESIAN_POINT('',(0.0497147382493558,-0.046,-3.79737952693095E-18));
#12131=CARTESIAN_POINT('',(0.047,-0.0405,-6.91820137735481E-18));
#12132=CARTESIAN_POINT('',(0.0015,-0.023,-5.92243101626065E-17));
#12133=CARTESIAN_POINT('',(-0.0084509618943236,-0.043,-1.04471307671536E-16));
#12134=CARTESIAN_POINT('',(-0.00845096189432334,-0.043,-6.59754120754779E-19));
#12135=CARTESIAN_POINT('',(-6.93889390390723E-18,-0.043,-3.24641619985972E-18));
#12136=CARTESIAN_POINT('',(-1.4169726759932E-47,-0.038,-6.09486873753071E-17));
#12137=CARTESIAN_POINT('',(-0.0432583426132261,-0.038,-1.10677820882935E-16));
#12138=CARTESIAN_POINT('',(-0.047,-0.0405,-1.14979173373259E-16));
#12139=CARTESIAN_POINT('',(-0.0432583426132261,-0.043,-1.10677820882935E-16));
#12140=CARTESIAN_POINT('',(-6.93889390390723E-18,-0.043,-3.24641619985972E-18));
#12141=CARTESIAN_POINT('',(-0.0402990381056766,-0.043,-4.33680868994202E-19));
#12142=CARTESIAN_POINT('',(-0.0402990381056764,-0.043,-1.07311486506491E-16));
#12143=CARTESIAN_POINT('',(-0.0497147382493557,-0.046,-2.0226644648363E-19));
#12144=CARTESIAN_POINT('',(-0.0505452469659941,-0.046,-1.15700665043057E-18));
#12145=CARTESIAN_POINT('',(-0.0521967323376463,-0.045427348369086,-1.79902122310887E-16));
#12146=CARTESIAN_POINT('',(-0.053,-0.0438330379980411,-1.21876682224062E-16));
#12147=CARTESIAN_POINT('',(-0.053,-0.043,-1.21876682224062E-16));
#12148=CARTESIAN_POINT('',(-0.00975,-0.043,0.00325));
#12149=CARTESIAN_POINT('',(-0.00975,-0.043,0.00325));
#12150=CARTESIAN_POINT('',(-0.0110490381056767,-0.043,-5.80210977850411E-19));
#12151=CARTESIAN_POINT('',(-0.0110490381056764,-0.043,-1.07458016615347E-16));
#12152=CARTESIAN_POINT('',(0.0515,-0.046,-1.74506973925301E-18));
#12153=CARTESIAN_POINT('',(-6.93889390390723E-18,-0.043,-3.24641619985972E-18));
#12154=CARTESIAN_POINT('',(-0.0182009618943233,-0.043,-6.10910751136043E-19));
#12155=CARTESIAN_POINT('',(-0.0182009618943236,-0.043,-1.04422464301917E-16));
#12156=CARTESIAN_POINT('',(-0.0195,-0.043,0.00325));
#12157=CARTESIAN_POINT('',(-0.0195,-0.043,0.00325));
#12158=CARTESIAN_POINT('',(-0.0207990381056767,-0.043,-5.31367608231675E-19));
#12159=CARTESIAN_POINT('',(-0.0207990381056764,-0.043,-1.07409173245728E-16));
#12160=CARTESIAN_POINT('',(0.0515,-0.046,-1.74506973925301E-18));
#12161=CARTESIAN_POINT('',(-6.93889390390723E-18,-0.043,-3.24641619985972E-18));
#12162=CARTESIAN_POINT('',(-0.0279509618943234,-0.043,-5.62067381517306E-19));
#12163=CARTESIAN_POINT('',(-0.0279509618943236,-0.043,-1.04373620932298E-16));
#12164=CARTESIAN_POINT('',(-0.02925,-0.043,0.00325));
#12165=CARTESIAN_POINT('',(-0.02925,-0.043,0.00325));
#12166=CARTESIAN_POINT('',(-0.0305490381056766,-0.043,-4.82524238612938E-19));
#12167=CARTESIAN_POINT('',(-0.0305490381056764,-0.043,-1.07360329876109E-16));
#12168=CARTESIAN_POINT('',(-4.97400190574163E-18,-0.043,0.0320891215252208));
#12169=CARTESIAN_POINT('',(-6.93889390390723E-18,-0.043,-3.24641619985972E-18));
#12170=CARTESIAN_POINT('',(-0.0377009618943233,-0.043,-5.1322401189857E-19));
#12171=CARTESIAN_POINT('',(-0.039,-0.043,0.00325));
#12172=CARTESIAN_POINT('',(-0.0432583426132261,-0.043,0.0320891215252207));
#12173=CARTESIAN_POINT('',(-0.0432583426132261,-0.043,0.0110535136556304));
#12174=CARTESIAN_POINT('',(-2.08166817117217E-17,-0.043,-0.0229128784747792));
#12175=CARTESIAN_POINT('',(-0.0374431170930602,-0.043,0.0105846775005438));
#12176=CARTESIAN_POINT('',(-0.0373719717513948,-0.043,0.0103642990375099));
#12177=CARTESIAN_POINT('',(-0.0372987712025804,-0.043,0.0101446068141648));
#12178=CARTESIAN_POINT('',(-0.0372230962037366,-0.043,0.00992574081693458));
#12179=CARTESIAN_POINT('',(-0.0372230962037366,-0.043,0.00992574081693458));
#12180=CARTESIAN_POINT('',(-0.0367615411410102,-0.043,0.00939639496207925));
#12181=CARTESIAN_POINT('',(-0.0369155052782179,-0.043,0.00957274334238972));
#12182=CARTESIAN_POINT('',(-0.0370670518849569,-0.043,0.00975124671736867));
#12183=CARTESIAN_POINT('',(-0.0372230962037365,-0.043,0.00992574081693473));
#12184=CARTESIAN_POINT('',(-0.0367615411410102,-0.043,0.00939639496207925));
#12185=CARTESIAN_POINT('',(-0.034125,-0.043,0.011698274805112));
#12186=CARTESIAN_POINT('',(-0.0314884588589898,-0.043,0.00939639496207926));
#12187=CARTESIAN_POINT('',(-0.0314884588589898,-0.043,0.00939639496207925));
#12188=CARTESIAN_POINT('',(-0.0313344947217821,-0.043,0.00957274334238971));
#12189=CARTESIAN_POINT('',(-0.0311829481150431,-0.043,0.00975124671736867));
#12190=CARTESIAN_POINT('',(-0.0310269037962635,-0.043,0.00992574081693473));
#12191=CARTESIAN_POINT('',(-0.0310269037962634,-0.043,0.00992574081693457));
#12192=CARTESIAN_POINT('',(-0.0310269037962634,-0.043,0.00992574081693457));
#12193=CARTESIAN_POINT('',(-0.0309512287974196,-0.043,0.0101446068141645));
#12194=CARTESIAN_POINT('',(-0.0308780282486054,-0.043,0.0103642990375093));
#12195=CARTESIAN_POINT('',(-0.0308068829069401,-0.043,0.0105846775005429));
#12196=CARTESIAN_POINT('',(0.0515,-0.046,-1.74506973925301E-18));
#12197=CARTESIAN_POINT('',(-0.0377009618943236,-0.043,-1.0432477756268E-16));
#12198=CARTESIAN_POINT('',(-2.08166817117217E-17,-0.046,-0.0229128784747792));
#12199=CARTESIAN_POINT('',(-0.0432583426132261,-0.043,0.0110535136556304));
#12200=CARTESIAN_POINT('',(-0.0430426606499994,-0.0426771967956397,0.0113281982387009));
#12201=CARTESIAN_POINT('',(-0.0426596600377325,-0.0419261294507828,0.0118044704796301));
#12202=CARTESIAN_POINT('',(-0.0424200173605907,-0.040497496889191,0.0120945368988784));
#12203=CARTESIAN_POINT('',(-0.0426602724647627,-0.0390736349521186,0.0118037093650546));
#12204=CARTESIAN_POINT('',(-0.0430423132887124,-0.0383233230871303,0.0113286406252078));
#12205=CARTESIAN_POINT('',(-0.0432583426132267,-0.037999999999999,0.0110535136556296));
#12206=CARTESIAN_POINT('',(-0.0432583426132264,-0.0379999999999985,0.0110535136556301));
#12207=CARTESIAN_POINT('',(-2.08166817117217E-17,-0.038,-0.0229128784747792));
#12208=CARTESIAN_POINT('',(-4.00399488183983E-17,-0.038,0.034829921658229));
#12209=CARTESIAN_POINT('',(-0.0272204035257406,-0.038,0.0203722554875681));
#12210=CARTESIAN_POINT('',(-0.0272204035257406,-0.038,0.022872255487568));
#12211=CARTESIAN_POINT('',(-0.0182243794892064,-0.038,0.0203801941672913));
#12212=CARTESIAN_POINT('',(-0.0182243794892064,-0.038,0.0228801941672912));
#12213=CARTESIAN_POINT('',(-0.00922835545267202,-0.038,0.0203881328470145));
#12214=CARTESIAN_POINT('',(-0.00922835545267202,-0.038,0.0228881328470145));
#12215=CARTESIAN_POINT('',(-0.0002323314161377,-0.038,0.0203960715267377));
#12216=CARTESIAN_POINT('',(-0.0001,-0.038,0.0284));
#12217=CARTESIAN_POINT('',(-0.0432583426132261,-0.038,0.0320891215252207));
#12218=CARTESIAN_POINT('',(-0.00910635885298252,-0.038,0.0284447833925485));
#12219=CARTESIAN_POINT('',(-0.00910635885298252,-0.038,0.0309447833925485));
#12220=CARTESIAN_POINT('',(-0.0227311537520501,-0.038,0.0242061679008104));
#12221=CARTESIAN_POINT('',(-0.0227311537520501,-0.038,0.0267061679008104));
#12222=CARTESIAN_POINT('',(-0.0137357648397615,-0.038,0.0242411951526004));
#12223=CARTESIAN_POINT('',(-0.0137357648397615,-0.038,0.0267411951526004));
#12224=CARTESIAN_POINT('',(-0.00474037592747292,-0.038,0.0242762224043904));
#12225=CARTESIAN_POINT('',(-0.00474037592747292,-0.038,0.0267762224043904));
#12226=CARTESIAN_POINT('',(4.85722573273506E-17,-0.046,-0.0229128784747792));
#12227=CARTESIAN_POINT('',(4.85722573273506E-17,0.043,-0.0229128784747792));
#12228=CARTESIAN_POINT('',(4.85722573273506E-17,-0.043,-0.0229128784747792));
#12229=CARTESIAN_POINT('',(-4.00399488183983E-17,-0.035,0.034829921658229));
#12230=CARTESIAN_POINT('',(-0.0001,-0.035,0.0284));
#12231=CARTESIAN_POINT('',(-0.0002323314161377,-0.035,0.0203960715267377));
#12232=CARTESIAN_POINT('',(-0.0272204035257406,-0.035,0.0203722554875681));
#12233=CARTESIAN_POINT('',(-0.0272204035257406,-0.035,0.022872255487568));
#12234=CARTESIAN_POINT('',(-0.0182243794892064,-0.035,0.0203801941672913));
#12235=CARTESIAN_POINT('',(-0.0182243794892064,-0.035,0.0228801941672912));
#12236=CARTESIAN_POINT('',(-0.00922835545267202,-0.035,0.0203881328470145));
#12237=CARTESIAN_POINT('',(-0.00922835545267202,-0.035,0.0228881328470145));
#12238=CARTESIAN_POINT('',(-0.00910635885298252,-0.035,0.0284447833925485));
#12239=CARTESIAN_POINT('',(-0.00910635885298252,-0.035,0.0309447833925485));
#12240=CARTESIAN_POINT('',(-0.0227311537520501,-0.035,0.0242061679008104));
#12241=CARTESIAN_POINT('',(-0.0227311537520501,-0.035,0.0267061679008104));
#12242=CARTESIAN_POINT('',(-0.0137357648397615,-0.035,0.0242411951526004));
#12243=CARTESIAN_POINT('',(-0.0137357648397615,-0.035,0.0267411951526004));
#12244=CARTESIAN_POINT('',(-0.00474037592747292,-0.035,0.0242762224043904));
#12245=CARTESIAN_POINT('',(-0.00474037592747292,-0.035,0.0267762224043904));
#12246=CARTESIAN_POINT('',(0.047,-0.0405,0.0320891215252209));
#12247=CARTESIAN_POINT('',(-0.047,-0.0405,0.0320891215252207));
#12248=CARTESIAN_POINT('',(0.047,-0.0405,0.0065));
#12249=CARTESIAN_POINT('',(0.047,-0.0405,0.0065));
#12250=CARTESIAN_POINT('',(0.045,-0.0405,0.0065));
#12251=CARTESIAN_POINT('',(-7.47230125503588E-18,-0.023,0.0065));
#12252=CARTESIAN_POINT('',(-0.047,-0.0405,0.00649999999999989));
#12253=CARTESIAN_POINT('',(-0.047,-0.0405,0.00649999999999989));
#12254=CARTESIAN_POINT('',(-0.049,-0.0405,0.00649999999999989));
#12255=CARTESIAN_POINT('',(-7.47230125503588E-18,-0.023,0.0065));
#12256=CARTESIAN_POINT('',(-0.039,-0.043,0.00325));
#12257=CARTESIAN_POINT('',(-0.034125,0.210617621135332,0.011698274805112));
#12258=CARTESIAN_POINT('',(-0.034125,-0.0412912973538351,0.011698274805112));
#12259=CARTESIAN_POINT('',(-0.0336864195587224,-0.043,0.00553539327829036));
#12260=CARTESIAN_POINT('',(-0.0336864195587224,-0.046,0.00553539327829036));
#12261=CARTESIAN_POINT('',(-0.0327265740081282,-0.043,0.00592838335926621));
#12262=CARTESIAN_POINT('',(-0.0327265740081282,-0.046,0.00592838335926621));
#12263=CARTESIAN_POINT('',(-0.0317667284575341,-0.043,0.00761147810001721));
#12264=CARTESIAN_POINT('',(-0.0317667284575341,-0.046,0.00761147810001721));
#12265=CARTESIAN_POINT('',(-0.0308068829069399,-0.043,0.0105846775005433));
#12266=CARTESIAN_POINT('',(-0.0308068829069399,-0.046,0.0105846775005433));
#12267=CARTESIAN_POINT('',(-0.0310269037962626,-0.0430000000000138,0.00992574081694766));
#12268=CARTESIAN_POINT('',(-0.0311721828527681,-0.0435071977610229,0.00950556709954303));
#12269=CARTESIAN_POINT('',(-0.0313349930174329,-0.043973027927893,0.00905338119863673));
#12270=CARTESIAN_POINT('',(-0.031569248237571,-0.0442957125668674,0.00849447500910724));
#12271=CARTESIAN_POINT('',(-0.0315692482375727,-0.0442957125668697,0.00849447500910319));
#12272=CARTESIAN_POINT('',(-0.0336692454046285,-0.0460000000019144,0.00554256257648325));
#12273=CARTESIAN_POINT('',(-0.0333581126313359,-0.0459235729404398,0.00567493813003044));
#12274=CARTESIAN_POINT('',(-0.0328807330665515,-0.0456691377774055,0.00611563276606888));
#12275=CARTESIAN_POINT('',(-0.0321819165426237,-0.0450866323228298,0.00712456180586467));
#12276=CARTESIAN_POINT('',(-0.0317998710847066,-0.0446133936419091,0.00794423524653187));
#12277=CARTESIAN_POINT('',(-0.0315692482375728,-0.0442957125668697,0.00849447500910321));
#12278=CARTESIAN_POINT('',(-0.0374431170930601,-0.043,0.0105846775005433));
#12279=CARTESIAN_POINT('',(-0.0374431170930601,-0.046,0.0105846775005433));
#12280=CARTESIAN_POINT('',(-0.0364832715424659,-0.043,0.00761147810001721));
#12281=CARTESIAN_POINT('',(-0.0364832715424659,-0.046,0.00761147810001721));
#12282=CARTESIAN_POINT('',(-0.0355234259918718,-0.043,0.00592838335926621));
#12283=CARTESIAN_POINT('',(-0.0355234259918718,-0.046,0.00592838335926621));
#12284=CARTESIAN_POINT('',(-0.0345635804412776,-0.043,0.00553539327829036));
#12285=CARTESIAN_POINT('',(-0.0345635804412776,-0.046,0.00553539327829036));
#12286=CARTESIAN_POINT('',(-0.0366807517624324,-0.0442957125668626,0.00849447500911566));
#12287=CARTESIAN_POINT('',(-0.0364491617884098,-0.0446147258512374,0.00794192779228916));
#12288=CARTESIAN_POINT('',(-0.0360668233121898,-0.0450867869934665,0.00712429390966939));
#12289=CARTESIAN_POINT('',(-0.0353743181161089,-0.0456659523385675,0.0061211501059714));
#12290=CARTESIAN_POINT('',(-0.0348919784521293,-0.0459235505695513,0.00567497688196731));
#12291=CARTESIAN_POINT('',(-0.0345807545966699,-0.0460000000047863,0.00554256257593036));
#12292=CARTESIAN_POINT('',(-0.0366807517624324,-0.0442957125668626,0.00849447500911553));
#12293=CARTESIAN_POINT('',(-0.0366807517624324,-0.0442957125668626,0.00849447500911554));
#12294=CARTESIAN_POINT('',(-0.0369123046723458,-0.0439767503379943,0.00904693379521088));
#12295=CARTESIAN_POINT('',(-0.0370778793441452,-0.0435069806193642,0.0095057469844366));
#12296=CARTESIAN_POINT('',(-0.0372230962037374,-0.0430000000000071,0.00992574081694322));
#12297=CARTESIAN_POINT('',(-0.034125,-0.0492,4.09259184184834E-19));
#12298=CARTESIAN_POINT('',(-0.034125,-0.0421573227576195,0.012198274805112));
#12299=CARTESIAN_POINT('',(-0.0311438645764622,-0.0426525426783057,0.0098644723112409));
#12300=CARTESIAN_POINT('',(-0.0309670498088031,-0.0433387905122024,0.0101519126266701));
#12301=CARTESIAN_POINT('',(-0.0302921115983085,-0.0435185680820901,0.00984052874156343));
#12302=CARTESIAN_POINT('',(-0.03145540378145,-0.043028488874884,0.00935801615638566));
#12303=CARTESIAN_POINT('',(-0.0312502532293592,-0.0436660129224372,0.00958514678678834));
#12304=CARTESIAN_POINT('',(-0.030692662004726,-0.0438945142786692,0.00918937082817625));
#12305=CARTESIAN_POINT('',(-0.0323418245436731,-0.043659436651125,0.00850803446331778));
#12306=CARTESIAN_POINT('',(-0.032145287776845,-0.0442449826353652,0.00858234182792464));
#12307=CARTESIAN_POINT('',(-0.0318323458418633,-0.0445254620549091,0.00809653722280599));
#12308=CARTESIAN_POINT('',(-0.0341249999999999,-0.0440043420222205,0.00804339497600899));
#12309=CARTESIAN_POINT('',(-0.0341249999999992,-0.044575186526385,0.00801041191183267));
#12310=CARTESIAN_POINT('',(-0.0341250000000002,-0.0448703674260047,0.00749914359626505));
#12311=CARTESIAN_POINT('',(-0.0359081754563274,-0.0436594366511237,0.00850803446331852));
#12312=CARTESIAN_POINT('',(-0.036104712223159,-0.0442449826353692,0.00858234182792589));
#12313=CARTESIAN_POINT('',(-0.0364176541581359,-0.0445254620549091,0.00809653722280606));
#12314=CARTESIAN_POINT('',(-0.036794596218549,-0.043028488874887,0.00935801615638393));
#12315=CARTESIAN_POINT('',(-0.0369997467706319,-0.0436660129224279,0.00958514678678481));
#12316=CARTESIAN_POINT('',(-0.0375573379952754,-0.0438945142786692,0.00918937082817608));
#12317=CARTESIAN_POINT('',(-0.0371061354235378,-0.0426525426783057,0.0098644723112409));
#12318=CARTESIAN_POINT('',(-0.0372829501911969,-0.0433387905122024,0.0101519126266701));
#12319=CARTESIAN_POINT('',(-0.0379578884016915,-0.0435185680820901,0.00984052874156344));
#12320=CARTESIAN_POINT('',(0.0267557406934653,-0.04,0.0204198875659074));
#12321=CARTESIAN_POINT('',(0.00425501298481569,-0.04,0.0243112496561805));
#12322=CARTESIAN_POINT('',(-0.00474037592747292,-0.04,0.0242762224043904));
#12323=CARTESIAN_POINT('',(-0.0137357648397615,-0.04,0.0242411951526004));
#12324=CARTESIAN_POINT('',(-0.0227311537520501,-0.04,0.0242061679008104));
#12325=CARTESIAN_POINT('',(0.00890635885298252,-0.04,0.0283552166074514));
#12326=CARTESIAN_POINT('',(-0.0001,-0.04,0.0284));
#12327=CARTESIAN_POINT('',(-0.00910635885298252,-0.04,0.0284447833925485));
#12328=CARTESIAN_POINT('',(0.0177597166569309,-0.04,0.0204119488861842));
#12329=CARTESIAN_POINT('',(0.00876369262039661,-0.04,0.0204040102064609));
#12330=CARTESIAN_POINT('',(-0.0002323314161377,-0.04,0.0203960715267377));
#12331=CARTESIAN_POINT('',(-0.00922835545267202,-0.04,0.0203881328470145));
#12332=CARTESIAN_POINT('',(-0.0182243794892064,-0.04,0.0203801941672913));
#12333=CARTESIAN_POINT('',(-0.0272204035257406,-0.04,0.0203722554875681));
#12334=CARTESIAN_POINT('',(0.022245790809393,-0.04,0.0243813041597605));
#12335=CARTESIAN_POINT('',(0.0132504018971043,-0.04,0.0243462769079705));
#12336=CARTESIAN_POINT('',(0.00149999999999996,-0.023,0.033));
#12337=CARTESIAN_POINT('',(0.00149999999999996,-0.00424264068711928,0.034));
#12338=CARTESIAN_POINT('',(0.00149999999999997,-0.0177905898088426,0.0217462174395386));
#12339=CARTESIAN_POINT('',(0.00149999999999998,-0.018,0.0200666631748199));
#12340=CARTESIAN_POINT('',(0.00150000000000002,-0.019,0.0200666631748199));
#12341=CARTESIAN_POINT('',(0.00149999999999998,-0.02,0.0200666631748198));
#12342=CARTESIAN_POINT('',(0.00149999999999997,-0.0202094101911574,0.0217462174395386));
#12343=CARTESIAN_POINT('',(-0.0032056639469611,-0.02,0.0217723271217809));
#12344=CARTESIAN_POINT('',(-0.0032056639469611,-0.02,0.0217723271217809));
#12345=CARTESIAN_POINT('',(-0.0032056639469611,-0.018,0.0217723271217809));
#12346=CARTESIAN_POINT('',(-0.0032056639469611,-0.018,0.0217723271217809));
#12347=CARTESIAN_POINT('',(-0.0032056639469611,-0.019,0.0217723271217809));
#12348=CARTESIAN_POINT('',(0.0032056639469611,-0.018,0.0217723271217809));
#12349=CARTESIAN_POINT('',(0.0032056639469611,-0.018,0.0217723271217809));
#12350=CARTESIAN_POINT('',(0.0032056639469611,-0.02,0.0217723271217809));
#12351=CARTESIAN_POINT('',(0.0032056639469611,-0.02,0.0217723271217809));
#12352=CARTESIAN_POINT('',(0.0032056639469611,-0.019,0.0217723271217809));
#12353=CARTESIAN_POINT('',(1.54823849303002E-5,-0.210617621135332,0.0187723953895159));
#12354=CARTESIAN_POINT('',(1.54823849303002E-5,0.043,0.0187723953895159));
#12355=CARTESIAN_POINT('',(0.00265202352594051,0.043,0.0164705155464831));
#12356=CARTESIAN_POINT('',(1.54823849303002E-5,0.0412912973538351,0.0187723953895159));
#12357=CARTESIAN_POINT('',(1.54823849303002E-5,-0.210617621135332,0.0187723953895159));
#12358=CARTESIAN_POINT('',(1.54823849303002E-5,0.046,0.0187723953895159));
#12359=CARTESIAN_POINT('',(0.00333359947799035,0.046,0.0176587980849472));
#12360=CARTESIAN_POINT('',(0.00333359947799035,-0.210617621135332,0.0176587980849472));
#12361=CARTESIAN_POINT('',(0.0033335994779902,0.043,0.0176587980849468));
#12362=CARTESIAN_POINT('',(1.54823849303002E-5,0.043,0.0187723953895159));
#12363=CARTESIAN_POINT('',(1.54823849302932E-5,0.0492,0.00707412058440386));
#12364=CARTESIAN_POINT('',(1.54823849303002E-5,0.0421573227576195,0.0192723953895159));
#12365=CARTESIAN_POINT('',(0.00257123414735753,0.0442957125668697,0.0155685955935071));
#12366=CARTESIAN_POINT('',(0.00149999999999998,0.0454620791801301,0.0135483893590881));
#12367=CARTESIAN_POINT('',(0.00195487407147131,0.045098124856742,0.0141787767388306));
#12368=CARTESIAN_POINT('',(0.00227975988658044,0.0446972159636963,0.0148731713107925));
#12369=CARTESIAN_POINT('',(0.00257123414735763,0.0442957125668698,0.0155685955935073));
#12370=CARTESIAN_POINT('',(0.00149999999998702,0.043,0.0135483893590702));
#12371=CARTESIAN_POINT('',(0.00149999999998702,0.046,0.0135483893590702));
#12372=CARTESIAN_POINT('',(0.00211119982598813,0.043,0.0143954208365124));
#12373=CARTESIAN_POINT('',(0.00211119982598813,0.046,0.0143954208365124));
#12374=CARTESIAN_POINT('',(0.00272239965198924,0.043,0.0157655570784714));
#12375=CARTESIAN_POINT('',(0.00272239965198924,0.046,0.0157655570784714));
#12376=CARTESIAN_POINT('',(0.00333359947799035,0.043,0.0176587980849472));
#12377=CARTESIAN_POINT('',(0.00333359947799035,0.046,0.0176587980849472));
#12378=CARTESIAN_POINT('',(0.00311357858866773,0.0430000000000138,0.0169998614013515));
#12379=CARTESIAN_POINT('',(0.00296829953216224,0.0435071977610229,0.0165796876839469));
#12380=CARTESIAN_POINT('',(0.00280548936749741,0.043973027927893,0.0161275017830406));
#12381=CARTESIAN_POINT('',(0.00257123414735923,0.0442957125668674,0.0155685955935111));
#12382=CARTESIAN_POINT('',(0.00311357858866694,0.043,0.0169998614013385));
#12383=CARTESIAN_POINT('',(0.00311357858866694,0.043,0.0169998614013385));
#12384=CARTESIAN_POINT('',(0.00318925358751071,0.043,0.0172187273985683));
#12385=CARTESIAN_POINT('',(0.00326245413632488,0.043,0.0174384196219132));
#12386=CARTESIAN_POINT('',(0.0033335994779902,0.043,0.0176587980849468));
#12387=CARTESIAN_POINT('',(-0.00330263470812976,0.046,0.0176587980849472));
#12388=CARTESIAN_POINT('',(1.54823849302932E-5,0.046,0.0073806614140475));
#12389=CARTESIAN_POINT('',(0.00333359947799035,0.046,0.0176587980849472));
#12390=CARTESIAN_POINT('',(0.00382924174428596,0.043536361015359,0.0168838310615299));
#12391=CARTESIAN_POINT('',(0.00315948930674933,0.0433547264100623,0.0171984314263164));
#12392=CARTESIAN_POINT('',(0.00298173966442915,0.0426703356115745,0.0169146231344157));
#12393=CARTESIAN_POINT('',(0.00328855223185127,0.0440347904285061,0.0160205259939724));
#12394=CARTESIAN_POINT('',(0.00277894657901952,0.0437849687238223,0.0164532298793145));
#12395=CARTESIAN_POINT('',(0.0025612033769825,0.0431687650247219,0.0162431636374254));
#12396=CARTESIAN_POINT('',(0.00244585037402916,0.0444216072090878,0.0153505396767847));
#12397=CARTESIAN_POINT('',(0.00208387001032694,0.0441561381554788,0.0158103455654551));
#12398=CARTESIAN_POINT('',(0.00190576859867515,0.0435555818053019,0.015722063168499));
#12399=CARTESIAN_POINT('',(0.00148288408149391,0.0446133854781082,0.0150183699710537));
#12400=CARTESIAN_POINT('',(0.00126145675655162,0.0443354250876293,0.0154998114898549));
#12401=CARTESIAN_POINT('',(0.00115679481559088,0.0437473600743237,0.0154637089529342));
#12402=CARTESIAN_POINT('',(0.00265202352594051,0.043,0.0164705155464831));
#12403=CARTESIAN_POINT('',(0.00280598766314817,0.043,0.0166468639267936));
#12404=CARTESIAN_POINT('',(0.00295753426988717,0.043,0.0168253673017725));
#12405=CARTESIAN_POINT('',(0.00311357858866678,0.043,0.0169998614013386));
#12406=CARTESIAN_POINT('',(0.004875,-0.210617621135332,0.011698274805112));
#12407=CARTESIAN_POINT('',(0.004875,0.043,0.011698274805112));
#12408=CARTESIAN_POINT('',(0.00155688290693979,0.043,0.0105846775005438));
#12409=CARTESIAN_POINT('',(0.00155688290693994,-0.210617621135332,0.0105846775005433));
#12410=CARTESIAN_POINT('',(0.00155688290693994,0.046,0.0105846775005433));
#12411=CARTESIAN_POINT('',(0.004875,0.046,0.011698274805112));
#12412=CARTESIAN_POINT('',(0.004875,-0.210617621135332,0.011698274805112));
#12413=CARTESIAN_POINT('',(0.004875,0.046,0.011698274805112));
#12414=CARTESIAN_POINT('',(0.00819311709306006,0.046,0.0105846775005433));
#12415=CARTESIAN_POINT('',(0.00819311709306006,-0.210617621135332,0.0105846775005433));
#12416=CARTESIAN_POINT('',(0.00819311709305991,0.043,0.0105846775005429));
#12417=CARTESIAN_POINT('',(0.004875,0.043,0.011698274805112));
#12418=CARTESIAN_POINT('',(-0.004875,-0.210617621135332,0.011698274805112));
#12419=CARTESIAN_POINT('',(-0.004875,0.046,0.011698274805112));
#12420=CARTESIAN_POINT('',(-0.00155688290693994,0.046,0.0105846775005433));
#12421=CARTESIAN_POINT('',(-0.00155688290693994,-0.210617621135332,0.0105846775005433));
#12422=CARTESIAN_POINT('',(-0.00155688290694009,0.043,0.0105846775005429));
#12423=CARTESIAN_POINT('',(-0.004875,0.043,0.011698274805112));
#12424=CARTESIAN_POINT('',(-6.93889390390723E-18,0.043,0.00325));
#12425=CARTESIAN_POINT('',(-6.93889390390723E-18,0.043,0.00325));
#12426=CARTESIAN_POINT('',(-6.93889390390723E-18,0.046,0.00325));
#12427=CARTESIAN_POINT('',(-4.97400190574163E-18,0.043,0.0320891215252208));
#12428=CARTESIAN_POINT('',(0.014625,0.043,0.011698274805112));
#12429=CARTESIAN_POINT('',(0.0113068829069398,0.043,0.0105846775005438));
#12430=CARTESIAN_POINT('',(0.0179431170930599,0.043,0.0105846775005429));
#12431=CARTESIAN_POINT('',(0.0177230962037366,0.043,0.00992574081693457));
#12432=CARTESIAN_POINT('',(0.0177987712025804,0.043,0.0101446068141645));
#12433=CARTESIAN_POINT('',(0.0178719717513946,0.043,0.0103642990375093));
#12434=CARTESIAN_POINT('',(0.0179431170930599,0.043,0.0105846775005429));
#12435=CARTESIAN_POINT('',(0.0177230962037366,0.043,0.00992574081693457));
#12436=CARTESIAN_POINT('',(0.0172615411410102,0.043,0.00939639496207925));
#12437=CARTESIAN_POINT('',(0.0174155052782179,0.043,0.00957274334238972));
#12438=CARTESIAN_POINT('',(0.0175670518849569,0.043,0.00975124671736867));
#12439=CARTESIAN_POINT('',(0.0177230962037365,0.043,0.00992574081693473));
#12440=CARTESIAN_POINT('',(0.0172615411410102,0.043,0.00939639496207926));
#12441=CARTESIAN_POINT('',(0.014625,0.043,0.011698274805112));
#12442=CARTESIAN_POINT('',(0.0119884588589898,0.043,0.00939639496207925));
#12443=CARTESIAN_POINT('',(0.0119884588589898,0.043,0.00939639496207925));
#12444=CARTESIAN_POINT('',(0.0118344947217821,0.043,0.00957274334238972));
#12445=CARTESIAN_POINT('',(0.0116829481150431,0.043,0.00975124671736867));
#12446=CARTESIAN_POINT('',(0.0115269037962635,0.043,0.00992574081693474));
#12447=CARTESIAN_POINT('',(0.0115269037962633,0.043,0.00992574081693458));
#12448=CARTESIAN_POINT('',(0.0113068829069398,0.043,0.0105846775005438));
#12449=CARTESIAN_POINT('',(0.0113780282486052,0.043,0.0103642990375099));
#12450=CARTESIAN_POINT('',(0.0114512287974196,0.043,0.0101446068141648));
#12451=CARTESIAN_POINT('',(0.0115269037962633,0.043,0.00992574081693458));
#12452=CARTESIAN_POINT('',(0.024375,0.043,0.011698274805112));
#12453=CARTESIAN_POINT('',(0.0210568829069398,0.043,0.0105846775005438));
#12454=CARTESIAN_POINT('',(0.0276931170930599,0.043,0.0105846775005429));
#12455=CARTESIAN_POINT('',(0.0274730962037367,0.043,0.00992574081693457));
#12456=CARTESIAN_POINT('',(0.0275487712025804,0.043,0.0101446068141645));
#12457=CARTESIAN_POINT('',(0.0276219717513946,0.043,0.0103642990375093));
#12458=CARTESIAN_POINT('',(0.0276931170930599,0.043,0.0105846775005429));
#12459=CARTESIAN_POINT('',(0.0274730962037367,0.043,0.00992574081693457));
#12460=CARTESIAN_POINT('',(0.0270115411410102,0.043,0.00939639496207925));
#12461=CARTESIAN_POINT('',(0.0271655052782179,0.043,0.00957274334238972));
#12462=CARTESIAN_POINT('',(0.0273170518849569,0.043,0.00975124671736867));
#12463=CARTESIAN_POINT('',(0.0274730962037365,0.043,0.00992574081693473));
#12464=CARTESIAN_POINT('',(0.0270115411410102,0.043,0.00939639496207926));
#12465=CARTESIAN_POINT('',(0.024375,0.043,0.011698274805112));
#12466=CARTESIAN_POINT('',(0.0217384588589898,0.043,0.00939639496207925));
#12467=CARTESIAN_POINT('',(0.0217384588589898,0.043,0.00939639496207925));
#12468=CARTESIAN_POINT('',(0.0215844947217821,0.043,0.00957274334238972));
#12469=CARTESIAN_POINT('',(0.0214329481150431,0.043,0.00975124671736867));
#12470=CARTESIAN_POINT('',(0.0212769037962635,0.043,0.00992574081693473));
#12471=CARTESIAN_POINT('',(0.0212769037962634,0.043,0.00992574081693458));
#12472=CARTESIAN_POINT('',(0.0210568829069398,0.043,0.0105846775005438));
#12473=CARTESIAN_POINT('',(0.0211280282486052,0.043,0.0103642990375099));
#12474=CARTESIAN_POINT('',(0.0212012287974196,0.043,0.0101446068141648));
#12475=CARTESIAN_POINT('',(0.0212769037962634,0.043,0.00992574081693458));
#12476=CARTESIAN_POINT('',(0.034125,0.043,0.011698274805112));
#12477=CARTESIAN_POINT('',(0.0308068829069398,0.043,0.0105846775005438));
#12478=CARTESIAN_POINT('',(0.0374431170930599,0.043,0.0105846775005429));
#12479=CARTESIAN_POINT('',(0.0372230962037366,0.043,0.00992574081693457));
#12480=CARTESIAN_POINT('',(0.0372987712025804,0.043,0.0101446068141645));
#12481=CARTESIAN_POINT('',(0.0373719717513946,0.043,0.0103642990375093));
#12482=CARTESIAN_POINT('',(0.0374431170930599,0.043,0.0105846775005429));
#12483=CARTESIAN_POINT('',(0.0372230962037366,0.043,0.00992574081693457));
#12484=CARTESIAN_POINT('',(0.0367615411410102,0.043,0.00939639496207925));
#12485=CARTESIAN_POINT('',(0.0369155052782179,0.043,0.00957274334238971));
#12486=CARTESIAN_POINT('',(0.0370670518849569,0.043,0.00975124671736867));
#12487=CARTESIAN_POINT('',(0.0372230962037365,0.043,0.00992574081693472));
#12488=CARTESIAN_POINT('',(0.0367615411410102,0.043,0.00939639496207926));
#12489=CARTESIAN_POINT('',(0.034125,0.043,0.011698274805112));
#12490=CARTESIAN_POINT('',(0.0314884588589898,0.043,0.00939639496207925));
#12491=CARTESIAN_POINT('',(0.0314884588589898,0.043,0.00939639496207925));
#12492=CARTESIAN_POINT('',(0.0313344947217821,0.043,0.00957274334238972));
#12493=CARTESIAN_POINT('',(0.0311829481150431,0.043,0.00975124671736867));
#12494=CARTESIAN_POINT('',(0.0310269037962635,0.043,0.00992574081693473));
#12495=CARTESIAN_POINT('',(0.0310269037962634,0.043,0.00992574081693458));
#12496=CARTESIAN_POINT('',(0.0308068829069398,0.043,0.0105846775005438));
#12497=CARTESIAN_POINT('',(0.0308780282486052,0.043,0.0103642990375099));
#12498=CARTESIAN_POINT('',(0.0309512287974196,0.043,0.0101446068141648));
#12499=CARTESIAN_POINT('',(0.0310269037962634,0.043,0.00992574081693458));
#12500=CARTESIAN_POINT('',(0.0097654823849303,0.043,0.0187723953895159));
#12501=CARTESIAN_POINT('',(0.00644736529187009,0.043,0.0176587980849476));
#12502=CARTESIAN_POINT('',(0.0130835994779902,0.043,0.0176587980849468));
#12503=CARTESIAN_POINT('',(0.0128635785886669,0.043,0.0169998614013385));
#12504=CARTESIAN_POINT('',(0.0129392535875107,0.043,0.0172187273985683));
#12505=CARTESIAN_POINT('',(0.0130124541363249,0.043,0.0174384196219132));
#12506=CARTESIAN_POINT('',(0.0130835994779902,0.043,0.0176587980849468));
#12507=CARTESIAN_POINT('',(0.0128635785886669,0.043,0.0169998614013385));
#12508=CARTESIAN_POINT('',(0.0124020235259405,0.043,0.0164705155464831));
#12509=CARTESIAN_POINT('',(0.0125559876631482,0.043,0.0166468639267936));
#12510=CARTESIAN_POINT('',(0.0127075342698872,0.043,0.0168253673017725));
#12511=CARTESIAN_POINT('',(0.0128635785886668,0.043,0.0169998614013386));
#12512=CARTESIAN_POINT('',(0.0124020235259405,0.043,0.0164705155464831));
#12513=CARTESIAN_POINT('',(0.0097654823849303,0.043,0.0187723953895159));
#12514=CARTESIAN_POINT('',(0.0071289412439201,0.043,0.0164705155464831));
#12515=CARTESIAN_POINT('',(0.0071289412439201,0.043,0.0164705155464831));
#12516=CARTESIAN_POINT('',(0.00697497710671244,0.043,0.0166468639267936));
#12517=CARTESIAN_POINT('',(0.00682343049997343,0.043,0.0168253673017725));
#12518=CARTESIAN_POINT('',(0.00666738618119382,0.043,0.0169998614013386));
#12519=CARTESIAN_POINT('',(0.00666738618119365,0.043,0.0169998614013385));
#12520=CARTESIAN_POINT('',(0.00644736529187009,0.043,0.0176587980849476));
#12521=CARTESIAN_POINT('',(0.0065185106335355,0.043,0.0174384196219138));
#12522=CARTESIAN_POINT('',(0.00659171118234988,0.043,0.0172187273985687));
#12523=CARTESIAN_POINT('',(0.00666738618119365,0.043,0.0169998614013385));
#12524=CARTESIAN_POINT('',(0.0195154823849303,0.043,0.0187723953895159));
#12525=CARTESIAN_POINT('',(0.0161973652918701,0.043,0.0176587980849476));
#12526=CARTESIAN_POINT('',(0.0228335994779902,0.043,0.0176587980849468));
#12527=CARTESIAN_POINT('',(0.0226135785886669,0.043,0.0169998614013385));
#12528=CARTESIAN_POINT('',(0.0226892535875107,0.043,0.0172187273985683));
#12529=CARTESIAN_POINT('',(0.0227624541363249,0.043,0.0174384196219132));
#12530=CARTESIAN_POINT('',(0.0228335994779902,0.043,0.0176587980849468));
#12531=CARTESIAN_POINT('',(0.0226135785886669,0.043,0.0169998614013385));
#12532=CARTESIAN_POINT('',(0.0221520235259405,0.043,0.0164705155464831));
#12533=CARTESIAN_POINT('',(0.0223059876631482,0.043,0.0166468639267936));
#12534=CARTESIAN_POINT('',(0.0224575342698872,0.043,0.0168253673017725));
#12535=CARTESIAN_POINT('',(0.0226135785886668,0.043,0.0169998614013386));
#12536=CARTESIAN_POINT('',(0.0221520235259405,0.043,0.0164705155464831));
#12537=CARTESIAN_POINT('',(0.0195154823849303,0.043,0.0187723953895159));
#12538=CARTESIAN_POINT('',(0.0168789412439201,0.043,0.0164705155464831));
#12539=CARTESIAN_POINT('',(0.0168789412439201,0.043,0.0164705155464831));
#12540=CARTESIAN_POINT('',(0.0167249771067124,0.043,0.0166468639267936));
#12541=CARTESIAN_POINT('',(0.0165734304999734,0.043,0.0168253673017725));
#12542=CARTESIAN_POINT('',(0.0164173861811938,0.043,0.0169998614013386));
#12543=CARTESIAN_POINT('',(0.0164173861811936,0.043,0.0169998614013385));
#12544=CARTESIAN_POINT('',(0.0161973652918701,0.043,0.0176587980849476));
#12545=CARTESIAN_POINT('',(0.0162685106335355,0.043,0.0174384196219138));
#12546=CARTESIAN_POINT('',(0.0163417111823499,0.043,0.0172187273985687));
#12547=CARTESIAN_POINT('',(0.0164173861811936,0.043,0.0169998614013385));
#12548=CARTESIAN_POINT('',(0.0292654823849303,0.043,0.0187723953895159));
#12549=CARTESIAN_POINT('',(0.0259473652918701,0.043,0.0176587980849476));
#12550=CARTESIAN_POINT('',(0.0325835994779902,0.043,0.0176587980849468));
#12551=CARTESIAN_POINT('',(0.0323635785886669,0.043,0.0169998614013385));
#12552=CARTESIAN_POINT('',(0.0324392535875107,0.043,0.0172187273985683));
#12553=CARTESIAN_POINT('',(0.0325124541363249,0.043,0.0174384196219132));
#12554=CARTESIAN_POINT('',(0.0325835994779902,0.043,0.0176587980849468));
#12555=CARTESIAN_POINT('',(0.0323635785886669,0.043,0.0169998614013385));
#12556=CARTESIAN_POINT('',(0.0319020235259405,0.043,0.0164705155464831));
#12557=CARTESIAN_POINT('',(0.0320559876631482,0.043,0.0166468639267936));
#12558=CARTESIAN_POINT('',(0.0322075342698872,0.043,0.0168253673017725));
#12559=CARTESIAN_POINT('',(0.0323635785886668,0.043,0.0169998614013386));
#12560=CARTESIAN_POINT('',(0.0319020235259405,0.043,0.0164705155464831));
#12561=CARTESIAN_POINT('',(0.0292654823849303,0.043,0.0187723953895159));
#12562=CARTESIAN_POINT('',(0.0266289412439201,0.043,0.0164705155464831));
#12563=CARTESIAN_POINT('',(0.0266289412439201,0.043,0.0164705155464831));
#12564=CARTESIAN_POINT('',(0.0264749771067124,0.043,0.0166468639267936));
#12565=CARTESIAN_POINT('',(0.0263234304999734,0.043,0.0168253673017725));
#12566=CARTESIAN_POINT('',(0.0261673861811938,0.043,0.0169998614013386));
#12567=CARTESIAN_POINT('',(0.0261673861811936,0.043,0.0169998614013385));
#12568=CARTESIAN_POINT('',(0.0259473652918701,0.043,0.0176587980849476));
#12569=CARTESIAN_POINT('',(0.0260185106335355,0.043,0.0174384196219138));
#12570=CARTESIAN_POINT('',(0.0260917111823499,0.043,0.0172187273985687));
#12571=CARTESIAN_POINT('',(0.0261673861811936,0.043,0.0169998614013385));
#12572=CARTESIAN_POINT('',(0.00975,0.043,0.00325));
#12573=CARTESIAN_POINT('',(0.0110490381056767,0.043,-7.57440859992252E-19));
#12574=CARTESIAN_POINT('',(-6.93889390390723E-18,0.043,-3.24641619985972E-18));
#12575=CARTESIAN_POINT('',(0.0182009618943233,0.043,-7.26741086706621E-19));
#12576=CARTESIAN_POINT('',(0.0195,0.043,0.00325));
#12577=CARTESIAN_POINT('',(0.0207990381056767,0.043,-8.06284229610989E-19));
#12578=CARTESIAN_POINT('',(-6.93889390390723E-18,0.043,-3.24641619985972E-18));
#12579=CARTESIAN_POINT('',(0.0279509618943234,0.043,-7.75584456325357E-19));
#12580=CARTESIAN_POINT('',(0.02925,0.043,0.00325));
#12581=CARTESIAN_POINT('',(0.0305490381056766,0.043,-8.55127599229725E-19));
#12582=CARTESIAN_POINT('',(-6.93889390390723E-18,0.043,-3.24641619985972E-18));
#12583=CARTESIAN_POINT('',(0.0377009618943233,0.043,-8.24427825944094E-19));
#12584=CARTESIAN_POINT('',(0.039,0.043,0.00325));
#12585=CARTESIAN_POINT('',(0.0432583426132261,0.043,0.0320891215252209));
#12586=CARTESIAN_POINT('',(0.0432583426132261,0.043,0.0110535136556304));
#12587=CARTESIAN_POINT('',(-2.08166817117217E-17,0.043,-0.0229128784747792));
#12588=CARTESIAN_POINT('',(0.00797309620373665,0.043,0.00992574081693457));
#12589=CARTESIAN_POINT('',(0.00804877120258042,0.043,0.0101446068141645));
#12590=CARTESIAN_POINT('',(0.00812197175139458,0.043,0.0103642990375093));
#12591=CARTESIAN_POINT('',(0.0081931170930599,0.043,0.0105846775005429));
#12592=CARTESIAN_POINT('',(0.00797309620373665,0.043,0.00992574081693457));
#12593=CARTESIAN_POINT('',(0.00751154114101021,0.043,0.00939639496207925));
#12594=CARTESIAN_POINT('',(0.00766550527821787,0.043,0.00957274334238971));
#12595=CARTESIAN_POINT('',(0.00781705188495687,0.043,0.00975124671736867));
#12596=CARTESIAN_POINT('',(0.00797309620373647,0.043,0.00992574081693473));
#12597=CARTESIAN_POINT('',(0.00751154114101021,0.043,0.00939639496207926));
#12598=CARTESIAN_POINT('',(0.004875,0.043,0.011698274805112));
#12599=CARTESIAN_POINT('',(0.0022384588589898,0.043,0.00939639496207925));
#12600=CARTESIAN_POINT('',(0.0022384588589898,0.043,0.00939639496207925));
#12601=CARTESIAN_POINT('',(0.00208449472178214,0.043,0.00957274334238972));
#12602=CARTESIAN_POINT('',(0.00193294811504313,0.043,0.00975124671736867));
#12603=CARTESIAN_POINT('',(0.00177690379626352,0.043,0.00992574081693473));
#12604=CARTESIAN_POINT('',(0.00177690379626335,0.043,0.00992574081693458));
#12605=CARTESIAN_POINT('',(0.00155688290693979,0.043,0.0105846775005438));
#12606=CARTESIAN_POINT('',(0.0016280282486052,0.043,0.0103642990375099));
#12607=CARTESIAN_POINT('',(0.00170122879741958,0.043,0.0101446068141648));
#12608=CARTESIAN_POINT('',(0.00177690379626335,0.043,0.00992574081693458));
#12609=CARTESIAN_POINT('',(-2.08166817117217E-17,0.046,-0.0229128784747792));
#12610=CARTESIAN_POINT('',(0.0432583426132261,0.043,0.0110535136556304));
#12611=CARTESIAN_POINT('',(0.0430426606499995,0.0426771967956397,0.0113281982387008));
#12612=CARTESIAN_POINT('',(0.0426596600377326,0.041926129450783,0.0118044704796299));
#12613=CARTESIAN_POINT('',(0.0424200173605908,0.0404974968891917,0.0120945368988782));
#12614=CARTESIAN_POINT('',(0.0426602724647624,0.0390736349521195,0.0118037093650548));
#12615=CARTESIAN_POINT('',(0.0430423132887119,0.0383233230871313,0.0113286406252083));
#12616=CARTESIAN_POINT('',(0.0432583426132261,0.038,0.0110535136556304));
#12617=CARTESIAN_POINT('',(0.0432583426132261,0.038,0.0110535136556304));
#12618=CARTESIAN_POINT('',(-2.08166817117217E-17,0.038,-0.0229128784747792));
#12619=CARTESIAN_POINT('',(-4.00399488183983E-17,0.038,0.034829921658229));
#12620=CARTESIAN_POINT('',(0.0267557406934653,0.038,0.0204198875659074));
#12621=CARTESIAN_POINT('',(0.0267557406934653,0.038,0.0229198875659074));
#12622=CARTESIAN_POINT('',(0.00425501298481569,0.038,0.0243112496561805));
#12623=CARTESIAN_POINT('',(0.00425501298481569,0.038,0.0268112496561804));
#12624=CARTESIAN_POINT('',(0.00890635885298252,0.038,0.0283552166074514));
#12625=CARTESIAN_POINT('',(0.00890635885298252,0.038,0.0308552166074514));
#12626=CARTESIAN_POINT('',(0.0177597166569309,0.038,0.0204119488861842));
#12627=CARTESIAN_POINT('',(0.0177597166569309,0.038,0.0229119488861842));
#12628=CARTESIAN_POINT('',(0.00876369262039661,0.038,0.0204040102064609));
#12629=CARTESIAN_POINT('',(0.00876369262039661,0.038,0.0229040102064609));
#12630=CARTESIAN_POINT('',(0.022245790809393,0.038,0.0243813041597605));
#12631=CARTESIAN_POINT('',(0.022245790809393,0.038,0.0268813041597605));
#12632=CARTESIAN_POINT('',(0.0132504018971043,0.038,0.0243462769079705));
#12633=CARTESIAN_POINT('',(0.0132504018971043,0.038,0.0268462769079705));
#12634=CARTESIAN_POINT('',(-0.0002323314161377,0.038,0.0203960715267377));
#12635=CARTESIAN_POINT('',(-0.0001,0.038,0.0284));
#12636=CARTESIAN_POINT('',(0.0432583426132261,0.038,0.0320891215252209));
#12637=CARTESIAN_POINT('',(-4.00399488183983E-17,0.035,0.034829921658229));
#12638=CARTESIAN_POINT('',(0.0267557406934653,0.035,0.0204198875659074));
#12639=CARTESIAN_POINT('',(0.0267557406934653,0.035,0.0229198875659074));
#12640=CARTESIAN_POINT('',(0.00425501298481569,0.035,0.0243112496561805));
#12641=CARTESIAN_POINT('',(0.00425501298481569,0.035,0.0268112496561804));
#12642=CARTESIAN_POINT('',(0.00890635885298252,0.035,0.0283552166074514));
#12643=CARTESIAN_POINT('',(0.00890635885298252,0.035,0.0308552166074514));
#12644=CARTESIAN_POINT('',(0.0177597166569309,0.035,0.0204119488861842));
#12645=CARTESIAN_POINT('',(0.0177597166569309,0.035,0.0229119488861842));
#12646=CARTESIAN_POINT('',(0.00876369262039661,0.035,0.0204040102064609));
#12647=CARTESIAN_POINT('',(0.00876369262039661,0.035,0.0229040102064609));
#12648=CARTESIAN_POINT('',(0.022245790809393,0.035,0.0243813041597605));
#12649=CARTESIAN_POINT('',(0.022245790809393,0.035,0.0268813041597605));
#12650=CARTESIAN_POINT('',(0.0132504018971043,0.035,0.0243462769079705));
#12651=CARTESIAN_POINT('',(0.0132504018971043,0.035,0.0268462769079705));
#12652=CARTESIAN_POINT('',(-0.0001,0.035,0.0284));
#12653=CARTESIAN_POINT('',(-0.0002323314161377,0.035,0.0203960715267377));
#12654=CARTESIAN_POINT('',(-0.0001,0.04,0.0284));
#12655=CARTESIAN_POINT('',(-0.0002323314161377,0.04,0.0203960715267377));
#12656=CARTESIAN_POINT('',(0.0292654823849303,-0.210617621135332,0.0187723953895159));
#12657=CARTESIAN_POINT('',(0.0292654823849303,0.0412912973538351,0.0187723953895159));
#12658=CARTESIAN_POINT('',(0.0292654823849303,-0.210617621135332,0.0187723953895159));
#12659=CARTESIAN_POINT('',(0.0259473652918703,-0.210617621135332,0.0176587980849472));
#12660=CARTESIAN_POINT('',(0.0259473652918703,0.046,0.0176587980849472));
#12661=CARTESIAN_POINT('',(0.0292654823849303,0.046,0.0187723953895159));
#12662=CARTESIAN_POINT('',(0.0325835994779904,0.046,0.0176587980849472));
#12663=CARTESIAN_POINT('',(0.0325835994779904,-0.210617621135332,0.0176587980849472));
#12664=CARTESIAN_POINT('',(0.0292654823849303,0.0492,0.00707412058440386));
#12665=CARTESIAN_POINT('',(0.0297212369803018,0.0460000000019144,0.0126166831608871));
#12666=CARTESIAN_POINT('',(0.0300323697535944,0.0459235729404398,0.0127490587144343));
#12667=CARTESIAN_POINT('',(0.0305097493183788,0.0456691377774055,0.0131897533504728));
#12668=CARTESIAN_POINT('',(0.0312085658423066,0.0450866323228297,0.0141986823902685));
#12669=CARTESIAN_POINT('',(0.0315906113002237,0.0446133936419091,0.0150183558309357));
#12670=CARTESIAN_POINT('',(0.0318212341473575,0.0442957125668697,0.0155685955935071));
#12671=CARTESIAN_POINT('',(0.0297212370010849,0.046,0.0126166831686243));
#12672=CARTESIAN_POINT('',(0.0318212341473575,0.0442957125668697,0.0155685955935071));
#12673=CARTESIAN_POINT('',(0.0633904823849303,0.046,0.0126166831686243));
#12674=CARTESIAN_POINT('',(0.0288097277687757,0.046,0.0126166831686243));
#12675=CARTESIAN_POINT('',(0.0267097306224978,0.0442957125668626,0.0155685955935195));
#12676=CARTESIAN_POINT('',(0.0269413205965205,0.0446147258512374,0.015016048376693));
#12677=CARTESIAN_POINT('',(0.0273236590727405,0.0450867869934665,0.0141984144940733));
#12678=CARTESIAN_POINT('',(0.0280161642688214,0.0456659523385674,0.0131952706903753));
#12679=CARTESIAN_POINT('',(0.028498503932801,0.0459235505695513,0.0127490974663712));
#12680=CARTESIAN_POINT('',(0.0288097277882605,0.0460000000047863,0.0126166831603342));
#12681=CARTESIAN_POINT('',(0.0267097306224979,0.0442957125668626,0.0155685955935194));
#12682=CARTESIAN_POINT('',(0.0292654823849303,0.0421573227576195,0.0192723953895159));
#12683=CARTESIAN_POINT('',(0.0297040628262079,0.043,0.0126095138626942));
#12684=CARTESIAN_POINT('',(0.0297040628262079,0.046,0.0126095138626942));
#12685=CARTESIAN_POINT('',(0.0306639083768021,0.043,0.0130025039436701));
#12686=CARTESIAN_POINT('',(0.0306639083768021,0.046,0.0130025039436701));
#12687=CARTESIAN_POINT('',(0.0316237539273962,0.043,0.0146855986844211));
#12688=CARTESIAN_POINT('',(0.0316237539273962,0.046,0.0146855986844211));
#12689=CARTESIAN_POINT('',(0.0325835994779904,0.043,0.0176587980849472));
#12690=CARTESIAN_POINT('',(0.0325835994779904,0.046,0.0176587980849472));
#12691=CARTESIAN_POINT('',(0.0259473652918703,0.046,0.0176587980849472));
#12692=CARTESIAN_POINT('',(0.0292654823849303,0.046,0.0073806614140475));
#12693=CARTESIAN_POINT('',(0.0325835994779904,0.046,0.0176587980849472));
#12694=CARTESIAN_POINT('',(0.0323635785886677,0.0430000000000138,0.0169998614013515));
#12695=CARTESIAN_POINT('',(0.0322182995321622,0.0435071977610229,0.0165796876839469));
#12696=CARTESIAN_POINT('',(0.0320554893674974,0.043973027927893,0.0161275017830406));
#12697=CARTESIAN_POINT('',(0.0318212341473592,0.0442957125668674,0.0155685955935111));
#12698=CARTESIAN_POINT('',(0.0259473652918703,0.043,0.0176587980849472));
#12699=CARTESIAN_POINT('',(0.0259473652918703,0.046,0.0176587980849472));
#12700=CARTESIAN_POINT('',(0.0269072108424644,0.043,0.0146855986844211));
#12701=CARTESIAN_POINT('',(0.0269072108424644,0.046,0.0146855986844211));
#12702=CARTESIAN_POINT('',(0.0278670563930585,0.043,0.0130025039436701));
#12703=CARTESIAN_POINT('',(0.0278670563930585,0.046,0.0130025039436701));
#12704=CARTESIAN_POINT('',(0.0288269019436527,0.043,0.0126095138626942));
#12705=CARTESIAN_POINT('',(0.0288269019436527,0.046,0.0126095138626942));
#12706=CARTESIAN_POINT('',(0.0267097306224979,0.0442957125668626,0.0155685955935194));
#12707=CARTESIAN_POINT('',(0.0264781777125845,0.0439767503379943,0.0161210543796147));
#12708=CARTESIAN_POINT('',(0.0263126030407852,0.0435069806193643,0.0165798675688404));
#12709=CARTESIAN_POINT('',(0.0261673861811929,0.0430000000000073,0.0169998614013471));
#12710=CARTESIAN_POINT('',(0.0259473652918703,0.046,0.0176587980849472));
#12711=CARTESIAN_POINT('',(0.0292654823849303,0.046,0.0073806614140475));
#12712=CARTESIAN_POINT('',(0.0325835994779904,0.046,0.0176587980849472));
#12713=CARTESIAN_POINT('',(0.0330983707866218,0.0435185680820901,0.0169146493259673));
#12714=CARTESIAN_POINT('',(0.0324234325761272,0.0433387905122024,0.017226033211074));
#12715=CARTESIAN_POINT('',(0.0322466178084681,0.0426525426783057,0.0169385928956448));
#12716=CARTESIAN_POINT('',(0.0326978203802057,0.0438945142786676,0.0162634914125828));
#12717=CARTESIAN_POINT('',(0.0321402291555853,0.0436660129224267,0.0166592673711816));
#12718=CARTESIAN_POINT('',(0.0319350786034807,0.0430284888748751,0.0164321367407901));
#12719=CARTESIAN_POINT('',(0.0315581365430663,0.0445254620549099,0.0151706578072084));
#12720=CARTESIAN_POINT('',(0.0312451946080779,0.0442449826353709,0.0156564624123317));
#12721=CARTESIAN_POINT('',(0.0310486578412571,0.0436594366511295,0.0155821550477213));
#12722=CARTESIAN_POINT('',(0.0292654823849305,0.0448703674260042,0.0145732641806697));
#12723=CARTESIAN_POINT('',(0.0292654823849333,0.0445751865263832,0.0150845324962353));
#12724=CARTESIAN_POINT('',(0.0292654823849305,0.0440043420222179,0.0151175155604129));
#12725=CARTESIAN_POINT('',(0.0269728282267936,0.0445254620549102,0.015170657807208));
#12726=CARTESIAN_POINT('',(0.0272857701617709,0.0442449826353698,0.0156564624123335));
#12727=CARTESIAN_POINT('',(0.0274823069286029,0.0436594366511295,0.0155821550477223));
#12728=CARTESIAN_POINT('',(0.0258331443896563,0.0438945142786669,0.016263491412584));
#12729=CARTESIAN_POINT('',(0.0263907356142994,0.0436660129224292,0.0166592673711777));
#12730=CARTESIAN_POINT('',(0.0265958861663813,0.0430284888748751,0.0164321367407879));
#12731=CARTESIAN_POINT('',(0.0254325939832388,0.0435185680820901,0.0169146493259673));
#12732=CARTESIAN_POINT('',(0.0261075321937334,0.0433387905122024,0.017226033211074));
#12733=CARTESIAN_POINT('',(0.0262843469613925,0.0426525426783057,0.0169385928956448));
#12734=CARTESIAN_POINT('',(0.0195154823849303,-0.210617621135332,0.0187723953895159));
#12735=CARTESIAN_POINT('',(0.0195154823849303,0.0412912973538351,0.0187723953895159));
#12736=CARTESIAN_POINT('',(0.0195154823849303,-0.210617621135332,0.0187723953895159));
#12737=CARTESIAN_POINT('',(0.0161973652918703,-0.210617621135332,0.0176587980849472));
#12738=CARTESIAN_POINT('',(0.0161973652918703,0.046,0.0176587980849472));
#12739=CARTESIAN_POINT('',(0.0195154823849303,0.046,0.0187723953895159));
#12740=CARTESIAN_POINT('',(0.0228335994779904,0.046,0.0176587980849472));
#12741=CARTESIAN_POINT('',(0.0228335994779904,-0.210617621135332,0.0176587980849472));
#12742=CARTESIAN_POINT('',(0.0195154823849303,0.0492,0.00707412058440386));
#12743=CARTESIAN_POINT('',(0.0199712369803018,0.0460000000019144,0.0126166831608871));
#12744=CARTESIAN_POINT('',(0.0202823697535944,0.0459235729404398,0.0127490587144343));
#12745=CARTESIAN_POINT('',(0.0207597493183788,0.0456691377774055,0.0131897533504727));
#12746=CARTESIAN_POINT('',(0.0214585658423066,0.0450866323228298,0.0141986823902685));
#12747=CARTESIAN_POINT('',(0.0218406113002237,0.0446133936419091,0.0150183558309357));
#12748=CARTESIAN_POINT('',(0.0220712341473575,0.0442957125668697,0.0155685955935071));
#12749=CARTESIAN_POINT('',(0.0199712370010849,0.046,0.0126166831686243));
#12750=CARTESIAN_POINT('',(0.0220712341473575,0.0442957125668697,0.0155685955935071));
#12751=CARTESIAN_POINT('',(0.0536404823849303,0.046,0.0126166831686243));
#12752=CARTESIAN_POINT('',(0.0190597277687757,0.046,0.0126166831686243));
#12753=CARTESIAN_POINT('',(0.0169597306224978,0.0442957125668627,0.0155685955935195));
#12754=CARTESIAN_POINT('',(0.0171913205965205,0.0446147258512375,0.015016048376693));
#12755=CARTESIAN_POINT('',(0.0175736590727405,0.0450867869934665,0.0141984144940733));
#12756=CARTESIAN_POINT('',(0.0182661642688214,0.0456659523385675,0.0131952706903753));
#12757=CARTESIAN_POINT('',(0.018748503932801,0.0459235505695513,0.0127490974663712));
#12758=CARTESIAN_POINT('',(0.0190597277882605,0.0460000000047863,0.0126166831603342));
#12759=CARTESIAN_POINT('',(0.0169597306224979,0.0442957125668626,0.0155685955935194));
#12760=CARTESIAN_POINT('',(0.0195154823849303,0.0421573227576195,0.0192723953895159));
#12761=CARTESIAN_POINT('',(0.0199540628262079,0.043,0.0126095138626942));
#12762=CARTESIAN_POINT('',(0.0199540628262079,0.046,0.0126095138626942));
#12763=CARTESIAN_POINT('',(0.0209139083768021,0.043,0.0130025039436701));
#12764=CARTESIAN_POINT('',(0.0209139083768021,0.046,0.0130025039436701));
#12765=CARTESIAN_POINT('',(0.0218737539273962,0.043,0.0146855986844211));
#12766=CARTESIAN_POINT('',(0.0218737539273962,0.046,0.0146855986844211));
#12767=CARTESIAN_POINT('',(0.0228335994779904,0.043,0.0176587980849472));
#12768=CARTESIAN_POINT('',(0.0228335994779904,0.046,0.0176587980849472));
#12769=CARTESIAN_POINT('',(0.0161973652918703,0.046,0.0176587980849472));
#12770=CARTESIAN_POINT('',(0.0195154823849303,0.046,0.0073806614140475));
#12771=CARTESIAN_POINT('',(0.0228335994779904,0.046,0.0176587980849472));
#12772=CARTESIAN_POINT('',(0.0226135785886677,0.0430000000000138,0.0169998614013515));
#12773=CARTESIAN_POINT('',(0.0224682995321622,0.0435071977610229,0.0165796876839469));
#12774=CARTESIAN_POINT('',(0.0223054893674974,0.043973027927893,0.0161275017830406));
#12775=CARTESIAN_POINT('',(0.0220712341473592,0.0442957125668674,0.0155685955935111));
#12776=CARTESIAN_POINT('',(0.0161973652918703,0.043,0.0176587980849472));
#12777=CARTESIAN_POINT('',(0.0161973652918703,0.046,0.0176587980849472));
#12778=CARTESIAN_POINT('',(0.0171572108424644,0.043,0.0146855986844211));
#12779=CARTESIAN_POINT('',(0.0171572108424644,0.046,0.0146855986844211));
#12780=CARTESIAN_POINT('',(0.0181170563930586,0.043,0.0130025039436701));
#12781=CARTESIAN_POINT('',(0.0181170563930586,0.046,0.0130025039436701));
#12782=CARTESIAN_POINT('',(0.0190769019436527,0.043,0.0126095138626942));
#12783=CARTESIAN_POINT('',(0.0190769019436527,0.046,0.0126095138626942));
#12784=CARTESIAN_POINT('',(0.0169597306224979,0.0442957125668626,0.0155685955935194));
#12785=CARTESIAN_POINT('',(0.0167281777125845,0.0439767503379943,0.0161210543796147));
#12786=CARTESIAN_POINT('',(0.0165626030407852,0.0435069806193642,0.0165798675688405));
#12787=CARTESIAN_POINT('',(0.0164173861811929,0.0430000000000072,0.0169998614013471));
#12788=CARTESIAN_POINT('',(0.0161973652918703,0.046,0.0176587980849472));
#12789=CARTESIAN_POINT('',(0.0195154823849303,0.046,0.0073806614140475));
#12790=CARTESIAN_POINT('',(0.0228335994779904,0.046,0.0176587980849472));
#12791=CARTESIAN_POINT('',(0.0233483707866218,0.0435185680820901,0.0169146493259673));
#12792=CARTESIAN_POINT('',(0.0226734325761272,0.0433387905122024,0.017226033211074));
#12793=CARTESIAN_POINT('',(0.0224966178084681,0.0426525426783057,0.0169385928956448));
#12794=CARTESIAN_POINT('',(0.0229478203802043,0.0438945142786676,0.0162634914125828));
#12795=CARTESIAN_POINT('',(0.0223902291555616,0.0436660129224285,0.0166592673711882));
#12796=CARTESIAN_POINT('',(0.0221850786034775,0.0430284888748751,0.0164321367407849));
#12797=CARTESIAN_POINT('',(0.021808136543067,0.0445254620549099,0.0151706578072084));
#12798=CARTESIAN_POINT('',(0.0214951946080885,0.0442449826353703,0.0156564624123289));
#12799=CARTESIAN_POINT('',(0.0212986578412586,0.0436594366511295,0.0155821550477238));
#12800=CARTESIAN_POINT('',(0.0195154823849303,0.0448703674260042,0.0145732641806697));
#12801=CARTESIAN_POINT('',(0.01951548238493,0.0445751865263825,0.0150845324962359));
#12802=CARTESIAN_POINT('',(0.01951548238493,0.0440043420222179,0.0151175155604123));
#12803=CARTESIAN_POINT('',(0.0172228282267937,0.0445254620549102,0.015170657807208));
#12804=CARTESIAN_POINT('',(0.0175357701617742,0.0442449826353733,0.0156564624123333));
#12805=CARTESIAN_POINT('',(0.017732306928603,0.0436594366511295,0.0155821550477225));
#12806=CARTESIAN_POINT('',(0.0160831443896563,0.0438945142786669,0.016263491412584));
#12807=CARTESIAN_POINT('',(0.016640735614293,0.0436660129224204,0.0166592673711788));
#12808=CARTESIAN_POINT('',(0.0168458861663813,0.0430284888748751,0.0164321367407879));
#12809=CARTESIAN_POINT('',(0.0156825939832388,0.0435185680820901,0.0169146493259673));
#12810=CARTESIAN_POINT('',(0.0163575321937334,0.0433387905122024,0.017226033211074));
#12811=CARTESIAN_POINT('',(0.0165343469613925,0.0426525426783057,0.0169385928956448));
#12812=CARTESIAN_POINT('',(0.0097654823849303,-0.210617621135332,0.0187723953895159));
#12813=CARTESIAN_POINT('',(0.0097654823849303,0.0412912973538351,0.0187723953895159));
#12814=CARTESIAN_POINT('',(0.0097654823849303,-0.210617621135332,0.0187723953895159));
#12815=CARTESIAN_POINT('',(0.00644736529187024,-0.210617621135332,0.0176587980849472));
#12816=CARTESIAN_POINT('',(0.00644736529187024,0.046,0.0176587980849472));
#12817=CARTESIAN_POINT('',(0.0097654823849303,0.046,0.0187723953895159));
#12818=CARTESIAN_POINT('',(0.0130835994779903,0.046,0.0176587980849472));
#12819=CARTESIAN_POINT('',(0.0130835994779903,-0.210617621135332,0.0176587980849472));
#12820=CARTESIAN_POINT('',(0.00976548238493029,0.0492,0.00707412058440386));
#12821=CARTESIAN_POINT('',(0.0102212369803017,0.0460000000019144,0.0126166831608871));
#12822=CARTESIAN_POINT('',(0.0105323697535944,0.0459235729404398,0.0127490587144343));
#12823=CARTESIAN_POINT('',(0.0110097493183788,0.0456691377774055,0.0131897533504727));
#12824=CARTESIAN_POINT('',(0.0117085658423066,0.0450866323228298,0.0141986823902685));
#12825=CARTESIAN_POINT('',(0.0120906113002237,0.0446133936419091,0.0150183558309357));
#12826=CARTESIAN_POINT('',(0.0123212341473575,0.0442957125668697,0.0155685955935071));
#12827=CARTESIAN_POINT('',(0.0102212370010849,0.046,0.0126166831686243));
#12828=CARTESIAN_POINT('',(0.0123212341473575,0.0442957125668697,0.0155685955935071));
#12829=CARTESIAN_POINT('',(0.0438904823849303,0.046,0.0126166831686243));
#12830=CARTESIAN_POINT('',(0.00930972776877569,0.046,0.0126166831686243));
#12831=CARTESIAN_POINT('',(0.00720973062249784,0.0442957125668626,0.0155685955935195));
#12832=CARTESIAN_POINT('',(0.00744132059652052,0.0446147258512374,0.015016048376693));
#12833=CARTESIAN_POINT('',(0.0078236590727405,0.0450867869934665,0.0141984144940733));
#12834=CARTESIAN_POINT('',(0.00851616426882135,0.0456659523385675,0.0131952706903753));
#12835=CARTESIAN_POINT('',(0.00899850393280102,0.0459235505695513,0.0127490974663712));
#12836=CARTESIAN_POINT('',(0.00930972778826045,0.0460000000047863,0.0126166831603342));
#12837=CARTESIAN_POINT('',(0.00720973062249789,0.0442957125668626,0.0155685955935194));
#12838=CARTESIAN_POINT('',(0.0097654823849303,0.0421573227576195,0.0192723953895159));
#12839=CARTESIAN_POINT('',(0.0102040628262079,0.043,0.0126095138626942));
#12840=CARTESIAN_POINT('',(0.0102040628262079,0.046,0.0126095138626942));
#12841=CARTESIAN_POINT('',(0.011163908376802,0.043,0.0130025039436701));
#12842=CARTESIAN_POINT('',(0.011163908376802,0.046,0.0130025039436701));
#12843=CARTESIAN_POINT('',(0.0121237539273962,0.043,0.0146855986844211));
#12844=CARTESIAN_POINT('',(0.0121237539273962,0.046,0.0146855986844211));
#12845=CARTESIAN_POINT('',(0.0130835994779903,0.043,0.0176587980849472));
#12846=CARTESIAN_POINT('',(0.0130835994779903,0.046,0.0176587980849472));
#12847=CARTESIAN_POINT('',(0.00644736529187024,0.046,0.0176587980849472));
#12848=CARTESIAN_POINT('',(0.00976548238493029,0.046,0.0073806614140475));
#12849=CARTESIAN_POINT('',(0.0130835994779903,0.046,0.0176587980849472));
#12850=CARTESIAN_POINT('',(0.0128635785886677,0.0430000000000138,0.0169998614013515));
#12851=CARTESIAN_POINT('',(0.0127182995321622,0.0435071977610229,0.0165796876839469));
#12852=CARTESIAN_POINT('',(0.0125554893674974,0.043973027927893,0.0161275017830406));
#12853=CARTESIAN_POINT('',(0.0123212341473592,0.0442957125668674,0.0155685955935111));
#12854=CARTESIAN_POINT('',(0.00644736529187024,0.043,0.0176587980849472));
#12855=CARTESIAN_POINT('',(0.00644736529187024,0.046,0.0176587980849472));
#12856=CARTESIAN_POINT('',(0.00740721084246439,0.043,0.0146855986844211));
#12857=CARTESIAN_POINT('',(0.00740721084246439,0.046,0.0146855986844211));
#12858=CARTESIAN_POINT('',(0.00836705639305854,0.043,0.0130025039436701));
#12859=CARTESIAN_POINT('',(0.00836705639305854,0.046,0.0130025039436701));
#12860=CARTESIAN_POINT('',(0.00932690194365269,0.043,0.0126095138626942));
#12861=CARTESIAN_POINT('',(0.00932690194365269,0.046,0.0126095138626942));
#12862=CARTESIAN_POINT('',(0.0072097306224979,0.0442957125668626,0.0155685955935194));
#12863=CARTESIAN_POINT('',(0.00697817771258446,0.0439767503379943,0.0161210543796147));
#12864=CARTESIAN_POINT('',(0.00681260304078515,0.0435069806193642,0.0165798675688405));
#12865=CARTESIAN_POINT('',(0.00666738618119288,0.0430000000000072,0.0169998614013471));
#12866=CARTESIAN_POINT('',(0.00644736529187024,0.046,0.0176587980849472));
#12867=CARTESIAN_POINT('',(0.00976548238493029,0.046,0.0073806614140475));
#12868=CARTESIAN_POINT('',(0.0130835994779903,0.046,0.0176587980849472));
#12869=CARTESIAN_POINT('',(0.0135983707866218,0.0435185680820901,0.0169146493259673));
#12870=CARTESIAN_POINT('',(0.0129234325761272,0.0433387905122024,0.017226033211074));
#12871=CARTESIAN_POINT('',(0.0127466178084681,0.0426525426783057,0.0169385928956448));
#12872=CARTESIAN_POINT('',(0.0131978203802043,0.0438945142786676,0.0162634914125828));
#12873=CARTESIAN_POINT('',(0.012640229155568,0.0436660129224215,0.0166592673711823));
#12874=CARTESIAN_POINT('',(0.0124350786034781,0.0430284888748751,0.0164321367407859));
#12875=CARTESIAN_POINT('',(0.0120581365430671,0.0445254620549099,0.0151706578072084));
#12876=CARTESIAN_POINT('',(0.0117451946080861,0.0442449826353731,0.015656462412332));
#12877=CARTESIAN_POINT('',(0.0115486578412583,0.0436594366511295,0.0155821550477233));
#12878=CARTESIAN_POINT('',(0.0097654823849299,0.0448703674260042,0.0145732641806697));
#12879=CARTESIAN_POINT('',(0.00976548238493056,0.0445751865263817,0.0150845324962353));
#12880=CARTESIAN_POINT('',(0.00976548238493014,0.0440043420222179,0.0151175155604124));
#12881=CARTESIAN_POINT('',(0.00747282822679505,0.0445254620549102,0.0151706578072079));
#12882=CARTESIAN_POINT('',(0.00778577016177397,0.0442449826353739,0.0156564624123323));
#12883=CARTESIAN_POINT('',(0.00798230692860289,0.0436594366511295,0.0155821550477226));
#12884=CARTESIAN_POINT('',(0.00633314438965337,0.0438945142786669,0.016263491412584));
#12885=CARTESIAN_POINT('',(0.00689073561429292,0.0436660129224193,0.0166592673711822));
#12886=CARTESIAN_POINT('',(0.00709588616638146,0.0430284888748751,0.0164321367407876));
#12887=CARTESIAN_POINT('',(0.00593259398323881,0.0435185680820901,0.0169146493259673));
#12888=CARTESIAN_POINT('',(0.00660753219373336,0.0433387905122024,0.017226033211074));
#12889=CARTESIAN_POINT('',(0.00678434696139247,0.0426525426783057,0.0169385928956448));
#12890=CARTESIAN_POINT('',(1.54823849303002E-5,-0.210617621135332,0.0187723953895159));
#12891=CARTESIAN_POINT('',(1.54823849303002E-5,0.0412912973538351,0.0187723953895159));
#12892=CARTESIAN_POINT('',(-0.0026210587560799,0.043,0.0164705155464831));
#12893=CARTESIAN_POINT('',(1.54823849303002E-5,0.043,0.0187723953895159));
#12894=CARTESIAN_POINT('',(1.54823849303002E-5,-0.210617621135332,0.0187723953895159));
#12895=CARTESIAN_POINT('',(1.54823849303002E-5,0.043,0.0187723953895159));
#12896=CARTESIAN_POINT('',(-0.00330263470812991,0.043,0.0176587980849476));
#12897=CARTESIAN_POINT('',(-0.00330263470812976,-0.210617621135332,0.0176587980849472));
#12898=CARTESIAN_POINT('',(-0.00330263470812976,0.046,0.0176587980849472));
#12899=CARTESIAN_POINT('',(1.54823849303002E-5,0.046,0.0187723953895159));
#12900=CARTESIAN_POINT('',(1.54823849302932E-5,0.0492,0.00707412058440386));
#12901=CARTESIAN_POINT('',(-0.00254026937750216,0.0442957125668626,0.0155685955935195));
#12902=CARTESIAN_POINT('',(-0.00225355858983739,0.0446906543186573,0.0148845364133808));
#12903=CARTESIAN_POINT('',(-0.00193725047768816,0.0450798945048573,0.0142103526345348));
#12904=CARTESIAN_POINT('',(-0.00149999999999999,0.0454370452254893,0.0135917494404403));
#12905=CARTESIAN_POINT('',(-0.00254026937750211,0.0442957125668626,0.0155685955935194));
#12906=CARTESIAN_POINT('',(1.54823849303002E-5,0.0421573227576195,0.0192723953895159));
#12907=CARTESIAN_POINT('',(-0.00330263470812976,0.043,0.0176587980849472));
#12908=CARTESIAN_POINT('',(-0.00330263470812976,0.046,0.0176587980849472));
#12909=CARTESIAN_POINT('',(-0.00270175647208227,0.043,0.0157975290400475));
#12910=CARTESIAN_POINT('',(-0.00270175647208227,0.046,0.0157975290400475));
#12911=CARTESIAN_POINT('',(-0.00210087823603479,0.043,0.0144418461585392));
#12912=CARTESIAN_POINT('',(-0.00210087823603479,0.046,0.0144418461585392));
#12913=CARTESIAN_POINT('',(-0.0014999999999873,0.043,0.0135917494404224));
#12914=CARTESIAN_POINT('',(-0.0014999999999873,0.046,0.0135917494404224));
#12915=CARTESIAN_POINT('',(-0.00330263470812976,0.046,0.0176587980849472));
#12916=CARTESIAN_POINT('',(1.54823849302932E-5,0.046,0.0073806614140475));
#12917=CARTESIAN_POINT('',(0.00333359947799035,0.046,0.0176587980849472));
#12918=CARTESIAN_POINT('',(-0.00330263470812991,0.043,0.0176587980849476));
#12919=CARTESIAN_POINT('',(-0.00323148936646451,0.043,0.0174384196219138));
#12920=CARTESIAN_POINT('',(-0.00315828881765012,0.043,0.0172187273985687));
#12921=CARTESIAN_POINT('',(-0.00308261381880635,0.043,0.0169998614013385));
#12922=CARTESIAN_POINT('',(-0.00308261381880635,0.043,0.0169998614013385));
#12923=CARTESIAN_POINT('',(-0.00254026937750211,0.0442957125668626,0.0155685955935194));
#12924=CARTESIAN_POINT('',(-0.00277182228741555,0.0439767503379943,0.0161210543796147));
#12925=CARTESIAN_POINT('',(-0.00293739695921485,0.0435069806193642,0.0165798675688405));
#12926=CARTESIAN_POINT('',(-0.00308261381880712,0.0430000000000072,0.0169998614013471));
#12927=CARTESIAN_POINT('',(-0.00148311372147314,0.0446070989181338,0.0150292586123341));
#12928=CARTESIAN_POINT('',(-0.00125679330636037,0.044329622040669,0.0155098626620287));
#12929=CARTESIAN_POINT('',(-0.00115009236449459,0.0437410735143494,0.0154721778961523));
#12930=CARTESIAN_POINT('',(-0.00243316849444065,0.0444133739557509,0.0153648000898758));
#12931=CARTESIAN_POINT('',(-0.00206791063494918,0.0441485147762843,0.0158235496455984));
#12932=CARTESIAN_POINT('',(-0.00188902385458024,0.0435473485519735,0.0157331546009091));
#12933=CARTESIAN_POINT('',(-0.00326332616912821,0.0440294522594917,0.0160297719739248));
#12934=CARTESIAN_POINT('',(-0.00275185904768763,0.0437805351787211,0.0164609090046825));
#12935=CARTESIAN_POINT('',(-0.00253470204600332,0.0431634268557038,0.0162503549551625));
#12936=CARTESIAN_POINT('',(-0.00379817237331269,0.0435364574361929,0.0168836640557467));
#12937=CARTESIAN_POINT('',(-0.00312844812633972,0.0433548127949038,0.017198281803382));
#12938=CARTESIAN_POINT('',(-0.00295069353814758,0.0426704320324084,0.0169144932410288));
#12939=CARTESIAN_POINT('',(-0.0026210587560799,0.043,0.0164705155464831));
#12940=CARTESIAN_POINT('',(-0.00277502289328757,0.043,0.0166468639267936));
#12941=CARTESIAN_POINT('',(-0.00292656950002657,0.043,0.0168253673017725));
#12942=CARTESIAN_POINT('',(-0.00308261381880619,0.043,0.0169998614013386));
#12943=CARTESIAN_POINT('',(-0.0097345176150697,-0.210617621135332,0.0187723953895159));
#12944=CARTESIAN_POINT('',(-0.0097345176150697,0.043,0.0187723953895159));
#12945=CARTESIAN_POINT('',(-0.0070979764740595,0.043,0.0164705155464831));
#12946=CARTESIAN_POINT('',(-0.0123710587560799,0.043,0.0164705155464831));
#12947=CARTESIAN_POINT('',(-0.0097345176150697,0.0412912973538351,0.0187723953895159));
#12948=CARTESIAN_POINT('',(-0.0097345176150697,-0.210617621135332,0.0187723953895159));
#12949=CARTESIAN_POINT('',(-0.0130526347081298,-0.210617621135332,0.0176587980849472));
#12950=CARTESIAN_POINT('',(-0.0130526347081299,0.043,0.0176587980849476));
#12951=CARTESIAN_POINT('',(-0.0130526347081298,0.046,0.0176587980849472));
#12952=CARTESIAN_POINT('',(-0.0097345176150697,0.046,0.0187723953895159));
#12953=CARTESIAN_POINT('',(-0.00641640052200965,0.046,0.0176587980849472));
#12954=CARTESIAN_POINT('',(-0.00641640052200965,-0.210617621135332,0.0176587980849472));
#12955=CARTESIAN_POINT('',(-0.0064164005220098,0.043,0.0176587980849468));
#12956=CARTESIAN_POINT('',(-0.0097345176150697,0.043,0.0187723953895159));
#12957=CARTESIAN_POINT('',(-0.00973451761506971,0.0492,0.00707412058440386));
#12958=CARTESIAN_POINT('',(-0.00927876301969827,0.0460000000019144,0.0126166831608871));
#12959=CARTESIAN_POINT('',(-0.00896763024640558,0.0459235729404398,0.0127490587144343));
#12960=CARTESIAN_POINT('',(-0.00849025068162121,0.0456691377774055,0.0131897533504728));
#12961=CARTESIAN_POINT('',(-0.00779143415769343,0.0450866323228297,0.0141986823902685));
#12962=CARTESIAN_POINT('',(-0.0074093886997763,0.0446133936419091,0.0150183558309357));
#12963=CARTESIAN_POINT('',(-0.00717876585264247,0.0442957125668697,0.0155685955935071));
#12964=CARTESIAN_POINT('',(-0.0092787629989151,0.046,0.0126166831686243));
#12965=CARTESIAN_POINT('',(-0.00717876585264247,0.0442957125668697,0.0155685955935071));
#12966=CARTESIAN_POINT('',(0.0243904823849303,0.046,0.0126166831686243));
#12967=CARTESIAN_POINT('',(-0.0101902722312243,0.046,0.0126166831686243));
#12968=CARTESIAN_POINT('',(-0.0122902693775022,0.0442957125668626,0.0155685955935195));
#12969=CARTESIAN_POINT('',(-0.0120586794034795,0.0446147258512374,0.015016048376693));
#12970=CARTESIAN_POINT('',(-0.0116763409272595,0.0450867869934665,0.0141984144940732));
#12971=CARTESIAN_POINT('',(-0.0109838357311786,0.0456659523385675,0.0131952706903753));
#12972=CARTESIAN_POINT('',(-0.010501496067199,0.0459235505695513,0.0127490974663712));
#12973=CARTESIAN_POINT('',(-0.0101902722117395,0.0460000000047863,0.0126166831603342));
#12974=CARTESIAN_POINT('',(-0.0122902693775021,0.0442957125668626,0.0155685955935194));
#12975=CARTESIAN_POINT('',(-0.0097345176150697,0.0421573227576195,0.0192723953895159));
#12976=CARTESIAN_POINT('',(-0.0092959371737921,0.043,0.0126095138626942));
#12977=CARTESIAN_POINT('',(-0.0092959371737921,0.046,0.0126095138626942));
#12978=CARTESIAN_POINT('',(-0.00833609162319794,0.043,0.0130025039436701));
#12979=CARTESIAN_POINT('',(-0.00833609162319794,0.046,0.0130025039436701));
#12980=CARTESIAN_POINT('',(-0.0073762460726038,0.043,0.0146855986844211));
#12981=CARTESIAN_POINT('',(-0.0073762460726038,0.046,0.0146855986844211));
#12982=CARTESIAN_POINT('',(-0.00641640052200965,0.043,0.0176587980849472));
#12983=CARTESIAN_POINT('',(-0.00641640052200965,0.046,0.0176587980849472));
#12984=CARTESIAN_POINT('',(-0.0130526347081298,0.046,0.0176587980849472));
#12985=CARTESIAN_POINT('',(-0.00973451761506971,0.046,0.0073806614140475));
#12986=CARTESIAN_POINT('',(-0.00641640052200965,0.046,0.0176587980849472));
#12987=CARTESIAN_POINT('',(-0.00663642141133227,0.0430000000000138,0.0169998614013515));
#12988=CARTESIAN_POINT('',(-0.00678170046783776,0.0435071977610229,0.0165796876839469));
#12989=CARTESIAN_POINT('',(-0.00694451063250259,0.043973027927893,0.0161275017830406));
#12990=CARTESIAN_POINT('',(-0.00717876585264077,0.0442957125668674,0.0155685955935111));
#12991=CARTESIAN_POINT('',(-0.00663642141133306,0.043,0.0169998614013385));
#12992=CARTESIAN_POINT('',(-0.00663642141133306,0.043,0.0169998614013385));
#12993=CARTESIAN_POINT('',(-0.00656074641248929,0.043,0.0172187273985683));
#12994=CARTESIAN_POINT('',(-0.00648754586367512,0.043,0.0174384196219132));
#12995=CARTESIAN_POINT('',(-0.0064164005220098,0.043,0.0176587980849468));
#12996=CARTESIAN_POINT('',(-0.0130526347081298,0.0429999999999999,0.0176587980849472));
#12997=CARTESIAN_POINT('',(-0.0130526347081298,0.046,0.0176587980849472));
#12998=CARTESIAN_POINT('',(-0.0120927891575356,0.0429999999999999,0.0146855986844211));
#12999=CARTESIAN_POINT('',(-0.0120927891575356,0.046,0.0146855986844211));
#13000=CARTESIAN_POINT('',(-0.0111329436069415,0.0429999999999999,0.0130025039436701));
#13001=CARTESIAN_POINT('',(-0.0111329436069415,0.046,0.0130025039436701));
#13002=CARTESIAN_POINT('',(-0.0101730980563473,0.0429999999999999,0.0126095138626942));
#13003=CARTESIAN_POINT('',(-0.0101730980563473,0.046,0.0126095138626942));
#13004=CARTESIAN_POINT('',(-0.0130526347081299,0.043,0.0176587980849476));
#13005=CARTESIAN_POINT('',(-0.0129814893664645,0.043,0.0174384196219138));
#13006=CARTESIAN_POINT('',(-0.0129082888176501,0.043,0.0172187273985687));
#13007=CARTESIAN_POINT('',(-0.0128326138188063,0.043,0.0169998614013385));
#13008=CARTESIAN_POINT('',(-0.0128326138188063,0.043,0.0169998614013385));
#13009=CARTESIAN_POINT('',(-0.0122902693775021,0.0442957125668626,0.0155685955935194));
#13010=CARTESIAN_POINT('',(-0.0125218222874155,0.0439767503379943,0.0161210543796147));
#13011=CARTESIAN_POINT('',(-0.0126873969592149,0.0435069806193642,0.0165798675688405));
#13012=CARTESIAN_POINT('',(-0.0128326138188071,0.0430000000000072,0.0169998614013471));
#13013=CARTESIAN_POINT('',(-0.0130526347081298,0.046,0.0176587980849472));
#13014=CARTESIAN_POINT('',(-0.00973451761506971,0.046,0.0073806614140475));
#13015=CARTESIAN_POINT('',(-0.00641640052200965,0.046,0.0176587980849472));
#13016=CARTESIAN_POINT('',(-0.00590162921337822,0.0435185680820901,0.0169146493259673));
#13017=CARTESIAN_POINT('',(-0.00657656742387276,0.0433387905122024,0.017226033211074));
#13018=CARTESIAN_POINT('',(-0.00675338219153188,0.0426525426783057,0.0169385928956448));
#13019=CARTESIAN_POINT('',(-0.00630217961979389,0.0438945142786699,0.0162634914125788));
#13020=CARTESIAN_POINT('',(-0.00685977084443772,0.0436660129224427,0.0166592673711891));
#13021=CARTESIAN_POINT('',(-0.00706492139652117,0.043028488874887,0.0164321367407871));
#13022=CARTESIAN_POINT('',(-0.0074418634569337,0.0445254620549089,0.0151706578072103));
#13023=CARTESIAN_POINT('',(-0.00775480539191066,0.0442449826353632,0.0156564624123298));
#13024=CARTESIAN_POINT('',(-0.00795134215874206,0.043659436651124,0.0155821550477228));
#13025=CARTESIAN_POINT('',(-0.00973451761507014,0.0448703674260045,0.0145732641806692));
#13026=CARTESIAN_POINT('',(-0.00973451761507044,0.0445751865263842,0.0150845324962362));
#13027=CARTESIAN_POINT('',(-0.0097345176150698,0.0440043420222193,0.0151175155604126));
#13028=CARTESIAN_POINT('',(-0.012027171773204,0.0445254620549101,0.0151706578072081));
#13029=CARTESIAN_POINT('',(-0.0117142298382263,0.0442449826353744,0.0156564624123302));
#13030=CARTESIAN_POINT('',(-0.011517693071397,0.0436594366511291,0.0155821550477223));
#13031=CARTESIAN_POINT('',(-0.0131668556103488,0.0438945142786669,0.0162634914125839));
#13032=CARTESIAN_POINT('',(-0.0126092643857058,0.043666012922416,0.0166592673711874));
#13033=CARTESIAN_POINT('',(-0.0124041138336189,0.0430284888748751,0.0164321367407882));
#13034=CARTESIAN_POINT('',(-0.0135674060167612,0.0435185680820901,0.0169146493259673));
#13035=CARTESIAN_POINT('',(-0.0128924678062666,0.0433387905122025,0.017226033211074));
#13036=CARTESIAN_POINT('',(-0.0127156530386075,0.0426525426783057,0.0169385928956448));
#13037=CARTESIAN_POINT('',(-0.0070979764740595,0.043,0.0164705155464831));
#13038=CARTESIAN_POINT('',(-0.00694401233685184,0.043,0.0166468639267936));
#13039=CARTESIAN_POINT('',(-0.00679246573011283,0.043,0.0168253673017725));
#13040=CARTESIAN_POINT('',(-0.00663642141133322,0.043,0.0169998614013386));
#13041=CARTESIAN_POINT('',(-0.0123710587560799,0.043,0.0164705155464831));
#13042=CARTESIAN_POINT('',(-0.0125250228932876,0.043,0.0166468639267936));
#13043=CARTESIAN_POINT('',(-0.0126765695000266,0.043,0.0168253673017725));
#13044=CARTESIAN_POINT('',(-0.0128326138188062,0.043,0.0169998614013386));
#13045=CARTESIAN_POINT('',(-0.0194845176150697,-0.210617621135332,0.0187723953895159));
#13046=CARTESIAN_POINT('',(-0.0194845176150697,0.043,0.0187723953895159));
#13047=CARTESIAN_POINT('',(-0.0168479764740595,0.043,0.0164705155464831));
#13048=CARTESIAN_POINT('',(-0.0221210587560799,0.043,0.0164705155464831));
#13049=CARTESIAN_POINT('',(-0.0194845176150697,0.0412912973538351,0.0187723953895159));
#13050=CARTESIAN_POINT('',(-0.0194845176150697,-0.210617621135332,0.0187723953895159));
#13051=CARTESIAN_POINT('',(-0.0228026347081298,-0.210617621135332,0.0176587980849472));
#13052=CARTESIAN_POINT('',(-0.0228026347081299,0.043,0.0176587980849476));
#13053=CARTESIAN_POINT('',(-0.0228026347081298,0.046,0.0176587980849472));
#13054=CARTESIAN_POINT('',(-0.0194845176150697,0.046,0.0187723953895159));
#13055=CARTESIAN_POINT('',(-0.0161664005220096,0.046,0.0176587980849472));
#13056=CARTESIAN_POINT('',(-0.0161664005220096,-0.210617621135332,0.0176587980849472));
#13057=CARTESIAN_POINT('',(-0.0161664005220098,0.043,0.0176587980849468));
#13058=CARTESIAN_POINT('',(-0.0194845176150697,0.043,0.0187723953895159));
#13059=CARTESIAN_POINT('',(-0.0194845176150697,0.0492,0.00707412058440386));
#13060=CARTESIAN_POINT('',(-0.0190287630196983,0.0460000000019144,0.0126166831608871));
#13061=CARTESIAN_POINT('',(-0.0187176302464056,0.0459235729404398,0.0127490587144343));
#13062=CARTESIAN_POINT('',(-0.0182402506816212,0.0456691377774055,0.0131897533504728));
#13063=CARTESIAN_POINT('',(-0.0175414341576934,0.0450866323228297,0.0141986823902685));
#13064=CARTESIAN_POINT('',(-0.0171593886997763,0.0446133936419091,0.0150183558309357));
#13065=CARTESIAN_POINT('',(-0.0169287658526425,0.0442957125668697,0.0155685955935071));
#13066=CARTESIAN_POINT('',(-0.0190287629989151,0.046,0.0126166831686243));
#13067=CARTESIAN_POINT('',(-0.0169287658526424,0.0442957125668697,0.0155685955935071));
#13068=CARTESIAN_POINT('',(0.0146404823849303,0.046,0.0126166831686243));
#13069=CARTESIAN_POINT('',(-0.0199402722312243,0.046,0.0126166831686243));
#13070=CARTESIAN_POINT('',(-0.0220402693775022,0.0442957125668626,0.0155685955935195));
#13071=CARTESIAN_POINT('',(-0.0218086794034795,0.0446147258512374,0.015016048376693));
#13072=CARTESIAN_POINT('',(-0.0214263409272595,0.0450867869934665,0.0141984144940733));
#13073=CARTESIAN_POINT('',(-0.0207338357311786,0.0456659523385675,0.0131952706903753));
#13074=CARTESIAN_POINT('',(-0.020251496067199,0.0459235505695513,0.0127490974663712));
#13075=CARTESIAN_POINT('',(-0.0199402722117395,0.0460000000047863,0.0126166831603342));
#13076=CARTESIAN_POINT('',(-0.0220402693775021,0.0442957125668626,0.0155685955935194));
#13077=CARTESIAN_POINT('',(-0.0194845176150697,0.0421573227576195,0.0192723953895159));
#13078=CARTESIAN_POINT('',(-0.0190459371737921,0.043,0.0126095138626942));
#13079=CARTESIAN_POINT('',(-0.0190459371737921,0.046,0.0126095138626942));
#13080=CARTESIAN_POINT('',(-0.018086091623198,0.043,0.0130025039436701));
#13081=CARTESIAN_POINT('',(-0.018086091623198,0.046,0.0130025039436701));
#13082=CARTESIAN_POINT('',(-0.0171262460726038,0.043,0.0146855986844211));
#13083=CARTESIAN_POINT('',(-0.0171262460726038,0.046,0.0146855986844211));
#13084=CARTESIAN_POINT('',(-0.0161664005220097,0.043,0.0176587980849472));
#13085=CARTESIAN_POINT('',(-0.0161664005220097,0.046,0.0176587980849472));
#13086=CARTESIAN_POINT('',(-0.0228026347081298,0.046,0.0176587980849472));
#13087=CARTESIAN_POINT('',(-0.0194845176150697,0.046,0.0073806614140475));
#13088=CARTESIAN_POINT('',(-0.0161664005220096,0.046,0.0176587980849472));
#13089=CARTESIAN_POINT('',(-0.0163864214113323,0.0430000000000138,0.0169998614013515));
#13090=CARTESIAN_POINT('',(-0.0165317004678378,0.0435071977610229,0.0165796876839469));
#13091=CARTESIAN_POINT('',(-0.0166945106325026,0.043973027927893,0.0161275017830406));
#13092=CARTESIAN_POINT('',(-0.0169287658526407,0.0442957125668674,0.0155685955935111));
#13093=CARTESIAN_POINT('',(-0.0163864214113331,0.043,0.0169998614013385));
#13094=CARTESIAN_POINT('',(-0.0163864214113331,0.043,0.0169998614013385));
#13095=CARTESIAN_POINT('',(-0.0163107464124893,0.043,0.0172187273985683));
#13096=CARTESIAN_POINT('',(-0.0162375458636751,0.043,0.0174384196219132));
#13097=CARTESIAN_POINT('',(-0.0161664005220098,0.043,0.0176587980849468));
#13098=CARTESIAN_POINT('',(-0.0228026347081298,0.043,0.0176587980849472));
#13099=CARTESIAN_POINT('',(-0.0228026347081298,0.046,0.0176587980849472));
#13100=CARTESIAN_POINT('',(-0.0218427891575356,0.043,0.0146855986844211));
#13101=CARTESIAN_POINT('',(-0.0218427891575356,0.046,0.0146855986844211));
#13102=CARTESIAN_POINT('',(-0.0208829436069415,0.043,0.0130025039436701));
#13103=CARTESIAN_POINT('',(-0.0208829436069415,0.046,0.0130025039436701));
#13104=CARTESIAN_POINT('',(-0.0199230980563473,0.043,0.0126095138626942));
#13105=CARTESIAN_POINT('',(-0.0199230980563473,0.046,0.0126095138626942));
#13106=CARTESIAN_POINT('',(-0.0228026347081299,0.043,0.0176587980849476));
#13107=CARTESIAN_POINT('',(-0.0227314893664645,0.043,0.0174384196219138));
#13108=CARTESIAN_POINT('',(-0.0226582888176501,0.043,0.0172187273985687));
#13109=CARTESIAN_POINT('',(-0.0225826138188064,0.043,0.0169998614013385));
#13110=CARTESIAN_POINT('',(-0.0225826138188064,0.043,0.0169998614013385));
#13111=CARTESIAN_POINT('',(-0.0220402693775021,0.0442957125668626,0.0155685955935194));
#13112=CARTESIAN_POINT('',(-0.0222718222874155,0.0439767503379943,0.0161210543796147));
#13113=CARTESIAN_POINT('',(-0.0224373969592148,0.0435069806193643,0.0165798675688404));
#13114=CARTESIAN_POINT('',(-0.0225826138188071,0.0430000000000073,0.0169998614013471));
#13115=CARTESIAN_POINT('',(-0.0228026347081298,0.046,0.0176587980849472));
#13116=CARTESIAN_POINT('',(-0.0194845176150697,0.046,0.0073806614140475));
#13117=CARTESIAN_POINT('',(-0.0161664005220096,0.046,0.0176587980849472));
#13118=CARTESIAN_POINT('',(-0.0156516292133782,0.0435185680820901,0.0169146493259673));
#13119=CARTESIAN_POINT('',(-0.0163265674238728,0.0433387905122024,0.017226033211074));
#13120=CARTESIAN_POINT('',(-0.0165033821915319,0.0426525426783057,0.0169385928956448));
#13121=CARTESIAN_POINT('',(-0.0160521796197957,0.0438945142786705,0.0162634914125777));
#13122=CARTESIAN_POINT('',(-0.0166097708444295,0.0436660129224296,0.0166592673711794));
#13123=CARTESIAN_POINT('',(-0.0168149213965232,0.043028488874887,0.0164321367407838));
#13124=CARTESIAN_POINT('',(-0.017191863456933,0.0445254620549085,0.015170657807211));
#13125=CARTESIAN_POINT('',(-0.0175048053919153,0.0442449826353697,0.0156564624123324));
#13126=CARTESIAN_POINT('',(-0.0177013421587412,0.0436594366511236,0.0155821550477244));
#13127=CARTESIAN_POINT('',(-0.0194845176150697,0.044870367426005,0.0145732641806685));
#13128=CARTESIAN_POINT('',(-0.0194845176150693,0.0445751865263834,0.0150845324962357));
#13129=CARTESIAN_POINT('',(-0.0194845176150698,0.0440043420222208,0.0151175155604118));
#13130=CARTESIAN_POINT('',(-0.0217771717732063,0.0445254620549088,0.0151706578072105));
#13131=CARTESIAN_POINT('',(-0.0214642298382255,0.0442449826353697,0.0156564624123316));
#13132=CARTESIAN_POINT('',(-0.0212676930713978,0.0436594366511236,0.0155821550477239));
#13133=CARTESIAN_POINT('',(-0.0229168556103437,0.0438945142786699,0.0162634914125788));
#13134=CARTESIAN_POINT('',(-0.0223592643857067,0.0436660129224296,0.0166592673711812));
#13135=CARTESIAN_POINT('',(-0.0221541138336169,0.043028488874887,0.0164321367407849));
#13136=CARTESIAN_POINT('',(-0.0233174060167612,0.0435185680820901,0.0169146493259673));
#13137=CARTESIAN_POINT('',(-0.0226424678062666,0.0433387905122024,0.017226033211074));
#13138=CARTESIAN_POINT('',(-0.0224656530386075,0.0426525426783057,0.0169385928956448));
#13139=CARTESIAN_POINT('',(-0.0168479764740595,0.043,0.0164705155464831));
#13140=CARTESIAN_POINT('',(-0.0166940123368518,0.043,0.0166468639267936));
#13141=CARTESIAN_POINT('',(-0.0165424657301128,0.043,0.0168253673017725));
#13142=CARTESIAN_POINT('',(-0.0163864214113332,0.043,0.0169998614013386));
#13143=CARTESIAN_POINT('',(-0.0221210587560799,0.043,0.0164705155464831));
#13144=CARTESIAN_POINT('',(-0.0222750228932876,0.043,0.0166468639267936));
#13145=CARTESIAN_POINT('',(-0.0224265695000266,0.043,0.0168253673017725));
#13146=CARTESIAN_POINT('',(-0.0225826138188062,0.043,0.0169998614013386));
#13147=CARTESIAN_POINT('',(-0.0292345176150697,-0.210617621135332,0.0187723953895159));
#13148=CARTESIAN_POINT('',(-0.0292345176150697,0.043,0.0187723953895159));
#13149=CARTESIAN_POINT('',(-0.0265979764740595,0.043,0.0164705155464831));
#13150=CARTESIAN_POINT('',(-0.0318710587560799,0.043,0.0164705155464831));
#13151=CARTESIAN_POINT('',(-0.0292345176150697,0.0412912973538351,0.0187723953895159));
#13152=CARTESIAN_POINT('',(-0.0292345176150697,-0.210617621135332,0.0187723953895159));
#13153=CARTESIAN_POINT('',(-0.0325526347081297,-0.210617621135332,0.0176587980849472));
#13154=CARTESIAN_POINT('',(-0.0325526347081299,0.043,0.0176587980849476));
#13155=CARTESIAN_POINT('',(-0.0325526347081297,0.046,0.0176587980849472));
#13156=CARTESIAN_POINT('',(-0.0292345176150697,0.046,0.0187723953895159));
#13157=CARTESIAN_POINT('',(-0.0259164005220096,0.046,0.0176587980849472));
#13158=CARTESIAN_POINT('',(-0.0259164005220096,-0.210617621135332,0.0176587980849472));
#13159=CARTESIAN_POINT('',(-0.0259164005220098,0.043,0.0176587980849468));
#13160=CARTESIAN_POINT('',(-0.0292345176150697,0.043,0.0187723953895159));
#13161=CARTESIAN_POINT('',(-0.0292345176150697,0.0492,0.00707412058440386));
#13162=CARTESIAN_POINT('',(-0.0287787630196982,0.0460000000019144,0.0126166831608871));
#13163=CARTESIAN_POINT('',(-0.0284676302464056,0.0459235729404398,0.0127490587144343));
#13164=CARTESIAN_POINT('',(-0.0279902506816212,0.0456691377774055,0.0131897533504728));
#13165=CARTESIAN_POINT('',(-0.0272914341576934,0.0450866323228297,0.0141986823902685));
#13166=CARTESIAN_POINT('',(-0.0269093886997763,0.0446133936419091,0.0150183558309357));
#13167=CARTESIAN_POINT('',(-0.0266787658526425,0.0442957125668697,0.0155685955935071));
#13168=CARTESIAN_POINT('',(-0.0287787629989151,0.046,0.0126166831686243));
#13169=CARTESIAN_POINT('',(-0.0266787658526424,0.0442957125668697,0.0155685955935071));
#13170=CARTESIAN_POINT('',(0.0048904823849303,0.046,0.0126166831686243));
#13171=CARTESIAN_POINT('',(-0.0296902722312243,0.046,0.0126166831686243));
#13172=CARTESIAN_POINT('',(-0.0317902693775022,0.0442957125668626,0.0155685955935195));
#13173=CARTESIAN_POINT('',(-0.0315586794034795,0.0446147258512374,0.015016048376693));
#13174=CARTESIAN_POINT('',(-0.0311763409272595,0.0450867869934665,0.0141984144940733));
#13175=CARTESIAN_POINT('',(-0.0304838357311786,0.0456659523385676,0.0131952706903753));
#13176=CARTESIAN_POINT('',(-0.030001496067199,0.0459235505695513,0.0127490974663712));
#13177=CARTESIAN_POINT('',(-0.0296902722117395,0.0460000000047863,0.0126166831603342));
#13178=CARTESIAN_POINT('',(-0.0317902693775021,0.0442957125668626,0.0155685955935194));
#13179=CARTESIAN_POINT('',(-0.0292345176150697,0.0421573227576195,0.0192723953895159));
#13180=CARTESIAN_POINT('',(-0.0287959371737921,0.043,0.0126095138626942));
#13181=CARTESIAN_POINT('',(-0.0287959371737921,0.046,0.0126095138626942));
#13182=CARTESIAN_POINT('',(-0.0278360916231979,0.043,0.0130025039436701));
#13183=CARTESIAN_POINT('',(-0.0278360916231979,0.046,0.0130025039436701));
#13184=CARTESIAN_POINT('',(-0.0268762460726038,0.043,0.0146855986844211));
#13185=CARTESIAN_POINT('',(-0.0268762460726038,0.046,0.0146855986844211));
#13186=CARTESIAN_POINT('',(-0.0259164005220096,0.043,0.0176587980849472));
#13187=CARTESIAN_POINT('',(-0.0259164005220096,0.046,0.0176587980849472));
#13188=CARTESIAN_POINT('',(-0.0325526347081297,0.046,0.0176587980849472));
#13189=CARTESIAN_POINT('',(-0.0292345176150697,0.046,0.0073806614140475));
#13190=CARTESIAN_POINT('',(-0.0259164005220096,0.046,0.0176587980849472));
#13191=CARTESIAN_POINT('',(-0.0261364214113323,0.0430000000000138,0.0169998614013515));
#13192=CARTESIAN_POINT('',(-0.0262817004678378,0.0435071977610229,0.0165796876839469));
#13193=CARTESIAN_POINT('',(-0.0264445106325026,0.043973027927893,0.0161275017830406));
#13194=CARTESIAN_POINT('',(-0.0266787658526407,0.0442957125668674,0.0155685955935111));
#13195=CARTESIAN_POINT('',(-0.026136421411333,0.043,0.0169998614013385));
#13196=CARTESIAN_POINT('',(-0.026136421411333,0.043,0.0169998614013385));
#13197=CARTESIAN_POINT('',(-0.0260607464124893,0.043,0.0172187273985683));
#13198=CARTESIAN_POINT('',(-0.0259875458636751,0.043,0.0174384196219132));
#13199=CARTESIAN_POINT('',(-0.0259164005220098,0.043,0.0176587980849468));
#13200=CARTESIAN_POINT('',(-0.0325526347081297,0.043,0.0176587980849472));
#13201=CARTESIAN_POINT('',(-0.0325526347081297,0.046,0.0176587980849472));
#13202=CARTESIAN_POINT('',(-0.0315927891575356,0.043,0.0146855986844211));
#13203=CARTESIAN_POINT('',(-0.0315927891575356,0.046,0.0146855986844211));
#13204=CARTESIAN_POINT('',(-0.0306329436069415,0.043,0.0130025039436701));
#13205=CARTESIAN_POINT('',(-0.0306329436069415,0.046,0.0130025039436701));
#13206=CARTESIAN_POINT('',(-0.0296730980563473,0.043,0.0126095138626942));
#13207=CARTESIAN_POINT('',(-0.0296730980563473,0.046,0.0126095138626942));
#13208=CARTESIAN_POINT('',(-0.0325526347081299,0.043,0.0176587980849476));
#13209=CARTESIAN_POINT('',(-0.0324814893664645,0.043,0.0174384196219138));
#13210=CARTESIAN_POINT('',(-0.0324082888176501,0.043,0.0172187273985687));
#13211=CARTESIAN_POINT('',(-0.0323326138188064,0.043,0.0169998614013385));
#13212=CARTESIAN_POINT('',(-0.0323326138188064,0.043,0.0169998614013385));
#13213=CARTESIAN_POINT('',(-0.0317902693775021,0.0442957125668626,0.0155685955935194));
#13214=CARTESIAN_POINT('',(-0.0320218222874155,0.0439767503379943,0.0161210543796147));
#13215=CARTESIAN_POINT('',(-0.0321873969592148,0.0435069806193642,0.0165798675688404));
#13216=CARTESIAN_POINT('',(-0.0323326138188071,0.0430000000000072,0.0169998614013471));
#13217=CARTESIAN_POINT('',(-0.0325526347081297,0.046,0.0176587980849472));
#13218=CARTESIAN_POINT('',(-0.0292345176150697,0.046,0.0073806614140475));
#13219=CARTESIAN_POINT('',(-0.0259164005220096,0.046,0.0176587980849472));
#13220=CARTESIAN_POINT('',(-0.0254016292133782,0.0435185680820901,0.0169146493259673));
#13221=CARTESIAN_POINT('',(-0.0260765674238728,0.0433387905122024,0.017226033211074));
#13222=CARTESIAN_POINT('',(-0.0262533821915319,0.0426525426783057,0.0169385928956448));
#13223=CARTESIAN_POINT('',(-0.0258021796197957,0.0438945142786705,0.0162634914125777));
#13224=CARTESIAN_POINT('',(-0.0263597708444328,0.0436660129224296,0.0166592673711794));
#13225=CARTESIAN_POINT('',(-0.0265649213965232,0.043028488874887,0.0164321367407838));
#13226=CARTESIAN_POINT('',(-0.0269418634569326,0.0445254620549085,0.015170657807211));
#13227=CARTESIAN_POINT('',(-0.0272548053919129,0.0442449826353698,0.0156564624123323));
#13228=CARTESIAN_POINT('',(-0.027451342158741,0.0436594366511236,0.0155821550477241));
#13229=CARTESIAN_POINT('',(-0.029234517615071,0.044870367426005,0.0145732641806685));
#13230=CARTESIAN_POINT('',(-0.0292345176150729,0.044575186526383,0.0150845324962359));
#13231=CARTESIAN_POINT('',(-0.0292345176150705,0.0440043420222208,0.0151175155604129));
#13232=CARTESIAN_POINT('',(-0.0315271717732015,0.0445254620549088,0.0151706578072105));
#13233=CARTESIAN_POINT('',(-0.0312142298382143,0.0442449826353711,0.0156564624123312));
#13234=CARTESIAN_POINT('',(-0.0310176930713952,0.0436594366511236,0.0155821550477196));
#13235=CARTESIAN_POINT('',(-0.032666855610354,0.0438945142786699,0.0162634914125788));
#13236=CARTESIAN_POINT('',(-0.0321092643857306,0.0436660129224272,0.0166592673711809));
#13237=CARTESIAN_POINT('',(-0.0319041138336225,0.043028488874887,0.0164321367407941));
#13238=CARTESIAN_POINT('',(-0.0330674060167612,0.0435185680820901,0.0169146493259673));
#13239=CARTESIAN_POINT('',(-0.0323924678062666,0.0433387905122024,0.017226033211074));
#13240=CARTESIAN_POINT('',(-0.0322156530386075,0.0426525426783057,0.0169385928956448));
#13241=CARTESIAN_POINT('',(-0.0265979764740595,0.043,0.0164705155464831));
#13242=CARTESIAN_POINT('',(-0.0264440123368518,0.043,0.0166468639267936));
#13243=CARTESIAN_POINT('',(-0.0262924657301128,0.043,0.0168253673017725));
#13244=CARTESIAN_POINT('',(-0.0261364214113332,0.043,0.0169998614013386));
#13245=CARTESIAN_POINT('',(-0.0318710587560799,0.043,0.0164705155464831));
#13246=CARTESIAN_POINT('',(-0.0320250228932876,0.043,0.0166468639267936));
#13247=CARTESIAN_POINT('',(-0.0321765695000266,0.043,0.0168253673017725));
#13248=CARTESIAN_POINT('',(-0.0323326138188062,0.043,0.0169998614013386));
#13249=CARTESIAN_POINT('',(0.034125,-0.210617621135332,0.011698274805112));
#13250=CARTESIAN_POINT('',(0.034125,0.0412912973538351,0.011698274805112));
#13251=CARTESIAN_POINT('',(0.034125,-0.210617621135332,0.011698274805112));
#13252=CARTESIAN_POINT('',(0.0308068829069399,-0.210617621135332,0.0105846775005433));
#13253=CARTESIAN_POINT('',(0.0308068829069399,0.046,0.0105846775005433));
#13254=CARTESIAN_POINT('',(0.034125,0.046,0.011698274805112));
#13255=CARTESIAN_POINT('',(0.0374431170930601,0.046,0.0105846775005433));
#13256=CARTESIAN_POINT('',(0.0374431170930601,-0.210617621135332,0.0105846775005433));
#13257=CARTESIAN_POINT('',(0.034125,0.0492,-5.68475690457626E-20));
#13258=CARTESIAN_POINT('',(0.0345807545953714,0.0460000000019144,0.00554256257648325));
#13259=CARTESIAN_POINT('',(0.0348918873686641,0.0459235729404398,0.00567493813003044));
#13260=CARTESIAN_POINT('',(0.0353692669334485,0.0456691377774055,0.00611563276606887));
#13261=CARTESIAN_POINT('',(0.0360680834573763,0.0450866323228297,0.00712456180586464));
#13262=CARTESIAN_POINT('',(0.0364501289152934,0.0446133936419091,0.00794423524653186));
#13263=CARTESIAN_POINT('',(0.0366807517624272,0.0442957125668697,0.0084944750091032));
#13264=CARTESIAN_POINT('',(0.0345807546161546,0.046,0.00554256258422041));
#13265=CARTESIAN_POINT('',(0.0366807517624273,0.0442957125668697,0.00849447500910319));
#13266=CARTESIAN_POINT('',(0.06825,0.046,0.00554256258422041));
#13267=CARTESIAN_POINT('',(0.0336692453838454,0.046,0.00554256258422041));
#13268=CARTESIAN_POINT('',(0.0315692482375676,0.0442957125668626,0.00849447500911566));
#13269=CARTESIAN_POINT('',(0.0318008382115902,0.0446147258512374,0.00794192779228916));
#13270=CARTESIAN_POINT('',(0.0321831766878102,0.0450867869934665,0.0071242939096694));
#13271=CARTESIAN_POINT('',(0.0328756818838911,0.0456659523385675,0.00612115010597141));
#13272=CARTESIAN_POINT('',(0.0333580215478707,0.0459235505695513,0.00567497688196731));
#13273=CARTESIAN_POINT('',(0.0336692454033301,0.0460000000047863,0.00554256257593036));
#13274=CARTESIAN_POINT('',(0.0315692482375676,0.0442957125668626,0.00849447500911553));
#13275=CARTESIAN_POINT('',(0.034125,0.0421573227576195,0.012198274805112));
#13276=CARTESIAN_POINT('',(0.0345635804412776,0.043,0.00553539327829035));
#13277=CARTESIAN_POINT('',(0.0345635804412776,0.046,0.00553539327829035));
#13278=CARTESIAN_POINT('',(0.0355234259918718,0.043,0.00592838335926621));
#13279=CARTESIAN_POINT('',(0.0355234259918718,0.046,0.00592838335926621));
#13280=CARTESIAN_POINT('',(0.0364832715424659,0.043,0.00761147810001721));
#13281=CARTESIAN_POINT('',(0.0364832715424659,0.046,0.00761147810001721));
#13282=CARTESIAN_POINT('',(0.0374431170930601,0.043,0.0105846775005433));
#13283=CARTESIAN_POINT('',(0.0374431170930601,0.046,0.0105846775005433));
#13284=CARTESIAN_POINT('',(0.0308068829069399,0.046,0.0105846775005433));
#13285=CARTESIAN_POINT('',(0.034125,0.046,0.000306540829643632));
#13286=CARTESIAN_POINT('',(0.0374431170930601,0.046,0.0105846775005433));
#13287=CARTESIAN_POINT('',(0.0372230962037374,0.0430000000000138,0.00992574081694765));
#13288=CARTESIAN_POINT('',(0.0370778171472319,0.0435071977610229,0.00950556709954303));
#13289=CARTESIAN_POINT('',(0.0369150069825671,0.043973027927893,0.00905338119863673));
#13290=CARTESIAN_POINT('',(0.036680751762429,0.0442957125668674,0.00849447500910724));
#13291=CARTESIAN_POINT('',(0.0308068829069399,0.043,0.0105846775005433));
#13292=CARTESIAN_POINT('',(0.0308068829069399,0.046,0.0105846775005433));
#13293=CARTESIAN_POINT('',(0.0317667284575341,0.043,0.00761147810001721));
#13294=CARTESIAN_POINT('',(0.0317667284575341,0.046,0.00761147810001721));
#13295=CARTESIAN_POINT('',(0.0327265740081282,0.043,0.00592838335926621));
#13296=CARTESIAN_POINT('',(0.0327265740081282,0.046,0.00592838335926621));
#13297=CARTESIAN_POINT('',(0.0336864195587224,0.043,0.00553539327829036));
#13298=CARTESIAN_POINT('',(0.0336864195587224,0.046,0.00553539327829036));
#13299=CARTESIAN_POINT('',(0.0315692482375676,0.0442957125668626,0.00849447500911554));
#13300=CARTESIAN_POINT('',(0.0313376953276542,0.0439767503379943,0.00904693379521088));
#13301=CARTESIAN_POINT('',(0.0311721206558549,0.0435069806193642,0.0095057469844366));
#13302=CARTESIAN_POINT('',(0.0310269037962626,0.0430000000000072,0.00992574081694323));
#13303=CARTESIAN_POINT('',(0.0308068829069399,0.046,0.0105846775005433));
#13304=CARTESIAN_POINT('',(0.034125,0.046,0.000306540829643632));
#13305=CARTESIAN_POINT('',(0.0374431170930601,0.046,0.0105846775005433));
#13306=CARTESIAN_POINT('',(0.0379578884016915,0.0435185680820901,0.00984052874156343));
#13307=CARTESIAN_POINT('',(0.0372829501911969,0.0433387905122024,0.0101519126266701));
#13308=CARTESIAN_POINT('',(0.0371061354235378,0.0426525426783057,0.0098644723112409));
#13309=CARTESIAN_POINT('',(0.0375573379952725,0.0438945142786691,0.00918937082817625));
#13310=CARTESIAN_POINT('',(0.0369997467706275,0.043666012922433,0.0095851467867858));
#13311=CARTESIAN_POINT('',(0.0367945962185488,0.043028488874884,0.00935801615638368));
#13312=CARTESIAN_POINT('',(0.0364176541581374,0.0445254620549092,0.00809653722280599));
#13313=CARTESIAN_POINT('',(0.0361047122231607,0.0442449826353673,0.00858234182792531));
#13314=CARTESIAN_POINT('',(0.0359081754563275,0.043659436651125,0.00850803446331867));
#13315=CARTESIAN_POINT('',(0.0341249999999998,0.0448703674260047,0.00749914359626505));
#13316=CARTESIAN_POINT('',(0.0341249999999991,0.0445751865263845,0.00801041191183274));
#13317=CARTESIAN_POINT('',(0.0341249999999999,0.0440043420222205,0.00804339497600882));
#13318=CARTESIAN_POINT('',(0.0318323458418634,0.0445254620549091,0.00809653722280606));
#13319=CARTESIAN_POINT('',(0.032145287776843,0.0442449826353688,0.0085823418279253));
#13320=CARTESIAN_POINT('',(0.0323418245436728,0.0436594366511237,0.00850803446331827));
#13321=CARTESIAN_POINT('',(0.030692662004726,0.0438945142786692,0.00918937082817608));
#13322=CARTESIAN_POINT('',(0.0312502532293647,0.0436660129224294,0.0095851467867858));
#13323=CARTESIAN_POINT('',(0.0314554037814506,0.043028488874887,0.00935801615638459));
#13324=CARTESIAN_POINT('',(0.0302921115983085,0.0435185680820901,0.00984052874156344));
#13325=CARTESIAN_POINT('',(0.0309670498088031,0.0433387905122024,0.0101519126266701));
#13326=CARTESIAN_POINT('',(0.0311438645764622,0.0426525426783057,0.0098644723112409));
#13327=CARTESIAN_POINT('',(0.024375,-0.210617621135332,0.011698274805112));
#13328=CARTESIAN_POINT('',(0.024375,0.0412912973538351,0.011698274805112));
#13329=CARTESIAN_POINT('',(0.024375,-0.210617621135332,0.011698274805112));
#13330=CARTESIAN_POINT('',(0.0210568829069399,-0.210617621135332,0.0105846775005433));
#13331=CARTESIAN_POINT('',(0.0210568829069399,0.046,0.0105846775005433));
#13332=CARTESIAN_POINT('',(0.024375,0.046,0.011698274805112));
#13333=CARTESIAN_POINT('',(0.02769311709306,0.046,0.0105846775005433));
#13334=CARTESIAN_POINT('',(0.02769311709306,-0.210617621135332,0.0105846775005433));
#13335=CARTESIAN_POINT('',(0.024375,0.0492,9.73910998717973E-21));
#13336=CARTESIAN_POINT('',(0.0248307545953715,0.0460000000019144,0.00554256257648325));
#13337=CARTESIAN_POINT('',(0.0251418873686641,0.0459235729404398,0.00567493813003044));
#13338=CARTESIAN_POINT('',(0.0256192669334485,0.0456691377774055,0.00611563276606887));
#13339=CARTESIAN_POINT('',(0.0263180834573763,0.0450866323228297,0.00712456180586465));
#13340=CARTESIAN_POINT('',(0.0267001289152934,0.0446133936419091,0.00794423524653187));
#13341=CARTESIAN_POINT('',(0.0269307517624272,0.0442957125668697,0.00849447500910321));
#13342=CARTESIAN_POINT('',(0.0248307546161546,0.046,0.00554256258422041));
#13343=CARTESIAN_POINT('',(0.0269307517624273,0.0442957125668697,0.00849447500910319));
#13344=CARTESIAN_POINT('',(0.0585,0.046,0.00554256258422041));
#13345=CARTESIAN_POINT('',(0.0239192453838454,0.046,0.00554256258422041));
#13346=CARTESIAN_POINT('',(0.0218192482375676,0.0442957125668626,0.00849447500911566));
#13347=CARTESIAN_POINT('',(0.0220508382115902,0.0446147258512374,0.00794192779228916));
#13348=CARTESIAN_POINT('',(0.0224331766878102,0.0450867869934665,0.00712429390966939));
#13349=CARTESIAN_POINT('',(0.0231256818838911,0.0456659523385676,0.00612115010597141));
#13350=CARTESIAN_POINT('',(0.0236080215478707,0.0459235505695513,0.00567497688196731));
#13351=CARTESIAN_POINT('',(0.0239192454033301,0.0460000000047863,0.00554256257593036));
#13352=CARTESIAN_POINT('',(0.0218192482375676,0.0442957125668626,0.00849447500911553));
#13353=CARTESIAN_POINT('',(0.024375,0.0421573227576195,0.012198274805112));
#13354=CARTESIAN_POINT('',(0.0248135804412776,0.043,0.00553539327829036));
#13355=CARTESIAN_POINT('',(0.0248135804412776,0.046,0.00553539327829036));
#13356=CARTESIAN_POINT('',(0.0257734259918717,0.043,0.00592838335926621));
#13357=CARTESIAN_POINT('',(0.0257734259918717,0.046,0.00592838335926621));
#13358=CARTESIAN_POINT('',(0.0267332715424659,0.043,0.00761147810001721));
#13359=CARTESIAN_POINT('',(0.0267332715424659,0.046,0.00761147810001721));
#13360=CARTESIAN_POINT('',(0.02769311709306,0.043,0.0105846775005433));
#13361=CARTESIAN_POINT('',(0.02769311709306,0.046,0.0105846775005433));
#13362=CARTESIAN_POINT('',(0.0210568829069399,0.046,0.0105846775005433));
#13363=CARTESIAN_POINT('',(0.024375,0.046,0.000306540829643632));
#13364=CARTESIAN_POINT('',(0.02769311709306,0.046,0.0105846775005433));
#13365=CARTESIAN_POINT('',(0.0274730962037374,0.0430000000000138,0.00992574081694765));
#13366=CARTESIAN_POINT('',(0.0273278171472319,0.0435071977610229,0.00950556709954302));
#13367=CARTESIAN_POINT('',(0.0271650069825671,0.043973027927893,0.00905338119863673));
#13368=CARTESIAN_POINT('',(0.026930751762429,0.0442957125668674,0.00849447500910724));
#13369=CARTESIAN_POINT('',(0.02105688290694,0.043,0.0105846775005433));
#13370=CARTESIAN_POINT('',(0.02105688290694,0.046,0.0105846775005433));
#13371=CARTESIAN_POINT('',(0.0220167284575341,0.043,0.00761147810001721));
#13372=CARTESIAN_POINT('',(0.0220167284575341,0.046,0.00761147810001721));
#13373=CARTESIAN_POINT('',(0.0229765740081282,0.043,0.00592838335926621));
#13374=CARTESIAN_POINT('',(0.0229765740081282,0.046,0.00592838335926621));
#13375=CARTESIAN_POINT('',(0.0239364195587224,0.043,0.00553539327829036));
#13376=CARTESIAN_POINT('',(0.0239364195587224,0.046,0.00553539327829036));
#13377=CARTESIAN_POINT('',(0.0218192482375676,0.0442957125668626,0.00849447500911554));
#13378=CARTESIAN_POINT('',(0.0215876953276542,0.0439767503379943,0.00904693379521088));
#13379=CARTESIAN_POINT('',(0.0214221206558548,0.0435069806193642,0.0095057469844366));
#13380=CARTESIAN_POINT('',(0.0212769037962626,0.0430000000000071,0.00992574081694322));
#13381=CARTESIAN_POINT('',(0.0210568829069399,0.046,0.0105846775005433));
#13382=CARTESIAN_POINT('',(0.024375,0.046,0.000306540829643632));
#13383=CARTESIAN_POINT('',(0.02769311709306,0.046,0.0105846775005433));
#13384=CARTESIAN_POINT('',(0.0282078884016915,0.0435185680820901,0.00984052874156343));
#13385=CARTESIAN_POINT('',(0.0275329501911969,0.0433387905122024,0.0101519126266701));
#13386=CARTESIAN_POINT('',(0.0273561354235378,0.0426525426783057,0.0098644723112409));
#13387=CARTESIAN_POINT('',(0.027807337995274,0.0438945142786691,0.00918937082817625));
#13388=CARTESIAN_POINT('',(0.027249746770638,0.0436660129224333,0.00958514678678397));
#13389=CARTESIAN_POINT('',(0.02704459621855,0.043028488874884,0.00935801615638566));
#13390=CARTESIAN_POINT('',(0.0266676541581367,0.0445254620549092,0.00809653722280599));
#13391=CARTESIAN_POINT('',(0.0263547122231562,0.0442449826353669,0.00858234182792646));
#13392=CARTESIAN_POINT('',(0.0261581754563269,0.043659436651125,0.00850803446331775));
#13393=CARTESIAN_POINT('',(0.024375,0.0448703674260047,0.00749914359626505));
#13394=CARTESIAN_POINT('',(0.0243750000000006,0.0445751865263846,0.00801041191183238));
#13395=CARTESIAN_POINT('',(0.0243750000000001,0.0440043420222205,0.00804339497600907));
#13396=CARTESIAN_POINT('',(0.0220823458418634,0.0445254620549091,0.00809653722280606));
#13397=CARTESIAN_POINT('',(0.0223952877768408,0.0442449826353687,0.00858234182792539));
#13398=CARTESIAN_POINT('',(0.0225918245436727,0.0436594366511237,0.00850803446331821));
#13399=CARTESIAN_POINT('',(0.020942662004726,0.0438945142786692,0.00918937082817608));
#13400=CARTESIAN_POINT('',(0.0215002532293691,0.0436660129224294,0.0095851467867858));
#13401=CARTESIAN_POINT('',(0.0217054037814506,0.043028488874887,0.00935801615638459));
#13402=CARTESIAN_POINT('',(0.0205421115983085,0.0435185680820901,0.00984052874156344));
#13403=CARTESIAN_POINT('',(0.0212170498088031,0.0433387905122024,0.0101519126266701));
#13404=CARTESIAN_POINT('',(0.0213938645764622,0.0426525426783057,0.0098644723112409));
#13405=CARTESIAN_POINT('',(0.014625,-0.210617621135332,0.011698274805112));
#13406=CARTESIAN_POINT('',(0.014625,0.0412912973538351,0.011698274805112));
#13407=CARTESIAN_POINT('',(0.014625,-0.210617621135332,0.011698274805112));
#13408=CARTESIAN_POINT('',(0.0113068829069399,-0.210617621135332,0.0105846775005433));
#13409=CARTESIAN_POINT('',(0.0113068829069399,0.046,0.0105846775005433));
#13410=CARTESIAN_POINT('',(0.014625,0.046,0.011698274805112));
#13411=CARTESIAN_POINT('',(0.01794311709306,0.046,0.0105846775005433));
#13412=CARTESIAN_POINT('',(0.01794311709306,-0.210617621135332,0.0105846775005433));
#13413=CARTESIAN_POINT('',(0.014625,0.0492,7.6325789020122E-20));
#13414=CARTESIAN_POINT('',(0.0150807545953715,0.0460000000019144,0.00554256257648325));
#13415=CARTESIAN_POINT('',(0.0153918873686641,0.0459235729404398,0.00567493813003044));
#13416=CARTESIAN_POINT('',(0.0158692669334485,0.0456691377774055,0.00611563276606887));
#13417=CARTESIAN_POINT('',(0.0165680834573763,0.0450866323228298,0.00712456180586465));
#13418=CARTESIAN_POINT('',(0.0169501289152934,0.0446133936419091,0.00794423524653187));
#13419=CARTESIAN_POINT('',(0.0171807517624272,0.0442957125668697,0.00849447500910321));
#13420=CARTESIAN_POINT('',(0.0150807546161546,0.046,0.00554256258422041));
#13421=CARTESIAN_POINT('',(0.0171807517624273,0.0442957125668697,0.00849447500910319));
#13422=CARTESIAN_POINT('',(0.04875,0.046,0.00554256258422041));
#13423=CARTESIAN_POINT('',(0.0141692453838454,0.046,0.00554256258422041));
#13424=CARTESIAN_POINT('',(0.0120692482375675,0.0442957125668626,0.00849447500911566));
#13425=CARTESIAN_POINT('',(0.0123008382115902,0.0446147258512374,0.00794192779228916));
#13426=CARTESIAN_POINT('',(0.0126831766878102,0.0450867869934665,0.00712429390966939));
#13427=CARTESIAN_POINT('',(0.0133756818838911,0.0456659523385675,0.0061211501059714));
#13428=CARTESIAN_POINT('',(0.0138580215478707,0.0459235505695513,0.00567497688196731));
#13429=CARTESIAN_POINT('',(0.0141692454033302,0.0460000000047863,0.00554256257593036));
#13430=CARTESIAN_POINT('',(0.0120692482375676,0.0442957125668626,0.00849447500911553));
#13431=CARTESIAN_POINT('',(0.014625,0.0421573227576195,0.012198274805112));
#13432=CARTESIAN_POINT('',(0.0150635804412776,0.043,0.00553539327829036));
#13433=CARTESIAN_POINT('',(0.0150635804412776,0.046,0.00553539327829036));
#13434=CARTESIAN_POINT('',(0.0160234259918718,0.043,0.00592838335926622));
#13435=CARTESIAN_POINT('',(0.0160234259918718,0.046,0.00592838335926622));
#13436=CARTESIAN_POINT('',(0.0169832715424659,0.043,0.00761147810001721));
#13437=CARTESIAN_POINT('',(0.0169832715424659,0.046,0.00761147810001721));
#13438=CARTESIAN_POINT('',(0.01794311709306,0.043,0.0105846775005433));
#13439=CARTESIAN_POINT('',(0.01794311709306,0.046,0.0105846775005433));
#13440=CARTESIAN_POINT('',(0.0113068829069399,0.046,0.0105846775005433));
#13441=CARTESIAN_POINT('',(0.014625,0.046,0.000306540829643632));
#13442=CARTESIAN_POINT('',(0.01794311709306,0.046,0.0105846775005433));
#13443=CARTESIAN_POINT('',(0.0177230962037374,0.0430000000000138,0.00992574081694766));
#13444=CARTESIAN_POINT('',(0.0175778171472319,0.0435071977610229,0.00950556709954303));
#13445=CARTESIAN_POINT('',(0.0174150069825671,0.043973027927893,0.00905338119863673));
#13446=CARTESIAN_POINT('',(0.017180751762429,0.0442957125668674,0.00849447500910724));
#13447=CARTESIAN_POINT('',(0.0113068829069399,0.043,0.0105846775005433));
#13448=CARTESIAN_POINT('',(0.0113068829069399,0.046,0.0105846775005433));
#13449=CARTESIAN_POINT('',(0.0122667284575341,0.043,0.00761147810001721));
#13450=CARTESIAN_POINT('',(0.0122667284575341,0.046,0.00761147810001721));
#13451=CARTESIAN_POINT('',(0.0132265740081282,0.043,0.00592838335926621));
#13452=CARTESIAN_POINT('',(0.0132265740081282,0.046,0.00592838335926621));
#13453=CARTESIAN_POINT('',(0.0141864195587224,0.043,0.00553539327829035));
#13454=CARTESIAN_POINT('',(0.0141864195587224,0.046,0.00553539327829035));
#13455=CARTESIAN_POINT('',(0.0120692482375676,0.0442957125668626,0.00849447500911554));
#13456=CARTESIAN_POINT('',(0.0118376953276542,0.0439767503379943,0.00904693379521088));
#13457=CARTESIAN_POINT('',(0.0116721206558549,0.0435069806193642,0.00950574698443659));
#13458=CARTESIAN_POINT('',(0.0115269037962626,0.0430000000000072,0.00992574081694324));
#13459=CARTESIAN_POINT('',(0.0113068829069399,0.046,0.0105846775005433));
#13460=CARTESIAN_POINT('',(0.014625,0.046,0.000306540829643632));
#13461=CARTESIAN_POINT('',(0.01794311709306,0.046,0.0105846775005433));
#13462=CARTESIAN_POINT('',(0.0184578884016915,0.0435185680820901,0.00984052874156343));
#13463=CARTESIAN_POINT('',(0.0177829501911969,0.0433387905122024,0.0101519126266701));
#13464=CARTESIAN_POINT('',(0.0176061354235378,0.0426525426783057,0.0098644723112409));
#13465=CARTESIAN_POINT('',(0.018057337995274,0.0438945142786692,0.00918937082817625));
#13466=CARTESIAN_POINT('',(0.0174997467706301,0.0436660129224345,0.00958514678678588));
#13467=CARTESIAN_POINT('',(0.01729459621855,0.043028488874884,0.00935801615638566));
#13468=CARTESIAN_POINT('',(0.0169176541581368,0.0445254620549091,0.00809653722280599));
#13469=CARTESIAN_POINT('',(0.0166047122231592,0.0442449826353666,0.00858234182792524));
#13470=CARTESIAN_POINT('',(0.0164081754563269,0.043659436651125,0.00850803446331774));
#13471=CARTESIAN_POINT('',(0.0146249999999996,0.0448703674260047,0.00749914359626505));
#13472=CARTESIAN_POINT('',(0.014625,0.0445751865263853,0.00801041191183217));
#13473=CARTESIAN_POINT('',(0.014625,0.0440043420222205,0.00804339497600911));
#13474=CARTESIAN_POINT('',(0.0123323458418647,0.0445254620549091,0.00809653722280606));
#13475=CARTESIAN_POINT('',(0.012645287776842,0.0442449826353664,0.00858234182792753));
#13476=CARTESIAN_POINT('',(0.0128418245436728,0.0436594366511237,0.00850803446331806));
#13477=CARTESIAN_POINT('',(0.0111926620047231,0.0438945142786692,0.00918937082817608));
#13478=CARTESIAN_POINT('',(0.0117502532293658,0.043666012922434,0.00958514678678187));
#13479=CARTESIAN_POINT('',(0.0119554037814504,0.043028488874887,0.00935801615638492));
#13480=CARTESIAN_POINT('',(0.0107921115983085,0.0435185680820901,0.00984052874156344));
#13481=CARTESIAN_POINT('',(0.0114670498088031,0.0433387905122024,0.0101519126266701));
#13482=CARTESIAN_POINT('',(0.0116438645764622,0.0426525426783057,0.0098644723112409));
#13483=CARTESIAN_POINT('',(0.004875,-0.210617621135332,0.011698274805112));
#13484=CARTESIAN_POINT('',(0.004875,0.0412912973538351,0.011698274805112));
#13485=CARTESIAN_POINT('',(0.004875,0.0492,1.42912468053064E-19));
#13486=CARTESIAN_POINT('',(0.00533075459537143,0.0460000000019144,0.00554256257648325));
#13487=CARTESIAN_POINT('',(0.00564188736866412,0.0459235729404398,0.00567493813003044));
#13488=CARTESIAN_POINT('',(0.0061192669334485,0.0456691377774055,0.00611563276606888));
#13489=CARTESIAN_POINT('',(0.00681808345737628,0.0450866323228297,0.00712456180586465));
#13490=CARTESIAN_POINT('',(0.00720012891529341,0.0446133936419091,0.00794423524653186));
#13491=CARTESIAN_POINT('',(0.00743075176242724,0.0442957125668697,0.0084944750091032));
#13492=CARTESIAN_POINT('',(0.00533075461615461,0.046,0.00554256258422041));
#13493=CARTESIAN_POINT('',(0.00743075176242723,0.0442957125668697,0.00849447500910319));
#13494=CARTESIAN_POINT('',(0.039,0.046,0.00554256258422041));
#13495=CARTESIAN_POINT('',(0.0044192453838454,0.046,0.00554256258422041));
#13496=CARTESIAN_POINT('',(0.00231924823756754,0.0442957125668626,0.00849447500911566));
#13497=CARTESIAN_POINT('',(0.00255083821159023,0.0446147258512374,0.00794192779228916));
#13498=CARTESIAN_POINT('',(0.0029331766878102,0.0450867869934665,0.0071242939096694));
#13499=CARTESIAN_POINT('',(0.00362568188389106,0.0456659523385675,0.0061211501059714));
#13500=CARTESIAN_POINT('',(0.00410802154787073,0.0459235505695513,0.00567497688196731));
#13501=CARTESIAN_POINT('',(0.00441924540333015,0.0460000000047863,0.00554256257593036));
#13502=CARTESIAN_POINT('',(0.00231924823756759,0.0442957125668626,0.00849447500911553));
#13503=CARTESIAN_POINT('',(0.004875,0.0421573227576195,0.012198274805112));
#13504=CARTESIAN_POINT('',(0.00531358044127761,0.043,0.00553539327829036));
#13505=CARTESIAN_POINT('',(0.00531358044127761,0.046,0.00553539327829036));
#13506=CARTESIAN_POINT('',(0.00627342599187176,0.043,0.00592838335926622));
#13507=CARTESIAN_POINT('',(0.00627342599187176,0.046,0.00592838335926622));
#13508=CARTESIAN_POINT('',(0.00723327154246591,0.043,0.00761147810001722));
#13509=CARTESIAN_POINT('',(0.00723327154246591,0.046,0.00761147810001722));
#13510=CARTESIAN_POINT('',(0.00819311709306006,0.043,0.0105846775005433));
#13511=CARTESIAN_POINT('',(0.00819311709306006,0.046,0.0105846775005433));
#13512=CARTESIAN_POINT('',(0.00155688290693994,0.046,0.0105846775005433));
#13513=CARTESIAN_POINT('',(0.004875,0.046,0.000306540829643632));
#13514=CARTESIAN_POINT('',(0.00819311709306006,0.046,0.0105846775005433));
#13515=CARTESIAN_POINT('',(0.00797309620373744,0.0430000000000138,0.00992574081694766));
#13516=CARTESIAN_POINT('',(0.00782781714723195,0.0435071977610229,0.00950556709954303));
#13517=CARTESIAN_POINT('',(0.00766500698256711,0.043973027927893,0.00905338119863673));
#13518=CARTESIAN_POINT('',(0.00743075176242893,0.0442957125668674,0.00849447500910724));
#13519=CARTESIAN_POINT('',(0.00155688290693994,0.043,0.0105846775005433));
#13520=CARTESIAN_POINT('',(0.00155688290693994,0.046,0.0105846775005433));
#13521=CARTESIAN_POINT('',(0.00251672845753409,0.043,0.00761147810001721));
#13522=CARTESIAN_POINT('',(0.00251672845753409,0.046,0.00761147810001721));
#13523=CARTESIAN_POINT('',(0.00347657400812824,0.043,0.00592838335926622));
#13524=CARTESIAN_POINT('',(0.00347657400812824,0.046,0.00592838335926622));
#13525=CARTESIAN_POINT('',(0.00443641955872239,0.043,0.00553539327829036));
#13526=CARTESIAN_POINT('',(0.00443641955872239,0.046,0.00553539327829036));
#13527=CARTESIAN_POINT('',(0.0023192482375676,0.0442957125668626,0.00849447500911554));
#13528=CARTESIAN_POINT('',(0.00208769532765416,0.0439767503379943,0.00904693379521088));
#13529=CARTESIAN_POINT('',(0.00192212065585486,0.0435069806193642,0.00950574698443658));
#13530=CARTESIAN_POINT('',(0.00177690379626259,0.0430000000000073,0.00992574081694324));
#13531=CARTESIAN_POINT('',(0.00155688290693994,0.046,0.0105846775005433));
#13532=CARTESIAN_POINT('',(0.004875,0.046,0.000306540829643632));
#13533=CARTESIAN_POINT('',(0.00819311709306006,0.046,0.0105846775005433));
#13534=CARTESIAN_POINT('',(0.00870788840169148,0.0435185680820901,0.00984052874156343));
#13535=CARTESIAN_POINT('',(0.00803295019119694,0.0433387905122024,0.0101519126266701));
#13536=CARTESIAN_POINT('',(0.00785613542353782,0.0426525426783057,0.0098644723112409));
#13537=CARTESIAN_POINT('',(0.00830733799527396,0.0438945142786691,0.00918937082817625));
#13538=CARTESIAN_POINT('',(0.00774974677063187,0.0436660129224388,0.00958514678678649));
#13539=CARTESIAN_POINT('',(0.00754459621854941,0.043028488874884,0.00935801615638467));
#13540=CARTESIAN_POINT('',(0.00716765415813671,0.0445254620549092,0.00809653722280599));
#13541=CARTESIAN_POINT('',(0.00685471222315854,0.0442449826353641,0.00858234182792495));
#13542=CARTESIAN_POINT('',(0.0066581754563272,0.043659436651125,0.00850803446331824));
#13543=CARTESIAN_POINT('',(0.0048749999999998,0.0448703674260047,0.00749914359626505));
#13544=CARTESIAN_POINT('',(0.00487500000000022,0.0445751865263873,0.0080104119118328));
#13545=CARTESIAN_POINT('',(0.00487500000000007,0.0440043420222205,0.00804339497600886));
#13546=CARTESIAN_POINT('',(0.00258234584186413,0.0445254620549091,0.00809653722280606));
#13547=CARTESIAN_POINT('',(0.00289528777684104,0.0442449826353606,0.00858234182792534));
#13548=CARTESIAN_POINT('',(0.00309182454367256,0.0436594366511237,0.00850803446331857));
#13549=CARTESIAN_POINT('',(0.00144266200472438,0.0438945142786692,0.00918937082817608));
#13550=CARTESIAN_POINT('',(0.00200025322936841,0.043666012922447,0.00958514678678606));
#13551=CARTESIAN_POINT('',(0.00220540378145107,0.043028488874887,0.00935801615638389));
#13552=CARTESIAN_POINT('',(0.00104211159830852,0.0435185680820901,0.00984052874156344));
#13553=CARTESIAN_POINT('',(0.00171704980880306,0.0433387905122024,0.0101519126266701));
#13554=CARTESIAN_POINT('',(0.00189386457646218,0.0426525426783057,0.0098644723112409));
#13555=CARTESIAN_POINT('',(-0.004875,-0.210617621135332,0.011698274805112));
#13556=CARTESIAN_POINT('',(-0.004875,0.043,0.011698274805112));
#13557=CARTESIAN_POINT('',(-0.0022384588589898,0.043,0.00939639496207926));
#13558=CARTESIAN_POINT('',(-0.0075115411410102,0.043,0.00939639496207925));
#13559=CARTESIAN_POINT('',(-0.004875,0.0412912973538351,0.011698274805112));
#13560=CARTESIAN_POINT('',(-0.004875,-0.210617621135332,0.011698274805112));
#13561=CARTESIAN_POINT('',(-0.004875,0.043,0.011698274805112));
#13562=CARTESIAN_POINT('',(-0.00819311709306021,0.043,0.0105846775005438));
#13563=CARTESIAN_POINT('',(-0.00819311709306006,-0.210617621135332,0.0105846775005433));
#13564=CARTESIAN_POINT('',(-0.00819311709306006,0.046,0.0105846775005433));
#13565=CARTESIAN_POINT('',(-0.004875,0.046,0.011698274805112));
#13566=CARTESIAN_POINT('',(-0.004875,0.0492,2.09499147086007E-19));
#13567=CARTESIAN_POINT('',(-0.00441924540462857,0.0460000000019144,0.00554256257648325));
#13568=CARTESIAN_POINT('',(-0.00410811263133588,0.0459235729404398,0.00567493813003044));
#13569=CARTESIAN_POINT('',(-0.00363073306655151,0.0456691377774055,0.00611563276606888));
#13570=CARTESIAN_POINT('',(-0.00293191654262372,0.0450866323228297,0.00712456180586465));
#13571=CARTESIAN_POINT('',(-0.0025498710847066,0.0446133936419091,0.00794423524653186));
#13572=CARTESIAN_POINT('',(-0.00231924823757276,0.0442957125668697,0.0084944750091032));
#13573=CARTESIAN_POINT('',(-0.0044192453838454,0.046,0.00554256258422041));
#13574=CARTESIAN_POINT('',(-0.00231924823757277,0.0442957125668697,0.00849447500910319));
#13575=CARTESIAN_POINT('',(0.02925,0.046,0.00554256258422041));
#13576=CARTESIAN_POINT('',(-0.00533075461615461,0.046,0.00554256258422041));
#13577=CARTESIAN_POINT('',(-0.00743075176243245,0.0442957125668626,0.00849447500911566));
#13578=CARTESIAN_POINT('',(-0.00719916178840977,0.0446147258512374,0.00794192779228916));
#13579=CARTESIAN_POINT('',(-0.0068168233121898,0.0450867869934665,0.0071242939096694));
#13580=CARTESIAN_POINT('',(-0.00612431811610893,0.0456659523385676,0.00612115010597141));
#13581=CARTESIAN_POINT('',(-0.00564197845212928,0.0459235505695513,0.00567497688196731));
#13582=CARTESIAN_POINT('',(-0.00533075459666985,0.0460000000047863,0.00554256257593036));
#13583=CARTESIAN_POINT('',(-0.00743075176243241,0.0442957125668626,0.00849447500911553));
#13584=CARTESIAN_POINT('',(-0.004875,0.0421573227576195,0.012198274805112));
#13585=CARTESIAN_POINT('',(-0.0044364195587224,0.043,0.00553539327829036));
#13586=CARTESIAN_POINT('',(-0.0044364195587224,0.046,0.00553539327829036));
#13587=CARTESIAN_POINT('',(-0.00347657400812824,0.043,0.00592838335926622));
#13588=CARTESIAN_POINT('',(-0.00347657400812824,0.046,0.00592838335926622));
#13589=CARTESIAN_POINT('',(-0.0025167284575341,0.043,0.00761147810001721));
#13590=CARTESIAN_POINT('',(-0.0025167284575341,0.046,0.00761147810001721));
#13591=CARTESIAN_POINT('',(-0.00155688290693994,0.043,0.0105846775005433));
#13592=CARTESIAN_POINT('',(-0.00155688290693994,0.046,0.0105846775005433));
#13593=CARTESIAN_POINT('',(-0.00819311709306006,0.046,0.0105846775005433));
#13594=CARTESIAN_POINT('',(-0.004875,0.046,0.000306540829643633));
#13595=CARTESIAN_POINT('',(-0.00155688290693994,0.046,0.0105846775005433));
#13596=CARTESIAN_POINT('',(-0.00177690379626257,0.0430000000000138,0.00992574081694766));
#13597=CARTESIAN_POINT('',(-0.00192218285276805,0.0435071977610229,0.00950556709954303));
#13598=CARTESIAN_POINT('',(-0.00208499301743289,0.043973027927893,0.00905338119863673));
#13599=CARTESIAN_POINT('',(-0.00231924823757107,0.0442957125668674,0.00849447500910724));
#13600=CARTESIAN_POINT('',(-0.00177690379626336,0.043,0.00992574081693457));
#13601=CARTESIAN_POINT('',(-0.00177690379626336,0.043,0.00992574081693457));
#13602=CARTESIAN_POINT('',(-0.00170122879741959,0.043,0.0101446068141645));
#13603=CARTESIAN_POINT('',(-0.00162802824860541,0.043,0.0103642990375093));
#13604=CARTESIAN_POINT('',(-0.0015568829069401,0.043,0.0105846775005429));
#13605=CARTESIAN_POINT('',(-0.00819311709306006,0.043,0.0105846775005433));
#13606=CARTESIAN_POINT('',(-0.00819311709306006,0.046,0.0105846775005433));
#13607=CARTESIAN_POINT('',(-0.00723327154246591,0.043,0.00761147810001722));
#13608=CARTESIAN_POINT('',(-0.00723327154246591,0.046,0.00761147810001722));
#13609=CARTESIAN_POINT('',(-0.00627342599187176,0.043,0.00592838335926622));
#13610=CARTESIAN_POINT('',(-0.00627342599187176,0.046,0.00592838335926622));
#13611=CARTESIAN_POINT('',(-0.00531358044127761,0.043,0.00553539327829036));
#13612=CARTESIAN_POINT('',(-0.00531358044127761,0.046,0.00553539327829036));
#13613=CARTESIAN_POINT('',(-0.00819311709306021,0.043,0.0105846775005438));
#13614=CARTESIAN_POINT('',(-0.0081219717513948,0.043,0.0103642990375099));
#13615=CARTESIAN_POINT('',(-0.00804877120258042,0.043,0.0101446068141648));
#13616=CARTESIAN_POINT('',(-0.00797309620373665,0.043,0.00992574081693458));
#13617=CARTESIAN_POINT('',(-0.00797309620373665,0.043,0.00992574081693458));
#13618=CARTESIAN_POINT('',(-0.0074307517624324,0.0442957125668626,0.00849447500911554));
#13619=CARTESIAN_POINT('',(-0.00766230467234584,0.0439767503379943,0.00904693379521088));
#13620=CARTESIAN_POINT('',(-0.00782787934414516,0.0435069806193642,0.0095057469844366));
#13621=CARTESIAN_POINT('',(-0.00797309620373743,0.0430000000000071,0.00992574081694323));
#13622=CARTESIAN_POINT('',(-0.00819311709306006,0.046,0.0105846775005433));
#13623=CARTESIAN_POINT('',(-0.004875,0.046,0.000306540829643633));
#13624=CARTESIAN_POINT('',(-0.00155688290693994,0.046,0.0105846775005433));
#13625=CARTESIAN_POINT('',(-0.00104211159830852,0.0435185680820901,0.00984052874156343));
#13626=CARTESIAN_POINT('',(-0.00171704980880307,0.0433387905122025,0.0101519126266701));
#13627=CARTESIAN_POINT('',(-0.00189386457646218,0.0426525426783057,0.0098644723112409));
#13628=CARTESIAN_POINT('',(-0.00144266200472401,0.0438945142786689,0.00918937082817662));
#13629=CARTESIAN_POINT('',(-0.00200025322936751,0.0436660129224395,0.00958514678678801));
#13630=CARTESIAN_POINT('',(-0.00220540378145069,0.043028488874887,0.0093580161563845));
#13631=CARTESIAN_POINT('',(-0.0025823458418643,0.0445254620549092,0.00809653722280588));
#13632=CARTESIAN_POINT('',(-0.0028952877768416,0.0442449826353642,0.00858234182792454));
#13633=CARTESIAN_POINT('',(-0.0030918245436728,0.0436594366511236,0.00850803446331838));
#13634=CARTESIAN_POINT('',(-0.00487499999999974,0.0448703674260048,0.00749914359626489));
#13635=CARTESIAN_POINT('',(-0.00487499999999982,0.0445751865263859,0.00801041191183254));
#13636=CARTESIAN_POINT('',(-0.0048749999999998,0.0440043420222208,0.0080433949760086));
#13637=CARTESIAN_POINT('',(-0.00716765415813671,0.0445254620549086,0.00809653722280681));
#13638=CARTESIAN_POINT('',(-0.00685471222315899,0.0442449826353665,0.00858234182792672));
#13639=CARTESIAN_POINT('',(-0.00665817545632798,0.0436594366511236,0.00850803446331945));
#13640=CARTESIAN_POINT('',(-0.00830733799527397,0.0438945142786702,0.00918937082817442));
#13641=CARTESIAN_POINT('',(-0.00774974677063139,0.0436660129224337,0.0095851467867828));
#13642=CARTESIAN_POINT('',(-0.00754459621854777,0.043028488874887,0.00935801615638199));
#13643=CARTESIAN_POINT('',(-0.00870788840169148,0.0435185680820901,0.00984052874156344));
#13644=CARTESIAN_POINT('',(-0.00803295019119694,0.0433387905122024,0.0101519126266701));
#13645=CARTESIAN_POINT('',(-0.00785613542353782,0.0426525426783057,0.00986447231124091));
#13646=CARTESIAN_POINT('',(-0.0022384588589898,0.043,0.00939639496207925));
#13647=CARTESIAN_POINT('',(-0.00208449472178214,0.043,0.00957274334238971));
#13648=CARTESIAN_POINT('',(-0.00193294811504313,0.043,0.00975124671736867));
#13649=CARTESIAN_POINT('',(-0.00177690379626353,0.043,0.00992574081693472));
#13650=CARTESIAN_POINT('',(-0.0075115411410102,0.043,0.00939639496207925));
#13651=CARTESIAN_POINT('',(-0.00766550527821786,0.043,0.00957274334238972));
#13652=CARTESIAN_POINT('',(-0.00781705188495687,0.043,0.00975124671736867));
#13653=CARTESIAN_POINT('',(-0.00797309620373648,0.043,0.00992574081693473));
#13654=CARTESIAN_POINT('',(-0.014625,-0.210617621135332,0.011698274805112));
#13655=CARTESIAN_POINT('',(-0.014625,0.043,0.011698274805112));
#13656=CARTESIAN_POINT('',(-0.0119884588589898,0.043,0.00939639496207926));
#13657=CARTESIAN_POINT('',(-0.0172615411410102,0.043,0.00939639496207925));
#13658=CARTESIAN_POINT('',(-0.014625,0.0412912973538351,0.011698274805112));
#13659=CARTESIAN_POINT('',(-0.014625,-0.210617621135332,0.011698274805112));
#13660=CARTESIAN_POINT('',(-0.01794311709306,-0.210617621135332,0.0105846775005433));
#13661=CARTESIAN_POINT('',(-0.0179431170930602,0.043,0.0105846775005438));
#13662=CARTESIAN_POINT('',(-0.01794311709306,0.046,0.0105846775005433));
#13663=CARTESIAN_POINT('',(-0.014625,0.046,0.011698274805112));
#13664=CARTESIAN_POINT('',(-0.0113068829069399,0.046,0.0105846775005433));
#13665=CARTESIAN_POINT('',(-0.0113068829069399,-0.210617621135332,0.0105846775005433));
#13666=CARTESIAN_POINT('',(-0.0113068829069401,0.043,0.0105846775005429));
#13667=CARTESIAN_POINT('',(-0.014625,0.043,0.011698274805112));
#13668=CARTESIAN_POINT('',(-0.014625,0.0492,2.76085826118949E-19));
#13669=CARTESIAN_POINT('',(-0.0141692454046286,0.0460000000019144,0.00554256257648325));
#13670=CARTESIAN_POINT('',(-0.0138581126313359,0.0459235729404398,0.00567493813003044));
#13671=CARTESIAN_POINT('',(-0.0133807330665515,0.0456691377774055,0.00611563276606887));
#13672=CARTESIAN_POINT('',(-0.0126819165426237,0.0450866323228297,0.00712456180586464));
#13673=CARTESIAN_POINT('',(-0.0122998710847066,0.0446133936419091,0.00794423524653187));
#13674=CARTESIAN_POINT('',(-0.0120692482375728,0.0442957125668697,0.0084944750091032));
#13675=CARTESIAN_POINT('',(-0.0141692453838454,0.046,0.00554256258422041));
#13676=CARTESIAN_POINT('',(-0.0120692482375728,0.0442957125668697,0.00849447500910319));
#13677=CARTESIAN_POINT('',(0.0195,0.046,0.00554256258422041));
#13678=CARTESIAN_POINT('',(-0.0150807546161546,0.046,0.00554256258422041));
#13679=CARTESIAN_POINT('',(-0.0171807517624324,0.0442957125668626,0.00849447500911566));
#13680=CARTESIAN_POINT('',(-0.0169491617884098,0.0446147258512374,0.00794192779228916));
#13681=CARTESIAN_POINT('',(-0.0165668233121898,0.0450867869934665,0.00712429390966939));
#13682=CARTESIAN_POINT('',(-0.0158743181161089,0.0456659523385675,0.00612115010597141));
#13683=CARTESIAN_POINT('',(-0.0153919784521293,0.0459235505695513,0.00567497688196731));
#13684=CARTESIAN_POINT('',(-0.0150807545966699,0.0460000000047863,0.00554256257593036));
#13685=CARTESIAN_POINT('',(-0.0171807517624324,0.0442957125668626,0.00849447500911553));
#13686=CARTESIAN_POINT('',(-0.014625,0.0421573227576195,0.012198274805112));
#13687=CARTESIAN_POINT('',(-0.0141864195587224,0.043,0.00553539327829035));
#13688=CARTESIAN_POINT('',(-0.0141864195587224,0.046,0.00553539327829035));
#13689=CARTESIAN_POINT('',(-0.0132265740081282,0.043,0.00592838335926621));
#13690=CARTESIAN_POINT('',(-0.0132265740081282,0.046,0.00592838335926621));
#13691=CARTESIAN_POINT('',(-0.0122667284575341,0.043,0.00761147810001721));
#13692=CARTESIAN_POINT('',(-0.0122667284575341,0.046,0.00761147810001721));
#13693=CARTESIAN_POINT('',(-0.0113068829069399,0.043,0.0105846775005433));
#13694=CARTESIAN_POINT('',(-0.0113068829069399,0.046,0.0105846775005433));
#13695=CARTESIAN_POINT('',(-0.01794311709306,0.046,0.0105846775005433));
#13696=CARTESIAN_POINT('',(-0.014625,0.046,0.000306540829643633));
#13697=CARTESIAN_POINT('',(-0.0113068829069399,0.046,0.0105846775005433));
#13698=CARTESIAN_POINT('',(-0.0115269037962626,0.0430000000000138,0.00992574081694766));
#13699=CARTESIAN_POINT('',(-0.011672182852768,0.0435071977610229,0.00950556709954303));
#13700=CARTESIAN_POINT('',(-0.0118349930174329,0.043973027927893,0.00905338119863673));
#13701=CARTESIAN_POINT('',(-0.0120692482375711,0.0442957125668674,0.00849447500910724));
#13702=CARTESIAN_POINT('',(-0.0115269037962634,0.043,0.00992574081693457));
#13703=CARTESIAN_POINT('',(-0.0115269037962634,0.043,0.00992574081693457));
#13704=CARTESIAN_POINT('',(-0.0114512287974196,0.043,0.0101446068141645));
#13705=CARTESIAN_POINT('',(-0.0113780282486054,0.043,0.0103642990375093));
#13706=CARTESIAN_POINT('',(-0.0113068829069401,0.043,0.0105846775005429));
#13707=CARTESIAN_POINT('',(-0.01794311709306,0.043,0.0105846775005433));
#13708=CARTESIAN_POINT('',(-0.01794311709306,0.046,0.0105846775005433));
#13709=CARTESIAN_POINT('',(-0.0169832715424659,0.043,0.00761147810001721));
#13710=CARTESIAN_POINT('',(-0.0169832715424659,0.046,0.00761147810001721));
#13711=CARTESIAN_POINT('',(-0.0160234259918718,0.043,0.00592838335926622));
#13712=CARTESIAN_POINT('',(-0.0160234259918718,0.046,0.00592838335926622));
#13713=CARTESIAN_POINT('',(-0.0150635804412776,0.043,0.00553539327829036));
#13714=CARTESIAN_POINT('',(-0.0150635804412776,0.046,0.00553539327829036));
#13715=CARTESIAN_POINT('',(-0.0179431170930602,0.043,0.0105846775005438));
#13716=CARTESIAN_POINT('',(-0.0178719717513948,0.043,0.0103642990375099));
#13717=CARTESIAN_POINT('',(-0.0177987712025804,0.043,0.0101446068141648));
#13718=CARTESIAN_POINT('',(-0.0177230962037367,0.043,0.00992574081693458));
#13719=CARTESIAN_POINT('',(-0.0177230962037366,0.043,0.00992574081693458));
#13720=CARTESIAN_POINT('',(-0.0171807517624324,0.0442957125668626,0.00849447500911554));
#13721=CARTESIAN_POINT('',(-0.0174123046723458,0.0439767503379943,0.00904693379521088));
#13722=CARTESIAN_POINT('',(-0.0175778793441451,0.0435069806193642,0.00950574698443659));
#13723=CARTESIAN_POINT('',(-0.0177230962037374,0.0430000000000072,0.00992574081694323));
#13724=CARTESIAN_POINT('',(-0.01794311709306,0.046,0.0105846775005433));
#13725=CARTESIAN_POINT('',(-0.014625,0.046,0.000306540829643633));
#13726=CARTESIAN_POINT('',(-0.0113068829069399,0.046,0.0105846775005433));
#13727=CARTESIAN_POINT('',(-0.0107921115983085,0.0435185680820901,0.00984052874156343));
#13728=CARTESIAN_POINT('',(-0.0114670498088031,0.0433387905122025,0.0101519126266701));
#13729=CARTESIAN_POINT('',(-0.0116438645764622,0.0426525426783057,0.0098644723112409));
#13730=CARTESIAN_POINT('',(-0.011192662004726,0.0438945142786689,0.00918937082817662));
#13731=CARTESIAN_POINT('',(-0.0117502532293731,0.0436660129224201,0.00958514678678847));
#13732=CARTESIAN_POINT('',(-0.0119554037814509,0.043028488874887,0.00935801615638413));
#13733=CARTESIAN_POINT('',(-0.0123323458418634,0.0445254620549092,0.00809653722280588));
#13734=CARTESIAN_POINT('',(-0.0126452877768397,0.0442449826353731,0.00858234182792359));
#13735=CARTESIAN_POINT('',(-0.0128418245436727,0.0436594366511236,0.00850803446331854));
#13736=CARTESIAN_POINT('',(-0.014625,0.0448703674260048,0.00749914359626489));
#13737=CARTESIAN_POINT('',(-0.0146249999999997,0.0445751865263837,0.00801041191183346));
#13738=CARTESIAN_POINT('',(-0.0146249999999999,0.0440043420222208,0.00804339497600862));
#13739=CARTESIAN_POINT('',(-0.0169176541581366,0.0445254620549086,0.00809653722280681));
#13740=CARTESIAN_POINT('',(-0.0166047122231606,0.0442449826353663,0.00858234182792429));
#13741=CARTESIAN_POINT('',(-0.0164081754563278,0.0436594366511236,0.00850803446331923));
#13742=CARTESIAN_POINT('',(-0.018057337995274,0.0438945142786702,0.00918937082817442));
#13743=CARTESIAN_POINT('',(-0.0174997467706278,0.0436660129224359,0.00958514678678802));
#13744=CARTESIAN_POINT('',(-0.0172945962185481,0.043028488874887,0.00935801615638249));
#13745=CARTESIAN_POINT('',(-0.0184578884016915,0.0435185680820901,0.00984052874156344));
#13746=CARTESIAN_POINT('',(-0.0177829501911969,0.0433387905122024,0.0101519126266701));
#13747=CARTESIAN_POINT('',(-0.0176061354235378,0.0426525426783057,0.00986447231124091));
#13748=CARTESIAN_POINT('',(-0.0119884588589898,0.043,0.00939639496207925));
#13749=CARTESIAN_POINT('',(-0.0118344947217821,0.043,0.00957274334238971));
#13750=CARTESIAN_POINT('',(-0.0116829481150431,0.043,0.00975124671736867));
#13751=CARTESIAN_POINT('',(-0.0115269037962635,0.043,0.00992574081693472));
#13752=CARTESIAN_POINT('',(-0.0172615411410102,0.043,0.00939639496207925));
#13753=CARTESIAN_POINT('',(-0.0174155052782179,0.043,0.00957274334238972));
#13754=CARTESIAN_POINT('',(-0.0175670518849569,0.043,0.00975124671736867));
#13755=CARTESIAN_POINT('',(-0.0177230962037365,0.043,0.00992574081693473));
#13756=CARTESIAN_POINT('',(-0.024375,-0.210617621135332,0.011698274805112));
#13757=CARTESIAN_POINT('',(-0.024375,0.043,0.011698274805112));
#13758=CARTESIAN_POINT('',(-0.0217384588589898,0.043,0.00939639496207926));
#13759=CARTESIAN_POINT('',(-0.0270115411410102,0.043,0.00939639496207925));
#13760=CARTESIAN_POINT('',(-0.024375,0.0412912973538351,0.011698274805112));
#13761=CARTESIAN_POINT('',(-0.024375,-0.210617621135332,0.011698274805112));
#13762=CARTESIAN_POINT('',(-0.02769311709306,-0.210617621135332,0.0105846775005433));
#13763=CARTESIAN_POINT('',(-0.0276931170930602,0.043,0.0105846775005438));
#13764=CARTESIAN_POINT('',(-0.02769311709306,0.046,0.0105846775005433));
#13765=CARTESIAN_POINT('',(-0.024375,0.046,0.011698274805112));
#13766=CARTESIAN_POINT('',(-0.0210568829069399,0.046,0.0105846775005433));
#13767=CARTESIAN_POINT('',(-0.0210568829069399,-0.210617621135332,0.0105846775005433));
#13768=CARTESIAN_POINT('',(-0.0210568829069401,0.043,0.0105846775005429));
#13769=CARTESIAN_POINT('',(-0.024375,0.043,0.011698274805112));
#13770=CARTESIAN_POINT('',(-0.024375,0.0492,3.42672505151891E-19));
#13771=CARTESIAN_POINT('',(-0.0239192454046286,0.0460000000019144,0.00554256257648325));
#13772=CARTESIAN_POINT('',(-0.0236081126313359,0.0459235729404398,0.00567493813003044));
#13773=CARTESIAN_POINT('',(-0.0231307330665515,0.0456691377774055,0.00611563276606888));
#13774=CARTESIAN_POINT('',(-0.0224319165426237,0.0450866323228297,0.00712456180586465));
#13775=CARTESIAN_POINT('',(-0.0220498710847066,0.0446133936419091,0.00794423524653187));
#13776=CARTESIAN_POINT('',(-0.0218192482375728,0.0442957125668697,0.00849447500910321));
#13777=CARTESIAN_POINT('',(-0.0239192453838454,0.046,0.00554256258422041));
#13778=CARTESIAN_POINT('',(-0.0218192482375727,0.0442957125668697,0.00849447500910319));
#13779=CARTESIAN_POINT('',(0.00975,0.046,0.00554256258422041));
#13780=CARTESIAN_POINT('',(-0.0248307546161546,0.046,0.00554256258422041));
#13781=CARTESIAN_POINT('',(-0.0269307517624324,0.0442957125668626,0.00849447500911566));
#13782=CARTESIAN_POINT('',(-0.0266991617884098,0.0446147258512374,0.00794192779228916));
#13783=CARTESIAN_POINT('',(-0.0263168233121898,0.0450867869934665,0.00712429390966939));
#13784=CARTESIAN_POINT('',(-0.0256243181161089,0.0456659523385675,0.00612115010597141));
#13785=CARTESIAN_POINT('',(-0.0251419784521293,0.0459235505695513,0.00567497688196731));
#13786=CARTESIAN_POINT('',(-0.0248307545966698,0.0460000000047863,0.00554256257593036));
#13787=CARTESIAN_POINT('',(-0.0269307517624324,0.0442957125668626,0.00849447500911553));
#13788=CARTESIAN_POINT('',(-0.024375,0.0421573227576195,0.012198274805112));
#13789=CARTESIAN_POINT('',(-0.0239364195587224,0.043,0.00553539327829036));
#13790=CARTESIAN_POINT('',(-0.0239364195587224,0.046,0.00553539327829036));
#13791=CARTESIAN_POINT('',(-0.0229765740081282,0.043,0.00592838335926621));
#13792=CARTESIAN_POINT('',(-0.0229765740081282,0.046,0.00592838335926621));
#13793=CARTESIAN_POINT('',(-0.0220167284575341,0.043,0.00761147810001721));
#13794=CARTESIAN_POINT('',(-0.0220167284575341,0.046,0.00761147810001721));
#13795=CARTESIAN_POINT('',(-0.0210568829069399,0.043,0.0105846775005433));
#13796=CARTESIAN_POINT('',(-0.0210568829069399,0.046,0.0105846775005433));
#13797=CARTESIAN_POINT('',(-0.02769311709306,0.046,0.0105846775005433));
#13798=CARTESIAN_POINT('',(-0.024375,0.046,0.000306540829643633));
#13799=CARTESIAN_POINT('',(-0.0210568829069399,0.046,0.0105846775005433));
#13800=CARTESIAN_POINT('',(-0.0212769037962626,0.0430000000000138,0.00992574081694765));
#13801=CARTESIAN_POINT('',(-0.0214221828527681,0.0435071977610229,0.00950556709954303));
#13802=CARTESIAN_POINT('',(-0.0215849930174329,0.043973027927893,0.00905338119863673));
#13803=CARTESIAN_POINT('',(-0.021819248237571,0.0442957125668674,0.00849447500910724));
#13804=CARTESIAN_POINT('',(-0.0212769037962634,0.043,0.00992574081693457));
#13805=CARTESIAN_POINT('',(-0.0212769037962634,0.043,0.00992574081693457));
#13806=CARTESIAN_POINT('',(-0.0212012287974196,0.043,0.0101446068141645));
#13807=CARTESIAN_POINT('',(-0.0211280282486054,0.043,0.0103642990375093));
#13808=CARTESIAN_POINT('',(-0.0210568829069401,0.043,0.0105846775005429));
#13809=CARTESIAN_POINT('',(-0.02769311709306,0.043,0.0105846775005433));
#13810=CARTESIAN_POINT('',(-0.02769311709306,0.046,0.0105846775005433));
#13811=CARTESIAN_POINT('',(-0.0267332715424659,0.043,0.00761147810001721));
#13812=CARTESIAN_POINT('',(-0.0267332715424659,0.046,0.00761147810001721));
#13813=CARTESIAN_POINT('',(-0.0257734259918717,0.043,0.00592838335926621));
#13814=CARTESIAN_POINT('',(-0.0257734259918717,0.046,0.00592838335926621));
#13815=CARTESIAN_POINT('',(-0.0248135804412776,0.043,0.00553539327829036));
#13816=CARTESIAN_POINT('',(-0.0248135804412776,0.046,0.00553539327829036));
#13817=CARTESIAN_POINT('',(-0.0276931170930602,0.043,0.0105846775005438));
#13818=CARTESIAN_POINT('',(-0.0276219717513948,0.043,0.0103642990375099));
#13819=CARTESIAN_POINT('',(-0.0275487712025804,0.043,0.0101446068141648));
#13820=CARTESIAN_POINT('',(-0.0274730962037367,0.043,0.00992574081693458));
#13821=CARTESIAN_POINT('',(-0.0274730962037367,0.043,0.00992574081693458));
#13822=CARTESIAN_POINT('',(-0.0269307517624324,0.0442957125668626,0.00849447500911554));
#13823=CARTESIAN_POINT('',(-0.0271623046723458,0.0439767503379943,0.00904693379521088));
#13824=CARTESIAN_POINT('',(-0.0273278793441451,0.0435069806193642,0.00950574698443659));
#13825=CARTESIAN_POINT('',(-0.0274730962037374,0.0430000000000072,0.00992574081694323));
#13826=CARTESIAN_POINT('',(-0.02769311709306,0.046,0.0105846775005433));
#13827=CARTESIAN_POINT('',(-0.024375,0.046,0.000306540829643633));
#13828=CARTESIAN_POINT('',(-0.0210568829069399,0.046,0.0105846775005433));
#13829=CARTESIAN_POINT('',(-0.0205421115983085,0.0435185680820901,0.00984052874156343));
#13830=CARTESIAN_POINT('',(-0.0212170498088031,0.0433387905122024,0.0101519126266701));
#13831=CARTESIAN_POINT('',(-0.0213938645764622,0.0426525426783057,0.0098644723112409));
#13832=CARTESIAN_POINT('',(-0.020942662004726,0.0438945142786691,0.00918937082817625));
#13833=CARTESIAN_POINT('',(-0.0215002532293682,0.0436660129224345,0.00958514678678588));
#13834=CARTESIAN_POINT('',(-0.02170540378145,0.043028488874884,0.00935801615638566));
#13835=CARTESIAN_POINT('',(-0.0220823458418634,0.0445254620549092,0.00809653722280599));
#13836=CARTESIAN_POINT('',(-0.0223952877768413,0.0442449826353668,0.00858234182792507));
#13837=CARTESIAN_POINT('',(-0.0225918245436731,0.043659436651125,0.00850803446331775));
#13838=CARTESIAN_POINT('',(-0.024375,0.0448703674260047,0.00749914359626505));
#13839=CARTESIAN_POINT('',(-0.0243750000000003,0.0445751865263845,0.00801041191183282));
#13840=CARTESIAN_POINT('',(-0.0243749999999999,0.0440043420222205,0.00804339497600907));
#13841=CARTESIAN_POINT('',(-0.0266676541581366,0.0445254620549091,0.00809653722280606));
#13842=CARTESIAN_POINT('',(-0.0263547122231571,0.0442449826353691,0.0085823418279254));
#13843=CARTESIAN_POINT('',(-0.0261581754563273,0.0436594366511237,0.00850803446331821));
#13844=CARTESIAN_POINT('',(-0.027807337995274,0.0438945142786692,0.00918937082817608));
#13845=CARTESIAN_POINT('',(-0.0272497467706351,0.0436660129224287,0.00958514678678518));
#13846=CARTESIAN_POINT('',(-0.0270445962185494,0.043028488874887,0.00935801615638459));
#13847=CARTESIAN_POINT('',(-0.0282078884016915,0.0435185680820901,0.00984052874156344));
#13848=CARTESIAN_POINT('',(-0.0275329501911969,0.0433387905122024,0.0101519126266701));
#13849=CARTESIAN_POINT('',(-0.0273561354235378,0.0426525426783057,0.0098644723112409));
#13850=CARTESIAN_POINT('',(-0.0217384588589898,0.043,0.00939639496207925));
#13851=CARTESIAN_POINT('',(-0.0215844947217821,0.043,0.00957274334238972));
#13852=CARTESIAN_POINT('',(-0.0214329481150431,0.043,0.00975124671736867));
#13853=CARTESIAN_POINT('',(-0.0212769037962635,0.043,0.00992574081693473));
#13854=CARTESIAN_POINT('',(-0.0270115411410102,0.043,0.00939639496207925));
#13855=CARTESIAN_POINT('',(-0.0271655052782179,0.043,0.00957274334238972));
#13856=CARTESIAN_POINT('',(-0.0273170518849569,0.043,0.00975124671736867));
#13857=CARTESIAN_POINT('',(-0.0274730962037365,0.043,0.00992574081693473));
#13858=CARTESIAN_POINT('',(-0.034125,-0.210617621135332,0.011698274805112));
#13859=CARTESIAN_POINT('',(-0.0374431170930601,-0.210617621135332,0.0105846775005433));
#13860=CARTESIAN_POINT('',(-0.0374431170930602,0.043,0.0105846775005438));
#13861=CARTESIAN_POINT('',(-0.0374431170930601,0.046,0.0105846775005433));
#13862=CARTESIAN_POINT('',(-0.034125,0.046,0.011698274805112));
#13863=CARTESIAN_POINT('',(-0.0308068829069399,0.046,0.0105846775005433));
#13864=CARTESIAN_POINT('',(-0.0308068829069399,-0.210617621135332,0.0105846775005433));
#13865=CARTESIAN_POINT('',(-0.0308068829069401,0.043,0.0105846775005429));
#13866=CARTESIAN_POINT('',(-0.034125,0.043,0.011698274805112));
#13867=CARTESIAN_POINT('',(0.039,0.043,0.00325));
#13868=CARTESIAN_POINT('',(0.0377009618943236,0.043,-1.07702233463441E-16));
#13869=CARTESIAN_POINT('',(0.0377009618943233,0.046,4.293391204431E-20));
#13870=CARTESIAN_POINT('',(0.039,0.046,0.00325));
#13871=CARTESIAN_POINT('',(0.0515,0.046,-1.74506973925301E-18));
#13872=CARTESIAN_POINT('',(0.0305490381056764,0.043,-1.04666681150011E-16));
#13873=CARTESIAN_POINT('',(0.0305490381056766,0.046,9.17772816630465E-20));
#13874=CARTESIAN_POINT('',(-0.0515,0.046,-9.29506920552896E-20));
#13875=CARTESIAN_POINT('',(0.02925,0.043,0.00325));
#13876=CARTESIAN_POINT('',(0.0279509618943236,0.043,-1.07653390093822E-16));
#13877=CARTESIAN_POINT('',(0.0279509618943234,0.046,9.17772816630465E-20));
#13878=CARTESIAN_POINT('',(0.02925,0.046,0.00325));
#13879=CARTESIAN_POINT('',(0.0515,0.046,-1.74506973925301E-18));
#13880=CARTESIAN_POINT('',(0.0207990381056764,0.043,-1.04617837780392E-16));
#13881=CARTESIAN_POINT('',(0.0207990381056767,0.046,1.40620651281783E-19));
#13882=CARTESIAN_POINT('',(-0.0515,0.046,-9.29506920552896E-20));
#13883=CARTESIAN_POINT('',(0.0195,0.043,0.00325));
#13884=CARTESIAN_POINT('',(0.0182009618943236,0.043,-1.07604546724203E-16));
#13885=CARTESIAN_POINT('',(0.0182009618943233,0.046,1.40620651281783E-19));
#13886=CARTESIAN_POINT('',(0.0195,0.046,0.00325));
#13887=CARTESIAN_POINT('',(0.0515,0.046,-1.74506973925301E-18));
#13888=CARTESIAN_POINT('',(0.0110490381056764,0.043,-1.04568994410773E-16));
#13889=CARTESIAN_POINT('',(0.0110490381056767,0.046,1.8946402090052E-19));
#13890=CARTESIAN_POINT('',(-0.0515,0.046,-9.29506920552896E-20));
#13891=CARTESIAN_POINT('',(0.00975,0.043,0.00325));
#13892=CARTESIAN_POINT('',(0.00975,0.046,0.00325));
#13893=CARTESIAN_POINT('',(-6.93889390390723E-18,0.043,0.00325));
#13894=CARTESIAN_POINT('',(-6.93889390390723E-18,0.046,0.00325));
#13895=CARTESIAN_POINT('',(-6.93889390390723E-18,0.043,0.00325));
#13896=CARTESIAN_POINT('',(-0.00975,0.043,0.00325));
#13897=CARTESIAN_POINT('',(-0.00975,0.043,0.00325));
#13898=CARTESIAN_POINT('',(-0.0110490381056767,0.043,-5.80210977850411E-19));
#13899=CARTESIAN_POINT('',(-0.0110490381056764,0.043,-1.07458016615347E-16));
#13900=CARTESIAN_POINT('',(-0.0110490381056767,0.046,2.87150760137992E-19));
#13901=CARTESIAN_POINT('',(-0.00975,0.046,0.00325));
#13902=CARTESIAN_POINT('',(0.0515,0.046,-1.74506973925301E-18));
#13903=CARTESIAN_POINT('',(-6.93889390390723E-18,0.043,-3.24641619985972E-18));
#13904=CARTESIAN_POINT('',(-0.0182009618943233,0.043,-6.10910751136043E-19));
#13905=CARTESIAN_POINT('',(-0.0182009618943236,0.043,-1.04422464301917E-16));
#13906=CARTESIAN_POINT('',(-0.0182009618943233,0.046,3.35994129756729E-19));
#13907=CARTESIAN_POINT('',(-0.0515,0.046,-9.29506920552896E-20));
#13908=CARTESIAN_POINT('',(-0.0195,0.043,0.00325));
#13909=CARTESIAN_POINT('',(-0.0195,0.043,0.00325));
#13910=CARTESIAN_POINT('',(-0.0207990381056767,0.043,-5.31367608231675E-19));
#13911=CARTESIAN_POINT('',(-0.0207990381056764,0.043,-1.07409173245728E-16));
#13912=CARTESIAN_POINT('',(-0.0207990381056767,0.046,3.35994129756729E-19));
#13913=CARTESIAN_POINT('',(-0.0195,0.046,0.00325));
#13914=CARTESIAN_POINT('',(0.0515,0.046,-1.74506973925301E-18));
#13915=CARTESIAN_POINT('',(-6.93889390390723E-18,0.043,-3.24641619985972E-18));
#13916=CARTESIAN_POINT('',(-0.0279509618943234,0.043,-5.62067381517306E-19));
#13917=CARTESIAN_POINT('',(-0.0279509618943236,0.043,-1.04373620932298E-16));
#13918=CARTESIAN_POINT('',(-0.0279509618943234,0.046,3.84837499375465E-19));
#13919=CARTESIAN_POINT('',(-0.0515,0.046,-9.29506920552896E-20));
#13920=CARTESIAN_POINT('',(-0.02925,0.043,0.00325));
#13921=CARTESIAN_POINT('',(-0.02925,0.043,0.00325));
#13922=CARTESIAN_POINT('',(-0.0305490381056766,0.043,-4.82524238612938E-19));
#13923=CARTESIAN_POINT('',(-0.0305490381056764,0.043,-1.07360329876109E-16));
#13924=CARTESIAN_POINT('',(-0.0305490381056766,0.046,3.84837499375465E-19));
#13925=CARTESIAN_POINT('',(-0.02925,0.046,0.00325));
#13926=CARTESIAN_POINT('',(-4.97400190574163E-18,0.043,0.0320891215252208));
#13927=CARTESIAN_POINT('',(-2.08166817117217E-17,0.043,-0.0229128784747792));
#13928=CARTESIAN_POINT('',(-0.0432583426132261,0.043,0.0110535136556304));
#13929=CARTESIAN_POINT('',(-0.0432583426132261,0.043,0.0320891215252207));
#13930=CARTESIAN_POINT('',(-0.039,0.043,0.00325));
#13931=CARTESIAN_POINT('',(-0.0377009618943233,0.043,-5.1322401189857E-19));
#13932=CARTESIAN_POINT('',(-6.93889390390723E-18,0.043,-3.24641619985972E-18));
#13933=CARTESIAN_POINT('',(-0.0310269037962634,0.043,0.00992574081693457));
#13934=CARTESIAN_POINT('',(-0.0309512287974196,0.043,0.0101446068141645));
#13935=CARTESIAN_POINT('',(-0.0308780282486054,0.043,0.0103642990375093));
#13936=CARTESIAN_POINT('',(-0.0308068829069401,0.043,0.0105846775005429));
#13937=CARTESIAN_POINT('',(-0.0310269037962634,0.043,0.00992574081693457));
#13938=CARTESIAN_POINT('',(-0.0314884588589898,0.043,0.00939639496207925));
#13939=CARTESIAN_POINT('',(-0.0313344947217821,0.043,0.00957274334238971));
#13940=CARTESIAN_POINT('',(-0.0311829481150431,0.043,0.00975124671736867));
#13941=CARTESIAN_POINT('',(-0.0310269037962635,0.043,0.00992574081693473));
#13942=CARTESIAN_POINT('',(-0.0314884588589898,0.043,0.00939639496207926));
#13943=CARTESIAN_POINT('',(-0.034125,0.043,0.011698274805112));
#13944=CARTESIAN_POINT('',(-0.0367615411410102,0.043,0.00939639496207925));
#13945=CARTESIAN_POINT('',(-0.0367615411410102,0.043,0.00939639496207925));
#13946=CARTESIAN_POINT('',(-0.0369155052782179,0.043,0.00957274334238972));
#13947=CARTESIAN_POINT('',(-0.0370670518849569,0.043,0.00975124671736867));
#13948=CARTESIAN_POINT('',(-0.0372230962037365,0.043,0.00992574081693473));
#13949=CARTESIAN_POINT('',(-0.0372230962037366,0.043,0.00992574081693458));
#13950=CARTESIAN_POINT('',(-0.0374431170930602,0.043,0.0105846775005438));
#13951=CARTESIAN_POINT('',(-0.0373719717513948,0.043,0.0103642990375099));
#13952=CARTESIAN_POINT('',(-0.0372987712025804,0.043,0.0101446068141648));
#13953=CARTESIAN_POINT('',(-0.0372230962037366,0.043,0.00992574081693458));
#13954=CARTESIAN_POINT('',(0.0515,0.046,-1.74506973925301E-18));
#13955=CARTESIAN_POINT('',(-0.0377009618943236,0.043,-1.0432477756268E-16));
#13956=CARTESIAN_POINT('',(-0.0377009618943233,0.046,4.33680868994202E-19));
#13957=CARTESIAN_POINT('',(-0.0515,0.046,-9.29506920552896E-20));
#13958=CARTESIAN_POINT('',(-2.08166817117217E-17,0.046,-0.0229128784747792));
#13959=CARTESIAN_POINT('',(-2.08166817117217E-17,0.038,-0.0229128784747792));
#13960=CARTESIAN_POINT('',(-0.0432583426132264,0.0379999999999985,0.0110535136556301));
#13961=CARTESIAN_POINT('',(-0.0432583426132261,0.043,0.0110535136556304));
#13962=CARTESIAN_POINT('',(-0.0430426606499994,0.0426771967956397,0.0113281982387009));
#13963=CARTESIAN_POINT('',(-0.0426596600377325,0.0419261294507828,0.0118044704796301));
#13964=CARTESIAN_POINT('',(-0.0424200173605907,0.040497496889191,0.0120945368988784));
#13965=CARTESIAN_POINT('',(-0.0426602724647627,0.0390736349521186,0.0118037093650546));
#13966=CARTESIAN_POINT('',(-0.0430423132887124,0.0383233230871303,0.0113286406252078));
#13967=CARTESIAN_POINT('',(-0.0432583426132267,0.037999999999999,0.0110535136556296));
#13968=CARTESIAN_POINT('',(-4.00399488183983E-17,0.038,0.034829921658229));
#13969=CARTESIAN_POINT('',(-0.0272204035257406,0.038,0.0203722554875681));
#13970=CARTESIAN_POINT('',(-0.0272204035257406,0.038,0.022872255487568));
#13971=CARTESIAN_POINT('',(-0.0182243794892064,0.038,0.0203801941672913));
#13972=CARTESIAN_POINT('',(-0.0182243794892064,0.038,0.0228801941672912));
#13973=CARTESIAN_POINT('',(-0.00922835545267202,0.038,0.0203881328470145));
#13974=CARTESIAN_POINT('',(-0.00922835545267202,0.038,0.0228881328470145));
#13975=CARTESIAN_POINT('',(-0.0432583426132261,0.038,0.0320891215252207));
#13976=CARTESIAN_POINT('',(-0.0001,0.038,0.0284));
#13977=CARTESIAN_POINT('',(-0.0002323314161377,0.038,0.0203960715267377));
#13978=CARTESIAN_POINT('',(-0.00910635885298252,0.038,0.0284447833925485));
#13979=CARTESIAN_POINT('',(-0.00910635885298252,0.038,0.0309447833925485));
#13980=CARTESIAN_POINT('',(-0.0227311537520501,0.038,0.0242061679008104));
#13981=CARTESIAN_POINT('',(-0.0227311537520501,0.038,0.0267061679008104));
#13982=CARTESIAN_POINT('',(-0.0137357648397615,0.038,0.0242411951526004));
#13983=CARTESIAN_POINT('',(-0.0137357648397615,0.038,0.0267411951526004));
#13984=CARTESIAN_POINT('',(-0.00474037592747292,0.038,0.0242762224043904));
#13985=CARTESIAN_POINT('',(-0.00474037592747292,0.038,0.0267762224043904));
#13986=CARTESIAN_POINT('',(0.,0.046,0.0174139608291145));
#13987=CARTESIAN_POINT('',(4.85722573273506E-17,0.046,-0.0229128784747792));
#13988=CARTESIAN_POINT('',(-0.039,0.046,0.00325));
#13989=CARTESIAN_POINT('',(-0.0374431170930601,0.046,0.0105846775005433));
#13990=CARTESIAN_POINT('',(-0.034125,0.046,0.000306540829643633));
#13991=CARTESIAN_POINT('',(-0.0308068829069399,0.046,0.0105846775005433));
#13992=CARTESIAN_POINT('',(-0.0336692453838454,0.046,0.00554256258422041));
#13993=CARTESIAN_POINT('',(-0.0374431170930601,0.046,0.0105846775005433));
#13994=CARTESIAN_POINT('',(-0.034125,0.046,0.000306540829643633));
#13995=CARTESIAN_POINT('',(-0.0308068829069399,0.046,0.0105846775005433));
#13996=CARTESIAN_POINT('',(-0.0345807546161546,0.046,0.00554256258422041));
#13997=CARTESIAN_POINT('',(-8.10745625235895E-20,0.046,0.00554256258422041));
#13998=CARTESIAN_POINT('',(-4.00399488183983E-17,0.035,0.034829921658229));
#13999=CARTESIAN_POINT('',(-0.0002323314161377,0.035,0.0203960715267377));
#14000=CARTESIAN_POINT('',(-0.0001,0.035,0.0284));
#14001=CARTESIAN_POINT('',(-0.0272204035257406,0.035,0.0203722554875681));
#14002=CARTESIAN_POINT('',(-0.0272204035257406,0.035,0.022872255487568));
#14003=CARTESIAN_POINT('',(-0.0182243794892064,0.035,0.0203801941672913));
#14004=CARTESIAN_POINT('',(-0.0182243794892064,0.035,0.0228801941672912));
#14005=CARTESIAN_POINT('',(-0.00922835545267202,0.035,0.0203881328470145));
#14006=CARTESIAN_POINT('',(-0.00922835545267202,0.035,0.0228881328470145));
#14007=CARTESIAN_POINT('',(-0.00910635885298252,0.035,0.0284447833925485));
#14008=CARTESIAN_POINT('',(-0.00910635885298252,0.035,0.0309447833925485));
#14009=CARTESIAN_POINT('',(-0.0227311537520501,0.035,0.0242061679008104));
#14010=CARTESIAN_POINT('',(-0.0227311537520501,0.035,0.0267061679008104));
#14011=CARTESIAN_POINT('',(-0.0137357648397615,0.035,0.0242411951526004));
#14012=CARTESIAN_POINT('',(-0.0137357648397615,0.035,0.0267411951526004));
#14013=CARTESIAN_POINT('',(-0.00474037592747292,0.035,0.0242762224043904));
#14014=CARTESIAN_POINT('',(-0.00474037592747292,0.035,0.0267762224043904));
#14015=CARTESIAN_POINT('',(0.047,0.0405,0.0320891215252209));
#14016=CARTESIAN_POINT('',(-0.047,0.0405,0.0320891215252207));
#14017=CARTESIAN_POINT('',(0.047,0.0405,0.0065));
#14018=CARTESIAN_POINT('',(0.047,0.0405,0.0065));
#14019=CARTESIAN_POINT('',(0.045,0.0405,0.0065));
#14020=CARTESIAN_POINT('',(-7.47230125503588E-18,0.023,0.0065));
#14021=CARTESIAN_POINT('',(-0.047,0.0405,0.00649999999999989));
#14022=CARTESIAN_POINT('',(-0.047,0.0405,0.00649999999999989));
#14023=CARTESIAN_POINT('',(-0.049,0.0405,0.00649999999999989));
#14024=CARTESIAN_POINT('',(-7.47230125503588E-18,0.023,0.0065));
#14025=CARTESIAN_POINT('',(-0.039,0.043,0.00325));
#14026=CARTESIAN_POINT('',(-0.034125,0.0492,4.09259184184834E-19));
#14027=CARTESIAN_POINT('',(-0.0336692454046285,0.0460000000019144,0.00554256257648325));
#14028=CARTESIAN_POINT('',(-0.0333581126313359,0.0459235729404398,0.00567493813003044));
#14029=CARTESIAN_POINT('',(-0.0328807330665515,0.0456691377774055,0.00611563276606888));
#14030=CARTESIAN_POINT('',(-0.0321819165426237,0.0450866323228298,0.00712456180586467));
#14031=CARTESIAN_POINT('',(-0.0317998710847066,0.0446133936419091,0.00794423524653187));
#14032=CARTESIAN_POINT('',(-0.0315692482375728,0.0442957125668697,0.00849447500910321));
#14033=CARTESIAN_POINT('',(-0.0315692482375727,0.0442957125668697,0.00849447500910319));
#14034=CARTESIAN_POINT('',(-0.0366807517624324,0.0442957125668626,0.00849447500911566));
#14035=CARTESIAN_POINT('',(-0.0364491617884098,0.0446147258512374,0.00794192779228916));
#14036=CARTESIAN_POINT('',(-0.0360668233121898,0.0450867869934665,0.00712429390966939));
#14037=CARTESIAN_POINT('',(-0.0353743181161089,0.0456659523385675,0.0061211501059714));
#14038=CARTESIAN_POINT('',(-0.0348919784521293,0.0459235505695513,0.00567497688196731));
#14039=CARTESIAN_POINT('',(-0.0345807545966699,0.0460000000047863,0.00554256257593036));
#14040=CARTESIAN_POINT('',(-0.0366807517624324,0.0442957125668626,0.00849447500911553));
#14041=CARTESIAN_POINT('',(-0.034125,0.0421573227576195,0.012198274805112));
#14042=CARTESIAN_POINT('',(-0.034125,-0.210617621135332,0.011698274805112));
#14043=CARTESIAN_POINT('',(-0.034125,0.0412912973538351,0.011698274805112));
#14044=CARTESIAN_POINT('',(-0.0336864195587224,0.043,0.00553539327829036));
#14045=CARTESIAN_POINT('',(-0.0336864195587224,0.046,0.00553539327829036));
#14046=CARTESIAN_POINT('',(-0.0327265740081282,0.043,0.00592838335926621));
#14047=CARTESIAN_POINT('',(-0.0327265740081282,0.046,0.00592838335926621));
#14048=CARTESIAN_POINT('',(-0.0317667284575341,0.043,0.00761147810001721));
#14049=CARTESIAN_POINT('',(-0.0317667284575341,0.046,0.00761147810001721));
#14050=CARTESIAN_POINT('',(-0.0308068829069399,0.043,0.0105846775005433));
#14051=CARTESIAN_POINT('',(-0.0308068829069399,0.046,0.0105846775005433));
#14052=CARTESIAN_POINT('',(-0.0310269037962626,0.0430000000000138,0.00992574081694766));
#14053=CARTESIAN_POINT('',(-0.0311721828527681,0.0435071977610229,0.00950556709954303));
#14054=CARTESIAN_POINT('',(-0.0313349930174329,0.043973027927893,0.00905338119863673));
#14055=CARTESIAN_POINT('',(-0.031569248237571,0.0442957125668674,0.00849447500910724));
#14056=CARTESIAN_POINT('',(-0.0374431170930601,0.043,0.0105846775005433));
#14057=CARTESIAN_POINT('',(-0.0374431170930601,0.046,0.0105846775005433));
#14058=CARTESIAN_POINT('',(-0.0364832715424659,0.043,0.00761147810001721));
#14059=CARTESIAN_POINT('',(-0.0364832715424659,0.046,0.00761147810001721));
#14060=CARTESIAN_POINT('',(-0.0355234259918718,0.043,0.00592838335926621));
#14061=CARTESIAN_POINT('',(-0.0355234259918718,0.046,0.00592838335926621));
#14062=CARTESIAN_POINT('',(-0.0345635804412776,0.043,0.00553539327829036));
#14063=CARTESIAN_POINT('',(-0.0345635804412776,0.046,0.00553539327829036));
#14064=CARTESIAN_POINT('',(-0.0366807517624324,0.0442957125668626,0.00849447500911554));
#14065=CARTESIAN_POINT('',(-0.0369123046723458,0.0439767503379943,0.00904693379521088));
#14066=CARTESIAN_POINT('',(-0.0370778793441452,0.0435069806193642,0.0095057469844366));
#14067=CARTESIAN_POINT('',(-0.0372230962037374,0.0430000000000071,0.00992574081694322));
#14068=CARTESIAN_POINT('',(-0.0302921115983085,0.0435185680820901,0.00984052874156343));
#14069=CARTESIAN_POINT('',(-0.0309670498088031,0.0433387905122024,0.0101519126266701));
#14070=CARTESIAN_POINT('',(-0.0311438645764622,0.0426525426783057,0.0098644723112409));
#14071=CARTESIAN_POINT('',(-0.030692662004726,0.0438945142786692,0.00918937082817625));
#14072=CARTESIAN_POINT('',(-0.0312502532293592,0.0436660129224372,0.00958514678678834));
#14073=CARTESIAN_POINT('',(-0.03145540378145,0.043028488874884,0.00935801615638566));
#14074=CARTESIAN_POINT('',(-0.0318323458418633,0.0445254620549091,0.00809653722280599));
#14075=CARTESIAN_POINT('',(-0.032145287776845,0.0442449826353652,0.00858234182792464));
#14076=CARTESIAN_POINT('',(-0.0323418245436731,0.043659436651125,0.00850803446331778));
#14077=CARTESIAN_POINT('',(-0.0341250000000002,0.0448703674260047,0.00749914359626505));
#14078=CARTESIAN_POINT('',(-0.0341249999999992,0.044575186526385,0.00801041191183266));
#14079=CARTESIAN_POINT('',(-0.0341249999999999,0.0440043420222205,0.00804339497600899));
#14080=CARTESIAN_POINT('',(-0.0364176541581359,0.0445254620549091,0.00809653722280606));
#14081=CARTESIAN_POINT('',(-0.036104712223159,0.0442449826353692,0.00858234182792589));
#14082=CARTESIAN_POINT('',(-0.0359081754563274,0.0436594366511237,0.00850803446331852));
#14083=CARTESIAN_POINT('',(-0.0375573379952754,0.0438945142786692,0.00918937082817608));
#14084=CARTESIAN_POINT('',(-0.0369997467706319,0.0436660129224279,0.00958514678678481));
#14085=CARTESIAN_POINT('',(-0.036794596218549,0.043028488874887,0.00935801615638393));
#14086=CARTESIAN_POINT('',(-0.0379578884016915,0.0435185680820901,0.00984052874156344));
#14087=CARTESIAN_POINT('',(-0.0372829501911969,0.0433387905122024,0.0101519126266701));
#14088=CARTESIAN_POINT('',(-0.0371061354235378,0.0426525426783057,0.0098644723112409));
#14089=CARTESIAN_POINT('',(0.0267557406934653,0.04,0.0204198875659074));
#14090=CARTESIAN_POINT('',(0.00425501298481569,0.04,0.0243112496561805));
#14091=CARTESIAN_POINT('',(-0.00474037592747292,0.04,0.0242762224043904));
#14092=CARTESIAN_POINT('',(-0.0137357648397615,0.04,0.0242411951526004));
#14093=CARTESIAN_POINT('',(-0.0227311537520501,0.04,0.0242061679008104));
#14094=CARTESIAN_POINT('',(0.00890635885298252,0.04,0.0283552166074514));
#14095=CARTESIAN_POINT('',(-0.0001,0.04,0.0284));
#14096=CARTESIAN_POINT('',(-0.00910635885298252,0.04,0.0284447833925485));
#14097=CARTESIAN_POINT('',(0.0177597166569309,0.04,0.0204119488861842));
#14098=CARTESIAN_POINT('',(0.00876369262039661,0.04,0.0204040102064609));
#14099=CARTESIAN_POINT('',(-0.0002323314161377,0.04,0.0203960715267377));
#14100=CARTESIAN_POINT('',(-0.00922835545267202,0.04,0.0203881328470145));
#14101=CARTESIAN_POINT('',(-0.0182243794892064,0.04,0.0203801941672913));
#14102=CARTESIAN_POINT('',(-0.0272204035257406,0.04,0.0203722554875681));
#14103=CARTESIAN_POINT('',(0.022245790809393,0.04,0.0243813041597605));
#14104=CARTESIAN_POINT('',(0.0132504018971043,0.04,0.0243462769079705));
#14105=CARTESIAN_POINT('',(-0.0032056639469611,0.02,0.0217723271217809));
#14106=CARTESIAN_POINT('',(-0.0032056639469611,0.02,0.0217723271217809));
#14107=CARTESIAN_POINT('',(-0.0032056639469611,0.018,0.0217723271217809));
#14108=CARTESIAN_POINT('',(-0.0032056639469611,0.018,0.0217723271217809));
#14109=CARTESIAN_POINT('',(-0.0032056639469611,0.019,0.0217723271217809));
#14110=CARTESIAN_POINT('',(0.0032056639469611,0.018,0.0217723271217809));
#14111=CARTESIAN_POINT('',(0.0032056639469611,0.018,0.0217723271217809));
#14112=CARTESIAN_POINT('',(0.0032056639469611,0.02,0.0217723271217809));
#14113=CARTESIAN_POINT('',(0.0032056639469611,0.02,0.0217723271217809));
#14114=CARTESIAN_POINT('',(0.0032056639469611,0.019,0.0217723271217809));
#14115=CARTESIAN_POINT('',(0.0235,0.022681094739004,0.00403492164449092));
#14116=CARTESIAN_POINT('',(4.85722573273506E-17,0.043,-0.0229128784747792));
#14117=CARTESIAN_POINT('',(4.85722573273506E-17,-0.043,-0.0229128784747792));
#14118=CARTESIAN_POINT('',(0.00837716591518579,-0.0452,0.0271578473556373));
#14119=CARTESIAN_POINT('',(0.00837716591518579,-0.046,0.0271578473556373));
#14120=CARTESIAN_POINT('',(0.00837716591518579,-0.0452,0.026708351800658));
#14121=CARTESIAN_POINT('',(0.00837716591518579,-0.046,0.026708351800658));
#14122=CARTESIAN_POINT('',(0.00821410264378991,-0.0452,0.0263576259986385));
#14123=CARTESIAN_POINT('',(0.00821410264378991,-0.046,0.0263576259986385));
#14124=CARTESIAN_POINT('',(0.00788797610099815,-0.0452,0.0261056699495789));
#14125=CARTESIAN_POINT('',(0.00788797610099815,-0.046,0.0261056699495789));
#14126=CARTESIAN_POINT('',(0.00837716591518579,-0.0452,0.0271578473556373));
#14127=CARTESIAN_POINT('',(0.00837716591518579,-0.0452,0.0271578473556373));
#14128=CARTESIAN_POINT('',(0.00837716591518579,-0.0452,0.0271578473556373));
#14129=CARTESIAN_POINT('',(0.00837716591518579,-0.0452,0.0264836040231684));
#14130=CARTESIAN_POINT('',(0.00788797610099815,-0.0452,0.0261056699495789));
#14131=CARTESIAN_POINT('',(0.00788797610099815,-0.0452,0.0261056699495789));
#14132=CARTESIAN_POINT('',(0.00788797610099815,-0.0452,0.0261056699495789));
#14133=CARTESIAN_POINT('',(0.00807526591557285,-0.0452,0.0280098762434338));
#14134=CARTESIAN_POINT('',(0.00807526591557285,-0.046,0.0280098762434338));
#14135=CARTESIAN_POINT('',(0.00827653258198147,-0.0452,0.0277907192066777));
#14136=CARTESIAN_POINT('',(0.00827653258198147,-0.046,0.0277907192066777));
#14137=CARTESIAN_POINT('',(0.00837716591518579,-0.0452,0.0275067095774122));
#14138=CARTESIAN_POINT('',(0.00837716591518579,-0.046,0.0275067095774122));
#14139=CARTESIAN_POINT('',(0.00837716591518579,-0.0452,0.0271578473556373));
#14140=CARTESIAN_POINT('',(0.00837716591518579,-0.046,0.0271578473556373));
#14141=CARTESIAN_POINT('',(0.00807526591557285,-0.0452,0.0280098762434338));
#14142=CARTESIAN_POINT('',(0.00807526591557285,-0.0452,0.0280098762434338));
#14143=CARTESIAN_POINT('',(0.00807526591557285,-0.0452,0.0280098762434338));
#14144=CARTESIAN_POINT('',(0.00837716591518579,-0.0452,0.0276811406882997));
#14145=CARTESIAN_POINT('',(0.00837716591518579,-0.0452,0.0271578473556373));
#14146=CARTESIAN_POINT('',(0.00696941739847211,-0.0452,0.0286248577241268));
#14147=CARTESIAN_POINT('',(0.00696941739847211,-0.046,0.0286248577241268));
#14148=CARTESIAN_POINT('',(0.0075053830767973,-0.0452,0.0284340271070876));
#14149=CARTESIAN_POINT('',(0.0075053830767973,-0.046,0.0284340271070876));
#14150=CARTESIAN_POINT('',(0.00787399924916422,-0.0452,0.0282290332801899));
#14151=CARTESIAN_POINT('',(0.00787399924916422,-0.046,0.0282290332801899));
#14152=CARTESIAN_POINT('',(0.00807526591557285,-0.0452,0.0280098762434338));
#14153=CARTESIAN_POINT('',(0.00807526591557285,-0.046,0.0280098762434338));
#14154=CARTESIAN_POINT('',(0.00696941739847211,-0.0452,0.0286248577241268));
#14155=CARTESIAN_POINT('',(0.00696941739847211,-0.0452,0.0286248577241268));
#14156=CARTESIAN_POINT('',(0.00696941739847211,-0.0452,0.0286248577241268));
#14157=CARTESIAN_POINT('',(0.0077733659159599,-0.0452,0.0283386117985679));
#14158=CARTESIAN_POINT('',(0.00807526591557285,-0.0452,0.0280098762434338));
#14159=CARTESIAN_POINT('',(0.00625827517716162,-0.0452,0.0289373801311336));
#14160=CARTESIAN_POINT('',(0.00625827517716162,-0.046,0.0289373801311336));
#14161=CARTESIAN_POINT('',(0.00641332505350605,-0.0452,0.0288430829707607));
#14162=CARTESIAN_POINT('',(0.00641332505350605,-0.046,0.0288430829707607));
#14163=CARTESIAN_POINT('',(0.00665037246060954,-0.0452,0.0287389088350918));
#14164=CARTESIAN_POINT('',(0.00665037246060954,-0.046,0.0287389088350918));
#14165=CARTESIAN_POINT('',(0.00696941739847211,-0.0452,0.0286248577241268));
#14166=CARTESIAN_POINT('',(0.00696941739847211,-0.046,0.0286248577241268));
#14167=CARTESIAN_POINT('',(0.00625827517716162,-0.0452,0.0289373801311336));
#14168=CARTESIAN_POINT('',(0.00625827517716162,-0.0452,0.0289373801311336));
#14169=CARTESIAN_POINT('',(0.00625827517716162,-0.0452,0.0289373801311336));
#14170=CARTESIAN_POINT('',(0.00649084999167826,-0.0452,0.0287959343905742));
#14171=CARTESIAN_POINT('',(0.00696941739847211,-0.0452,0.0286248577241268));
#14172=CARTESIAN_POINT('',(0.00592786239980746,-0.0452,0.0292487843899936));
#14173=CARTESIAN_POINT('',(0.00592786239980746,-0.046,0.0292487843899936));
#14174=CARTESIAN_POINT('',(0.00599308770836581,-0.0452,0.0291354787111265));
#14175=CARTESIAN_POINT('',(0.00599308770836581,-0.046,0.0291354787111265));
#14176=CARTESIAN_POINT('',(0.00610322530081719,-0.0452,0.0290316772915065));
#14177=CARTESIAN_POINT('',(0.00610322530081719,-0.046,0.0290316772915065));
#14178=CARTESIAN_POINT('',(0.00625827517716162,-0.0452,0.0289373801311336));
#14179=CARTESIAN_POINT('',(0.00625827517716162,-0.046,0.0289373801311336));
#14180=CARTESIAN_POINT('',(0.00592786239980746,-0.0452,0.0292487843899936));
#14181=CARTESIAN_POINT('',(0.00592786239980746,-0.0452,0.0292487843899936));
#14182=CARTESIAN_POINT('',(0.00592786239980746,-0.0452,0.0292487843899936));
#14183=CARTESIAN_POINT('',(0.00602570036264498,-0.0452,0.0290788258716929));
#14184=CARTESIAN_POINT('',(0.00625827517716162,-0.0452,0.0289373801311336));
#14185=CARTESIAN_POINT('',(0.00583002443696993,-0.0452,0.0296837440190656));
#14186=CARTESIAN_POINT('',(0.00583002443696993,-0.046,0.0296837440190656));
#14187=CARTESIAN_POINT('',(0.00583002443696993,-0.0452,0.0295070766118846));
#14188=CARTESIAN_POINT('',(0.00583002443696993,-0.046,0.0295070766118846));
#14189=CARTESIAN_POINT('',(0.00586263709124911,-0.0452,0.0293620900688607));
#14190=CARTESIAN_POINT('',(0.00586263709124911,-0.046,0.0293620900688607));
#14191=CARTESIAN_POINT('',(0.00592786239980746,-0.0452,0.0292487843899936));
#14192=CARTESIAN_POINT('',(0.00592786239980746,-0.046,0.0292487843899936));
#14193=CARTESIAN_POINT('',(0.00583002443696993,-0.0452,0.0296837440190656));
#14194=CARTESIAN_POINT('',(0.00583002443696993,-0.0452,0.0296837440190656));
#14195=CARTESIAN_POINT('',(0.00583002443696993,-0.0452,0.0296837440190656));
#14196=CARTESIAN_POINT('',(0.00583002443696993,-0.0452,0.0294187429082942));
#14197=CARTESIAN_POINT('',(0.00592786239980746,-0.0452,0.0292487843899936));
#14198=CARTESIAN_POINT('',(0.00609558462181465,-0.0452,0.030246172536863));
#14199=CARTESIAN_POINT('',(0.00609558462181465,-0.046,0.030246172536863));
#14200=CARTESIAN_POINT('',(0.00591854449858484,-0.0452,0.0301112493271594));
#14201=CARTESIAN_POINT('',(0.00591854449858484,-0.046,0.0301112493271594));
#14202=CARTESIAN_POINT('',(0.00583002443696993,-0.0452,0.0299237731545603));
#14203=CARTESIAN_POINT('',(0.00583002443696993,-0.046,0.0299237731545603));
#14204=CARTESIAN_POINT('',(0.00583002443696993,-0.0452,0.0296837440190656));
#14205=CARTESIAN_POINT('',(0.00583002443696993,-0.046,0.0296837440190656));
#14206=CARTESIAN_POINT('',(0.00609558462181465,-0.0452,0.030246172536863));
#14207=CARTESIAN_POINT('',(0.00609558462181465,-0.0452,0.030246172536863));
#14208=CARTESIAN_POINT('',(0.00609558462181465,-0.0452,0.030246172536863));
#14209=CARTESIAN_POINT('',(0.00583002443696993,-0.0452,0.0300437877223077));
#14210=CARTESIAN_POINT('',(0.00583002443696993,-0.0452,0.0296837440190656));
#14211=CARTESIAN_POINT('',(0.00683300332457293,-0.0452,0.0304485573514184));
#14212=CARTESIAN_POINT('',(0.00683300332457293,-0.046,0.0304485573514184));
#14213=CARTESIAN_POINT('',(0.00651843097929722,-0.0452,0.0304485573514184));
#14214=CARTESIAN_POINT('',(0.00651843097929722,-0.046,0.0304485573514184));
#14215=CARTESIAN_POINT('',(0.00627262474504446,-0.0452,0.0303810957465666));
#14216=CARTESIAN_POINT('',(0.00627262474504446,-0.046,0.0303810957465666));
#14217=CARTESIAN_POINT('',(0.00609558462181465,-0.0452,0.030246172536863));
#14218=CARTESIAN_POINT('',(0.00609558462181465,-0.046,0.030246172536863));
#14219=CARTESIAN_POINT('',(0.00683300332457293,-0.0452,0.0304485573514184));
#14220=CARTESIAN_POINT('',(0.00683300332457293,-0.0452,0.0304485573514184));
#14221=CARTESIAN_POINT('',(0.00683300332457293,-0.0452,0.0304485573514184));
#14222=CARTESIAN_POINT('',(0.00636114480665937,-0.0452,0.0304485573514184));
#14223=CARTESIAN_POINT('',(0.00609558462181465,-0.0452,0.030246172536863));
#14224=CARTESIAN_POINT('',(0.00806296628595899,-0.0452,0.030183556240647));
#14225=CARTESIAN_POINT('',(0.00806296628595899,-0.046,0.030183556240647));
#14226=CARTESIAN_POINT('',(0.00764105171859868,-0.0452,0.0303602236478279));
#14227=CARTESIAN_POINT('',(0.00764105171859868,-0.046,0.0303602236478279));
#14228=CARTESIAN_POINT('',(0.00723106406480333,-0.0452,0.0304485573514184));
#14229=CARTESIAN_POINT('',(0.00723106406480333,-0.046,0.0304485573514184));
#14230=CARTESIAN_POINT('',(0.00683300332457293,-0.0452,0.0304485573514184));
#14231=CARTESIAN_POINT('',(0.00683300332457293,-0.046,0.0304485573514184));
#14232=CARTESIAN_POINT('',(0.00806296628595899,-0.0452,0.030183556240647));
#14233=CARTESIAN_POINT('',(0.00806296628595899,-0.0452,0.030183556240647));
#14234=CARTESIAN_POINT('',(0.00806296628595899,-0.0452,0.030183556240647));
#14235=CARTESIAN_POINT('',(0.00743009443491853,-0.0452,0.0304485573514184));
#14236=CARTESIAN_POINT('',(0.00683300332457293,-0.0452,0.0304485573514184));
#14237=CARTESIAN_POINT('',(0.0081557725821363,-0.0452,0.0304418484625381));
#14238=CARTESIAN_POINT('',(0.00824857887831361,-0.0452,0.0307001406844291));
#14239=CARTESIAN_POINT('',(0.00824857887831361,-0.0452,0.0307001406844291));
#14240=CARTESIAN_POINT('',(0.0081557725821363,-0.0452,0.0304418484625381));
#14241=CARTESIAN_POINT('',(0.00684753925048022,-0.0452,0.0309796777211078));
#14242=CARTESIAN_POINT('',(0.00684753925048022,-0.046,0.0309796777211078));
#14243=CARTESIAN_POINT('',(0.00735517850908865,-0.0452,0.0309796777211078));
#14244=CARTESIAN_POINT('',(0.00735517850908865,-0.046,0.0309796777211078));
#14245=CARTESIAN_POINT('',(0.00782219171836644,-0.0452,0.0308864987088816));
#14246=CARTESIAN_POINT('',(0.00782219171836644,-0.046,0.0308864987088816));
#14247=CARTESIAN_POINT('',(0.00824857887831361,-0.0452,0.0307001406844291));
#14248=CARTESIAN_POINT('',(0.00824857887831361,-0.046,0.0307001406844291));
#14249=CARTESIAN_POINT('',(0.00684753925048022,-0.0452,0.0309796777211078));
#14250=CARTESIAN_POINT('',(0.00684753925048022,-0.0452,0.0309796777211078));
#14251=CARTESIAN_POINT('',(0.00684753925048022,-0.0452,0.0309796777211078));
#14252=CARTESIAN_POINT('',(0.00760899813839286,-0.0452,0.0309796777211078));
#14253=CARTESIAN_POINT('',(0.00824857887831361,-0.0452,0.0307001406844291));
#14254=CARTESIAN_POINT('',(0.00567292462235653,-0.0452,0.0306302564252595));
#14255=CARTESIAN_POINT('',(0.00567292462235653,-0.046,0.0306302564252595));
#14256=CARTESIAN_POINT('',(0.00596848844913809,-0.0452,0.030863203955825));
#14257=CARTESIAN_POINT('',(0.00596848844913809,-0.046,0.030863203955825));
#14258=CARTESIAN_POINT('',(0.00636002665851265,-0.0452,0.0309796777211078));
#14259=CARTESIAN_POINT('',(0.00636002665851265,-0.046,0.0309796777211078));
#14260=CARTESIAN_POINT('',(0.00684753925048022,-0.0452,0.0309796777211078));
#14261=CARTESIAN_POINT('',(0.00684753925048022,-0.046,0.0309796777211078));
#14262=CARTESIAN_POINT('',(0.00567292462235653,-0.0452,0.0306302564252595));
#14263=CARTESIAN_POINT('',(0.00567292462235653,-0.0452,0.0306302564252595));
#14264=CARTESIAN_POINT('',(0.00567292462235653,-0.0452,0.0306302564252595));
#14265=CARTESIAN_POINT('',(0.00611627036252887,-0.0452,0.0309796777211078));
#14266=CARTESIAN_POINT('',(0.00684753925048022,-0.0452,0.0309796777211078));
#14267=CARTESIAN_POINT('',(0.00522957888218419,-0.0452,0.0296904529079458));
#14268=CARTESIAN_POINT('',(0.00522957888218419,-0.046,0.0296904529079458));
#14269=CARTESIAN_POINT('',(0.00522957888218419,-0.0452,0.0300840410555894));
#14270=CARTESIAN_POINT('',(0.00522957888218419,-0.046,0.0300840410555894));
#14271=CARTESIAN_POINT('',(0.00537736079557497,-0.0452,0.0303973088946939));
#14272=CARTESIAN_POINT('',(0.00537736079557497,-0.046,0.0303973088946939));
#14273=CARTESIAN_POINT('',(0.00567292462235653,-0.0452,0.0306302564252595));
#14274=CARTESIAN_POINT('',(0.00567292462235653,-0.046,0.0306302564252595));
#14275=CARTESIAN_POINT('',(0.00522957888218419,-0.0452,0.0296904529079458));
#14276=CARTESIAN_POINT('',(0.00522957888218419,-0.0452,0.0296904529079458));
#14277=CARTESIAN_POINT('',(0.00522957888218419,-0.0452,0.0296904529079458));
#14278=CARTESIAN_POINT('',(0.00522957888218419,-0.0452,0.0302808351294112));
#14279=CARTESIAN_POINT('',(0.00567292462235653,-0.0452,0.0306302564252595));
#14280=CARTESIAN_POINT('',(0.00553539240031063,-0.0452,0.0287786030943001));
#14281=CARTESIAN_POINT('',(0.00553539240031063,-0.046,0.0287786030943001));
#14282=CARTESIAN_POINT('',(0.00533151672155967,-0.0452,0.0290115506248656));
#14283=CARTESIAN_POINT('',(0.00533151672155967,-0.046,0.0290115506248656));
#14284=CARTESIAN_POINT('',(0.00522957888218419,-0.0452,0.0293155005627475));
#14285=CARTESIAN_POINT('',(0.00522957888218419,-0.046,0.0293155005627475));
#14286=CARTESIAN_POINT('',(0.00522957888218419,-0.0452,0.0296904529079458));
#14287=CARTESIAN_POINT('',(0.00522957888218419,-0.046,0.0296904529079458));
#14288=CARTESIAN_POINT('',(0.00553539240031063,-0.0452,0.0287786030943001));
#14289=CARTESIAN_POINT('',(0.00553539240031063,-0.0452,0.0287786030943001));
#14290=CARTESIAN_POINT('',(0.00553539240031063,-0.0452,0.0287786030943001));
#14291=CARTESIAN_POINT('',(0.00522957888218419,-0.0452,0.0291280243901484));
#14292=CARTESIAN_POINT('',(0.00522957888218419,-0.0452,0.0296904529079458));
#14293=CARTESIAN_POINT('',(0.00655346628789428,-0.0452,0.0281742440210009));
#14294=CARTESIAN_POINT('',(0.00655346628789428,-0.046,0.0281742440210009));
#14295=CARTESIAN_POINT('',(0.00607862604158948,-0.0452,0.0283442025393015));
#14296=CARTESIAN_POINT('',(0.00607862604158948,-0.046,0.0283442025393015));
#14297=CARTESIAN_POINT('',(0.0057392680790616,-0.0452,0.0285456555637346));
#14298=CARTESIAN_POINT('',(0.0057392680790616,-0.046,0.0285456555637346));
#14299=CARTESIAN_POINT('',(0.00553539240031063,-0.0452,0.0287786030943001));
#14300=CARTESIAN_POINT('',(0.00553539240031063,-0.046,0.0287786030943001));
#14301=CARTESIAN_POINT('',(0.00655346628789428,-0.0452,0.0281742440210009));
#14302=CARTESIAN_POINT('',(0.00655346628789428,-0.0452,0.0281742440210009));
#14303=CARTESIAN_POINT('',(0.00655346628789428,-0.0452,0.0281742440210009));
#14304=CARTESIAN_POINT('',(0.00584120591843708,-0.0452,0.0284291817984518));
#14305=CARTESIAN_POINT('',(0.00553539240031063,-0.0452,0.0287786030943001));
#14306=CARTESIAN_POINT('',(0.00731324795358685,-0.0452,0.0278494219843803));
#14307=CARTESIAN_POINT('',(0.00731324795358685,-0.046,0.0278494219843803));
#14308=CARTESIAN_POINT('',(0.00714664387972637,-0.0452,0.0279452100089488));
#14309=CARTESIAN_POINT('',(0.00714664387972637,-0.046,0.0279452100089488));
#14310=CARTESIAN_POINT('',(0.00689338332449551,-0.0452,0.0280534840211557));
#14311=CARTESIAN_POINT('',(0.00689338332449551,-0.046,0.0280534840211557));
#14312=CARTESIAN_POINT('',(0.00655346628789428,-0.0452,0.0281742440210009));
#14313=CARTESIAN_POINT('',(0.00655346628789428,-0.046,0.0281742440210009));
#14314=CARTESIAN_POINT('',(0.00731324795358685,-0.0452,0.0278494219843803));
#14315=CARTESIAN_POINT('',(0.00731324795358685,-0.0452,0.0278494219843803));
#14316=CARTESIAN_POINT('',(0.00731324795358685,-0.0452,0.0278494219843803));
#14317=CARTESIAN_POINT('',(0.00706334184279613,-0.0452,0.0279931040212331));
#14318=CARTESIAN_POINT('',(0.00655346628789428,-0.0452,0.0281742440210009));
#14319=CARTESIAN_POINT('',(0.0076699372123888,-0.0452,0.0275363405033002));
#14320=CARTESIAN_POINT('',(0.0076699372123888,-0.046,0.0275363405033002));
#14321=CARTESIAN_POINT('',(0.00759874844704797,-0.0452,0.0276492734661184));
#14322=CARTESIAN_POINT('',(0.00759874844704797,-0.046,0.0276492734661184));
#14323=CARTESIAN_POINT('',(0.00747985202744732,-0.0452,0.0277536339598117));
#14324=CARTESIAN_POINT('',(0.00747985202744732,-0.046,0.0277536339598117));
#14325=CARTESIAN_POINT('',(0.00731324795358685,-0.0452,0.0278494219843803));
#14326=CARTESIAN_POINT('',(0.00731324795358685,-0.046,0.0278494219843803));
#14327=CARTESIAN_POINT('',(0.0076699372123888,-0.0452,0.0275363405033002));
#14328=CARTESIAN_POINT('',(0.0076699372123888,-0.0452,0.0275363405033002));
#14329=CARTESIAN_POINT('',(0.0076699372123888,-0.0452,0.0275363405033002));
#14330=CARTESIAN_POINT('',(0.00756315406437756,-0.0452,0.0277057399475275));
#14331=CARTESIAN_POINT('',(0.00731324795358685,-0.0452,0.0278494219843803));
#14332=CARTESIAN_POINT('',(0.00777672036040005,-0.0452,0.0271019399483016));
#14333=CARTESIAN_POINT('',(0.00777672036040005,-0.046,0.0271019399483016));
#14334=CARTESIAN_POINT('',(0.00777672036040005,-0.0452,0.0272786073554824));
#14335=CARTESIAN_POINT('',(0.00777672036040005,-0.046,0.0272786073554824));
#14336=CARTESIAN_POINT('',(0.00774112597772963,-0.0452,0.027423407540482));
#14337=CARTESIAN_POINT('',(0.00774112597772963,-0.046,0.027423407540482));
#14338=CARTESIAN_POINT('',(0.0076699372123888,-0.0452,0.0275363405033002));
#14339=CARTESIAN_POINT('',(0.0076699372123888,-0.046,0.0275363405033002));
#14340=CARTESIAN_POINT('',(0.00777672036040005,-0.0452,0.0271019399483016));
#14341=CARTESIAN_POINT('',(0.00777672036040005,-0.0452,0.0271019399483016));
#14342=CARTESIAN_POINT('',(0.00777672036040005,-0.0452,0.0271019399483016));
#14343=CARTESIAN_POINT('',(0.00777672036040005,-0.0452,0.0273669410590729));
#14344=CARTESIAN_POINT('',(0.0076699372123888,-0.0452,0.0275363405033002));
#14345=CARTESIAN_POINT('',(0.00747593850893382,-0.0452,0.0264740997639213));
#14346=CARTESIAN_POINT('',(0.00747593850893382,-0.046,0.0264740997639213));
#14347=CARTESIAN_POINT('',(0.00767645974324464,-0.0452,0.02662430433163));
#14348=CARTESIAN_POINT('',(0.00767645974324464,-0.046,0.02662430433163));
#14349=CARTESIAN_POINT('',(0.00777672036040005,-0.0452,0.0268335843930901));
#14350=CARTESIAN_POINT('',(0.00777672036040005,-0.046,0.0268335843930901));
#14351=CARTESIAN_POINT('',(0.00777672036040005,-0.0452,0.0271019399483016));
#14352=CARTESIAN_POINT('',(0.00777672036040005,-0.046,0.0271019399483016));
#14353=CARTESIAN_POINT('',(0.00747593850893382,-0.0452,0.0264740997639213));
#14354=CARTESIAN_POINT('',(0.00747593850893382,-0.0452,0.0264740997639213));
#14355=CARTESIAN_POINT('',(0.00747593850893382,-0.0452,0.0264740997639213));
#14356=CARTESIAN_POINT('',(0.00777672036040005,-0.0452,0.0266994066154843));
#14357=CARTESIAN_POINT('',(0.00777672036040005,-0.0452,0.0271019399483016));
#14358=CARTESIAN_POINT('',(0.00658141999156214,-0.0452,0.0262487929123583));
#14359=CARTESIAN_POINT('',(0.00658141999156214,-0.046,0.0262487929123583));
#14360=CARTESIAN_POINT('',(0.00697724443549911,-0.0452,0.0262487929123583));
#14361=CARTESIAN_POINT('',(0.00697724443549911,-0.046,0.0262487929123583));
#14362=CARTESIAN_POINT('',(0.007275417274623,-0.0452,0.0263238951962126));
#14363=CARTESIAN_POINT('',(0.007275417274623,-0.046,0.0263238951962126));
#14364=CARTESIAN_POINT('',(0.00747593850893382,-0.0452,0.0264740997639213));
#14365=CARTESIAN_POINT('',(0.00747593850893382,-0.046,0.0264740997639213));
#14366=CARTESIAN_POINT('',(0.00658141999156214,-0.0452,0.0262487929123583));
#14367=CARTESIAN_POINT('',(0.00658141999156214,-0.0452,0.0262487929123583));
#14368=CARTESIAN_POINT('',(0.00658141999156214,-0.0452,0.0262487929123583));
#14369=CARTESIAN_POINT('',(0.00717515665746759,-0.0452,0.0262487929123583));
#14370=CARTESIAN_POINT('',(0.00747593850893382,-0.0452,0.0264740997639213));
#14371=CARTESIAN_POINT('',(0.00658911628348107,-0.0452000000000004,0.0298353999029962));
#14372=CARTESIAN_POINT('',(0.00584791480731736,-0.0452,0.0263259451344817));
#14373=CARTESIAN_POINT('',(0.00584794459790489,-0.0452,0.0263260892650037));
#14374=CARTESIAN_POINT('',(0.00658911628348107,-0.0452,0.0298353999029962));
#14375=CARTESIAN_POINT('',(0.0065955608971516,-0.0452000000000004,0.0300153518466605));
#14376=CARTESIAN_POINT('',(0.00516248999338131,-0.0452,0.0265347213940329));
#14377=CARTESIAN_POINT('',(0.00516248999338131,-0.0452,0.0265347213940329));
#14378=CARTESIAN_POINT('',(0.0065955608971516,-0.0452,0.0300153518466605));
#14379=CARTESIAN_POINT('',(0.00516248999338131,-0.0452,0.0262487929123583));
#14380=CARTESIAN_POINT('',(0.00516248999338131,-0.0452,0.0259625469867994));
#14381=CARTESIAN_POINT('',(0.00516248999338131,-0.0452,0.0259625469867994));
#14382=CARTESIAN_POINT('',(0.00516248999338131,-0.0452,0.0262487929123583));
#14383=CARTESIAN_POINT('',(0.00656017517677456,-0.0452,0.0257277358759893));
#14384=CARTESIAN_POINT('',(0.00656017517677456,-0.046,0.0257277358759893));
#14385=CARTESIAN_POINT('',(0.00595488431335306,-0.0452,0.0257277358759893));
#14386=CARTESIAN_POINT('',(0.00595488431335306,-0.046,0.0257277358759893));
#14387=CARTESIAN_POINT('',(0.00548898925222198,-0.0452,0.0258060062462593));
#14388=CARTESIAN_POINT('',(0.00548898925222198,-0.046,0.0258060062462593));
#14389=CARTESIAN_POINT('',(0.00516248999338131,-0.0452,0.0259625469867994));
#14390=CARTESIAN_POINT('',(0.00516248999338131,-0.046,0.0259625469867994));
#14391=CARTESIAN_POINT('',(0.00656017517677456,-0.0452,0.0257277358759893));
#14392=CARTESIAN_POINT('',(0.00656017517677456,-0.0452,0.0257277358759893));
#14393=CARTESIAN_POINT('',(0.00656017517677456,-0.0452,0.0257277358759893));
#14394=CARTESIAN_POINT('',(0.00565223888164231,-0.0452,0.0257277358759893));
#14395=CARTESIAN_POINT('',(0.00516248999338131,-0.0452,0.0259625469867994));
#14396=CARTESIAN_POINT('',(0.00788797610099815,-0.0452,0.0261056699495789));
#14397=CARTESIAN_POINT('',(0.00788797610099815,-0.046,0.0261056699495789));
#14398=CARTESIAN_POINT('',(0.0075618495582064,-0.0452,0.0258537139005191));
#14399=CARTESIAN_POINT('',(0.0075618495582064,-0.046,0.0258537139005191));
#14400=CARTESIAN_POINT('',(0.00711924925013187,-0.0452,0.0257277358759893));
#14401=CARTESIAN_POINT('',(0.00711924925013187,-0.046,0.0257277358759893));
#14402=CARTESIAN_POINT('',(0.00656017517677456,-0.0452,0.0257277358759893));
#14403=CARTESIAN_POINT('',(0.00656017517677456,-0.046,0.0257277358759893));
#14404=CARTESIAN_POINT('',(0.00788797610099815,-0.0452,0.0261056699495789));
#14405=CARTESIAN_POINT('',(0.00739878628681052,-0.0452,0.0257277358759893));
#14406=CARTESIAN_POINT('',(0.00656017517677456,-0.0452,0.0257277358759893));
#14407=CARTESIAN_POINT('',(4.85722573273506E-17,-0.0452,0.0159139608291145));
#14408=CARTESIAN_POINT('',(0.00447315166093176,-0.0452,0.0309069980915714));
#14409=CARTESIAN_POINT('',(0.00415392036504474,-0.0452,0.0309069980915714));
#14410=CARTESIAN_POINT('',(0.00415392036504474,-0.0452,0.0309069980915714));
#14411=CARTESIAN_POINT('',(0.00447315166093176,-0.0452,0.0309069980915714));
#14412=CARTESIAN_POINT('',(0.00479238295681878,-0.0452,0.0309069980915714));
#14413=CARTESIAN_POINT('',(0.00479238295681878,-0.0452,0.0309069980915714));
#14414=CARTESIAN_POINT('',(0.00357024703245972,-0.0452,0.0292644384640476));
#14415=CARTESIAN_POINT('',(0.0029865736998747,-0.0452,0.0276218788365238));
#14416=CARTESIAN_POINT('',(0.00298662005184103,-0.0452,0.0276218620956684));
#14417=CARTESIAN_POINT('',(0.00357024703245972,-0.0452,0.0292644384640476));
#14418=CARTESIAN_POINT('',(0.0117784830518255,-0.0452000000000009,0.0244465209129445));
#14419=CARTESIAN_POINT('',(0.0026578381447406,-0.0452,0.0264936673564888));
#14420=CARTESIAN_POINT('',(0.00265784234410918,-0.0452,0.0264941093966738));
#14421=CARTESIAN_POINT('',(0.0117784830518255,-0.0452,0.0244465209129445));
#14422=CARTESIAN_POINT('',(-0.00643120080328702,-0.045200000000001,0.0244571254382477));
#14423=CARTESIAN_POINT('',(0.00233692962663351,-0.0452,0.027601752169883));
#14424=CARTESIAN_POINT('',(0.00233679622526312,-0.04520000025,0.0276017043264438));
#14425=CARTESIAN_POINT('',(-0.00643120080328702,-0.0452,0.0244571254382477));
#14426=CARTESIAN_POINT('',(0.00174990184960835,-0.0452,0.0292543751307272));
#14427=CARTESIAN_POINT('',(0.00116287407258318,-0.0452,0.0309069980915714));
#14428=CARTESIAN_POINT('',(0.00116287407258318,-0.0452,0.0309069980915714));
#14429=CARTESIAN_POINT('',(0.00174990184960835,-0.0452,0.0292543751307272));
#14430=CARTESIAN_POINT('',(0.000848115369283023,-0.0452,0.0309069980915714));
#14431=CARTESIAN_POINT('',(0.000533356665982863,-0.0452,0.0309069980915714));
#14432=CARTESIAN_POINT('',(0.000533356665982863,-0.0452,0.0309069980915714));
#14433=CARTESIAN_POINT('',(0.000848115369283023,-0.0452,0.0309069980915714));
#14434=CARTESIAN_POINT('',(0.00144911999814212,-0.0452,0.0283525886504018));
#14435=CARTESIAN_POINT('',(0.00236488333030138,-0.0452,0.0257981792092324));
#14436=CARTESIAN_POINT('',(0.00236488333030138,-0.0452,0.0257981792092324));
#14437=CARTESIAN_POINT('',(0.00144911999814212,-0.0452,0.0283525886504018));
#14438=CARTESIAN_POINT('',(0.00265839721881397,-0.0452,0.0257981792092324));
#14439=CARTESIAN_POINT('',(0.00295191110732654,-0.0452,0.0257981792092324));
#14440=CARTESIAN_POINT('',(0.00295191110732654,-0.0452,0.0257981792092324));
#14441=CARTESIAN_POINT('',(0.00265839721881397,-0.0452,0.0257981792092324));
#14442=CARTESIAN_POINT('',(0.00387214703207267,-0.0452,0.0283525886504018));
#14443=CARTESIAN_POINT('',(0.00387214703207267,-0.0452,0.0283525886504018));
#14444=CARTESIAN_POINT('',(4.85722573273506E-17,-0.0452,0.0159139608291145));
#14445=CARTESIAN_POINT('',(-0.00050763925860843,-0.0452,0.0257981792092324));
#14446=CARTESIAN_POINT('',(-0.000168840370153906,-0.0452,0.0257981792092324));
#14447=CARTESIAN_POINT('',(-0.000168840370153906,-0.0452,0.0257981792092324));
#14448=CARTESIAN_POINT('',(-0.00050763925860843,-0.0452,0.0257981792092324));
#14449=CARTESIAN_POINT('',(-0.000846438147062954,-0.0452,0.0257981792092324));
#14450=CARTESIAN_POINT('',(-0.000846438147062954,-0.0452,0.0257981792092324));
#14451=CARTESIAN_POINT('',(-0.000168840370153906,-0.0452,0.0283525886504018));
#14452=CARTESIAN_POINT('',(-0.000168840370153906,-0.0452,0.0309069980915714));
#14453=CARTESIAN_POINT('',(-0.000168840370153906,-0.0452,0.0309069980915714));
#14454=CARTESIAN_POINT('',(-0.000168840370153906,-0.0452,0.0283525886504018));
#14455=CARTESIAN_POINT('',(-0.000446700184612484,-0.0452,0.0309069980915714));
#14456=CARTESIAN_POINT('',(-0.000724559999071063,-0.0452,0.0309069980915714));
#14457=CARTESIAN_POINT('',(-0.000724559999071063,-0.0452,0.0309069980915714));
#14458=CARTESIAN_POINT('',(-0.000446700184612484,-0.0452,0.0309069980915714));
#14459=CARTESIAN_POINT('',(-0.000724559999071063,-0.0452,0.0294411058712285));
#14460=CARTESIAN_POINT('',(-0.000724559999071063,-0.0452,0.0279752136508856));
#14461=CARTESIAN_POINT('',(-0.000725029058965915,-0.0452,0.0279752161774686));
#14462=CARTESIAN_POINT('',(-0.000724559999071063,-0.0452,0.0294411058712285));
#14463=CARTESIAN_POINT('',(0.0107172830545954,-0.0452000000000034,0.0279135823630836));
#14464=CARTESIAN_POINT('',(-0.000706669628723629,-0.0452,0.0272428266147876));
#14465=CARTESIAN_POINT('',(-0.000706330118745278,-0.0452,0.0272428475786484));
#14466=CARTESIAN_POINT('',(0.0107172830545954,-0.0452,0.0279135823630836));
#14467=CARTESIAN_POINT('',(0.0538196384688854,-0.0452,0.0297181870313576));
#14468=CARTESIAN_POINT('',(-0.000675629197349946,-0.0452,0.0266367903192683));
#14469=CARTESIAN_POINT('',(-0.000675629197349946,-0.0452,0.0266367903192683));
#14470=CARTESIAN_POINT('',(0.0538196384688854,-0.0452,0.0297181870313576));
#14471=CARTESIAN_POINT('',(-0.000689338332449553,-0.0452,0.0266367903192683));
#14472=CARTESIAN_POINT('',(-0.000703315184283486,-0.0452,0.0266367903192683));
#14473=CARTESIAN_POINT('',(-0.000703315184283486,-0.0452,0.0266367903192683));
#14474=CARTESIAN_POINT('',(-0.000689338332449553,-0.0452,0.0266367903192683));
#14475=CARTESIAN_POINT('',(-0.00209596870101652,-0.0452,0.0287718942054198));
#14476=CARTESIAN_POINT('',(-0.00348862221774955,-0.0452,0.0309069980915714));
#14477=CARTESIAN_POINT('',(-0.00348862221774955,-0.0452,0.0309069980915714));
#14478=CARTESIAN_POINT('',(-0.00209596870101652,-0.0452,0.0287718942054198));
#14479=CARTESIAN_POINT('',(-0.00382406666176393,-0.0452,0.0309069980915714));
#14480=CARTESIAN_POINT('',(-0.00415951110577832,-0.0452,0.0309069980915714));
#14481=CARTESIAN_POINT('',(-0.00415951110577832,-0.0452,0.0309069980915714));
#14482=CARTESIAN_POINT('',(-0.00382406666176393,-0.0452,0.0309069980915714));
#14483=CARTESIAN_POINT('',(-0.00415951110577832,-0.0452,0.0283525886504018));
#14484=CARTESIAN_POINT('',(-0.00415951110577832,-0.0452,0.0257981792092324));
#14485=CARTESIAN_POINT('',(-0.00415951110577832,-0.0452,0.0257981792092324));
#14486=CARTESIAN_POINT('',(-0.00415951110577832,-0.0452,0.0283525886504018));
#14487=CARTESIAN_POINT('',(-0.00388500573575989,-0.0452,0.0257981792092324));
#14488=CARTESIAN_POINT('',(-0.00361050036574145,-0.0452,0.0257981792092324));
#14489=CARTESIAN_POINT('',(-0.00361050036574145,-0.0452,0.0257981792092324));
#14490=CARTESIAN_POINT('',(-0.00388500573575989,-0.0452,0.0257981792092324));
#14491=CARTESIAN_POINT('',(-0.00361050036574145,-0.0452,0.0272500945777412));
#14492=CARTESIAN_POINT('',(-0.00361050036574145,-0.0452,0.0287020099462501));
#14493=CARTESIAN_POINT('',(-0.00361029380067139,-0.0452,0.0287020108484568));
#14494=CARTESIAN_POINT('',(-0.00361050036574145,-0.0452,0.0272500945777412));
#14495=CARTESIAN_POINT('',(-0.0225214686684703,-0.0452000000000027,0.0286194132084305));
#14496=CARTESIAN_POINT('',(-0.00366679394584817,-0.0452,0.0300851592037361));
#14497=CARTESIAN_POINT('',(-0.00366640777307718,-0.0452,0.0300851592037361));
#14498=CARTESIAN_POINT('',(-0.0225214686684703,-0.0452,0.0286194132084305));
#14499=CARTESIAN_POINT('',(-0.00365243092124325,-0.0452,0.0300851592037361));
#14500=CARTESIAN_POINT('',(-0.00363845406940931,-0.0452,0.0300851592037361));
#14501=CARTESIAN_POINT('',(-0.00363845406940931,-0.0452,0.0300851592037361));
#14502=CARTESIAN_POINT('',(-0.00365243092124325,-0.0452,0.0300851592037361));
#14503=CARTESIAN_POINT('',(-0.00224244610823613,-0.0452,0.0279416692064842));
#14504=CARTESIAN_POINT('',(-0.00224244610823613,-0.0452,0.0279416692064842));
#14505=CARTESIAN_POINT('',(4.85722573273506E-17,-0.0452,0.0159139608291145));
#14506=CARTESIAN_POINT('',(-0.00671503869509454,-0.0452,0.0257981792092324));
#14507=CARTESIAN_POINT('',(-0.00529107703025349,-0.0452,0.0257981792092324));
#14508=CARTESIAN_POINT('',(-0.00529107703025349,-0.0452,0.0257981792092324));
#14509=CARTESIAN_POINT('',(-0.00671503869509454,-0.0452,0.0257981792092324));
#14510=CARTESIAN_POINT('',(-0.00813900035993558,-0.0452,0.0257981792092324));
#14511=CARTESIAN_POINT('',(-0.00813900035993558,-0.0452,0.0257981792092324));
#14512=CARTESIAN_POINT('',(-0.00529107703025349,-0.0452,0.0260637393940771));
#14513=CARTESIAN_POINT('',(-0.00529107703025349,-0.0452,0.0263292995789218));
#14514=CARTESIAN_POINT('',(-0.00529107703025349,-0.0452,0.0263292995789218));
#14515=CARTESIAN_POINT('',(-0.00529107703025349,-0.0452,0.0260637393940771));
#14516=CARTESIAN_POINT('',(-0.00641817036214181,-0.0452,0.0263292995789218));
#14517=CARTESIAN_POINT('',(-0.00754526369403013,-0.0452,0.0263292995789218));
#14518=CARTESIAN_POINT('',(-0.00754526369403013,-0.0452,0.0263292995789218));
#14519=CARTESIAN_POINT('',(-0.00641817036214181,-0.0452,0.0263292995789218));
#14520=CARTESIAN_POINT('',(-0.00754526369403013,-0.0452,0.0272691030962354));
#14521=CARTESIAN_POINT('',(-0.00754526369403013,-0.0452,0.028208906613549));
#14522=CARTESIAN_POINT('',(-0.00754526369403013,-0.0452,0.028208906613549));
#14523=CARTESIAN_POINT('',(-0.00754526369403013,-0.0452,0.0272691030962354));
#14524=CARTESIAN_POINT('',(-0.0064863773990914,-0.0452,0.028208906613549));
#14525=CARTESIAN_POINT('',(-0.00542749110415268,-0.0452,0.028208906613549));
#14526=CARTESIAN_POINT('',(-0.00542749110415268,-0.0452,0.028208906613549));
#14527=CARTESIAN_POINT('',(-0.0064863773990914,-0.0452,0.028208906613549));
#14528=CARTESIAN_POINT('',(-0.00542749110415268,-0.0452,0.0284711123539536));
#14529=CARTESIAN_POINT('',(-0.00542749110415268,-0.0452,0.0287333180943582));
#14530=CARTESIAN_POINT('',(-0.00542749110415268,-0.0452,0.0287333180943582));
#14531=CARTESIAN_POINT('',(-0.00542749110415268,-0.0452,0.0284711123539536));
#14532=CARTESIAN_POINT('',(-0.0064863773990914,-0.0452,0.0287333180943582));
#14533=CARTESIAN_POINT('',(-0.00754526369403013,-0.0452,0.0287333180943582));
#14534=CARTESIAN_POINT('',(-0.00754526369403013,-0.0452,0.0287333180943582));
#14535=CARTESIAN_POINT('',(-0.0064863773990914,-0.0452,0.0287333180943582));
#14536=CARTESIAN_POINT('',(-0.00754526369403013,-0.0452,0.0295562751303401));
#14537=CARTESIAN_POINT('',(-0.00754526369403013,-0.0452,0.030379232166322));
#14538=CARTESIAN_POINT('',(-0.00754526369403013,-0.0452,0.030379232166322));
#14539=CARTESIAN_POINT('',(-0.00754526369403013,-0.0452,0.0295562751303401));
#14540=CARTESIAN_POINT('',(-0.00641817036214181,-0.0452,0.030379232166322));
#14541=CARTESIAN_POINT('',(-0.00529107703025349,-0.0452,0.030379232166322));
#14542=CARTESIAN_POINT('',(-0.00529107703025349,-0.0452,0.030379232166322));
#14543=CARTESIAN_POINT('',(-0.00641817036214181,-0.0452,0.030379232166322));
#14544=CARTESIAN_POINT('',(-0.00529107703025349,-0.0452,0.0306431151289467));
#14545=CARTESIAN_POINT('',(-0.00529107703025349,-0.0452,0.0309069980915714));
#14546=CARTESIAN_POINT('',(-0.00529107703025349,-0.0452,0.0309069980915714));
#14547=CARTESIAN_POINT('',(-0.00529107703025349,-0.0452,0.0306431151289467));
#14548=CARTESIAN_POINT('',(-0.00671503869509454,-0.0452,0.0309069980915714));
#14549=CARTESIAN_POINT('',(-0.00813900035993558,-0.0452,0.0309069980915714));
#14550=CARTESIAN_POINT('',(-0.00813900035993558,-0.0452,0.0309069980915714));
#14551=CARTESIAN_POINT('',(-0.00671503869509454,-0.0452,0.0309069980915714));
#14552=CARTESIAN_POINT('',(-0.00813900035993558,-0.0452,0.0283525886504018));
#14553=CARTESIAN_POINT('',(-0.00813900035993558,-0.0452,0.0283525886504018));
#14554=CARTESIAN_POINT('',(4.85722573273506E-17,-0.0452,0.0159139608291145));
#14555=CARTESIAN_POINT('',(-3.90858834878803E-17,-2.75545529808154E-19,
0.034));
#14556=CARTESIAN_POINT('',(-3.90858834878803E-17,-2.75545529808154E-19,
0.034));
#14557=CARTESIAN_POINT('',(-8.04709365926948E-18,-1.22464679914735E-19,
0.007));
#14558=CARTESIAN_POINT('',(-8.04709365926948E-18,-1.22464679914735E-19,
0.007));
#14559=CARTESIAN_POINT('',(-0.00200000000000001,-1.22464679914735E-19,0.007));
#14560=CARTESIAN_POINT('',(-2.19248814670838E-17,-1.38777878078145E-17,
0.007));
#14561=MECHANICAL_DESIGN_GEOMETRIC_PRESENTATION_REPRESENTATION('',(#7694),
#14562);
#14562=(
GEOMETRIC_REPRESENTATION_CONTEXT(3)
GLOBAL_UNCERTAINTY_ASSIGNED_CONTEXT((#14563))
GLOBAL_UNIT_ASSIGNED_CONTEXT((#14566,#14565,#14564))
REPRESENTATION_CONTEXT('Case','TOP_LEVEL_ASSEMBLY_PART')
);
#14563=UNCERTAINTY_MEASURE_WITH_UNIT(LENGTH_MEASURE(2.E-5),#14566,
'DISTANCE_ACCURACY_VALUE','Maximum Tolerance applied to model');
#14564=(
NAMED_UNIT(*)
SI_UNIT($,.STERADIAN.)
SOLID_ANGLE_UNIT()
);
#14565=(
NAMED_UNIT(*)
PLANE_ANGLE_UNIT()
SI_UNIT($,.RADIAN.)
);
#14566=(
LENGTH_UNIT()
NAMED_UNIT(*)
SI_UNIT($,.METRE.)
);
#14567=PRODUCT_DEFINITION_SHAPE('','',#14568);
#14568=PRODUCT_DEFINITION('','',#14570,#14569);
#14569=PRODUCT_DEFINITION_CONTEXT('',#14576,'design');
#14570=PRODUCT_DEFINITION_FORMATION_WITH_SPECIFIED_SOURCE('','',#14572,
 .NOT_KNOWN.);
#14571=PRODUCT_RELATED_PRODUCT_CATEGORY('','',(#14572));
#14572=PRODUCT('Case','Case','Case',(#14574));
#14573=PRODUCT_CATEGORY('','');
#14574=PRODUCT_CONTEXT('',#14576,'mechanical');
#14575=APPLICATION_PROTOCOL_DEFINITION('international standard',
'ap242_managed_model_based_3d_engineering',2020,#14576);
#14576=APPLICATION_CONTEXT('managed model based 3d engineering');
ENDSEC;
END-ISO-10303-21;
