ISO-10303-21;
HEADER;
/* Generated by software containing ST-Developer
 * from STEP Tools, Inc. (www.steptools.com) 
 */
/* OPTION: using custom renumber hook */

FILE_DESCRIPTION(
/* description */ ('STEP AP242 Edition 2',
'CAx-IF Rec.Pracs.---Representation and Presentation of Product Manufa
cturing Information (PMI)---4.0---2014-10-13',
'CAx-IF Rec.Pracs.---3D Tessellated Geometry---0.4---2014-09-14','2;1',
'CAx-IF Rec.Pracs.---User Defined Attributes---1.5---2016-08-15'),
/* implementation_level */ '2;1');

FILE_NAME(
/* name */ 'Part Studio 1 - Part 1',
/* time_stamp */ '2026-08-21T14:19:27Z',
/* author */ (''),
/* organization */ (''),
/* preprocessor_version */ 'ST-DEVELOPER v20',
/* originating_system */ 'ONSHAPE BY PTC INC, 1.219',
/* authorisation */ '  ');

FILE_SCHEMA (('AP242_MANAGED_MODEL_BASED_3D_ENGINEERING_MIM_LF { 1 0 10303 442 3 1 4 }'));
ENDSEC;

DATA;
#10=SHAPE_REPRESENTATION_RELATIONSHIP('','',#4538,#11);
#11=ADVANCED_BREP_SHAPE_REPRESENTATION('',(#4536),#7792);
#12=B_SPLINE_SURFACE_WITH_KNOTS('',3,1,((#7354,#7355),(#7356,#7357),(#7358,
#7359),(#7360,#7361)),.SURF_OF_LINEAR_EXTRUSION.,.F.,.F.,.F.,(4,4),(2,2),
(0.,1.),(0.,1.),.PIECEWISE_BEZIER_KNOTS.);
#13=B_SPLINE_SURFACE_WITH_KNOTS('',3,1,((#7369,#7370),(#7371,#7372),(#7373,
#7374),(#7375,#7376)),.SURF_OF_LINEAR_EXTRUSION.,.F.,.F.,.F.,(4,4),(2,2),
(0.,1.),(0.,1.),.PIECEWISE_BEZIER_KNOTS.);
#14=B_SPLINE_SURFACE_WITH_KNOTS('',3,1,((#7382,#7383),(#7384,#7385),(#7386,
#7387),(#7388,#7389)),.SURF_OF_LINEAR_EXTRUSION.,.F.,.F.,.F.,(4,4),(2,2),
(0.,1.),(0.,1.),.PIECEWISE_BEZIER_KNOTS.);
#15=B_SPLINE_SURFACE_WITH_KNOTS('',3,1,((#7395,#7396),(#7397,#7398),(#7399,
#7400),(#7401,#7402)),.SURF_OF_LINEAR_EXTRUSION.,.F.,.F.,.F.,(4,4),(2,2),
(0.,1.),(0.,1.),.PIECEWISE_BEZIER_KNOTS.);
#16=B_SPLINE_SURFACE_WITH_KNOTS('',3,1,((#7408,#7409),(#7410,#7411),(#7412,
#7413),(#7414,#7415)),.SURF_OF_LINEAR_EXTRUSION.,.F.,.F.,.F.,(4,4),(2,2),
(0.,1.),(0.,1.),.PIECEWISE_BEZIER_KNOTS.);
#17=B_SPLINE_SURFACE_WITH_KNOTS('',3,1,((#7421,#7422),(#7423,#7424),(#7425,
#7426),(#7427,#7428)),.SURF_OF_LINEAR_EXTRUSION.,.F.,.F.,.F.,(4,4),(2,2),
(0.,1.),(0.,1.),.PIECEWISE_BEZIER_KNOTS.);
#18=B_SPLINE_SURFACE_WITH_KNOTS('',3,1,((#7434,#7435),(#7436,#7437),(#7438,
#7439),(#7440,#7441)),.SURF_OF_LINEAR_EXTRUSION.,.F.,.F.,.F.,(4,4),(2,2),
(0.,1.),(0.,1.),.PIECEWISE_BEZIER_KNOTS.);
#19=B_SPLINE_SURFACE_WITH_KNOTS('',3,1,((#7447,#7448),(#7449,#7450),(#7451,
#7452),(#7453,#7454)),.SURF_OF_LINEAR_EXTRUSION.,.F.,.F.,.F.,(4,4),(2,2),
(0.,1.),(0.,1.),.PIECEWISE_BEZIER_KNOTS.);
#20=B_SPLINE_SURFACE_WITH_KNOTS('',3,1,((#7460,#7461),(#7462,#7463),(#7464,
#7465),(#7466,#7467)),.SURF_OF_LINEAR_EXTRUSION.,.F.,.F.,.F.,(4,4),(2,2),
(0.,1.),(0.,1.),.PIECEWISE_BEZIER_KNOTS.);
#21=B_SPLINE_SURFACE_WITH_KNOTS('',3,1,((#7477,#7478),(#7479,#7480),(#7481,
#7482),(#7483,#7484)),.SURF_OF_LINEAR_EXTRUSION.,.F.,.F.,.F.,(4,4),(2,2),
(0.,1.),(0.,1.),.PIECEWISE_BEZIER_KNOTS.);
#22=B_SPLINE_SURFACE_WITH_KNOTS('',3,1,((#7490,#7491),(#7492,#7493),(#7494,
#7495),(#7496,#7497)),.SURF_OF_LINEAR_EXTRUSION.,.F.,.F.,.F.,(4,4),(2,2),
(0.,1.),(0.,1.),.PIECEWISE_BEZIER_KNOTS.);
#23=B_SPLINE_SURFACE_WITH_KNOTS('',3,1,((#7503,#7504),(#7505,#7506),(#7507,
#7508),(#7509,#7510)),.SURF_OF_LINEAR_EXTRUSION.,.F.,.F.,.F.,(4,4),(2,2),
(0.,1.),(0.,1.),.PIECEWISE_BEZIER_KNOTS.);
#24=B_SPLINE_SURFACE_WITH_KNOTS('',3,1,((#7516,#7517),(#7518,#7519),(#7520,
#7521),(#7522,#7523)),.SURF_OF_LINEAR_EXTRUSION.,.F.,.F.,.F.,(4,4),(2,2),
(0.,1.),(0.,1.),.PIECEWISE_BEZIER_KNOTS.);
#25=B_SPLINE_SURFACE_WITH_KNOTS('',3,1,((#7529,#7530),(#7531,#7532),(#7533,
#7534),(#7535,#7536)),.SURF_OF_LINEAR_EXTRUSION.,.F.,.F.,.F.,(4,4),(2,2),
(0.,1.),(0.,1.),.PIECEWISE_BEZIER_KNOTS.);
#26=B_SPLINE_SURFACE_WITH_KNOTS('',3,1,((#7542,#7543),(#7544,#7545),(#7546,
#7547),(#7548,#7549)),.SURF_OF_LINEAR_EXTRUSION.,.F.,.F.,.F.,(4,4),(2,2),
(0.,1.),(0.,1.),.PIECEWISE_BEZIER_KNOTS.);
#27=B_SPLINE_SURFACE_WITH_KNOTS('',3,1,((#7555,#7556),(#7557,#7558),(#7559,
#7560),(#7561,#7562)),.SURF_OF_LINEAR_EXTRUSION.,.F.,.F.,.F.,(4,4),(2,2),
(0.,1.),(0.,1.),.PIECEWISE_BEZIER_KNOTS.);
#28=B_SPLINE_SURFACE_WITH_KNOTS('',3,1,((#7568,#7569),(#7570,#7571),(#7572,
#7573),(#7574,#7575)),.SURF_OF_LINEAR_EXTRUSION.,.F.,.F.,.F.,(4,4),(2,2),
(0.,1.),(0.,1.),.PIECEWISE_BEZIER_KNOTS.);
#29=B_SPLINE_SURFACE_WITH_KNOTS('',3,1,((#7581,#7582),(#7583,#7584),(#7585,
#7586),(#7587,#7588)),.SURF_OF_LINEAR_EXTRUSION.,.F.,.F.,.F.,(4,4),(2,2),
(0.,1.),(0.,1.),.PIECEWISE_BEZIER_KNOTS.);
#30=B_SPLINE_SURFACE_WITH_KNOTS('',3,1,((#7594,#7595),(#7596,#7597),(#7598,
#7599),(#7600,#7601)),.SURF_OF_LINEAR_EXTRUSION.,.F.,.F.,.F.,(4,4),(2,2),
(0.,1.),(0.,1.),.PIECEWISE_BEZIER_KNOTS.);
#31=B_SPLINE_SURFACE_WITH_KNOTS('',3,1,((#7619,#7620),(#7621,#7622),(#7623,
#7624),(#7625,#7626)),.SURF_OF_LINEAR_EXTRUSION.,.F.,.F.,.F.,(4,4),(2,2),
(0.,1.),(0.,1.),.PIECEWISE_BEZIER_KNOTS.);
#32=B_SPLINE_SURFACE_WITH_KNOTS('',3,1,((#7632,#7633),(#7634,#7635),(#7636,
#7637),(#7638,#7639)),.SURF_OF_LINEAR_EXTRUSION.,.F.,.F.,.F.,(4,4),(2,2),
(0.,1.),(0.,1.),.PIECEWISE_BEZIER_KNOTS.);
#33=TOROIDAL_SURFACE('',#4934,0.0547408001330082,0.003);
#34=TOROIDAL_SURFACE('',#4935,0.0547408001330082,0.003);
#35=CYLINDRICAL_SURFACE('',#4577,0.055);
#36=CYLINDRICAL_SURFACE('',#4606,0.055);
#37=CYLINDRICAL_SURFACE('',#4619,0.0025);
#38=CYLINDRICAL_SURFACE('',#4620,0.0025);
#39=CYLINDRICAL_SURFACE('',#4642,0.055);
#40=CYLINDRICAL_SURFACE('',#4645,0.055);
#41=CYLINDRICAL_SURFACE('',#4648,0.055);
#42=CYLINDRICAL_SURFACE('',#4679,0.055);
#43=CYLINDRICAL_SURFACE('',#4682,0.0577408001330082);
#44=CYLINDRICAL_SURFACE('',#4695,0.00325);
#45=CYLINDRICAL_SURFACE('',#4696,0.00325);
#46=CYLINDRICAL_SURFACE('',#4697,0.00325);
#47=CYLINDRICAL_SURFACE('',#4698,0.00325);
#48=CYLINDRICAL_SURFACE('',#4699,0.002);
#49=CYLINDRICAL_SURFACE('',#4702,0.002);
#50=CYLINDRICAL_SURFACE('',#4705,0.00250380257346099);
#51=CYLINDRICAL_SURFACE('',#4706,0.0025);
#52=CYLINDRICAL_SURFACE('',#4707,0.00250380257346099);
#53=CYLINDRICAL_SURFACE('',#4708,0.00250380257346099);
#54=CYLINDRICAL_SURFACE('',#4709,0.00250380257346099);
#55=CYLINDRICAL_SURFACE('',#4710,0.00250380257346099);
#56=CYLINDRICAL_SURFACE('',#4711,0.00250380257346099);
#57=CYLINDRICAL_SURFACE('',#4712,0.00250380257346099);
#58=CYLINDRICAL_SURFACE('',#4713,0.00250380257346099);
#59=CYLINDRICAL_SURFACE('',#4714,0.00250380257346099);
#60=CYLINDRICAL_SURFACE('',#4715,0.0025);
#61=CYLINDRICAL_SURFACE('',#4716,0.0025);
#62=CYLINDRICAL_SURFACE('',#4717,0.0025);
#63=CYLINDRICAL_SURFACE('',#4718,0.0025);
#64=CYLINDRICAL_SURFACE('',#4719,0.00250380257346099);
#65=CYLINDRICAL_SURFACE('',#4720,0.0025);
#66=CYLINDRICAL_SURFACE('',#4721,0.0025);
#67=CYLINDRICAL_SURFACE('',#4722,0.0025);
#68=CYLINDRICAL_SURFACE('',#4723,0.00250380257346099);
#69=CYLINDRICAL_SURFACE('',#4724,0.00250380257346099);
#70=CYLINDRICAL_SURFACE('',#4725,0.00250380257346099);
#71=CYLINDRICAL_SURFACE('',#4726,0.00250380257346099);
#72=CYLINDRICAL_SURFACE('',#4727,0.00250380257346099);
#73=CYLINDRICAL_SURFACE('',#4728,0.00250380257346099);
#74=CYLINDRICAL_SURFACE('',#4729,0.00250380257346099);
#75=CYLINDRICAL_SURFACE('',#4730,0.00250380257346099);
#76=CYLINDRICAL_SURFACE('',#4731,0.00250380257346099);
#77=CYLINDRICAL_SURFACE('',#4732,0.00250380257346099);
#78=CYLINDRICAL_SURFACE('',#4733,0.0025);
#79=CYLINDRICAL_SURFACE('',#4734,0.0025);
#80=CYLINDRICAL_SURFACE('',#4735,0.0025);
#81=CYLINDRICAL_SURFACE('',#4736,0.0025);
#82=CYLINDRICAL_SURFACE('',#4737,0.0025);
#83=CYLINDRICAL_SURFACE('',#4738,0.0025);
#84=CYLINDRICAL_SURFACE('',#4739,0.0025);
#85=CYLINDRICAL_SURFACE('',#4740,0.0025);
#86=CYLINDRICAL_SURFACE('',#4741,0.0025);
#87=CYLINDRICAL_SURFACE('',#4742,0.0025);
#88=CYLINDRICAL_SURFACE('',#4743,0.0025);
#89=CYLINDRICAL_SURFACE('',#4744,0.0025);
#90=CYLINDRICAL_SURFACE('',#4745,0.0025);
#91=CYLINDRICAL_SURFACE('',#4746,0.0025);
#92=CYLINDRICAL_SURFACE('',#4747,0.0025);
#93=CYLINDRICAL_SURFACE('',#4748,0.0025);
#94=CYLINDRICAL_SURFACE('',#4753,0.055);
#95=CYLINDRICAL_SURFACE('',#4792,0.0025);
#96=CYLINDRICAL_SURFACE('',#4793,0.0025);
#97=CYLINDRICAL_SURFACE('',#4802,0.055);
#98=CYLINDRICAL_SURFACE('',#4805,0.055);
#99=CYLINDRICAL_SURFACE('',#4808,0.055);
#100=CYLINDRICAL_SURFACE('',#4879,0.00325);
#101=CYLINDRICAL_SURFACE('',#4880,0.00325);
#102=CYLINDRICAL_SURFACE('',#4881,0.00325);
#103=CYLINDRICAL_SURFACE('',#4882,0.00325);
#104=CYLINDRICAL_SURFACE('',#4883,0.002);
#105=CYLINDRICAL_SURFACE('',#4886,0.002);
#106=CYLINDRICAL_SURFACE('',#4889,0.00250380257346099);
#107=CYLINDRICAL_SURFACE('',#4890,0.0025);
#108=CYLINDRICAL_SURFACE('',#4891,0.00250380257346099);
#109=CYLINDRICAL_SURFACE('',#4892,0.00250380257346099);
#110=CYLINDRICAL_SURFACE('',#4893,0.00250380257346099);
#111=CYLINDRICAL_SURFACE('',#4894,0.00250380257346099);
#112=CYLINDRICAL_SURFACE('',#4895,0.00250380257346099);
#113=CYLINDRICAL_SURFACE('',#4896,0.00250380257346099);
#114=CYLINDRICAL_SURFACE('',#4897,0.00250380257346099);
#115=CYLINDRICAL_SURFACE('',#4898,0.00250380257346099);
#116=CYLINDRICAL_SURFACE('',#4899,0.0025);
#117=CYLINDRICAL_SURFACE('',#4900,0.0025);
#118=CYLINDRICAL_SURFACE('',#4901,0.0025);
#119=CYLINDRICAL_SURFACE('',#4902,0.0025);
#120=CYLINDRICAL_SURFACE('',#4903,0.00250380257346099);
#121=CYLINDRICAL_SURFACE('',#4904,0.0025);
#122=CYLINDRICAL_SURFACE('',#4905,0.0025);
#123=CYLINDRICAL_SURFACE('',#4906,0.0025);
#124=CYLINDRICAL_SURFACE('',#4907,0.00250380257346099);
#125=CYLINDRICAL_SURFACE('',#4908,0.00250380257346099);
#126=CYLINDRICAL_SURFACE('',#4909,0.00250380257346099);
#127=CYLINDRICAL_SURFACE('',#4910,0.00250380257346099);
#128=CYLINDRICAL_SURFACE('',#4911,0.00250380257346099);
#129=CYLINDRICAL_SURFACE('',#4912,0.00250380257346099);
#130=CYLINDRICAL_SURFACE('',#4913,0.00250380257346099);
#131=CYLINDRICAL_SURFACE('',#4914,0.00250380257346099);
#132=CYLINDRICAL_SURFACE('',#4915,0.00250380257346099);
#133=CYLINDRICAL_SURFACE('',#4916,0.00250380257346099);
#134=CYLINDRICAL_SURFACE('',#4917,0.0025);
#135=CYLINDRICAL_SURFACE('',#4918,0.0025);
#136=CYLINDRICAL_SURFACE('',#4919,0.0025);
#137=CYLINDRICAL_SURFACE('',#4920,0.0025);
#138=CYLINDRICAL_SURFACE('',#4921,0.0025);
#139=CYLINDRICAL_SURFACE('',#4922,0.0025);
#140=CYLINDRICAL_SURFACE('',#4923,0.0025);
#141=CYLINDRICAL_SURFACE('',#4924,0.0025);
#142=CYLINDRICAL_SURFACE('',#4925,0.0025);
#143=CYLINDRICAL_SURFACE('',#4926,0.0025);
#144=CYLINDRICAL_SURFACE('',#4927,0.0025);
#145=CYLINDRICAL_SURFACE('',#4928,0.0025);
#146=CYLINDRICAL_SURFACE('',#4929,0.0025);
#147=CYLINDRICAL_SURFACE('',#4930,0.0025);
#148=CYLINDRICAL_SURFACE('',#4931,0.0025);
#149=CYLINDRICAL_SURFACE('',#4932,0.0025);
#150=CYLINDRICAL_SURFACE('',#4933,0.0025);
#151=CYLINDRICAL_SURFACE('',#4937,0.00358673654711584);
#152=CYLINDRICAL_SURFACE('',#4939,0.00376410421787337);
#153=CYLINDRICAL_SURFACE('',#4945,0.0093476588092591);
#154=CYLINDRICAL_SURFACE('',#4947,0.00931469312840096);
#155=CYLINDRICAL_SURFACE('',#4959,0.0114429471737352);
#156=CYLINDRICAL_SURFACE('',#4961,0.0545823158513617);
#157=CYLINDRICAL_SURFACE('',#4969,0.0189115618892789);
#158=B_SPLINE_CURVE_WITH_KNOTS('',2,(#6274,#6275,#6276),.UNSPECIFIED.,.F.,
 .F.,(3,3),(0.,1.),.PIECEWISE_BEZIER_KNOTS.);
#159=B_SPLINE_CURVE_WITH_KNOTS('',2,(#6279,#6280,#6281),.UNSPECIFIED.,.F.,
 .F.,(3,3),(0.,1.),.PIECEWISE_BEZIER_KNOTS.);
#160=B_SPLINE_CURVE_WITH_KNOTS('',2,(#6283,#6284,#6285),.UNSPECIFIED.,.F.,
 .F.,(3,3),(0.,1.),.PIECEWISE_BEZIER_KNOTS.);
#161=B_SPLINE_CURVE_WITH_KNOTS('',2,(#6287,#6288,#6289),.UNSPECIFIED.,.F.,
 .F.,(3,3),(0.,1.),.PIECEWISE_BEZIER_KNOTS.);
#162=B_SPLINE_CURVE_WITH_KNOTS('',2,(#6297,#6298,#6299),.UNSPECIFIED.,.F.,
 .F.,(3,3),(0.,1.),.PIECEWISE_BEZIER_KNOTS.);
#163=B_SPLINE_CURVE_WITH_KNOTS('',2,(#6301,#6302,#6303),.UNSPECIFIED.,.F.,
 .F.,(3,3),(0.,1.),.PIECEWISE_BEZIER_KNOTS.);
#164=B_SPLINE_CURVE_WITH_KNOTS('',2,(#6305,#6306,#6307),.UNSPECIFIED.,.F.,
 .F.,(3,3),(0.,1.),.PIECEWISE_BEZIER_KNOTS.);
#165=B_SPLINE_CURVE_WITH_KNOTS('',2,(#6309,#6310,#6311),.UNSPECIFIED.,.F.,
 .F.,(3,3),(0.,1.),.PIECEWISE_BEZIER_KNOTS.);
#166=B_SPLINE_CURVE_WITH_KNOTS('',2,(#6313,#6314,#6315),.UNSPECIFIED.,.F.,
 .F.,(3,3),(0.,1.),.PIECEWISE_BEZIER_KNOTS.);
#167=B_SPLINE_CURVE_WITH_KNOTS('',2,(#6317,#6318,#6319),.UNSPECIFIED.,.F.,
 .F.,(3,3),(0.,1.),.PIECEWISE_BEZIER_KNOTS.);
#168=B_SPLINE_CURVE_WITH_KNOTS('',2,(#6321,#6322,#6323),.UNSPECIFIED.,.F.,
 .F.,(3,3),(0.,1.),.PIECEWISE_BEZIER_KNOTS.);
#169=B_SPLINE_CURVE_WITH_KNOTS('',2,(#6325,#6326,#6327),.UNSPECIFIED.,.F.,
 .F.,(3,3),(0.,1.),.PIECEWISE_BEZIER_KNOTS.);
#170=B_SPLINE_CURVE_WITH_KNOTS('',2,(#6329,#6330,#6331),.UNSPECIFIED.,.F.,
 .F.,(3,3),(0.,1.),.PIECEWISE_BEZIER_KNOTS.);
#171=B_SPLINE_CURVE_WITH_KNOTS('',2,(#6333,#6334,#6335),.UNSPECIFIED.,.F.,
 .F.,(3,3),(0.,1.),.PIECEWISE_BEZIER_KNOTS.);
#172=B_SPLINE_CURVE_WITH_KNOTS('',2,(#6339,#6340,#6341),.UNSPECIFIED.,.F.,
 .F.,(3,3),(0.,1.),.PIECEWISE_BEZIER_KNOTS.);
#173=B_SPLINE_CURVE_WITH_KNOTS('',2,(#6343,#6344,#6345),.UNSPECIFIED.,.F.,
 .F.,(3,3),(0.,1.),.PIECEWISE_BEZIER_KNOTS.);
#174=B_SPLINE_CURVE_WITH_KNOTS('',2,(#6347,#6348,#6349),.UNSPECIFIED.,.F.,
 .F.,(3,3),(0.,1.),.PIECEWISE_BEZIER_KNOTS.);
#175=B_SPLINE_CURVE_WITH_KNOTS('',2,(#6351,#6352,#6353),.UNSPECIFIED.,.F.,
 .F.,(3,3),(0.,1.),.PIECEWISE_BEZIER_KNOTS.);
#176=B_SPLINE_CURVE_WITH_KNOTS('',2,(#6355,#6356,#6357),.UNSPECIFIED.,.F.,
 .F.,(3,3),(0.,1.),.PIECEWISE_BEZIER_KNOTS.);
#177=B_SPLINE_CURVE_WITH_KNOTS('',2,(#6359,#6360,#6361),.UNSPECIFIED.,.F.,
 .F.,(3,3),(0.,1.),.PIECEWISE_BEZIER_KNOTS.);
#178=B_SPLINE_CURVE_WITH_KNOTS('',2,(#6363,#6364,#6365),.UNSPECIFIED.,.F.,
 .F.,(3,3),(0.,1.),.PIECEWISE_BEZIER_KNOTS.);
#179=B_SPLINE_CURVE_WITH_KNOTS('',3,(#6446,#6447,#6448,#6449,#6450,#6451,
#6452,#6453,#6454),.UNSPECIFIED.,.F.,.F.,(4,1,1,1,1,1,4),(0.0270362061121047,
0.0286953881766806,0.0295249792089685,0.0303545702412564,0.0311841612735444,
0.0320137523058323,0.0336729343704082),.UNSPECIFIED.);
#180=B_SPLINE_CURVE_WITH_KNOTS('',3,(#6616,#6617,#6618,#6619,#6620),
 .UNSPECIFIED.,.F.,.F.,(4,1,4),(0.,0.00245729360503706,0.00491458721007413),
 .UNSPECIFIED.);
#181=B_SPLINE_CURVE_WITH_KNOTS('',3,(#6656,#6657,#6658,#6659,#6660),
 .UNSPECIFIED.,.F.,.F.,(4,1,4),(0.,0.00245728411698214,0.00491456823396427),
 .UNSPECIFIED.);
#182=B_SPLINE_CURVE_WITH_KNOTS('',3,(#6664,#6665,#6666,#6667,#6668),
 .UNSPECIFIED.,.F.,.F.,(4,1,4),(0.,0.00245729360503701,0.00491458721007401),
 .UNSPECIFIED.);
#183=B_SPLINE_CURVE_WITH_KNOTS('',3,(#6686,#6687,#6688,#6689,#6690),
 .UNSPECIFIED.,.F.,.F.,(4,1,4),(0.,0.00245728411698216,0.00491456823396432),
 .UNSPECIFIED.);
#184=B_SPLINE_CURVE_WITH_KNOTS('',3,(#6738,#6739,#6740,#6741,#6742,#6743,
#6744,#6745,#6746,#6747,#6748),.UNSPECIFIED.,.F.,.F.,(4,1,1,1,1,1,1,1,4),
(0.0266832550975363,0.0276398154005907,0.0285963757036451,0.0295529360066995,
0.0305094963097539,0.0314660566128084,0.0324226169158628,0.0333791772189172,
0.0343357375219716),.UNSPECIFIED.);
#185=B_SPLINE_CURVE_WITH_KNOTS('',3,(#6756,#6757,#6758,#6759,#6760,#6761,
#6762,#6763,#6764,#6765,#6766),.UNSPECIFIED.,.F.,.F.,(4,1,1,1,1,1,1,1,4),
(0.0113653348611592,0.0123175857104696,0.01326983655978,0.0142220874090905,
0.0151743382584009,0.0161265891077113,0.0170788399570217,0.0180310908063321,
0.0189833416556425),.UNSPECIFIED.);
#186=B_SPLINE_CURVE_WITH_KNOTS('',3,(#6772,#6773,#6774,#6775,#6776,#6777,
#6778,#6779,#6780),.UNSPECIFIED.,.F.,.F.,(4,1,1,1,1,1,4),(0.0119123989626264,
0.0135802673444626,0.0144142015353807,0.0152481357262988,0.0160820699172169,
0.0169160041081351,0.0185838724899713),.UNSPECIFIED.);
#187=B_SPLINE_CURVE_WITH_KNOTS('',3,(#6988,#6989,#6990,#6991,#6992,#6993,
#6994,#6995,#6996),.UNSPECIFIED.,.F.,.F.,(4,1,1,1,1,1,4),(0.0270362061121047,
0.0286953881766806,0.0295249792089685,0.0303545702412564,0.0311841612735444,
0.0320137523058323,0.0336729343704082),.UNSPECIFIED.);
#188=B_SPLINE_CURVE_WITH_KNOTS('',3,(#7136,#7137,#7138,#7139,#7140,#7141,
#7142,#7143,#7144,#7145,#7146),.UNSPECIFIED.,.F.,.F.,(4,1,1,1,1,1,1,1,4),
(0.0266832550975363,0.0276398154005907,0.0285963757036451,0.0295529360066995,
0.0305094963097539,0.0314660566128084,0.0324226169158628,0.0333791772189172,
0.0343357375219716),.UNSPECIFIED.);
#189=B_SPLINE_CURVE_WITH_KNOTS('',3,(#7156,#7157,#7158,#7159,#7160,#7161,
#7162,#7163,#7164,#7165,#7166),.UNSPECIFIED.,.F.,.F.,(4,1,1,1,1,1,1,1,4),
(0.0113653348611592,0.0123175857104696,0.01326983655978,0.0142220874090905,
0.0151743382584009,0.0161265891077113,0.0170788399570217,0.0180310908063321,
0.0189833416556425),.UNSPECIFIED.);
#190=B_SPLINE_CURVE_WITH_KNOTS('',3,(#7170,#7171,#7172,#7173,#7174,#7175,
#7176,#7177,#7178),.UNSPECIFIED.,.F.,.F.,(4,1,1,1,1,1,4),(0.0119123989626264,
0.0135802673444626,0.0144142015353807,0.0152481357262988,0.0160820699172169,
0.0169160041081351,0.0185838724899713),.UNSPECIFIED.);
#191=B_SPLINE_CURVE_WITH_KNOTS('',2,(#7364,#7365,#7366),.UNSPECIFIED.,.F.,
 .F.,(3,3),(0.,1.),.PIECEWISE_BEZIER_KNOTS.);
#192=B_SPLINE_CURVE_WITH_KNOTS('',2,(#7379,#7380,#7381),.UNSPECIFIED.,.F.,
 .F.,(3,3),(0.,1.),.PIECEWISE_BEZIER_KNOTS.);
#193=B_SPLINE_CURVE_WITH_KNOTS('',2,(#7392,#7393,#7394),.UNSPECIFIED.,.F.,
 .F.,(3,3),(0.,1.),.PIECEWISE_BEZIER_KNOTS.);
#194=B_SPLINE_CURVE_WITH_KNOTS('',2,(#7405,#7406,#7407),.UNSPECIFIED.,.F.,
 .F.,(3,3),(0.,1.),.PIECEWISE_BEZIER_KNOTS.);
#195=B_SPLINE_CURVE_WITH_KNOTS('',2,(#7418,#7419,#7420),.UNSPECIFIED.,.F.,
 .F.,(3,3),(0.,1.),.PIECEWISE_BEZIER_KNOTS.);
#196=B_SPLINE_CURVE_WITH_KNOTS('',2,(#7431,#7432,#7433),.UNSPECIFIED.,.F.,
 .F.,(3,3),(0.,1.),.PIECEWISE_BEZIER_KNOTS.);
#197=B_SPLINE_CURVE_WITH_KNOTS('',2,(#7444,#7445,#7446),.UNSPECIFIED.,.F.,
 .F.,(3,3),(0.,1.),.PIECEWISE_BEZIER_KNOTS.);
#198=B_SPLINE_CURVE_WITH_KNOTS('',2,(#7457,#7458,#7459),.UNSPECIFIED.,.F.,
 .F.,(3,3),(0.,1.),.PIECEWISE_BEZIER_KNOTS.);
#199=B_SPLINE_CURVE_WITH_KNOTS('',2,(#7470,#7471,#7472),.UNSPECIFIED.,.F.,
 .F.,(3,3),(0.,1.),.PIECEWISE_BEZIER_KNOTS.);
#200=B_SPLINE_CURVE_WITH_KNOTS('',2,(#7487,#7488,#7489),.UNSPECIFIED.,.F.,
 .F.,(3,3),(0.,1.),.PIECEWISE_BEZIER_KNOTS.);
#201=B_SPLINE_CURVE_WITH_KNOTS('',2,(#7500,#7501,#7502),.UNSPECIFIED.,.F.,
 .F.,(3,3),(0.,1.),.PIECEWISE_BEZIER_KNOTS.);
#202=B_SPLINE_CURVE_WITH_KNOTS('',2,(#7513,#7514,#7515),.UNSPECIFIED.,.F.,
 .F.,(3,3),(0.,1.),.PIECEWISE_BEZIER_KNOTS.);
#203=B_SPLINE_CURVE_WITH_KNOTS('',2,(#7526,#7527,#7528),.UNSPECIFIED.,.F.,
 .F.,(3,3),(0.,1.),.PIECEWISE_BEZIER_KNOTS.);
#204=B_SPLINE_CURVE_WITH_KNOTS('',2,(#7539,#7540,#7541),.UNSPECIFIED.,.F.,
 .F.,(3,3),(0.,1.),.PIECEWISE_BEZIER_KNOTS.);
#205=B_SPLINE_CURVE_WITH_KNOTS('',2,(#7552,#7553,#7554),.UNSPECIFIED.,.F.,
 .F.,(3,3),(0.,1.),.PIECEWISE_BEZIER_KNOTS.);
#206=B_SPLINE_CURVE_WITH_KNOTS('',2,(#7565,#7566,#7567),.UNSPECIFIED.,.F.,
 .F.,(3,3),(0.,1.),.PIECEWISE_BEZIER_KNOTS.);
#207=B_SPLINE_CURVE_WITH_KNOTS('',2,(#7578,#7579,#7580),.UNSPECIFIED.,.F.,
 .F.,(3,3),(0.,1.),.PIECEWISE_BEZIER_KNOTS.);
#208=B_SPLINE_CURVE_WITH_KNOTS('',2,(#7591,#7592,#7593),.UNSPECIFIED.,.F.,
 .F.,(3,3),(0.,1.),.PIECEWISE_BEZIER_KNOTS.);
#209=B_SPLINE_CURVE_WITH_KNOTS('',2,(#7604,#7605,#7606),.UNSPECIFIED.,.F.,
 .F.,(3,3),(0.,1.),.PIECEWISE_BEZIER_KNOTS.);
#210=B_SPLINE_CURVE_WITH_KNOTS('',2,(#7629,#7630,#7631),.UNSPECIFIED.,.F.,
 .F.,(3,3),(0.,1.),.PIECEWISE_BEZIER_KNOTS.);
#211=B_SPLINE_CURVE_WITH_KNOTS('',2,(#7640,#7641,#7642),.UNSPECIFIED.,.F.,
 .F.,(3,3),(0.,1.),.PIECEWISE_BEZIER_KNOTS.);
#212=CIRCLE('',#4541,0.0547408001330082);
#213=CIRCLE('',#4542,0.00250380257346099);
#214=CIRCLE('',#4543,0.00250380257346099);
#215=CIRCLE('',#4544,0.00250380257346099);
#216=CIRCLE('',#4545,0.00250380257346099);
#217=CIRCLE('',#4546,0.00250380257346099);
#218=CIRCLE('',#4547,0.00250380257346099);
#219=CIRCLE('',#4548,0.00250380257346099);
#220=CIRCLE('',#4549,0.00250380257346099);
#221=CIRCLE('',#4550,0.00250380257346099);
#222=CIRCLE('',#4551,0.00250380257346099);
#223=CIRCLE('',#4552,0.0025);
#224=CIRCLE('',#4553,0.0025);
#225=CIRCLE('',#4554,0.0025);
#226=CIRCLE('',#4555,0.00250380257346099);
#227=CIRCLE('',#4556,0.0025);
#228=CIRCLE('',#4557,0.0025);
#229=CIRCLE('',#4558,0.0025);
#230=CIRCLE('',#4559,0.0025);
#231=CIRCLE('',#4560,0.00250380257346099);
#232=CIRCLE('',#4561,0.00250380257346099);
#233=CIRCLE('',#4562,0.00250380257346099);
#234=CIRCLE('',#4563,0.00250380257346099);
#235=CIRCLE('',#4564,0.00250380257346099);
#236=CIRCLE('',#4565,0.00250380257346099);
#237=CIRCLE('',#4566,0.00250380257346099);
#238=CIRCLE('',#4567,0.00250380257346099);
#239=CIRCLE('',#4568,0.0025);
#240=CIRCLE('',#4569,0.00250380257346099);
#241=CIRCLE('',#4570,0.00376410421787337);
#242=CIRCLE('',#4571,0.00358673654711584);
#243=CIRCLE('',#4572,0.00931469312840096);
#244=CIRCLE('',#4573,0.0093476588092591);
#245=CIRCLE('',#4574,0.0189115618892789);
#246=CIRCLE('',#4575,0.0545823158513617);
#247=CIRCLE('',#4576,0.0114429471737352);
#248=CIRCLE('',#4578,0.055);
#249=CIRCLE('',#4579,0.055);
#250=CIRCLE('',#4581,0.00250380257346099);
#251=CIRCLE('',#4582,0.00250380257346099);
#252=CIRCLE('',#4583,0.00250380257346099);
#253=CIRCLE('',#4584,0.00250380257346099);
#254=CIRCLE('',#4585,0.00250380257346099);
#255=CIRCLE('',#4586,0.0025);
#256=CIRCLE('',#4587,0.0025);
#257=CIRCLE('',#4588,0.0025);
#258=CIRCLE('',#4589,0.0025);
#259=CIRCLE('',#4590,0.055);
#260=CIRCLE('',#4591,0.00250380257346099);
#261=CIRCLE('',#4592,0.00250380257346099);
#262=CIRCLE('',#4593,0.00250380257346099);
#263=CIRCLE('',#4594,0.00250380257346099);
#264=CIRCLE('',#4595,0.00250380257346099);
#265=CIRCLE('',#4597,0.0025);
#266=CIRCLE('',#4598,0.0025);
#267=CIRCLE('',#4599,0.0025);
#268=CIRCLE('',#4600,0.0025);
#269=CIRCLE('',#4601,0.0025);
#270=CIRCLE('',#4602,0.0025);
#271=CIRCLE('',#4603,0.0025);
#272=CIRCLE('',#4604,0.0025);
#273=CIRCLE('',#4605,0.0025);
#274=CIRCLE('',#4607,0.055);
#275=CIRCLE('',#4608,0.055);
#276=CIRCLE('',#4610,0.0025);
#277=CIRCLE('',#4611,0.0025);
#278=CIRCLE('',#4612,0.0025);
#279=CIRCLE('',#4613,0.0025);
#280=CIRCLE('',#4614,0.0025);
#281=CIRCLE('',#4615,0.0025);
#282=CIRCLE('',#4616,0.0025);
#283=CIRCLE('',#4617,0.0025);
#284=CIRCLE('',#4618,0.0025);
#285=CIRCLE('',#4629,0.00325);
#286=CIRCLE('',#4630,0.00325);
#287=CIRCLE('',#4631,0.00325);
#288=CIRCLE('',#4632,0.00325);
#289=CIRCLE('',#4633,0.00325);
#290=CIRCLE('',#4634,0.002);
#291=CIRCLE('',#4635,0.00325);
#292=CIRCLE('',#4636,0.002);
#293=CIRCLE('',#4637,0.00325);
#294=CIRCLE('',#4638,0.002);
#295=CIRCLE('',#4639,0.00325);
#296=CIRCLE('',#4640,0.002);
#297=CIRCLE('',#4643,0.055);
#298=CIRCLE('',#4644,0.055);
#299=CIRCLE('',#4646,0.055);
#300=CIRCLE('',#4647,0.055);
#301=CIRCLE('',#4649,0.055);
#302=CIRCLE('',#4651,0.00250380257346099);
#303=CIRCLE('',#4652,0.00250380257346099);
#304=CIRCLE('',#4653,0.00250380257346099);
#305=CIRCLE('',#4654,0.00250380257346099);
#306=CIRCLE('',#4655,0.00250380257346099);
#307=CIRCLE('',#4656,0.00250380257346099);
#308=CIRCLE('',#4657,0.0025);
#309=CIRCLE('',#4658,0.0025);
#310=CIRCLE('',#4659,0.0025);
#311=CIRCLE('',#4660,0.00250380257346099);
#312=CIRCLE('',#4661,0.00250380257346099);
#313=CIRCLE('',#4662,0.00250380257346099);
#314=CIRCLE('',#4663,0.00250380257346099);
#315=CIRCLE('',#4664,0.0025);
#316=CIRCLE('',#4668,0.0025);
#317=CIRCLE('',#4669,0.0025);
#318=CIRCLE('',#4670,0.0025);
#319=CIRCLE('',#4671,0.0025);
#320=CIRCLE('',#4672,0.0025);
#321=CIRCLE('',#4673,0.0025);
#322=CIRCLE('',#4674,0.0025);
#323=CIRCLE('',#4675,0.0025);
#324=CIRCLE('',#4676,0.0025);
#325=CIRCLE('',#4680,0.055);
#326=CIRCLE('',#4681,0.055);
#327=CIRCLE('',#4683,0.0577408001330082);
#328=CIRCLE('',#4684,0.0577408001330082);
#329=CIRCLE('',#4686,0.0025);
#330=CIRCLE('',#4687,0.0025);
#331=CIRCLE('',#4688,0.0025);
#332=CIRCLE('',#4689,0.0025);
#333=CIRCLE('',#4690,0.0025);
#334=CIRCLE('',#4691,0.0025);
#335=CIRCLE('',#4692,0.0025);
#336=CIRCLE('',#4693,0.0025);
#337=CIRCLE('',#4694,0.0025);
#338=CIRCLE('',#4700,0.002);
#339=CIRCLE('',#4703,0.002);
#340=CIRCLE('',#4750,0.0025);
#341=CIRCLE('',#4752,0.0025);
#342=CIRCLE('',#4754,0.055);
#343=CIRCLE('',#4755,0.055);
#344=CIRCLE('',#4757,0.00250380257346099);
#345=CIRCLE('',#4758,0.00250380257346099);
#346=CIRCLE('',#4759,0.00250380257346099);
#347=CIRCLE('',#4760,0.00250380257346099);
#348=CIRCLE('',#4761,0.00250380257346099);
#349=CIRCLE('',#4762,0.0025);
#350=CIRCLE('',#4763,0.0025);
#351=CIRCLE('',#4764,0.0025);
#352=CIRCLE('',#4765,0.0025);
#353=CIRCLE('',#4766,0.055);
#354=CIRCLE('',#4767,0.00250380257346099);
#355=CIRCLE('',#4768,0.00250380257346099);
#356=CIRCLE('',#4769,0.00250380257346099);
#357=CIRCLE('',#4770,0.00250380257346099);
#358=CIRCLE('',#4771,0.00250380257346099);
#359=CIRCLE('',#4773,0.0025);
#360=CIRCLE('',#4774,0.0025);
#361=CIRCLE('',#4775,0.0025);
#362=CIRCLE('',#4776,0.0025);
#363=CIRCLE('',#4777,0.0025);
#364=CIRCLE('',#4778,0.0025);
#365=CIRCLE('',#4779,0.0025);
#366=CIRCLE('',#4780,0.0025);
#367=CIRCLE('',#4781,0.0025);
#368=CIRCLE('',#4783,0.0025);
#369=CIRCLE('',#4784,0.0025);
#370=CIRCLE('',#4785,0.0025);
#371=CIRCLE('',#4786,0.0025);
#372=CIRCLE('',#4787,0.0025);
#373=CIRCLE('',#4788,0.0025);
#374=CIRCLE('',#4789,0.0025);
#375=CIRCLE('',#4790,0.0025);
#376=CIRCLE('',#4791,0.0025);
#377=CIRCLE('',#4803,0.055);
#378=CIRCLE('',#4804,0.055);
#379=CIRCLE('',#4806,0.055);
#380=CIRCLE('',#4807,0.055);
#381=CIRCLE('',#4809,0.055);
#382=CIRCLE('',#4811,0.00250380257346099);
#383=CIRCLE('',#4812,0.00250380257346099);
#384=CIRCLE('',#4813,0.00250380257346099);
#385=CIRCLE('',#4814,0.00250380257346099);
#386=CIRCLE('',#4815,0.00250380257346099);
#387=CIRCLE('',#4816,0.00250380257346099);
#388=CIRCLE('',#4817,0.0025);
#389=CIRCLE('',#4818,0.0025);
#390=CIRCLE('',#4819,0.0025);
#391=CIRCLE('',#4820,0.00250380257346099);
#392=CIRCLE('',#4821,0.00250380257346099);
#393=CIRCLE('',#4822,0.00250380257346099);
#394=CIRCLE('',#4823,0.00250380257346099);
#395=CIRCLE('',#4824,0.0025);
#396=CIRCLE('',#4828,0.0025);
#397=CIRCLE('',#4829,0.0025);
#398=CIRCLE('',#4830,0.0025);
#399=CIRCLE('',#4831,0.0025);
#400=CIRCLE('',#4832,0.0025);
#401=CIRCLE('',#4833,0.0025);
#402=CIRCLE('',#4834,0.0025);
#403=CIRCLE('',#4835,0.0025);
#404=CIRCLE('',#4836,0.0025);
#405=CIRCLE('',#4840,0.0547408001330082);
#406=CIRCLE('',#4841,0.00250380257346099);
#407=CIRCLE('',#4842,0.00250380257346099);
#408=CIRCLE('',#4843,0.00250380257346099);
#409=CIRCLE('',#4844,0.00250380257346099);
#410=CIRCLE('',#4845,0.00250380257346099);
#411=CIRCLE('',#4846,0.00250380257346099);
#412=CIRCLE('',#4847,0.00250380257346099);
#413=CIRCLE('',#4848,0.00250380257346099);
#414=CIRCLE('',#4849,0.00250380257346099);
#415=CIRCLE('',#4850,0.00250380257346099);
#416=CIRCLE('',#4851,0.0025);
#417=CIRCLE('',#4852,0.0025);
#418=CIRCLE('',#4853,0.0025);
#419=CIRCLE('',#4854,0.00250380257346099);
#420=CIRCLE('',#4855,0.0025);
#421=CIRCLE('',#4856,0.0025);
#422=CIRCLE('',#4857,0.0025);
#423=CIRCLE('',#4858,0.0025);
#424=CIRCLE('',#4859,0.00250380257346099);
#425=CIRCLE('',#4860,0.00250380257346099);
#426=CIRCLE('',#4861,0.00250380257346099);
#427=CIRCLE('',#4862,0.00250380257346099);
#428=CIRCLE('',#4863,0.00250380257346099);
#429=CIRCLE('',#4864,0.00250380257346099);
#430=CIRCLE('',#4865,0.00250380257346099);
#431=CIRCLE('',#4866,0.00250380257346099);
#432=CIRCLE('',#4867,0.0025);
#433=CIRCLE('',#4868,0.00250380257346099);
#434=CIRCLE('',#4870,0.0025);
#435=CIRCLE('',#4871,0.0025);
#436=CIRCLE('',#4872,0.0025);
#437=CIRCLE('',#4873,0.0025);
#438=CIRCLE('',#4874,0.0025);
#439=CIRCLE('',#4875,0.0025);
#440=CIRCLE('',#4876,0.0025);
#441=CIRCLE('',#4877,0.0025);
#442=CIRCLE('',#4878,0.0025);
#443=CIRCLE('',#4884,0.002);
#444=CIRCLE('',#4887,0.002);
#445=CIRCLE('',#4938,0.00358673654711584);
#446=CIRCLE('',#4940,0.00376410421787337);
#447=CIRCLE('',#4946,0.0093476588092591);
#448=CIRCLE('',#4948,0.00931469312840096);
#449=CIRCLE('',#4960,0.0114429471737352);
#450=CIRCLE('',#4962,0.0545823158513617);
#451=CIRCLE('',#4970,0.0189115618892789);
#452=ORIENTED_EDGE('',*,*,#1658,.T.);
#453=ORIENTED_EDGE('',*,*,#1659,.T.);
#454=ORIENTED_EDGE('',*,*,#1660,.T.);
#455=ORIENTED_EDGE('',*,*,#1661,.F.);
#456=ORIENTED_EDGE('',*,*,#1662,.T.);
#457=ORIENTED_EDGE('',*,*,#1663,.F.);
#458=ORIENTED_EDGE('',*,*,#1664,.T.);
#459=ORIENTED_EDGE('',*,*,#1665,.F.);
#460=ORIENTED_EDGE('',*,*,#1666,.T.);
#461=ORIENTED_EDGE('',*,*,#1667,.F.);
#462=ORIENTED_EDGE('',*,*,#1668,.T.);
#463=ORIENTED_EDGE('',*,*,#1669,.F.);
#464=ORIENTED_EDGE('',*,*,#1670,.T.);
#465=ORIENTED_EDGE('',*,*,#1671,.F.);
#466=ORIENTED_EDGE('',*,*,#1672,.T.);
#467=ORIENTED_EDGE('',*,*,#1673,.F.);
#468=ORIENTED_EDGE('',*,*,#1674,.T.);
#469=ORIENTED_EDGE('',*,*,#1675,.F.);
#470=ORIENTED_EDGE('',*,*,#1676,.T.);
#471=ORIENTED_EDGE('',*,*,#1677,.F.);
#472=ORIENTED_EDGE('',*,*,#1678,.T.);
#473=ORIENTED_EDGE('',*,*,#1679,.F.);
#474=ORIENTED_EDGE('',*,*,#1680,.F.);
#475=ORIENTED_EDGE('',*,*,#1681,.F.);
#476=ORIENTED_EDGE('',*,*,#1682,.F.);
#477=ORIENTED_EDGE('',*,*,#1683,.F.);
#478=ORIENTED_EDGE('',*,*,#1684,.F.);
#479=ORIENTED_EDGE('',*,*,#1685,.F.);
#480=ORIENTED_EDGE('',*,*,#1686,.F.);
#481=ORIENTED_EDGE('',*,*,#1687,.F.);
#482=ORIENTED_EDGE('',*,*,#1688,.F.);
#483=ORIENTED_EDGE('',*,*,#1689,.F.);
#484=ORIENTED_EDGE('',*,*,#1690,.F.);
#485=ORIENTED_EDGE('',*,*,#1691,.F.);
#486=ORIENTED_EDGE('',*,*,#1692,.F.);
#487=ORIENTED_EDGE('',*,*,#1693,.F.);
#488=ORIENTED_EDGE('',*,*,#1694,.F.);
#489=ORIENTED_EDGE('',*,*,#1695,.F.);
#490=ORIENTED_EDGE('',*,*,#1696,.F.);
#491=ORIENTED_EDGE('',*,*,#1697,.F.);
#492=ORIENTED_EDGE('',*,*,#1698,.T.);
#493=ORIENTED_EDGE('',*,*,#1699,.T.);
#494=ORIENTED_EDGE('',*,*,#1700,.T.);
#495=ORIENTED_EDGE('',*,*,#1701,.T.);
#496=ORIENTED_EDGE('',*,*,#1702,.T.);
#497=ORIENTED_EDGE('',*,*,#1703,.T.);
#498=ORIENTED_EDGE('',*,*,#1704,.T.);
#499=ORIENTED_EDGE('',*,*,#1705,.T.);
#500=ORIENTED_EDGE('',*,*,#1706,.T.);
#501=ORIENTED_EDGE('',*,*,#1707,.T.);
#502=ORIENTED_EDGE('',*,*,#1708,.T.);
#503=ORIENTED_EDGE('',*,*,#1709,.T.);
#504=ORIENTED_EDGE('',*,*,#1710,.T.);
#505=ORIENTED_EDGE('',*,*,#1711,.T.);
#506=ORIENTED_EDGE('',*,*,#1712,.T.);
#507=ORIENTED_EDGE('',*,*,#1713,.T.);
#508=ORIENTED_EDGE('',*,*,#1714,.T.);
#509=ORIENTED_EDGE('',*,*,#1715,.T.);
#510=ORIENTED_EDGE('',*,*,#1716,.T.);
#511=ORIENTED_EDGE('',*,*,#1717,.T.);
#512=ORIENTED_EDGE('',*,*,#1718,.T.);
#513=ORIENTED_EDGE('',*,*,#1719,.T.);
#514=ORIENTED_EDGE('',*,*,#1720,.T.);
#515=ORIENTED_EDGE('',*,*,#1721,.T.);
#516=ORIENTED_EDGE('',*,*,#1722,.T.);
#517=ORIENTED_EDGE('',*,*,#1723,.T.);
#518=ORIENTED_EDGE('',*,*,#1724,.T.);
#519=ORIENTED_EDGE('',*,*,#1725,.T.);
#520=ORIENTED_EDGE('',*,*,#1726,.T.);
#521=ORIENTED_EDGE('',*,*,#1727,.T.);
#522=ORIENTED_EDGE('',*,*,#1728,.T.);
#523=ORIENTED_EDGE('',*,*,#1729,.T.);
#524=ORIENTED_EDGE('',*,*,#1730,.T.);
#525=ORIENTED_EDGE('',*,*,#1731,.T.);
#526=ORIENTED_EDGE('',*,*,#1732,.T.);
#527=ORIENTED_EDGE('',*,*,#1733,.T.);
#528=ORIENTED_EDGE('',*,*,#1734,.T.);
#529=ORIENTED_EDGE('',*,*,#1735,.T.);
#530=ORIENTED_EDGE('',*,*,#1736,.T.);
#531=ORIENTED_EDGE('',*,*,#1737,.T.);
#532=ORIENTED_EDGE('',*,*,#1738,.T.);
#533=ORIENTED_EDGE('',*,*,#1739,.T.);
#534=ORIENTED_EDGE('',*,*,#1740,.T.);
#535=ORIENTED_EDGE('',*,*,#1741,.T.);
#536=ORIENTED_EDGE('',*,*,#1742,.T.);
#537=ORIENTED_EDGE('',*,*,#1743,.T.);
#538=ORIENTED_EDGE('',*,*,#1744,.T.);
#539=ORIENTED_EDGE('',*,*,#1745,.T.);
#540=ORIENTED_EDGE('',*,*,#1746,.T.);
#541=ORIENTED_EDGE('',*,*,#1747,.T.);
#542=ORIENTED_EDGE('',*,*,#1748,.T.);
#543=ORIENTED_EDGE('',*,*,#1749,.T.);
#544=ORIENTED_EDGE('',*,*,#1750,.T.);
#545=ORIENTED_EDGE('',*,*,#1751,.T.);
#546=ORIENTED_EDGE('',*,*,#1752,.T.);
#547=ORIENTED_EDGE('',*,*,#1753,.T.);
#548=ORIENTED_EDGE('',*,*,#1754,.T.);
#549=ORIENTED_EDGE('',*,*,#1755,.T.);
#550=ORIENTED_EDGE('',*,*,#1756,.T.);
#551=ORIENTED_EDGE('',*,*,#1757,.T.);
#552=ORIENTED_EDGE('',*,*,#1758,.T.);
#553=ORIENTED_EDGE('',*,*,#1759,.T.);
#554=ORIENTED_EDGE('',*,*,#1760,.T.);
#555=ORIENTED_EDGE('',*,*,#1761,.T.);
#556=ORIENTED_EDGE('',*,*,#1762,.F.);
#557=ORIENTED_EDGE('',*,*,#1763,.F.);
#558=ORIENTED_EDGE('',*,*,#1764,.F.);
#559=ORIENTED_EDGE('',*,*,#1765,.F.);
#560=ORIENTED_EDGE('',*,*,#1766,.F.);
#561=ORIENTED_EDGE('',*,*,#1767,.F.);
#562=ORIENTED_EDGE('',*,*,#1768,.F.);
#563=ORIENTED_EDGE('',*,*,#1769,.F.);
#564=ORIENTED_EDGE('',*,*,#1770,.F.);
#565=ORIENTED_EDGE('',*,*,#1771,.F.);
#566=ORIENTED_EDGE('',*,*,#1772,.F.);
#567=ORIENTED_EDGE('',*,*,#1773,.T.);
#568=ORIENTED_EDGE('',*,*,#1774,.F.);
#569=ORIENTED_EDGE('',*,*,#1775,.F.);
#570=ORIENTED_EDGE('',*,*,#1776,.F.);
#571=ORIENTED_EDGE('',*,*,#1777,.F.);
#572=ORIENTED_EDGE('',*,*,#1778,.F.);
#573=ORIENTED_EDGE('',*,*,#1779,.F.);
#574=ORIENTED_EDGE('',*,*,#1780,.F.);
#575=ORIENTED_EDGE('',*,*,#1781,.F.);
#576=ORIENTED_EDGE('',*,*,#1782,.F.);
#577=ORIENTED_EDGE('',*,*,#1783,.F.);
#578=ORIENTED_EDGE('',*,*,#1784,.F.);
#579=ORIENTED_EDGE('',*,*,#1785,.F.);
#580=ORIENTED_EDGE('',*,*,#1786,.T.);
#581=ORIENTED_EDGE('',*,*,#1787,.T.);
#582=ORIENTED_EDGE('',*,*,#1788,.T.);
#583=ORIENTED_EDGE('',*,*,#1789,.T.);
#584=ORIENTED_EDGE('',*,*,#1790,.T.);
#585=ORIENTED_EDGE('',*,*,#1791,.T.);
#586=ORIENTED_EDGE('',*,*,#1792,.T.);
#587=ORIENTED_EDGE('',*,*,#1793,.F.);
#588=ORIENTED_EDGE('',*,*,#1794,.T.);
#589=ORIENTED_EDGE('',*,*,#1795,.F.);
#590=ORIENTED_EDGE('',*,*,#1761,.F.);
#591=ORIENTED_EDGE('',*,*,#1796,.F.);
#592=ORIENTED_EDGE('',*,*,#1797,.T.);
#593=ORIENTED_EDGE('',*,*,#1798,.F.);
#594=ORIENTED_EDGE('',*,*,#1799,.T.);
#595=ORIENTED_EDGE('',*,*,#1800,.F.);
#596=ORIENTED_EDGE('',*,*,#1801,.T.);
#597=ORIENTED_EDGE('',*,*,#1802,.T.);
#598=ORIENTED_EDGE('',*,*,#1803,.F.);
#599=ORIENTED_EDGE('',*,*,#1804,.F.);
#600=ORIENTED_EDGE('',*,*,#1805,.F.);
#601=ORIENTED_EDGE('',*,*,#1806,.F.);
#602=ORIENTED_EDGE('',*,*,#1807,.F.);
#603=ORIENTED_EDGE('',*,*,#1808,.F.);
#604=ORIENTED_EDGE('',*,*,#1809,.F.);
#605=ORIENTED_EDGE('',*,*,#1810,.F.);
#606=ORIENTED_EDGE('',*,*,#1811,.F.);
#607=ORIENTED_EDGE('',*,*,#1812,.T.);
#608=ORIENTED_EDGE('',*,*,#1813,.F.);
#609=ORIENTED_EDGE('',*,*,#1814,.T.);
#610=ORIENTED_EDGE('',*,*,#1815,.F.);
#611=ORIENTED_EDGE('',*,*,#1816,.T.);
#612=ORIENTED_EDGE('',*,*,#1800,.T.);
#613=ORIENTED_EDGE('',*,*,#1817,.F.);
#614=ORIENTED_EDGE('',*,*,#1815,.T.);
#615=ORIENTED_EDGE('',*,*,#1818,.F.);
#616=ORIENTED_EDGE('',*,*,#1797,.F.);
#617=ORIENTED_EDGE('',*,*,#1819,.F.);
#618=ORIENTED_EDGE('',*,*,#1813,.T.);
#619=ORIENTED_EDGE('',*,*,#1820,.F.);
#620=ORIENTED_EDGE('',*,*,#1799,.F.);
#621=ORIENTED_EDGE('',*,*,#1821,.T.);
#622=ORIENTED_EDGE('',*,*,#1822,.T.);
#623=ORIENTED_EDGE('',*,*,#1678,.F.);
#624=ORIENTED_EDGE('',*,*,#1823,.T.);
#625=ORIENTED_EDGE('',*,*,#1824,.T.);
#626=ORIENTED_EDGE('',*,*,#1825,.T.);
#627=ORIENTED_EDGE('',*,*,#1676,.F.);
#628=ORIENTED_EDGE('',*,*,#1826,.T.);
#629=ORIENTED_EDGE('',*,*,#1827,.T.);
#630=ORIENTED_EDGE('',*,*,#1828,.T.);
#631=ORIENTED_EDGE('',*,*,#1674,.F.);
#632=ORIENTED_EDGE('',*,*,#1829,.T.);
#633=ORIENTED_EDGE('',*,*,#1780,.T.);
#634=ORIENTED_EDGE('',*,*,#1830,.T.);
#635=ORIENTED_EDGE('',*,*,#1664,.F.);
#636=ORIENTED_EDGE('',*,*,#1831,.T.);
#637=ORIENTED_EDGE('',*,*,#1782,.T.);
#638=ORIENTED_EDGE('',*,*,#1832,.T.);
#639=ORIENTED_EDGE('',*,*,#1662,.F.);
#640=ORIENTED_EDGE('',*,*,#1833,.T.);
#641=ORIENTED_EDGE('',*,*,#1666,.F.);
#642=ORIENTED_EDGE('',*,*,#1834,.T.);
#643=ORIENTED_EDGE('',*,*,#1778,.T.);
#644=ORIENTED_EDGE('',*,*,#1835,.T.);
#645=ORIENTED_EDGE('',*,*,#1668,.F.);
#646=ORIENTED_EDGE('',*,*,#1836,.T.);
#647=ORIENTED_EDGE('',*,*,#1776,.T.);
#648=ORIENTED_EDGE('',*,*,#1837,.T.);
#649=ORIENTED_EDGE('',*,*,#1838,.F.);
#650=ORIENTED_EDGE('',*,*,#1839,.F.);
#651=ORIENTED_EDGE('',*,*,#1811,.T.);
#652=ORIENTED_EDGE('',*,*,#1803,.T.);
#653=ORIENTED_EDGE('',*,*,#1840,.F.);
#654=ORIENTED_EDGE('',*,*,#1841,.F.);
#655=ORIENTED_EDGE('',*,*,#1842,.T.);
#656=ORIENTED_EDGE('',*,*,#1843,.T.);
#657=ORIENTED_EDGE('',*,*,#1844,.T.);
#658=ORIENTED_EDGE('',*,*,#1845,.T.);
#659=ORIENTED_EDGE('',*,*,#1846,.T.);
#660=ORIENTED_EDGE('',*,*,#1847,.F.);
#661=ORIENTED_EDGE('',*,*,#1848,.F.);
#662=ORIENTED_EDGE('',*,*,#1849,.F.);
#663=ORIENTED_EDGE('',*,*,#1850,.T.);
#664=ORIENTED_EDGE('',*,*,#1851,.F.);
#665=ORIENTED_EDGE('',*,*,#1852,.F.);
#666=ORIENTED_EDGE('',*,*,#1853,.F.);
#667=ORIENTED_EDGE('',*,*,#1854,.T.);
#668=ORIENTED_EDGE('',*,*,#1855,.F.);
#669=ORIENTED_EDGE('',*,*,#1856,.F.);
#670=ORIENTED_EDGE('',*,*,#1857,.T.);
#671=ORIENTED_EDGE('',*,*,#1858,.T.);
#672=ORIENTED_EDGE('',*,*,#1859,.T.);
#673=ORIENTED_EDGE('',*,*,#1860,.F.);
#674=ORIENTED_EDGE('',*,*,#1861,.F.);
#675=ORIENTED_EDGE('',*,*,#1862,.T.);
#676=ORIENTED_EDGE('',*,*,#1863,.T.);
#677=ORIENTED_EDGE('',*,*,#1864,.F.);
#678=ORIENTED_EDGE('',*,*,#1865,.T.);
#679=ORIENTED_EDGE('',*,*,#1658,.F.);
#680=ORIENTED_EDGE('',*,*,#1866,.T.);
#681=ORIENTED_EDGE('',*,*,#1867,.T.);
#682=ORIENTED_EDGE('',*,*,#1868,.F.);
#683=ORIENTED_EDGE('',*,*,#1794,.F.);
#684=ORIENTED_EDGE('',*,*,#1869,.F.);
#685=ORIENTED_EDGE('',*,*,#1870,.T.);
#686=ORIENTED_EDGE('',*,*,#1871,.T.);
#687=ORIENTED_EDGE('',*,*,#1670,.F.);
#688=ORIENTED_EDGE('',*,*,#1872,.T.);
#689=ORIENTED_EDGE('',*,*,#1774,.T.);
#690=ORIENTED_EDGE('',*,*,#1873,.T.);
#691=ORIENTED_EDGE('',*,*,#1874,.F.);
#692=ORIENTED_EDGE('',*,*,#1875,.T.);
#693=ORIENTED_EDGE('',*,*,#1784,.T.);
#694=ORIENTED_EDGE('',*,*,#1876,.T.);
#695=ORIENTED_EDGE('',*,*,#1660,.F.);
#696=ORIENTED_EDGE('',*,*,#1877,.T.);
#697=ORIENTED_EDGE('',*,*,#1878,.F.);
#698=ORIENTED_EDGE('',*,*,#1879,.F.);
#699=ORIENTED_EDGE('',*,*,#1880,.T.);
#700=ORIENTED_EDGE('',*,*,#1881,.T.);
#701=ORIENTED_EDGE('',*,*,#1882,.T.);
#702=ORIENTED_EDGE('',*,*,#1883,.T.);
#703=ORIENTED_EDGE('',*,*,#1884,.F.);
#704=ORIENTED_EDGE('',*,*,#1885,.F.);
#705=ORIENTED_EDGE('',*,*,#1886,.T.);
#706=ORIENTED_EDGE('',*,*,#1887,.F.);
#707=ORIENTED_EDGE('',*,*,#1888,.T.);
#708=ORIENTED_EDGE('',*,*,#1889,.F.);
#709=ORIENTED_EDGE('',*,*,#1890,.F.);
#710=ORIENTED_EDGE('',*,*,#1891,.T.);
#711=ORIENTED_EDGE('',*,*,#1892,.F.);
#712=ORIENTED_EDGE('',*,*,#1893,.F.);
#713=ORIENTED_EDGE('',*,*,#1894,.F.);
#714=ORIENTED_EDGE('',*,*,#1895,.T.);
#715=ORIENTED_EDGE('',*,*,#1896,.T.);
#716=ORIENTED_EDGE('',*,*,#1897,.T.);
#717=ORIENTED_EDGE('',*,*,#1672,.F.);
#718=ORIENTED_EDGE('',*,*,#1898,.T.);
#719=ORIENTED_EDGE('',*,*,#1899,.T.);
#720=ORIENTED_EDGE('',*,*,#1900,.T.);
#721=ORIENTED_EDGE('',*,*,#1901,.T.);
#722=ORIENTED_EDGE('',*,*,#1902,.T.);
#723=ORIENTED_EDGE('',*,*,#1885,.T.);
#724=ORIENTED_EDGE('',*,*,#1903,.T.);
#725=ORIENTED_EDGE('',*,*,#1904,.T.);
#726=ORIENTED_EDGE('',*,*,#1905,.F.);
#727=ORIENTED_EDGE('',*,*,#1906,.T.);
#728=ORIENTED_EDGE('',*,*,#1881,.F.);
#729=ORIENTED_EDGE('',*,*,#1907,.F.);
#730=ORIENTED_EDGE('',*,*,#1772,.T.);
#731=ORIENTED_EDGE('',*,*,#1908,.T.);
#732=ORIENTED_EDGE('',*,*,#1909,.T.);
#733=ORIENTED_EDGE('',*,*,#1910,.F.);
#734=ORIENTED_EDGE('',*,*,#1759,.F.);
#735=ORIENTED_EDGE('',*,*,#1911,.T.);
#736=ORIENTED_EDGE('',*,*,#1867,.F.);
#737=ORIENTED_EDGE('',*,*,#1912,.F.);
#738=ORIENTED_EDGE('',*,*,#1821,.F.);
#739=ORIENTED_EDGE('',*,*,#1913,.F.);
#740=ORIENTED_EDGE('',*,*,#1824,.F.);
#741=ORIENTED_EDGE('',*,*,#1914,.F.);
#742=ORIENTED_EDGE('',*,*,#1827,.F.);
#743=ORIENTED_EDGE('',*,*,#1915,.F.);
#744=ORIENTED_EDGE('',*,*,#1899,.F.);
#745=ORIENTED_EDGE('',*,*,#1916,.F.);
#746=ORIENTED_EDGE('',*,*,#1870,.F.);
#747=ORIENTED_EDGE('',*,*,#1917,.F.);
#748=ORIENTED_EDGE('',*,*,#1918,.F.);
#749=ORIENTED_EDGE('',*,*,#1919,.F.);
#750=ORIENTED_EDGE('',*,*,#1920,.F.);
#751=ORIENTED_EDGE('',*,*,#1921,.F.);
#752=ORIENTED_EDGE('',*,*,#1922,.F.);
#753=ORIENTED_EDGE('',*,*,#1923,.F.);
#754=ORIENTED_EDGE('',*,*,#1924,.F.);
#755=ORIENTED_EDGE('',*,*,#1925,.F.);
#756=ORIENTED_EDGE('',*,*,#1880,.F.);
#757=ORIENTED_EDGE('',*,*,#1926,.T.);
#758=ORIENTED_EDGE('',*,*,#1904,.F.);
#759=ORIENTED_EDGE('',*,*,#1927,.F.);
#760=ORIENTED_EDGE('',*,*,#1886,.F.);
#761=ORIENTED_EDGE('',*,*,#1902,.F.);
#762=ORIENTED_EDGE('',*,*,#1928,.T.);
#763=ORIENTED_EDGE('',*,*,#1929,.T.);
#764=ORIENTED_EDGE('',*,*,#1930,.T.);
#765=ORIENTED_EDGE('',*,*,#1874,.T.);
#766=ORIENTED_EDGE('',*,*,#1931,.T.);
#767=ORIENTED_EDGE('',*,*,#1932,.T.);
#768=ORIENTED_EDGE('',*,*,#1933,.T.);
#769=ORIENTED_EDGE('',*,*,#1934,.T.);
#770=ORIENTED_EDGE('',*,*,#1935,.T.);
#771=ORIENTED_EDGE('',*,*,#1909,.F.);
#772=ORIENTED_EDGE('',*,*,#1936,.T.);
#773=ORIENTED_EDGE('',*,*,#1937,.T.);
#774=ORIENTED_EDGE('',*,*,#1938,.T.);
#775=ORIENTED_EDGE('',*,*,#1939,.T.);
#776=ORIENTED_EDGE('',*,*,#1940,.T.);
#777=ORIENTED_EDGE('',*,*,#1941,.F.);
#778=ORIENTED_EDGE('',*,*,#1878,.T.);
#779=ORIENTED_EDGE('',*,*,#1906,.F.);
#780=ORIENTED_EDGE('',*,*,#1884,.T.);
#781=ORIENTED_EDGE('',*,*,#1942,.T.);
#782=ORIENTED_EDGE('',*,*,#1903,.F.);
#783=ORIENTED_EDGE('',*,*,#1943,.F.);
#784=ORIENTED_EDGE('',*,*,#1944,.F.);
#785=ORIENTED_EDGE('',*,*,#1841,.T.);
#786=ORIENTED_EDGE('',*,*,#1945,.T.);
#787=ORIENTED_EDGE('',*,*,#1864,.T.);
#788=ORIENTED_EDGE('',*,*,#1946,.T.);
#789=ORIENTED_EDGE('',*,*,#1844,.F.);
#790=ORIENTED_EDGE('',*,*,#1947,.T.);
#791=ORIENTED_EDGE('',*,*,#1948,.F.);
#792=ORIENTED_EDGE('',*,*,#1842,.F.);
#793=ORIENTED_EDGE('',*,*,#1944,.T.);
#794=ORIENTED_EDGE('',*,*,#1949,.F.);
#795=ORIENTED_EDGE('',*,*,#1950,.F.);
#796=ORIENTED_EDGE('',*,*,#1951,.F.);
#797=ORIENTED_EDGE('',*,*,#1952,.F.);
#798=ORIENTED_EDGE('',*,*,#1953,.F.);
#799=ORIENTED_EDGE('',*,*,#1954,.F.);
#800=ORIENTED_EDGE('',*,*,#1955,.F.);
#801=ORIENTED_EDGE('',*,*,#1956,.F.);
#802=ORIENTED_EDGE('',*,*,#1957,.F.);
#803=ORIENTED_EDGE('',*,*,#1958,.F.);
#804=ORIENTED_EDGE('',*,*,#1959,.F.);
#805=ORIENTED_EDGE('',*,*,#1926,.F.);
#806=ORIENTED_EDGE('',*,*,#1879,.T.);
#807=ORIENTED_EDGE('',*,*,#1941,.T.);
#808=ORIENTED_EDGE('',*,*,#1905,.T.);
#809=ORIENTED_EDGE('',*,*,#1911,.F.);
#810=ORIENTED_EDGE('',*,*,#1762,.T.);
#811=ORIENTED_EDGE('',*,*,#1795,.T.);
#812=ORIENTED_EDGE('',*,*,#1868,.T.);
#813=ORIENTED_EDGE('',*,*,#1908,.F.);
#814=ORIENTED_EDGE('',*,*,#1785,.T.);
#815=ORIENTED_EDGE('',*,*,#1875,.F.);
#816=ORIENTED_EDGE('',*,*,#1936,.F.);
#817=ORIENTED_EDGE('',*,*,#1883,.F.);
#818=ORIENTED_EDGE('',*,*,#1927,.T.);
#819=ORIENTED_EDGE('',*,*,#1901,.F.);
#820=ORIENTED_EDGE('',*,*,#1942,.F.);
#821=ORIENTED_EDGE('',*,*,#1960,.T.);
#822=ORIENTED_EDGE('',*,*,#1882,.F.);
#823=ORIENTED_EDGE('',*,*,#1960,.F.);
#824=ORIENTED_EDGE('',*,*,#1961,.F.);
#825=ORIENTED_EDGE('',*,*,#1887,.T.);
#826=ORIENTED_EDGE('',*,*,#1961,.T.);
#827=ORIENTED_EDGE('',*,*,#1763,.T.);
#828=ORIENTED_EDGE('',*,*,#1697,.T.);
#829=ORIENTED_EDGE('',*,*,#1925,.T.);
#830=ORIENTED_EDGE('',*,*,#1696,.T.);
#831=ORIENTED_EDGE('',*,*,#1764,.T.);
#832=ORIENTED_EDGE('',*,*,#1695,.T.);
#833=ORIENTED_EDGE('',*,*,#1765,.T.);
#834=ORIENTED_EDGE('',*,*,#1694,.T.);
#835=ORIENTED_EDGE('',*,*,#1766,.T.);
#836=ORIENTED_EDGE('',*,*,#1693,.T.);
#837=ORIENTED_EDGE('',*,*,#1767,.T.);
#838=ORIENTED_EDGE('',*,*,#1692,.T.);
#839=ORIENTED_EDGE('',*,*,#1924,.T.);
#840=ORIENTED_EDGE('',*,*,#1691,.T.);
#841=ORIENTED_EDGE('',*,*,#1923,.T.);
#842=ORIENTED_EDGE('',*,*,#1690,.T.);
#843=ORIENTED_EDGE('',*,*,#1922,.T.);
#844=ORIENTED_EDGE('',*,*,#1689,.T.);
#845=ORIENTED_EDGE('',*,*,#1921,.T.);
#846=ORIENTED_EDGE('',*,*,#1688,.T.);
#847=ORIENTED_EDGE('',*,*,#1920,.T.);
#848=ORIENTED_EDGE('',*,*,#1687,.T.);
#849=ORIENTED_EDGE('',*,*,#1919,.T.);
#850=ORIENTED_EDGE('',*,*,#1686,.T.);
#851=ORIENTED_EDGE('',*,*,#1918,.T.);
#852=ORIENTED_EDGE('',*,*,#1685,.T.);
#853=ORIENTED_EDGE('',*,*,#1768,.T.);
#854=ORIENTED_EDGE('',*,*,#1684,.T.);
#855=ORIENTED_EDGE('',*,*,#1917,.T.);
#856=ORIENTED_EDGE('',*,*,#1683,.T.);
#857=ORIENTED_EDGE('',*,*,#1769,.T.);
#858=ORIENTED_EDGE('',*,*,#1682,.T.);
#859=ORIENTED_EDGE('',*,*,#1770,.T.);
#860=ORIENTED_EDGE('',*,*,#1681,.T.);
#861=ORIENTED_EDGE('',*,*,#1771,.T.);
#862=ORIENTED_EDGE('',*,*,#1680,.T.);
#863=ORIENTED_EDGE('',*,*,#1915,.T.);
#864=ORIENTED_EDGE('',*,*,#1829,.F.);
#865=ORIENTED_EDGE('',*,*,#1673,.T.);
#866=ORIENTED_EDGE('',*,*,#1900,.F.);
#867=ORIENTED_EDGE('',*,*,#1916,.T.);
#868=ORIENTED_EDGE('',*,*,#1898,.F.);
#869=ORIENTED_EDGE('',*,*,#1671,.T.);
#870=ORIENTED_EDGE('',*,*,#1871,.F.);
#871=ORIENTED_EDGE('',*,*,#1775,.T.);
#872=ORIENTED_EDGE('',*,*,#1872,.F.);
#873=ORIENTED_EDGE('',*,*,#1669,.T.);
#874=ORIENTED_EDGE('',*,*,#1837,.F.);
#875=ORIENTED_EDGE('',*,*,#1777,.T.);
#876=ORIENTED_EDGE('',*,*,#1836,.F.);
#877=ORIENTED_EDGE('',*,*,#1667,.T.);
#878=ORIENTED_EDGE('',*,*,#1835,.F.);
#879=ORIENTED_EDGE('',*,*,#1783,.T.);
#880=ORIENTED_EDGE('',*,*,#1833,.F.);
#881=ORIENTED_EDGE('',*,*,#1661,.T.);
#882=ORIENTED_EDGE('',*,*,#1876,.F.);
#883=ORIENTED_EDGE('',*,*,#1781,.T.);
#884=ORIENTED_EDGE('',*,*,#1831,.F.);
#885=ORIENTED_EDGE('',*,*,#1663,.T.);
#886=ORIENTED_EDGE('',*,*,#1832,.F.);
#887=ORIENTED_EDGE('',*,*,#1779,.T.);
#888=ORIENTED_EDGE('',*,*,#1834,.F.);
#889=ORIENTED_EDGE('',*,*,#1665,.T.);
#890=ORIENTED_EDGE('',*,*,#1830,.F.);
#891=ORIENTED_EDGE('',*,*,#1914,.T.);
#892=ORIENTED_EDGE('',*,*,#1826,.F.);
#893=ORIENTED_EDGE('',*,*,#1675,.T.);
#894=ORIENTED_EDGE('',*,*,#1828,.F.);
#895=ORIENTED_EDGE('',*,*,#1913,.T.);
#896=ORIENTED_EDGE('',*,*,#1823,.F.);
#897=ORIENTED_EDGE('',*,*,#1677,.T.);
#898=ORIENTED_EDGE('',*,*,#1825,.F.);
#899=ORIENTED_EDGE('',*,*,#1912,.T.);
#900=ORIENTED_EDGE('',*,*,#1866,.F.);
#901=ORIENTED_EDGE('',*,*,#1679,.T.);
#902=ORIENTED_EDGE('',*,*,#1822,.F.);
#903=ORIENTED_EDGE('',*,*,#1804,.T.);
#904=ORIENTED_EDGE('',*,*,#1786,.F.);
#905=ORIENTED_EDGE('',*,*,#1805,.T.);
#906=ORIENTED_EDGE('',*,*,#1787,.F.);
#907=ORIENTED_EDGE('',*,*,#1959,.T.);
#908=ORIENTED_EDGE('',*,*,#1940,.F.);
#909=ORIENTED_EDGE('',*,*,#1958,.T.);
#910=ORIENTED_EDGE('',*,*,#1939,.F.);
#911=ORIENTED_EDGE('',*,*,#1957,.T.);
#912=ORIENTED_EDGE('',*,*,#1938,.F.);
#913=ORIENTED_EDGE('',*,*,#1806,.T.);
#914=ORIENTED_EDGE('',*,*,#1788,.F.);
#915=ORIENTED_EDGE('',*,*,#1950,.T.);
#916=ORIENTED_EDGE('',*,*,#1962,.T.);
#917=ORIENTED_EDGE('',*,*,#1934,.F.);
#918=ORIENTED_EDGE('',*,*,#1963,.T.);
#919=ORIENTED_EDGE('',*,*,#1956,.T.);
#920=ORIENTED_EDGE('',*,*,#1937,.F.);
#921=ORIENTED_EDGE('',*,*,#1807,.T.);
#922=ORIENTED_EDGE('',*,*,#1789,.F.);
#923=ORIENTED_EDGE('',*,*,#1808,.T.);
#924=ORIENTED_EDGE('',*,*,#1790,.F.);
#925=ORIENTED_EDGE('',*,*,#1952,.T.);
#926=ORIENTED_EDGE('',*,*,#1964,.T.);
#927=ORIENTED_EDGE('',*,*,#1932,.F.);
#928=ORIENTED_EDGE('',*,*,#1965,.T.);
#929=ORIENTED_EDGE('',*,*,#1955,.T.);
#930=ORIENTED_EDGE('',*,*,#1930,.F.);
#931=ORIENTED_EDGE('',*,*,#1954,.T.);
#932=ORIENTED_EDGE('',*,*,#1929,.F.);
#933=ORIENTED_EDGE('',*,*,#1953,.T.);
#934=ORIENTED_EDGE('',*,*,#1928,.F.);
#935=ORIENTED_EDGE('',*,*,#1809,.T.);
#936=ORIENTED_EDGE('',*,*,#1791,.F.);
#937=ORIENTED_EDGE('',*,*,#1810,.T.);
#938=ORIENTED_EDGE('',*,*,#1792,.F.);
#939=ORIENTED_EDGE('',*,*,#1966,.F.);
#940=ORIENTED_EDGE('',*,*,#1773,.F.);
#941=ORIENTED_EDGE('',*,*,#1907,.T.);
#942=ORIENTED_EDGE('',*,*,#1935,.F.);
#943=ORIENTED_EDGE('',*,*,#1962,.F.);
#944=ORIENTED_EDGE('',*,*,#1949,.T.);
#945=ORIENTED_EDGE('',*,*,#1943,.T.);
#946=ORIENTED_EDGE('',*,*,#1967,.F.);
#947=ORIENTED_EDGE('',*,*,#1968,.T.);
#948=ORIENTED_EDGE('',*,*,#1969,.T.);
#949=ORIENTED_EDGE('',*,*,#1970,.F.);
#950=ORIENTED_EDGE('',*,*,#1971,.T.);
#951=ORIENTED_EDGE('',*,*,#1851,.T.);
#952=ORIENTED_EDGE('',*,*,#1972,.T.);
#953=ORIENTED_EDGE('',*,*,#1973,.T.);
#954=ORIENTED_EDGE('',*,*,#1974,.F.);
#955=ORIENTED_EDGE('',*,*,#1843,.F.);
#956=ORIENTED_EDGE('',*,*,#1948,.T.);
#957=ORIENTED_EDGE('',*,*,#1965,.F.);
#958=ORIENTED_EDGE('',*,*,#1931,.F.);
#959=ORIENTED_EDGE('',*,*,#1873,.F.);
#960=ORIENTED_EDGE('',*,*,#1963,.F.);
#961=ORIENTED_EDGE('',*,*,#1933,.F.);
#962=ORIENTED_EDGE('',*,*,#1964,.F.);
#963=ORIENTED_EDGE('',*,*,#1951,.T.);
#964=ORIENTED_EDGE('',*,*,#1975,.T.);
#965=ORIENTED_EDGE('',*,*,#1976,.F.);
#966=ORIENTED_EDGE('',*,*,#1977,.T.);
#967=ORIENTED_EDGE('',*,*,#1978,.T.);
#968=ORIENTED_EDGE('',*,*,#1979,.T.);
#969=ORIENTED_EDGE('',*,*,#1760,.F.);
#970=ORIENTED_EDGE('',*,*,#1910,.T.);
#971=ORIENTED_EDGE('',*,*,#1869,.T.);
#972=ORIENTED_EDGE('',*,*,#1793,.T.);
#973=ORIENTED_EDGE('',*,*,#1820,.T.);
#974=ORIENTED_EDGE('',*,*,#1812,.F.);
#975=ORIENTED_EDGE('',*,*,#1839,.T.);
#976=ORIENTED_EDGE('',*,*,#1980,.T.);
#977=ORIENTED_EDGE('',*,*,#1981,.F.);
#978=ORIENTED_EDGE('',*,*,#1982,.F.);
#979=ORIENTED_EDGE('',*,*,#1857,.F.);
#980=ORIENTED_EDGE('',*,*,#1983,.F.);
#981=ORIENTED_EDGE('',*,*,#1984,.T.);
#982=ORIENTED_EDGE('',*,*,#1985,.F.);
#983=ORIENTED_EDGE('',*,*,#1986,.F.);
#984=ORIENTED_EDGE('',*,*,#1987,.T.);
#985=ORIENTED_EDGE('',*,*,#1801,.F.);
#986=ORIENTED_EDGE('',*,*,#1816,.F.);
#987=ORIENTED_EDGE('',*,*,#1817,.T.);
#988=ORIENTED_EDGE('',*,*,#1796,.T.);
#989=ORIENTED_EDGE('',*,*,#1798,.T.);
#990=ORIENTED_EDGE('',*,*,#1818,.T.);
#991=ORIENTED_EDGE('',*,*,#1814,.F.);
#992=ORIENTED_EDGE('',*,*,#1819,.T.);
#993=ORIENTED_EDGE('',*,*,#1988,.F.);
#994=ORIENTED_EDGE('',*,*,#1989,.F.);
#995=ORIENTED_EDGE('',*,*,#1990,.T.);
#996=ORIENTED_EDGE('',*,*,#1991,.F.);
#997=ORIENTED_EDGE('',*,*,#1992,.F.);
#998=ORIENTED_EDGE('',*,*,#1993,.T.);
#999=ORIENTED_EDGE('',*,*,#1994,.F.);
#1000=ORIENTED_EDGE('',*,*,#1984,.F.);
#1001=ORIENTED_EDGE('',*,*,#1995,.T.);
#1002=ORIENTED_EDGE('',*,*,#1996,.T.);
#1003=ORIENTED_EDGE('',*,*,#1997,.T.);
#1004=ORIENTED_EDGE('',*,*,#1998,.T.);
#1005=ORIENTED_EDGE('',*,*,#1999,.T.);
#1006=ORIENTED_EDGE('',*,*,#2000,.T.);
#1007=ORIENTED_EDGE('',*,*,#2001,.T.);
#1008=ORIENTED_EDGE('',*,*,#2002,.T.);
#1009=ORIENTED_EDGE('',*,*,#2003,.T.);
#1010=ORIENTED_EDGE('',*,*,#2004,.T.);
#1011=ORIENTED_EDGE('',*,*,#2005,.T.);
#1012=ORIENTED_EDGE('',*,*,#1848,.T.);
#1013=ORIENTED_EDGE('',*,*,#2006,.T.);
#1014=ORIENTED_EDGE('',*,*,#2007,.T.);
#1015=ORIENTED_EDGE('',*,*,#2008,.T.);
#1016=ORIENTED_EDGE('',*,*,#2009,.T.);
#1017=ORIENTED_EDGE('',*,*,#2010,.T.);
#1018=ORIENTED_EDGE('',*,*,#2011,.T.);
#1019=ORIENTED_EDGE('',*,*,#2012,.T.);
#1020=ORIENTED_EDGE('',*,*,#2013,.T.);
#1021=ORIENTED_EDGE('',*,*,#2014,.T.);
#1022=ORIENTED_EDGE('',*,*,#1852,.T.);
#1023=ORIENTED_EDGE('',*,*,#1971,.F.);
#1024=ORIENTED_EDGE('',*,*,#2015,.F.);
#1025=ORIENTED_EDGE('',*,*,#2016,.F.);
#1026=ORIENTED_EDGE('',*,*,#2017,.F.);
#1027=ORIENTED_EDGE('',*,*,#2018,.F.);
#1028=ORIENTED_EDGE('',*,*,#2019,.F.);
#1029=ORIENTED_EDGE('',*,*,#2020,.F.);
#1030=ORIENTED_EDGE('',*,*,#2021,.F.);
#1031=ORIENTED_EDGE('',*,*,#1982,.T.);
#1032=ORIENTED_EDGE('',*,*,#2022,.F.);
#1033=ORIENTED_EDGE('',*,*,#1988,.T.);
#1034=ORIENTED_EDGE('',*,*,#2023,.F.);
#1035=ORIENTED_EDGE('',*,*,#1985,.T.);
#1036=ORIENTED_EDGE('',*,*,#1994,.T.);
#1037=ORIENTED_EDGE('',*,*,#2024,.T.);
#1038=ORIENTED_EDGE('',*,*,#1858,.F.);
#1039=ORIENTED_EDGE('',*,*,#2025,.T.);
#1040=ORIENTED_EDGE('',*,*,#2026,.T.);
#1041=ORIENTED_EDGE('',*,*,#2027,.T.);
#1042=ORIENTED_EDGE('',*,*,#2028,.T.);
#1043=ORIENTED_EDGE('',*,*,#2029,.T.);
#1044=ORIENTED_EDGE('',*,*,#2030,.T.);
#1045=ORIENTED_EDGE('',*,*,#2031,.T.);
#1046=ORIENTED_EDGE('',*,*,#1838,.T.);
#1047=ORIENTED_EDGE('',*,*,#1802,.F.);
#1048=ORIENTED_EDGE('',*,*,#1987,.F.);
#1049=ORIENTED_EDGE('',*,*,#2032,.T.);
#1050=ORIENTED_EDGE('',*,*,#1990,.F.);
#1051=ORIENTED_EDGE('',*,*,#2033,.T.);
#1052=ORIENTED_EDGE('',*,*,#1980,.F.);
#1053=ORIENTED_EDGE('',*,*,#1986,.T.);
#1054=ORIENTED_EDGE('',*,*,#2023,.T.);
#1055=ORIENTED_EDGE('',*,*,#1991,.T.);
#1056=ORIENTED_EDGE('',*,*,#2032,.F.);
#1057=ORIENTED_EDGE('',*,*,#1989,.T.);
#1058=ORIENTED_EDGE('',*,*,#2022,.T.);
#1059=ORIENTED_EDGE('',*,*,#1981,.T.);
#1060=ORIENTED_EDGE('',*,*,#2033,.F.);
#1061=ORIENTED_EDGE('',*,*,#2034,.F.);
#1062=ORIENTED_EDGE('',*,*,#2035,.F.);
#1063=ORIENTED_EDGE('',*,*,#2036,.T.);
#1064=ORIENTED_EDGE('',*,*,#2037,.F.);
#1065=ORIENTED_EDGE('',*,*,#2038,.F.);
#1066=ORIENTED_EDGE('',*,*,#2039,.F.);
#1067=ORIENTED_EDGE('',*,*,#2040,.T.);
#1068=ORIENTED_EDGE('',*,*,#2041,.F.);
#1069=ORIENTED_EDGE('',*,*,#2042,.F.);
#1070=ORIENTED_EDGE('',*,*,#2043,.F.);
#1071=ORIENTED_EDGE('',*,*,#2044,.T.);
#1072=ORIENTED_EDGE('',*,*,#2045,.F.);
#1073=ORIENTED_EDGE('',*,*,#2009,.F.);
#1074=ORIENTED_EDGE('',*,*,#2046,.F.);
#1075=ORIENTED_EDGE('',*,*,#2047,.T.);
#1076=ORIENTED_EDGE('',*,*,#2048,.F.);
#1077=ORIENTED_EDGE('',*,*,#2007,.F.);
#1078=ORIENTED_EDGE('',*,*,#2049,.F.);
#1079=ORIENTED_EDGE('',*,*,#2050,.T.);
#1080=ORIENTED_EDGE('',*,*,#2051,.F.);
#1081=ORIENTED_EDGE('',*,*,#2052,.T.);
#1082=ORIENTED_EDGE('',*,*,#2053,.F.);
#1083=ORIENTED_EDGE('',*,*,#2011,.F.);
#1084=ORIENTED_EDGE('',*,*,#2054,.F.);
#1085=ORIENTED_EDGE('',*,*,#2055,.T.);
#1086=ORIENTED_EDGE('',*,*,#2056,.F.);
#1087=ORIENTED_EDGE('',*,*,#2013,.F.);
#1088=ORIENTED_EDGE('',*,*,#2057,.F.);
#1089=ORIENTED_EDGE('',*,*,#2058,.T.);
#1090=ORIENTED_EDGE('',*,*,#2059,.F.);
#1091=ORIENTED_EDGE('',*,*,#2060,.F.);
#1092=ORIENTED_EDGE('',*,*,#2061,.F.);
#1093=ORIENTED_EDGE('',*,*,#2062,.F.);
#1094=ORIENTED_EDGE('',*,*,#2063,.F.);
#1095=ORIENTED_EDGE('',*,*,#1895,.F.);
#1096=ORIENTED_EDGE('',*,*,#2064,.F.);
#1097=ORIENTED_EDGE('',*,*,#2065,.F.);
#1098=ORIENTED_EDGE('',*,*,#1889,.T.);
#1099=ORIENTED_EDGE('',*,*,#2066,.F.);
#1100=ORIENTED_EDGE('',*,*,#2067,.T.);
#1101=ORIENTED_EDGE('',*,*,#1970,.T.);
#1102=ORIENTED_EDGE('',*,*,#2068,.F.);
#1103=ORIENTED_EDGE('',*,*,#2069,.F.);
#1104=ORIENTED_EDGE('',*,*,#2004,.F.);
#1105=ORIENTED_EDGE('',*,*,#1983,.T.);
#1106=ORIENTED_EDGE('',*,*,#1856,.T.);
#1107=ORIENTED_EDGE('',*,*,#2070,.T.);
#1108=ORIENTED_EDGE('',*,*,#2060,.T.);
#1109=ORIENTED_EDGE('',*,*,#2071,.T.);
#1110=ORIENTED_EDGE('',*,*,#2042,.T.);
#1111=ORIENTED_EDGE('',*,*,#2072,.T.);
#1112=ORIENTED_EDGE('',*,*,#2038,.T.);
#1113=ORIENTED_EDGE('',*,*,#2073,.T.);
#1114=ORIENTED_EDGE('',*,*,#2034,.T.);
#1115=ORIENTED_EDGE('',*,*,#2074,.T.);
#1116=ORIENTED_EDGE('',*,*,#1860,.T.);
#1117=ORIENTED_EDGE('',*,*,#2075,.F.);
#1118=ORIENTED_EDGE('',*,*,#1992,.T.);
#1119=ORIENTED_EDGE('',*,*,#2076,.T.);
#1120=ORIENTED_EDGE('',*,*,#2077,.T.);
#1121=ORIENTED_EDGE('',*,*,#2078,.T.);
#1122=ORIENTED_EDGE('',*,*,#2079,.T.);
#1123=ORIENTED_EDGE('',*,*,#2080,.T.);
#1124=ORIENTED_EDGE('',*,*,#2081,.T.);
#1125=ORIENTED_EDGE('',*,*,#2082,.T.);
#1126=ORIENTED_EDGE('',*,*,#2083,.T.);
#1127=ORIENTED_EDGE('',*,*,#2084,.T.);
#1128=ORIENTED_EDGE('',*,*,#1890,.T.);
#1129=ORIENTED_EDGE('',*,*,#2065,.T.);
#1130=ORIENTED_EDGE('',*,*,#2085,.F.);
#1131=ORIENTED_EDGE('',*,*,#2086,.T.);
#1132=ORIENTED_EDGE('',*,*,#2064,.T.);
#1133=ORIENTED_EDGE('',*,*,#1894,.T.);
#1134=ORIENTED_EDGE('',*,*,#2087,.F.);
#1135=ORIENTED_EDGE('',*,*,#2088,.F.);
#1136=ORIENTED_EDGE('',*,*,#2089,.F.);
#1137=ORIENTED_EDGE('',*,*,#1850,.F.);
#1138=ORIENTED_EDGE('',*,*,#2090,.F.);
#1139=ORIENTED_EDGE('',*,*,#2068,.T.);
#1140=ORIENTED_EDGE('',*,*,#1969,.F.);
#1141=ORIENTED_EDGE('',*,*,#2091,.F.);
#1142=ORIENTED_EDGE('',*,*,#1978,.F.);
#1143=ORIENTED_EDGE('',*,*,#2092,.F.);
#1144=ORIENTED_EDGE('',*,*,#1972,.F.);
#1145=ORIENTED_EDGE('',*,*,#2093,.F.);
#1146=ORIENTED_EDGE('',*,*,#2094,.F.);
#1147=ORIENTED_EDGE('',*,*,#2095,.F.);
#1148=ORIENTED_EDGE('',*,*,#2096,.F.);
#1149=ORIENTED_EDGE('',*,*,#2097,.T.);
#1150=ORIENTED_EDGE('',*,*,#2066,.T.);
#1151=ORIENTED_EDGE('',*,*,#1888,.F.);
#1152=ORIENTED_EDGE('',*,*,#1896,.F.);
#1153=ORIENTED_EDGE('',*,*,#2063,.T.);
#1154=ORIENTED_EDGE('',*,*,#2098,.F.);
#1155=ORIENTED_EDGE('',*,*,#1846,.F.);
#1156=ORIENTED_EDGE('',*,*,#2099,.T.);
#1157=ORIENTED_EDGE('',*,*,#1862,.F.);
#1158=ORIENTED_EDGE('',*,*,#2100,.T.);
#1159=ORIENTED_EDGE('',*,*,#2036,.F.);
#1160=ORIENTED_EDGE('',*,*,#2101,.T.);
#1161=ORIENTED_EDGE('',*,*,#2040,.F.);
#1162=ORIENTED_EDGE('',*,*,#2102,.T.);
#1163=ORIENTED_EDGE('',*,*,#2044,.F.);
#1164=ORIENTED_EDGE('',*,*,#2103,.T.);
#1165=ORIENTED_EDGE('',*,*,#2058,.F.);
#1166=ORIENTED_EDGE('',*,*,#2104,.T.);
#1167=ORIENTED_EDGE('',*,*,#1854,.F.);
#1168=ORIENTED_EDGE('',*,*,#2105,.T.);
#1169=ORIENTED_EDGE('',*,*,#2055,.F.);
#1170=ORIENTED_EDGE('',*,*,#2106,.T.);
#1171=ORIENTED_EDGE('',*,*,#2052,.F.);
#1172=ORIENTED_EDGE('',*,*,#2107,.T.);
#1173=ORIENTED_EDGE('',*,*,#2047,.F.);
#1174=ORIENTED_EDGE('',*,*,#2108,.T.);
#1175=ORIENTED_EDGE('',*,*,#2050,.F.);
#1176=ORIENTED_EDGE('',*,*,#2109,.T.);
#1177=ORIENTED_EDGE('',*,*,#2110,.T.);
#1178=ORIENTED_EDGE('',*,*,#2111,.T.);
#1179=ORIENTED_EDGE('',*,*,#2112,.T.);
#1180=ORIENTED_EDGE('',*,*,#2113,.T.);
#1181=ORIENTED_EDGE('',*,*,#2114,.T.);
#1182=ORIENTED_EDGE('',*,*,#2115,.T.);
#1183=ORIENTED_EDGE('',*,*,#2116,.T.);
#1184=ORIENTED_EDGE('',*,*,#2117,.T.);
#1185=ORIENTED_EDGE('',*,*,#2118,.T.);
#1186=ORIENTED_EDGE('',*,*,#2119,.T.);
#1187=ORIENTED_EDGE('',*,*,#2120,.T.);
#1188=ORIENTED_EDGE('',*,*,#2121,.T.);
#1189=ORIENTED_EDGE('',*,*,#2122,.T.);
#1190=ORIENTED_EDGE('',*,*,#2123,.T.);
#1191=ORIENTED_EDGE('',*,*,#2124,.T.);
#1192=ORIENTED_EDGE('',*,*,#2125,.T.);
#1193=ORIENTED_EDGE('',*,*,#2126,.T.);
#1194=ORIENTED_EDGE('',*,*,#2127,.T.);
#1195=ORIENTED_EDGE('',*,*,#1974,.T.);
#1196=ORIENTED_EDGE('',*,*,#2128,.T.);
#1197=ORIENTED_EDGE('',*,*,#1976,.T.);
#1198=ORIENTED_EDGE('',*,*,#2129,.T.);
#1199=ORIENTED_EDGE('',*,*,#1967,.T.);
#1200=ORIENTED_EDGE('',*,*,#1945,.F.);
#1201=ORIENTED_EDGE('',*,*,#1840,.T.);
#1202=ORIENTED_EDGE('',*,*,#2130,.T.);
#1203=ORIENTED_EDGE('',*,*,#2131,.T.);
#1204=ORIENTED_EDGE('',*,*,#2132,.T.);
#1205=ORIENTED_EDGE('',*,*,#2133,.T.);
#1206=ORIENTED_EDGE('',*,*,#2134,.T.);
#1207=ORIENTED_EDGE('',*,*,#2135,.T.);
#1208=ORIENTED_EDGE('',*,*,#2136,.T.);
#1209=ORIENTED_EDGE('',*,*,#2085,.T.);
#1210=ORIENTED_EDGE('',*,*,#2067,.F.);
#1211=ORIENTED_EDGE('',*,*,#2097,.F.);
#1212=ORIENTED_EDGE('',*,*,#1891,.F.);
#1213=ORIENTED_EDGE('',*,*,#2075,.T.);
#1214=ORIENTED_EDGE('',*,*,#1859,.F.);
#1215=ORIENTED_EDGE('',*,*,#2024,.F.);
#1216=ORIENTED_EDGE('',*,*,#1993,.F.);
#1217=ORIENTED_EDGE('',*,*,#2069,.T.);
#1218=ORIENTED_EDGE('',*,*,#2090,.T.);
#1219=ORIENTED_EDGE('',*,*,#1849,.T.);
#1220=ORIENTED_EDGE('',*,*,#2005,.F.);
#1221=ORIENTED_EDGE('',*,*,#1893,.T.);
#1222=ORIENTED_EDGE('',*,*,#2098,.T.);
#1223=ORIENTED_EDGE('',*,*,#2062,.T.);
#1224=ORIENTED_EDGE('',*,*,#2086,.F.);
#1225=ORIENTED_EDGE('',*,*,#2137,.F.);
#1226=ORIENTED_EDGE('',*,*,#1892,.T.);
#1227=ORIENTED_EDGE('',*,*,#2137,.T.);
#1228=ORIENTED_EDGE('',*,*,#2138,.T.);
#1229=ORIENTED_EDGE('',*,*,#1897,.F.);
#1230=ORIENTED_EDGE('',*,*,#2138,.F.);
#1231=ORIENTED_EDGE('',*,*,#1995,.F.);
#1232=ORIENTED_EDGE('',*,*,#2127,.F.);
#1233=ORIENTED_EDGE('',*,*,#2084,.F.);
#1234=ORIENTED_EDGE('',*,*,#2126,.F.);
#1235=ORIENTED_EDGE('',*,*,#1996,.F.);
#1236=ORIENTED_EDGE('',*,*,#2125,.F.);
#1237=ORIENTED_EDGE('',*,*,#1997,.F.);
#1238=ORIENTED_EDGE('',*,*,#2124,.F.);
#1239=ORIENTED_EDGE('',*,*,#1998,.F.);
#1240=ORIENTED_EDGE('',*,*,#2123,.F.);
#1241=ORIENTED_EDGE('',*,*,#1999,.F.);
#1242=ORIENTED_EDGE('',*,*,#2122,.F.);
#1243=ORIENTED_EDGE('',*,*,#2083,.F.);
#1244=ORIENTED_EDGE('',*,*,#2121,.F.);
#1245=ORIENTED_EDGE('',*,*,#2082,.F.);
#1246=ORIENTED_EDGE('',*,*,#2120,.F.);
#1247=ORIENTED_EDGE('',*,*,#2081,.F.);
#1248=ORIENTED_EDGE('',*,*,#2119,.F.);
#1249=ORIENTED_EDGE('',*,*,#2080,.F.);
#1250=ORIENTED_EDGE('',*,*,#2118,.F.);
#1251=ORIENTED_EDGE('',*,*,#2079,.F.);
#1252=ORIENTED_EDGE('',*,*,#2117,.F.);
#1253=ORIENTED_EDGE('',*,*,#2078,.F.);
#1254=ORIENTED_EDGE('',*,*,#2116,.F.);
#1255=ORIENTED_EDGE('',*,*,#2077,.F.);
#1256=ORIENTED_EDGE('',*,*,#2115,.F.);
#1257=ORIENTED_EDGE('',*,*,#2000,.F.);
#1258=ORIENTED_EDGE('',*,*,#2114,.F.);
#1259=ORIENTED_EDGE('',*,*,#2076,.F.);
#1260=ORIENTED_EDGE('',*,*,#2113,.F.);
#1261=ORIENTED_EDGE('',*,*,#2001,.F.);
#1262=ORIENTED_EDGE('',*,*,#2112,.F.);
#1263=ORIENTED_EDGE('',*,*,#2002,.F.);
#1264=ORIENTED_EDGE('',*,*,#2111,.F.);
#1265=ORIENTED_EDGE('',*,*,#2003,.F.);
#1266=ORIENTED_EDGE('',*,*,#2110,.F.);
#1267=ORIENTED_EDGE('',*,*,#2071,.F.);
#1268=ORIENTED_EDGE('',*,*,#2059,.T.);
#1269=ORIENTED_EDGE('',*,*,#2103,.F.);
#1270=ORIENTED_EDGE('',*,*,#2043,.T.);
#1271=ORIENTED_EDGE('',*,*,#2070,.F.);
#1272=ORIENTED_EDGE('',*,*,#1855,.T.);
#1273=ORIENTED_EDGE('',*,*,#2104,.F.);
#1274=ORIENTED_EDGE('',*,*,#2061,.T.);
#1275=ORIENTED_EDGE('',*,*,#2014,.F.);
#1276=ORIENTED_EDGE('',*,*,#2056,.T.);
#1277=ORIENTED_EDGE('',*,*,#2105,.F.);
#1278=ORIENTED_EDGE('',*,*,#1853,.T.);
#1279=ORIENTED_EDGE('',*,*,#2012,.F.);
#1280=ORIENTED_EDGE('',*,*,#2053,.T.);
#1281=ORIENTED_EDGE('',*,*,#2106,.F.);
#1282=ORIENTED_EDGE('',*,*,#2057,.T.);
#1283=ORIENTED_EDGE('',*,*,#2006,.F.);
#1284=ORIENTED_EDGE('',*,*,#1847,.T.);
#1285=ORIENTED_EDGE('',*,*,#2109,.F.);
#1286=ORIENTED_EDGE('',*,*,#2049,.T.);
#1287=ORIENTED_EDGE('',*,*,#2008,.F.);
#1288=ORIENTED_EDGE('',*,*,#2051,.T.);
#1289=ORIENTED_EDGE('',*,*,#2108,.F.);
#1290=ORIENTED_EDGE('',*,*,#2046,.T.);
#1291=ORIENTED_EDGE('',*,*,#2010,.F.);
#1292=ORIENTED_EDGE('',*,*,#2048,.T.);
#1293=ORIENTED_EDGE('',*,*,#2107,.F.);
#1294=ORIENTED_EDGE('',*,*,#2054,.T.);
#1295=ORIENTED_EDGE('',*,*,#2072,.F.);
#1296=ORIENTED_EDGE('',*,*,#2045,.T.);
#1297=ORIENTED_EDGE('',*,*,#2102,.F.);
#1298=ORIENTED_EDGE('',*,*,#2039,.T.);
#1299=ORIENTED_EDGE('',*,*,#2073,.F.);
#1300=ORIENTED_EDGE('',*,*,#2041,.T.);
#1301=ORIENTED_EDGE('',*,*,#2101,.F.);
#1302=ORIENTED_EDGE('',*,*,#2035,.T.);
#1303=ORIENTED_EDGE('',*,*,#2074,.F.);
#1304=ORIENTED_EDGE('',*,*,#2037,.T.);
#1305=ORIENTED_EDGE('',*,*,#2100,.F.);
#1306=ORIENTED_EDGE('',*,*,#1861,.T.);
#1307=ORIENTED_EDGE('',*,*,#2025,.F.);
#1308=ORIENTED_EDGE('',*,*,#2015,.T.);
#1309=ORIENTED_EDGE('',*,*,#2026,.F.);
#1310=ORIENTED_EDGE('',*,*,#2016,.T.);
#1311=ORIENTED_EDGE('',*,*,#2136,.F.);
#1312=ORIENTED_EDGE('',*,*,#2096,.T.);
#1313=ORIENTED_EDGE('',*,*,#2135,.F.);
#1314=ORIENTED_EDGE('',*,*,#2095,.T.);
#1315=ORIENTED_EDGE('',*,*,#2134,.F.);
#1316=ORIENTED_EDGE('',*,*,#2094,.T.);
#1317=ORIENTED_EDGE('',*,*,#2027,.F.);
#1318=ORIENTED_EDGE('',*,*,#2017,.T.);
#1319=ORIENTED_EDGE('',*,*,#2129,.F.);
#1320=ORIENTED_EDGE('',*,*,#1975,.F.);
#1321=ORIENTED_EDGE('',*,*,#2091,.T.);
#1322=ORIENTED_EDGE('',*,*,#1968,.F.);
#1323=ORIENTED_EDGE('',*,*,#2133,.F.);
#1324=ORIENTED_EDGE('',*,*,#2093,.T.);
#1325=ORIENTED_EDGE('',*,*,#2028,.F.);
#1326=ORIENTED_EDGE('',*,*,#2018,.T.);
#1327=ORIENTED_EDGE('',*,*,#2029,.F.);
#1328=ORIENTED_EDGE('',*,*,#2019,.T.);
#1329=ORIENTED_EDGE('',*,*,#2128,.F.);
#1330=ORIENTED_EDGE('',*,*,#1973,.F.);
#1331=ORIENTED_EDGE('',*,*,#2092,.T.);
#1332=ORIENTED_EDGE('',*,*,#1977,.F.);
#1333=ORIENTED_EDGE('',*,*,#2132,.F.);
#1334=ORIENTED_EDGE('',*,*,#2089,.T.);
#1335=ORIENTED_EDGE('',*,*,#2131,.F.);
#1336=ORIENTED_EDGE('',*,*,#2088,.T.);
#1337=ORIENTED_EDGE('',*,*,#2130,.F.);
#1338=ORIENTED_EDGE('',*,*,#2087,.T.);
#1339=ORIENTED_EDGE('',*,*,#2030,.F.);
#1340=ORIENTED_EDGE('',*,*,#2020,.T.);
#1341=ORIENTED_EDGE('',*,*,#2031,.F.);
#1342=ORIENTED_EDGE('',*,*,#2021,.T.);
#1343=ORIENTED_EDGE('',*,*,#1966,.T.);
#1344=ORIENTED_EDGE('',*,*,#1979,.F.);
#1345=ORIENTED_EDGE('',*,*,#1863,.F.);
#1346=ORIENTED_EDGE('',*,*,#2099,.F.);
#1347=ORIENTED_EDGE('',*,*,#1845,.F.);
#1348=ORIENTED_EDGE('',*,*,#1946,.F.);
#1349=ORIENTED_EDGE('',*,*,#1865,.F.);
#1350=ORIENTED_EDGE('',*,*,#1947,.F.);
#1351=ORIENTED_EDGE('',*,*,#1877,.F.);
#1352=ORIENTED_EDGE('',*,*,#1659,.F.);
#1353=ORIENTED_EDGE('',*,*,#1699,.F.);
#1354=ORIENTED_EDGE('',*,*,#2139,.F.);
#1355=ORIENTED_EDGE('',*,*,#2140,.T.);
#1356=ORIENTED_EDGE('',*,*,#2141,.T.);
#1357=ORIENTED_EDGE('',*,*,#1698,.F.);
#1358=ORIENTED_EDGE('',*,*,#2142,.F.);
#1359=ORIENTED_EDGE('',*,*,#2143,.T.);
#1360=ORIENTED_EDGE('',*,*,#2139,.T.);
#1361=ORIENTED_EDGE('',*,*,#1722,.F.);
#1362=ORIENTED_EDGE('',*,*,#2144,.F.);
#1363=ORIENTED_EDGE('',*,*,#2145,.T.);
#1364=ORIENTED_EDGE('',*,*,#2142,.T.);
#1365=ORIENTED_EDGE('',*,*,#1721,.F.);
#1366=ORIENTED_EDGE('',*,*,#2146,.F.);
#1367=ORIENTED_EDGE('',*,*,#2147,.T.);
#1368=ORIENTED_EDGE('',*,*,#2144,.T.);
#1369=ORIENTED_EDGE('',*,*,#1720,.F.);
#1370=ORIENTED_EDGE('',*,*,#2148,.F.);
#1371=ORIENTED_EDGE('',*,*,#2149,.T.);
#1372=ORIENTED_EDGE('',*,*,#2146,.T.);
#1373=ORIENTED_EDGE('',*,*,#1719,.F.);
#1374=ORIENTED_EDGE('',*,*,#2150,.F.);
#1375=ORIENTED_EDGE('',*,*,#2151,.T.);
#1376=ORIENTED_EDGE('',*,*,#2148,.T.);
#1377=ORIENTED_EDGE('',*,*,#1718,.F.);
#1378=ORIENTED_EDGE('',*,*,#2152,.F.);
#1379=ORIENTED_EDGE('',*,*,#2153,.T.);
#1380=ORIENTED_EDGE('',*,*,#2150,.T.);
#1381=ORIENTED_EDGE('',*,*,#1717,.F.);
#1382=ORIENTED_EDGE('',*,*,#2154,.F.);
#1383=ORIENTED_EDGE('',*,*,#2155,.T.);
#1384=ORIENTED_EDGE('',*,*,#2152,.T.);
#1385=ORIENTED_EDGE('',*,*,#1716,.F.);
#1386=ORIENTED_EDGE('',*,*,#2156,.F.);
#1387=ORIENTED_EDGE('',*,*,#2157,.T.);
#1388=ORIENTED_EDGE('',*,*,#2154,.T.);
#1389=ORIENTED_EDGE('',*,*,#1715,.F.);
#1390=ORIENTED_EDGE('',*,*,#2158,.F.);
#1391=ORIENTED_EDGE('',*,*,#2159,.T.);
#1392=ORIENTED_EDGE('',*,*,#2156,.T.);
#1393=ORIENTED_EDGE('',*,*,#1714,.F.);
#1394=ORIENTED_EDGE('',*,*,#2160,.F.);
#1395=ORIENTED_EDGE('',*,*,#2161,.T.);
#1396=ORIENTED_EDGE('',*,*,#2158,.T.);
#1397=ORIENTED_EDGE('',*,*,#1713,.F.);
#1398=ORIENTED_EDGE('',*,*,#2162,.F.);
#1399=ORIENTED_EDGE('',*,*,#2163,.T.);
#1400=ORIENTED_EDGE('',*,*,#2160,.T.);
#1401=ORIENTED_EDGE('',*,*,#1712,.F.);
#1402=ORIENTED_EDGE('',*,*,#2164,.F.);
#1403=ORIENTED_EDGE('',*,*,#2165,.T.);
#1404=ORIENTED_EDGE('',*,*,#2162,.T.);
#1405=ORIENTED_EDGE('',*,*,#1711,.F.);
#1406=ORIENTED_EDGE('',*,*,#2166,.F.);
#1407=ORIENTED_EDGE('',*,*,#2167,.T.);
#1408=ORIENTED_EDGE('',*,*,#2164,.T.);
#1409=ORIENTED_EDGE('',*,*,#1710,.F.);
#1410=ORIENTED_EDGE('',*,*,#2168,.F.);
#1411=ORIENTED_EDGE('',*,*,#2169,.T.);
#1412=ORIENTED_EDGE('',*,*,#2166,.T.);
#1413=ORIENTED_EDGE('',*,*,#1709,.F.);
#1414=ORIENTED_EDGE('',*,*,#2170,.F.);
#1415=ORIENTED_EDGE('',*,*,#2171,.T.);
#1416=ORIENTED_EDGE('',*,*,#2168,.T.);
#1417=ORIENTED_EDGE('',*,*,#1708,.F.);
#1418=ORIENTED_EDGE('',*,*,#2172,.F.);
#1419=ORIENTED_EDGE('',*,*,#2173,.T.);
#1420=ORIENTED_EDGE('',*,*,#2170,.T.);
#1421=ORIENTED_EDGE('',*,*,#1707,.F.);
#1422=ORIENTED_EDGE('',*,*,#2174,.F.);
#1423=ORIENTED_EDGE('',*,*,#2175,.T.);
#1424=ORIENTED_EDGE('',*,*,#2172,.T.);
#1425=ORIENTED_EDGE('',*,*,#1706,.F.);
#1426=ORIENTED_EDGE('',*,*,#2176,.F.);
#1427=ORIENTED_EDGE('',*,*,#2177,.T.);
#1428=ORIENTED_EDGE('',*,*,#2174,.T.);
#1429=ORIENTED_EDGE('',*,*,#1705,.F.);
#1430=ORIENTED_EDGE('',*,*,#2178,.F.);
#1431=ORIENTED_EDGE('',*,*,#2179,.T.);
#1432=ORIENTED_EDGE('',*,*,#2176,.T.);
#1433=ORIENTED_EDGE('',*,*,#1704,.F.);
#1434=ORIENTED_EDGE('',*,*,#2180,.F.);
#1435=ORIENTED_EDGE('',*,*,#2181,.T.);
#1436=ORIENTED_EDGE('',*,*,#2178,.T.);
#1437=ORIENTED_EDGE('',*,*,#1703,.F.);
#1438=ORIENTED_EDGE('',*,*,#2182,.F.);
#1439=ORIENTED_EDGE('',*,*,#2183,.T.);
#1440=ORIENTED_EDGE('',*,*,#2180,.T.);
#1441=ORIENTED_EDGE('',*,*,#1702,.F.);
#1442=ORIENTED_EDGE('',*,*,#2184,.F.);
#1443=ORIENTED_EDGE('',*,*,#2185,.T.);
#1444=ORIENTED_EDGE('',*,*,#2182,.T.);
#1445=ORIENTED_EDGE('',*,*,#1701,.F.);
#1446=ORIENTED_EDGE('',*,*,#2186,.F.);
#1447=ORIENTED_EDGE('',*,*,#2187,.T.);
#1448=ORIENTED_EDGE('',*,*,#2184,.T.);
#1449=ORIENTED_EDGE('',*,*,#1700,.F.);
#1450=ORIENTED_EDGE('',*,*,#2141,.F.);
#1451=ORIENTED_EDGE('',*,*,#2188,.T.);
#1452=ORIENTED_EDGE('',*,*,#2186,.T.);
#1453=ORIENTED_EDGE('',*,*,#2140,.F.);
#1454=ORIENTED_EDGE('',*,*,#2143,.F.);
#1455=ORIENTED_EDGE('',*,*,#2145,.F.);
#1456=ORIENTED_EDGE('',*,*,#2147,.F.);
#1457=ORIENTED_EDGE('',*,*,#2149,.F.);
#1458=ORIENTED_EDGE('',*,*,#2151,.F.);
#1459=ORIENTED_EDGE('',*,*,#2153,.F.);
#1460=ORIENTED_EDGE('',*,*,#2155,.F.);
#1461=ORIENTED_EDGE('',*,*,#2157,.F.);
#1462=ORIENTED_EDGE('',*,*,#2159,.F.);
#1463=ORIENTED_EDGE('',*,*,#2161,.F.);
#1464=ORIENTED_EDGE('',*,*,#2163,.F.);
#1465=ORIENTED_EDGE('',*,*,#2165,.F.);
#1466=ORIENTED_EDGE('',*,*,#2167,.F.);
#1467=ORIENTED_EDGE('',*,*,#2169,.F.);
#1468=ORIENTED_EDGE('',*,*,#2171,.F.);
#1469=ORIENTED_EDGE('',*,*,#2173,.F.);
#1470=ORIENTED_EDGE('',*,*,#2175,.F.);
#1471=ORIENTED_EDGE('',*,*,#2177,.F.);
#1472=ORIENTED_EDGE('',*,*,#2179,.F.);
#1473=ORIENTED_EDGE('',*,*,#2181,.F.);
#1474=ORIENTED_EDGE('',*,*,#2183,.F.);
#1475=ORIENTED_EDGE('',*,*,#2185,.F.);
#1476=ORIENTED_EDGE('',*,*,#2187,.F.);
#1477=ORIENTED_EDGE('',*,*,#2188,.F.);
#1478=ORIENTED_EDGE('',*,*,#1724,.F.);
#1479=ORIENTED_EDGE('',*,*,#2189,.F.);
#1480=ORIENTED_EDGE('',*,*,#2190,.T.);
#1481=ORIENTED_EDGE('',*,*,#2191,.T.);
#1482=ORIENTED_EDGE('',*,*,#1723,.F.);
#1483=ORIENTED_EDGE('',*,*,#2192,.F.);
#1484=ORIENTED_EDGE('',*,*,#2193,.T.);
#1485=ORIENTED_EDGE('',*,*,#2189,.T.);
#1486=ORIENTED_EDGE('',*,*,#1731,.F.);
#1487=ORIENTED_EDGE('',*,*,#2194,.F.);
#1488=ORIENTED_EDGE('',*,*,#2195,.T.);
#1489=ORIENTED_EDGE('',*,*,#2192,.T.);
#1490=ORIENTED_EDGE('',*,*,#1730,.F.);
#1491=ORIENTED_EDGE('',*,*,#2196,.F.);
#1492=ORIENTED_EDGE('',*,*,#2197,.T.);
#1493=ORIENTED_EDGE('',*,*,#2194,.T.);
#1494=ORIENTED_EDGE('',*,*,#1729,.F.);
#1495=ORIENTED_EDGE('',*,*,#2198,.F.);
#1496=ORIENTED_EDGE('',*,*,#2199,.T.);
#1497=ORIENTED_EDGE('',*,*,#2196,.T.);
#1498=ORIENTED_EDGE('',*,*,#1728,.F.);
#1499=ORIENTED_EDGE('',*,*,#2200,.F.);
#1500=ORIENTED_EDGE('',*,*,#2201,.T.);
#1501=ORIENTED_EDGE('',*,*,#2198,.T.);
#1502=ORIENTED_EDGE('',*,*,#1727,.F.);
#1503=ORIENTED_EDGE('',*,*,#2202,.F.);
#1504=ORIENTED_EDGE('',*,*,#2203,.T.);
#1505=ORIENTED_EDGE('',*,*,#2200,.T.);
#1506=ORIENTED_EDGE('',*,*,#1726,.F.);
#1507=ORIENTED_EDGE('',*,*,#2204,.F.);
#1508=ORIENTED_EDGE('',*,*,#2205,.T.);
#1509=ORIENTED_EDGE('',*,*,#2202,.T.);
#1510=ORIENTED_EDGE('',*,*,#1725,.F.);
#1511=ORIENTED_EDGE('',*,*,#2191,.F.);
#1512=ORIENTED_EDGE('',*,*,#2206,.T.);
#1513=ORIENTED_EDGE('',*,*,#2204,.T.);
#1514=ORIENTED_EDGE('',*,*,#2190,.F.);
#1515=ORIENTED_EDGE('',*,*,#2193,.F.);
#1516=ORIENTED_EDGE('',*,*,#2195,.F.);
#1517=ORIENTED_EDGE('',*,*,#2197,.F.);
#1518=ORIENTED_EDGE('',*,*,#2199,.F.);
#1519=ORIENTED_EDGE('',*,*,#2201,.F.);
#1520=ORIENTED_EDGE('',*,*,#2203,.F.);
#1521=ORIENTED_EDGE('',*,*,#2205,.F.);
#1522=ORIENTED_EDGE('',*,*,#2206,.F.);
#1523=ORIENTED_EDGE('',*,*,#1733,.F.);
#1524=ORIENTED_EDGE('',*,*,#2207,.F.);
#1525=ORIENTED_EDGE('',*,*,#2208,.T.);
#1526=ORIENTED_EDGE('',*,*,#2209,.T.);
#1527=ORIENTED_EDGE('',*,*,#1732,.F.);
#1528=ORIENTED_EDGE('',*,*,#2210,.F.);
#1529=ORIENTED_EDGE('',*,*,#2211,.T.);
#1530=ORIENTED_EDGE('',*,*,#2207,.T.);
#1531=ORIENTED_EDGE('',*,*,#1746,.F.);
#1532=ORIENTED_EDGE('',*,*,#2212,.F.);
#1533=ORIENTED_EDGE('',*,*,#2213,.T.);
#1534=ORIENTED_EDGE('',*,*,#2210,.T.);
#1535=ORIENTED_EDGE('',*,*,#1745,.F.);
#1536=ORIENTED_EDGE('',*,*,#2214,.F.);
#1537=ORIENTED_EDGE('',*,*,#2215,.T.);
#1538=ORIENTED_EDGE('',*,*,#2212,.T.);
#1539=ORIENTED_EDGE('',*,*,#1744,.F.);
#1540=ORIENTED_EDGE('',*,*,#2216,.F.);
#1541=ORIENTED_EDGE('',*,*,#2217,.T.);
#1542=ORIENTED_EDGE('',*,*,#2214,.T.);
#1543=ORIENTED_EDGE('',*,*,#1743,.F.);
#1544=ORIENTED_EDGE('',*,*,#2218,.F.);
#1545=ORIENTED_EDGE('',*,*,#2219,.T.);
#1546=ORIENTED_EDGE('',*,*,#2216,.T.);
#1547=ORIENTED_EDGE('',*,*,#1742,.F.);
#1548=ORIENTED_EDGE('',*,*,#2220,.F.);
#1549=ORIENTED_EDGE('',*,*,#2221,.T.);
#1550=ORIENTED_EDGE('',*,*,#2218,.T.);
#1551=ORIENTED_EDGE('',*,*,#1741,.F.);
#1552=ORIENTED_EDGE('',*,*,#2222,.F.);
#1553=ORIENTED_EDGE('',*,*,#2223,.T.);
#1554=ORIENTED_EDGE('',*,*,#2220,.T.);
#1555=ORIENTED_EDGE('',*,*,#1740,.F.);
#1556=ORIENTED_EDGE('',*,*,#2224,.F.);
#1557=ORIENTED_EDGE('',*,*,#2225,.T.);
#1558=ORIENTED_EDGE('',*,*,#2222,.T.);
#1559=ORIENTED_EDGE('',*,*,#1739,.F.);
#1560=ORIENTED_EDGE('',*,*,#2226,.F.);
#1561=ORIENTED_EDGE('',*,*,#2227,.T.);
#1562=ORIENTED_EDGE('',*,*,#2224,.T.);
#1563=ORIENTED_EDGE('',*,*,#1738,.F.);
#1564=ORIENTED_EDGE('',*,*,#2228,.F.);
#1565=ORIENTED_EDGE('',*,*,#2229,.T.);
#1566=ORIENTED_EDGE('',*,*,#2226,.T.);
#1567=ORIENTED_EDGE('',*,*,#1737,.F.);
#1568=ORIENTED_EDGE('',*,*,#2230,.F.);
#1569=ORIENTED_EDGE('',*,*,#2231,.T.);
#1570=ORIENTED_EDGE('',*,*,#2228,.T.);
#1571=ORIENTED_EDGE('',*,*,#1736,.F.);
#1572=ORIENTED_EDGE('',*,*,#2232,.F.);
#1573=ORIENTED_EDGE('',*,*,#2233,.T.);
#1574=ORIENTED_EDGE('',*,*,#2230,.T.);
#1575=ORIENTED_EDGE('',*,*,#1735,.F.);
#1576=ORIENTED_EDGE('',*,*,#2234,.F.);
#1577=ORIENTED_EDGE('',*,*,#2235,.T.);
#1578=ORIENTED_EDGE('',*,*,#2232,.T.);
#1579=ORIENTED_EDGE('',*,*,#1734,.F.);
#1580=ORIENTED_EDGE('',*,*,#2209,.F.);
#1581=ORIENTED_EDGE('',*,*,#2236,.T.);
#1582=ORIENTED_EDGE('',*,*,#2234,.T.);
#1583=ORIENTED_EDGE('',*,*,#2208,.F.);
#1584=ORIENTED_EDGE('',*,*,#2211,.F.);
#1585=ORIENTED_EDGE('',*,*,#2213,.F.);
#1586=ORIENTED_EDGE('',*,*,#2215,.F.);
#1587=ORIENTED_EDGE('',*,*,#2217,.F.);
#1588=ORIENTED_EDGE('',*,*,#2219,.F.);
#1589=ORIENTED_EDGE('',*,*,#2221,.F.);
#1590=ORIENTED_EDGE('',*,*,#2223,.F.);
#1591=ORIENTED_EDGE('',*,*,#2225,.F.);
#1592=ORIENTED_EDGE('',*,*,#2227,.F.);
#1593=ORIENTED_EDGE('',*,*,#2229,.F.);
#1594=ORIENTED_EDGE('',*,*,#2231,.F.);
#1595=ORIENTED_EDGE('',*,*,#2233,.F.);
#1596=ORIENTED_EDGE('',*,*,#2235,.F.);
#1597=ORIENTED_EDGE('',*,*,#2236,.F.);
#1598=ORIENTED_EDGE('',*,*,#1748,.F.);
#1599=ORIENTED_EDGE('',*,*,#2237,.F.);
#1600=ORIENTED_EDGE('',*,*,#2238,.T.);
#1601=ORIENTED_EDGE('',*,*,#2239,.T.);
#1602=ORIENTED_EDGE('',*,*,#1747,.F.);
#1603=ORIENTED_EDGE('',*,*,#2240,.F.);
#1604=ORIENTED_EDGE('',*,*,#2241,.T.);
#1605=ORIENTED_EDGE('',*,*,#2237,.T.);
#1606=ORIENTED_EDGE('',*,*,#1758,.F.);
#1607=ORIENTED_EDGE('',*,*,#2242,.F.);
#1608=ORIENTED_EDGE('',*,*,#2243,.T.);
#1609=ORIENTED_EDGE('',*,*,#2240,.T.);
#1610=ORIENTED_EDGE('',*,*,#1757,.F.);
#1611=ORIENTED_EDGE('',*,*,#2244,.F.);
#1612=ORIENTED_EDGE('',*,*,#2245,.T.);
#1613=ORIENTED_EDGE('',*,*,#2242,.T.);
#1614=ORIENTED_EDGE('',*,*,#1756,.F.);
#1615=ORIENTED_EDGE('',*,*,#2246,.F.);
#1616=ORIENTED_EDGE('',*,*,#2247,.T.);
#1617=ORIENTED_EDGE('',*,*,#2244,.T.);
#1618=ORIENTED_EDGE('',*,*,#1755,.F.);
#1619=ORIENTED_EDGE('',*,*,#2248,.F.);
#1620=ORIENTED_EDGE('',*,*,#2249,.T.);
#1621=ORIENTED_EDGE('',*,*,#2246,.T.);
#1622=ORIENTED_EDGE('',*,*,#1754,.F.);
#1623=ORIENTED_EDGE('',*,*,#2250,.F.);
#1624=ORIENTED_EDGE('',*,*,#2251,.T.);
#1625=ORIENTED_EDGE('',*,*,#2248,.T.);
#1626=ORIENTED_EDGE('',*,*,#1753,.F.);
#1627=ORIENTED_EDGE('',*,*,#2252,.F.);
#1628=ORIENTED_EDGE('',*,*,#2253,.T.);
#1629=ORIENTED_EDGE('',*,*,#2250,.T.);
#1630=ORIENTED_EDGE('',*,*,#1752,.F.);
#1631=ORIENTED_EDGE('',*,*,#2254,.F.);
#1632=ORIENTED_EDGE('',*,*,#2255,.T.);
#1633=ORIENTED_EDGE('',*,*,#2252,.T.);
#1634=ORIENTED_EDGE('',*,*,#1751,.F.);
#1635=ORIENTED_EDGE('',*,*,#2256,.F.);
#1636=ORIENTED_EDGE('',*,*,#2257,.T.);
#1637=ORIENTED_EDGE('',*,*,#2254,.T.);
#1638=ORIENTED_EDGE('',*,*,#1750,.F.);
#1639=ORIENTED_EDGE('',*,*,#2258,.F.);
#1640=ORIENTED_EDGE('',*,*,#2259,.T.);
#1641=ORIENTED_EDGE('',*,*,#2256,.T.);
#1642=ORIENTED_EDGE('',*,*,#1749,.F.);
#1643=ORIENTED_EDGE('',*,*,#2239,.F.);
#1644=ORIENTED_EDGE('',*,*,#2260,.T.);
#1645=ORIENTED_EDGE('',*,*,#2258,.T.);
#1646=ORIENTED_EDGE('',*,*,#2238,.F.);
#1647=ORIENTED_EDGE('',*,*,#2241,.F.);
#1648=ORIENTED_EDGE('',*,*,#2243,.F.);
#1649=ORIENTED_EDGE('',*,*,#2245,.F.);
#1650=ORIENTED_EDGE('',*,*,#2247,.F.);
#1651=ORIENTED_EDGE('',*,*,#2249,.F.);
#1652=ORIENTED_EDGE('',*,*,#2251,.F.);
#1653=ORIENTED_EDGE('',*,*,#2253,.F.);
#1654=ORIENTED_EDGE('',*,*,#2255,.F.);
#1655=ORIENTED_EDGE('',*,*,#2257,.F.);
#1656=ORIENTED_EDGE('',*,*,#2259,.F.);
#1657=ORIENTED_EDGE('',*,*,#2260,.F.);
#1658=EDGE_CURVE('',#2261,#2262,#2709,.T.);
#1659=EDGE_CURVE('',#2262,#2263,#212,.T.);
#1660=EDGE_CURVE('',#2263,#2264,#2710,.T.);
#1661=EDGE_CURVE('',#2265,#2264,#213,.T.);
#1662=EDGE_CURVE('',#2265,#2266,#2711,.T.);
#1663=EDGE_CURVE('',#2267,#2266,#214,.T.);
#1664=EDGE_CURVE('',#2267,#2268,#2712,.T.);
#1665=EDGE_CURVE('',#2269,#2268,#215,.T.);
#1666=EDGE_CURVE('',#2269,#2270,#2713,.T.);
#1667=EDGE_CURVE('',#2271,#2270,#216,.T.);
#1668=EDGE_CURVE('',#2271,#2272,#2714,.T.);
#1669=EDGE_CURVE('',#2273,#2272,#217,.T.);
#1670=EDGE_CURVE('',#2273,#2274,#2715,.T.);
#1671=EDGE_CURVE('',#2275,#2274,#218,.T.);
#1672=EDGE_CURVE('',#2275,#2276,#2716,.T.);
#1673=EDGE_CURVE('',#2277,#2276,#219,.T.);
#1674=EDGE_CURVE('',#2277,#2278,#2717,.T.);
#1675=EDGE_CURVE('',#2279,#2278,#220,.T.);
#1676=EDGE_CURVE('',#2279,#2280,#2718,.T.);
#1677=EDGE_CURVE('',#2281,#2280,#221,.T.);
#1678=EDGE_CURVE('',#2281,#2282,#2719,.T.);
#1679=EDGE_CURVE('',#2261,#2282,#222,.T.);
#1680=EDGE_CURVE('',#2283,#2283,#223,.T.);
#1681=EDGE_CURVE('',#2284,#2284,#224,.T.);
#1682=EDGE_CURVE('',#2285,#2285,#225,.T.);
#1683=EDGE_CURVE('',#2286,#2286,#226,.T.);
#1684=EDGE_CURVE('',#2287,#2287,#227,.T.);
#1685=EDGE_CURVE('',#2288,#2288,#228,.T.);
#1686=EDGE_CURVE('',#2289,#2289,#229,.T.);
#1687=EDGE_CURVE('',#2290,#2290,#230,.T.);
#1688=EDGE_CURVE('',#2291,#2291,#231,.T.);
#1689=EDGE_CURVE('',#2292,#2292,#232,.T.);
#1690=EDGE_CURVE('',#2293,#2293,#233,.T.);
#1691=EDGE_CURVE('',#2294,#2294,#234,.T.);
#1692=EDGE_CURVE('',#2295,#2295,#235,.T.);
#1693=EDGE_CURVE('',#2296,#2296,#236,.T.);
#1694=EDGE_CURVE('',#2297,#2297,#237,.T.);
#1695=EDGE_CURVE('',#2298,#2298,#238,.T.);
#1696=EDGE_CURVE('',#2299,#2299,#239,.T.);
#1697=EDGE_CURVE('',#2300,#2300,#240,.T.);
#1698=EDGE_CURVE('',#2301,#2302,#158,.T.);
#1699=EDGE_CURVE('',#2302,#2303,#159,.T.);
#1700=EDGE_CURVE('',#2303,#2304,#160,.T.);
#1701=EDGE_CURVE('',#2304,#2305,#161,.T.);
#1702=EDGE_CURVE('',#2305,#2306,#2720,.T.);
#1703=EDGE_CURVE('',#2306,#2307,#241,.T.);
#1704=EDGE_CURVE('',#2307,#2308,#242,.T.);
#1705=EDGE_CURVE('',#2308,#2309,#162,.T.);
#1706=EDGE_CURVE('',#2309,#2310,#163,.T.);
#1707=EDGE_CURVE('',#2310,#2311,#164,.T.);
#1708=EDGE_CURVE('',#2311,#2312,#165,.T.);
#1709=EDGE_CURVE('',#2312,#2313,#166,.T.);
#1710=EDGE_CURVE('',#2313,#2314,#167,.T.);
#1711=EDGE_CURVE('',#2314,#2315,#168,.T.);
#1712=EDGE_CURVE('',#2315,#2316,#169,.T.);
#1713=EDGE_CURVE('',#2316,#2317,#170,.T.);
#1714=EDGE_CURVE('',#2317,#2318,#171,.T.);
#1715=EDGE_CURVE('',#2318,#2319,#2721,.T.);
#1716=EDGE_CURVE('',#2319,#2320,#172,.T.);
#1717=EDGE_CURVE('',#2320,#2321,#173,.T.);
#1718=EDGE_CURVE('',#2321,#2322,#174,.T.);
#1719=EDGE_CURVE('',#2322,#2323,#175,.T.);
#1720=EDGE_CURVE('',#2323,#2324,#176,.T.);
#1721=EDGE_CURVE('',#2324,#2325,#177,.T.);
#1722=EDGE_CURVE('',#2325,#2301,#178,.T.);
#1723=EDGE_CURVE('',#2326,#2327,#2722,.T.);
#1724=EDGE_CURVE('',#2327,#2328,#2723,.T.);
#1725=EDGE_CURVE('',#2328,#2329,#2724,.T.);
#1726=EDGE_CURVE('',#2329,#2330,#2725,.T.);
#1727=EDGE_CURVE('',#2330,#2331,#2726,.T.);
#1728=EDGE_CURVE('',#2331,#2332,#2727,.T.);
#1729=EDGE_CURVE('',#2332,#2333,#2728,.T.);
#1730=EDGE_CURVE('',#2333,#2334,#243,.F.);
#1731=EDGE_CURVE('',#2334,#2326,#244,.F.);
#1732=EDGE_CURVE('',#2335,#2336,#2729,.T.);
#1733=EDGE_CURVE('',#2336,#2337,#2730,.T.);
#1734=EDGE_CURVE('',#2337,#2338,#2731,.T.);
#1735=EDGE_CURVE('',#2338,#2339,#2732,.T.);
#1736=EDGE_CURVE('',#2339,#2340,#245,.F.);
#1737=EDGE_CURVE('',#2340,#2341,#2733,.T.);
#1738=EDGE_CURVE('',#2341,#2342,#2734,.T.);
#1739=EDGE_CURVE('',#2342,#2343,#2735,.T.);
#1740=EDGE_CURVE('',#2343,#2344,#2736,.T.);
#1741=EDGE_CURVE('',#2344,#2345,#2737,.T.);
#1742=EDGE_CURVE('',#2345,#2346,#2738,.T.);
#1743=EDGE_CURVE('',#2346,#2347,#246,.F.);
#1744=EDGE_CURVE('',#2347,#2348,#247,.F.);
#1745=EDGE_CURVE('',#2348,#2349,#2739,.T.);
#1746=EDGE_CURVE('',#2349,#2335,#2740,.T.);
#1747=EDGE_CURVE('',#2350,#2351,#2741,.T.);
#1748=EDGE_CURVE('',#2351,#2352,#2742,.T.);
#1749=EDGE_CURVE('',#2352,#2353,#2743,.T.);
#1750=EDGE_CURVE('',#2353,#2354,#2744,.T.);
#1751=EDGE_CURVE('',#2354,#2355,#2745,.T.);
#1752=EDGE_CURVE('',#2355,#2356,#2746,.T.);
#1753=EDGE_CURVE('',#2356,#2357,#2747,.T.);
#1754=EDGE_CURVE('',#2357,#2358,#2748,.T.);
#1755=EDGE_CURVE('',#2358,#2359,#2749,.T.);
#1756=EDGE_CURVE('',#2359,#2360,#2750,.T.);
#1757=EDGE_CURVE('',#2360,#2361,#2751,.T.);
#1758=EDGE_CURVE('',#2361,#2350,#2752,.T.);
#1759=EDGE_CURVE('',#2362,#2363,#248,.F.);
#1760=EDGE_CURVE('',#2363,#2364,#2753,.T.);
#1761=EDGE_CURVE('',#2364,#2365,#249,.T.);
#1762=EDGE_CURVE('',#2362,#2365,#179,.T.);
#1763=EDGE_CURVE('',#2366,#2366,#250,.T.);
#1764=EDGE_CURVE('',#2367,#2367,#251,.T.);
#1765=EDGE_CURVE('',#2368,#2368,#252,.T.);
#1766=EDGE_CURVE('',#2369,#2369,#253,.T.);
#1767=EDGE_CURVE('',#2370,#2370,#254,.T.);
#1768=EDGE_CURVE('',#2371,#2371,#255,.T.);
#1769=EDGE_CURVE('',#2372,#2372,#256,.T.);
#1770=EDGE_CURVE('',#2373,#2373,#257,.T.);
#1771=EDGE_CURVE('',#2374,#2374,#258,.T.);
#1772=EDGE_CURVE('',#2375,#2376,#259,.F.);
#1773=EDGE_CURVE('',#2375,#2377,#2754,.T.);
#1774=EDGE_CURVE('',#2378,#2377,#2755,.T.);
#1775=EDGE_CURVE('',#2379,#2378,#260,.T.);
#1776=EDGE_CURVE('',#2380,#2379,#2756,.T.);
#1777=EDGE_CURVE('',#2381,#2380,#261,.T.);
#1778=EDGE_CURVE('',#2382,#2381,#2757,.T.);
#1779=EDGE_CURVE('',#2383,#2382,#262,.T.);
#1780=EDGE_CURVE('',#2384,#2383,#2758,.T.);
#1781=EDGE_CURVE('',#2385,#2384,#263,.T.);
#1782=EDGE_CURVE('',#2386,#2385,#2759,.T.);
#1783=EDGE_CURVE('',#2387,#2386,#264,.T.);
#1784=EDGE_CURVE('',#2388,#2387,#2760,.T.);
#1785=EDGE_CURVE('',#2376,#2388,#2761,.T.);
#1786=EDGE_CURVE('',#2389,#2389,#265,.T.);
#1787=EDGE_CURVE('',#2390,#2390,#266,.T.);
#1788=EDGE_CURVE('',#2391,#2391,#267,.T.);
#1789=EDGE_CURVE('',#2392,#2392,#268,.T.);
#1790=EDGE_CURVE('',#2393,#2393,#269,.T.);
#1791=EDGE_CURVE('',#2394,#2394,#270,.T.);
#1792=EDGE_CURVE('',#2395,#2395,#271,.T.);
#1793=EDGE_CURVE('',#2396,#2397,#2762,.T.);
#1794=EDGE_CURVE('',#2396,#2398,#2763,.T.);
#1795=EDGE_CURVE('',#2365,#2398,#2764,.T.);
#1796=EDGE_CURVE('',#2399,#2364,#2765,.T.);
#1797=EDGE_CURVE('',#2399,#2400,#272,.T.);
#1798=EDGE_CURVE('',#2401,#2400,#2766,.T.);
#1799=EDGE_CURVE('',#2401,#2397,#273,.T.);
#1800=EDGE_CURVE('',#2402,#2403,#274,.T.);
#1801=EDGE_CURVE('',#2402,#2404,#2767,.T.);
#1802=EDGE_CURVE('',#2404,#2405,#275,.T.);
#1803=EDGE_CURVE('',#2403,#2405,#2768,.T.);
#1804=EDGE_CURVE('',#2406,#2406,#276,.T.);
#1805=EDGE_CURVE('',#2407,#2407,#277,.T.);
#1806=EDGE_CURVE('',#2408,#2408,#278,.T.);
#1807=EDGE_CURVE('',#2409,#2409,#279,.T.);
#1808=EDGE_CURVE('',#2410,#2410,#280,.T.);
#1809=EDGE_CURVE('',#2411,#2411,#281,.T.);
#1810=EDGE_CURVE('',#2412,#2412,#282,.T.);
#1811=EDGE_CURVE('',#2413,#2403,#2769,.T.);
#1812=EDGE_CURVE('',#2413,#2414,#2770,.T.);
#1813=EDGE_CURVE('',#2415,#2414,#283,.T.);
#1814=EDGE_CURVE('',#2415,#2416,#2771,.T.);
#1815=EDGE_CURVE('',#2417,#2416,#284,.T.);
#1816=EDGE_CURVE('',#2417,#2402,#2772,.T.);
#1817=EDGE_CURVE('',#2417,#2399,#2773,.F.);
#1818=EDGE_CURVE('',#2400,#2416,#2774,.T.);
#1819=EDGE_CURVE('',#2415,#2401,#2775,.F.);
#1820=EDGE_CURVE('',#2397,#2414,#2776,.T.);
#1821=EDGE_CURVE('',#2418,#2419,#2777,.T.);
#1822=EDGE_CURVE('',#2419,#2282,#2778,.T.);
#1823=EDGE_CURVE('',#2281,#2418,#2779,.F.);
#1824=EDGE_CURVE('',#2420,#2421,#2780,.T.);
#1825=EDGE_CURVE('',#2421,#2280,#2781,.T.);
#1826=EDGE_CURVE('',#2279,#2420,#2782,.F.);
#1827=EDGE_CURVE('',#2422,#2423,#2783,.T.);
#1828=EDGE_CURVE('',#2423,#2278,#2784,.T.);
#1829=EDGE_CURVE('',#2277,#2422,#2785,.F.);
#1830=EDGE_CURVE('',#2383,#2268,#2786,.T.);
#1831=EDGE_CURVE('',#2267,#2384,#2787,.F.);
#1832=EDGE_CURVE('',#2385,#2266,#2788,.T.);
#1833=EDGE_CURVE('',#2265,#2386,#2789,.F.);
#1834=EDGE_CURVE('',#2269,#2382,#2790,.F.);
#1835=EDGE_CURVE('',#2381,#2270,#2791,.T.);
#1836=EDGE_CURVE('',#2271,#2380,#2792,.F.);
#1837=EDGE_CURVE('',#2379,#2272,#2793,.T.);
#1838=EDGE_CURVE('',#2424,#2405,#2794,.T.);
#1839=EDGE_CURVE('',#2413,#2424,#2795,.T.);
#1840=EDGE_CURVE('',#2425,#2426,#2796,.T.);
#1841=EDGE_CURVE('',#2427,#2425,#2797,.T.);
#1842=EDGE_CURVE('',#2427,#2428,#2798,.T.);
#1843=EDGE_CURVE('',#2428,#2426,#2799,.T.);
#1844=EDGE_CURVE('',#2429,#2430,#2800,.T.);
#1845=EDGE_CURVE('',#2430,#2431,#180,.T.);
#1846=EDGE_CURVE('',#2431,#2432,#2801,.T.);
#1847=EDGE_CURVE('',#2433,#2432,#2802,.T.);
#1848=EDGE_CURVE('',#2434,#2433,#2803,.T.);
#1849=EDGE_CURVE('',#2435,#2434,#285,.T.);
#1850=EDGE_CURVE('',#2435,#2436,#2804,.T.);
#1851=EDGE_CURVE('',#2437,#2436,#2805,.T.);
#1852=EDGE_CURVE('',#2438,#2437,#2806,.T.);
#1853=EDGE_CURVE('',#2439,#2438,#2807,.F.);
#1854=EDGE_CURVE('',#2439,#2440,#2808,.T.);
#1855=EDGE_CURVE('',#2441,#2440,#2809,.T.);
#1856=EDGE_CURVE('',#2442,#2441,#2810,.T.);
#1857=EDGE_CURVE('',#2442,#2443,#2811,.T.);
#1858=EDGE_CURVE('',#2443,#2444,#2812,.T.);
#1859=EDGE_CURVE('',#2444,#2445,#286,.T.);
#1860=EDGE_CURVE('',#2446,#2445,#2813,.T.);
#1861=EDGE_CURVE('',#2447,#2446,#2814,.F.);
#1862=EDGE_CURVE('',#2447,#2448,#2815,.T.);
#1863=EDGE_CURVE('',#2448,#2449,#181,.T.);
#1864=EDGE_CURVE('',#2450,#2449,#2816,.T.);
#1865=EDGE_CURVE('',#2450,#2262,#182,.T.);
#1866=EDGE_CURVE('',#2261,#2451,#2817,.F.);
#1867=EDGE_CURVE('',#2451,#2452,#2818,.T.);
#1868=EDGE_CURVE('',#2398,#2452,#287,.T.);
#1869=EDGE_CURVE('',#2453,#2396,#2819,.T.);
#1870=EDGE_CURVE('',#2453,#2454,#2820,.T.);
#1871=EDGE_CURVE('',#2454,#2274,#2821,.T.);
#1872=EDGE_CURVE('',#2273,#2378,#2822,.F.);
#1873=EDGE_CURVE('',#2377,#2455,#2823,.T.);
#1874=EDGE_CURVE('',#2456,#2455,#2824,.T.);
#1875=EDGE_CURVE('',#2456,#2388,#288,.T.);
#1876=EDGE_CURVE('',#2387,#2264,#2825,.T.);
#1877=EDGE_CURVE('',#2263,#2429,#183,.T.);
#1878=EDGE_CURVE('',#2457,#2458,#2826,.T.);
#1879=EDGE_CURVE('',#2459,#2457,#289,.T.);
#1880=EDGE_CURVE('',#2459,#2460,#2827,.T.);
#1881=EDGE_CURVE('',#2460,#2458,#2828,.T.);
#1882=EDGE_CURVE('',#2461,#2461,#290,.T.);
#1883=EDGE_CURVE('',#2462,#2463,#291,.T.);
#1884=EDGE_CURVE('',#2464,#2463,#2829,.T.);
#1885=EDGE_CURVE('',#2465,#2464,#2830,.T.);
#1886=EDGE_CURVE('',#2465,#2462,#2831,.T.);
#1887=EDGE_CURVE('',#2466,#2466,#292,.T.);
#1888=EDGE_CURVE('',#2467,#2468,#2832,.T.);
#1889=EDGE_CURVE('',#2469,#2468,#2833,.T.);
#1890=EDGE_CURVE('',#2470,#2469,#2834,.T.);
#1891=EDGE_CURVE('',#2470,#2467,#293,.T.);
#1892=EDGE_CURVE('',#2471,#2471,#294,.T.);
#1893=EDGE_CURVE('',#2472,#2473,#295,.T.);
#1894=EDGE_CURVE('',#2474,#2472,#2835,.T.);
#1895=EDGE_CURVE('',#2474,#2475,#2836,.T.);
#1896=EDGE_CURVE('',#2475,#2473,#2837,.T.);
#1897=EDGE_CURVE('',#2476,#2476,#296,.T.);
#1898=EDGE_CURVE('',#2275,#2477,#2838,.F.);
#1899=EDGE_CURVE('',#2477,#2478,#2839,.T.);
#1900=EDGE_CURVE('',#2478,#2276,#2840,.T.);
#1901=EDGE_CURVE('',#2479,#2480,#184,.T.);
#1902=EDGE_CURVE('',#2480,#2465,#297,.F.);
#1903=EDGE_CURVE('',#2464,#2479,#298,.T.);
#1904=EDGE_CURVE('',#2460,#2481,#299,.F.);
#1905=EDGE_CURVE('',#2482,#2481,#185,.T.);
#1906=EDGE_CURVE('',#2482,#2458,#300,.T.);
#1907=EDGE_CURVE('',#2375,#2483,#2841,.T.);
#1908=EDGE_CURVE('',#2376,#2484,#186,.T.);
#1909=EDGE_CURVE('',#2484,#2483,#301,.T.);
#1910=EDGE_CURVE('',#2363,#2453,#2842,.T.);
#1911=EDGE_CURVE('',#2362,#2452,#2843,.T.);
#1912=EDGE_CURVE('',#2419,#2451,#302,.T.);
#1913=EDGE_CURVE('',#2421,#2418,#303,.T.);
#1914=EDGE_CURVE('',#2423,#2420,#304,.T.);
#1915=EDGE_CURVE('',#2478,#2422,#305,.T.);
#1916=EDGE_CURVE('',#2454,#2477,#306,.T.);
#1917=EDGE_CURVE('',#2485,#2485,#307,.T.);
#1918=EDGE_CURVE('',#2486,#2486,#308,.T.);
#1919=EDGE_CURVE('',#2487,#2487,#309,.T.);
#1920=EDGE_CURVE('',#2488,#2488,#310,.T.);
#1921=EDGE_CURVE('',#2489,#2489,#311,.T.);
#1922=EDGE_CURVE('',#2490,#2490,#312,.T.);
#1923=EDGE_CURVE('',#2491,#2491,#313,.T.);
#1924=EDGE_CURVE('',#2492,#2492,#314,.T.);
#1925=EDGE_CURVE('',#2493,#2493,#315,.T.);
#1926=EDGE_CURVE('',#2459,#2481,#2844,.F.);
#1927=EDGE_CURVE('',#2462,#2480,#2845,.F.);
#1928=EDGE_CURVE('',#2494,#2494,#316,.T.);
#1929=EDGE_CURVE('',#2495,#2495,#317,.T.);
#1930=EDGE_CURVE('',#2496,#2496,#318,.T.);
#1931=EDGE_CURVE('',#2455,#2497,#2846,.T.);
#1932=EDGE_CURVE('',#2497,#2498,#319,.T.);
#1933=EDGE_CURVE('',#2498,#2499,#2847,.T.);
#1934=EDGE_CURVE('',#2499,#2500,#320,.T.);
#1935=EDGE_CURVE('',#2500,#2483,#2848,.T.);
#1936=EDGE_CURVE('',#2484,#2456,#2849,.T.);
#1937=EDGE_CURVE('',#2501,#2501,#321,.T.);
#1938=EDGE_CURVE('',#2502,#2502,#322,.T.);
#1939=EDGE_CURVE('',#2503,#2503,#323,.T.);
#1940=EDGE_CURVE('',#2504,#2504,#324,.T.);
#1941=EDGE_CURVE('',#2457,#2482,#2850,.F.);
#1942=EDGE_CURVE('',#2463,#2479,#2851,.F.);
#1943=EDGE_CURVE('',#2505,#2506,#2852,.T.);
#1944=EDGE_CURVE('',#2427,#2505,#325,.T.);
#1945=EDGE_CURVE('',#2425,#2506,#326,.T.);
#1946=EDGE_CURVE('',#2449,#2430,#327,.F.);
#1947=EDGE_CURVE('',#2429,#2450,#328,.F.);
#1948=EDGE_CURVE('',#2428,#2507,#2853,.T.);
#1949=EDGE_CURVE('',#2508,#2505,#2854,.T.);
#1950=EDGE_CURVE('',#2509,#2508,#329,.T.);
#1951=EDGE_CURVE('',#2510,#2509,#2855,.T.);
#1952=EDGE_CURVE('',#2507,#2510,#330,.T.);
#1953=EDGE_CURVE('',#2511,#2511,#331,.T.);
#1954=EDGE_CURVE('',#2512,#2512,#332,.T.);
#1955=EDGE_CURVE('',#2513,#2513,#333,.T.);
#1956=EDGE_CURVE('',#2514,#2514,#334,.T.);
#1957=EDGE_CURVE('',#2515,#2515,#335,.T.);
#1958=EDGE_CURVE('',#2516,#2516,#336,.T.);
#1959=EDGE_CURVE('',#2517,#2517,#337,.T.);
#1960=EDGE_CURVE('',#2518,#2518,#338,.T.);
#1961=EDGE_CURVE('',#2519,#2519,#339,.T.);
#1962=EDGE_CURVE('',#2508,#2500,#2856,.F.);
#1963=EDGE_CURVE('',#2499,#2509,#2857,.T.);
#1964=EDGE_CURVE('',#2510,#2498,#2858,.F.);
#1965=EDGE_CURVE('',#2497,#2507,#2859,.T.);
#1966=EDGE_CURVE('',#2520,#2520,#340,.T.);
#1967=EDGE_CURVE('',#2521,#2506,#2860,.T.);
#1968=EDGE_CURVE('',#2521,#2522,#2861,.F.);
#1969=EDGE_CURVE('',#2522,#2523,#2862,.T.);
#1970=EDGE_CURVE('',#2524,#2523,#2863,.T.);
#1971=EDGE_CURVE('',#2524,#2437,#2864,.T.);
#1972=EDGE_CURVE('',#2436,#2525,#2865,.T.);
#1973=EDGE_CURVE('',#2525,#2526,#2866,.T.);
#1974=EDGE_CURVE('',#2426,#2526,#2867,.T.);
#1975=EDGE_CURVE('',#2527,#2528,#2868,.T.);
#1976=EDGE_CURVE('',#2529,#2528,#2869,.T.);
#1977=EDGE_CURVE('',#2529,#2530,#2870,.F.);
#1978=EDGE_CURVE('',#2530,#2527,#2871,.T.);
#1979=EDGE_CURVE('',#2531,#2531,#341,.T.);
#1980=EDGE_CURVE('',#2424,#2532,#2872,.T.);
#1981=EDGE_CURVE('',#2533,#2532,#2873,.T.);
#1982=EDGE_CURVE('',#2443,#2533,#2874,.T.);
#1983=EDGE_CURVE('',#2534,#2442,#2875,.T.);
#1984=EDGE_CURVE('',#2534,#2535,#2876,.T.);
#1985=EDGE_CURVE('',#2536,#2535,#2877,.T.);
#1986=EDGE_CURVE('',#2537,#2536,#2878,.F.);
#1987=EDGE_CURVE('',#2537,#2404,#2879,.T.);
#1988=EDGE_CURVE('',#2538,#2539,#2880,.T.);
#1989=EDGE_CURVE('',#2540,#2538,#2881,.F.);
#1990=EDGE_CURVE('',#2540,#2541,#2882,.T.);
#1991=EDGE_CURVE('',#2539,#2541,#2883,.T.);
#1992=EDGE_CURVE('',#2542,#2534,#342,.F.);
#1993=EDGE_CURVE('',#2542,#2543,#187,.T.);
#1994=EDGE_CURVE('',#2535,#2543,#343,.T.);
#1995=EDGE_CURVE('',#2544,#2544,#344,.T.);
#1996=EDGE_CURVE('',#2545,#2545,#345,.T.);
#1997=EDGE_CURVE('',#2546,#2546,#346,.T.);
#1998=EDGE_CURVE('',#2547,#2547,#347,.T.);
#1999=EDGE_CURVE('',#2548,#2548,#348,.T.);
#2000=EDGE_CURVE('',#2549,#2549,#349,.T.);
#2001=EDGE_CURVE('',#2550,#2550,#350,.T.);
#2002=EDGE_CURVE('',#2551,#2551,#351,.T.);
#2003=EDGE_CURVE('',#2552,#2552,#352,.T.);
#2004=EDGE_CURVE('',#2524,#2553,#353,.F.);
#2005=EDGE_CURVE('',#2553,#2434,#2884,.T.);
#2006=EDGE_CURVE('',#2433,#2554,#354,.T.);
#2007=EDGE_CURVE('',#2554,#2555,#2885,.T.);
#2008=EDGE_CURVE('',#2555,#2556,#355,.T.);
#2009=EDGE_CURVE('',#2556,#2557,#2886,.T.);
#2010=EDGE_CURVE('',#2557,#2558,#356,.T.);
#2011=EDGE_CURVE('',#2558,#2559,#2887,.T.);
#2012=EDGE_CURVE('',#2559,#2560,#357,.T.);
#2013=EDGE_CURVE('',#2560,#2561,#2888,.T.);
#2014=EDGE_CURVE('',#2561,#2438,#358,.T.);
#2015=EDGE_CURVE('',#2562,#2562,#359,.T.);
#2016=EDGE_CURVE('',#2563,#2563,#360,.T.);
#2017=EDGE_CURVE('',#2564,#2564,#361,.T.);
#2018=EDGE_CURVE('',#2565,#2565,#362,.T.);
#2019=EDGE_CURVE('',#2566,#2566,#363,.T.);
#2020=EDGE_CURVE('',#2567,#2567,#364,.T.);
#2021=EDGE_CURVE('',#2568,#2568,#365,.T.);
#2022=EDGE_CURVE('',#2538,#2533,#366,.T.);
#2023=EDGE_CURVE('',#2536,#2539,#367,.T.);
#2024=EDGE_CURVE('',#2543,#2444,#2889,.T.);
#2025=EDGE_CURVE('',#2569,#2569,#368,.T.);
#2026=EDGE_CURVE('',#2570,#2570,#369,.T.);
#2027=EDGE_CURVE('',#2571,#2571,#370,.T.);
#2028=EDGE_CURVE('',#2572,#2572,#371,.T.);
#2029=EDGE_CURVE('',#2573,#2573,#372,.T.);
#2030=EDGE_CURVE('',#2574,#2574,#373,.T.);
#2031=EDGE_CURVE('',#2575,#2575,#374,.T.);
#2032=EDGE_CURVE('',#2537,#2541,#375,.T.);
#2033=EDGE_CURVE('',#2540,#2532,#376,.T.);
#2034=EDGE_CURVE('',#2576,#2577,#2890,.T.);
#2035=EDGE_CURVE('',#2578,#2576,#2891,.F.);
#2036=EDGE_CURVE('',#2578,#2579,#2892,.T.);
#2037=EDGE_CURVE('',#2577,#2579,#2893,.T.);
#2038=EDGE_CURVE('',#2580,#2581,#2894,.T.);
#2039=EDGE_CURVE('',#2582,#2580,#2895,.F.);
#2040=EDGE_CURVE('',#2582,#2583,#2896,.T.);
#2041=EDGE_CURVE('',#2581,#2583,#2897,.T.);
#2042=EDGE_CURVE('',#2584,#2585,#2898,.T.);
#2043=EDGE_CURVE('',#2586,#2584,#2899,.F.);
#2044=EDGE_CURVE('',#2586,#2587,#2900,.T.);
#2045=EDGE_CURVE('',#2585,#2587,#2901,.T.);
#2046=EDGE_CURVE('',#2588,#2556,#2902,.F.);
#2047=EDGE_CURVE('',#2588,#2589,#2903,.T.);
#2048=EDGE_CURVE('',#2557,#2589,#2904,.T.);
#2049=EDGE_CURVE('',#2590,#2554,#2905,.F.);
#2050=EDGE_CURVE('',#2590,#2591,#2906,.T.);
#2051=EDGE_CURVE('',#2555,#2591,#2907,.T.);
#2052=EDGE_CURVE('',#2592,#2593,#2908,.T.);
#2053=EDGE_CURVE('',#2559,#2593,#2909,.T.);
#2054=EDGE_CURVE('',#2592,#2558,#2910,.F.);
#2055=EDGE_CURVE('',#2594,#2595,#2911,.T.);
#2056=EDGE_CURVE('',#2561,#2595,#2912,.T.);
#2057=EDGE_CURVE('',#2594,#2560,#2913,.F.);
#2058=EDGE_CURVE('',#2596,#2597,#2914,.T.);
#2059=EDGE_CURVE('',#2598,#2597,#2915,.T.);
#2060=EDGE_CURVE('',#2599,#2598,#2916,.T.);
#2061=EDGE_CURVE('',#2596,#2599,#2917,.F.);
#2062=EDGE_CURVE('',#2600,#2601,#188,.T.);
#2063=EDGE_CURVE('',#2475,#2600,#377,.T.);
#2064=EDGE_CURVE('',#2601,#2474,#378,.F.);
#2065=EDGE_CURVE('',#2469,#2602,#379,.F.);
#2066=EDGE_CURVE('',#2603,#2468,#380,.T.);
#2067=EDGE_CURVE('',#2603,#2602,#189,.T.);
#2068=EDGE_CURVE('',#2604,#2523,#381,.T.);
#2069=EDGE_CURVE('',#2553,#2604,#190,.T.);
#2070=EDGE_CURVE('',#2441,#2599,#382,.T.);
#2071=EDGE_CURVE('',#2598,#2584,#383,.T.);
#2072=EDGE_CURVE('',#2585,#2580,#384,.T.);
#2073=EDGE_CURVE('',#2581,#2576,#385,.T.);
#2074=EDGE_CURVE('',#2577,#2446,#386,.T.);
#2075=EDGE_CURVE('',#2542,#2445,#2918,.T.);
#2076=EDGE_CURVE('',#2605,#2605,#387,.T.);
#2077=EDGE_CURVE('',#2606,#2606,#388,.T.);
#2078=EDGE_CURVE('',#2607,#2607,#389,.T.);
#2079=EDGE_CURVE('',#2608,#2608,#390,.T.);
#2080=EDGE_CURVE('',#2609,#2609,#391,.T.);
#2081=EDGE_CURVE('',#2610,#2610,#392,.T.);
#2082=EDGE_CURVE('',#2611,#2611,#393,.T.);
#2083=EDGE_CURVE('',#2612,#2612,#394,.T.);
#2084=EDGE_CURVE('',#2613,#2613,#395,.T.);
#2085=EDGE_CURVE('',#2470,#2602,#2919,.F.);
#2086=EDGE_CURVE('',#2472,#2601,#2920,.F.);
#2087=EDGE_CURVE('',#2614,#2614,#396,.T.);
#2088=EDGE_CURVE('',#2615,#2615,#397,.T.);
#2089=EDGE_CURVE('',#2616,#2616,#398,.T.);
#2090=EDGE_CURVE('',#2604,#2435,#2921,.T.);
#2091=EDGE_CURVE('',#2527,#2522,#399,.T.);
#2092=EDGE_CURVE('',#2525,#2530,#400,.T.);
#2093=EDGE_CURVE('',#2617,#2617,#401,.T.);
#2094=EDGE_CURVE('',#2618,#2618,#402,.T.);
#2095=EDGE_CURVE('',#2619,#2619,#403,.T.);
#2096=EDGE_CURVE('',#2620,#2620,#404,.T.);
#2097=EDGE_CURVE('',#2467,#2603,#2922,.F.);
#2098=EDGE_CURVE('',#2473,#2600,#2923,.F.);
#2099=EDGE_CURVE('',#2431,#2448,#405,.T.);
#2100=EDGE_CURVE('',#2447,#2579,#406,.T.);
#2101=EDGE_CURVE('',#2578,#2583,#407,.T.);
#2102=EDGE_CURVE('',#2582,#2587,#408,.T.);
#2103=EDGE_CURVE('',#2586,#2597,#409,.T.);
#2104=EDGE_CURVE('',#2596,#2440,#410,.T.);
#2105=EDGE_CURVE('',#2439,#2595,#411,.T.);
#2106=EDGE_CURVE('',#2594,#2593,#412,.T.);
#2107=EDGE_CURVE('',#2592,#2589,#413,.T.);
#2108=EDGE_CURVE('',#2588,#2591,#414,.T.);
#2109=EDGE_CURVE('',#2590,#2432,#415,.T.);
#2110=EDGE_CURVE('',#2621,#2621,#416,.T.);
#2111=EDGE_CURVE('',#2622,#2622,#417,.T.);
#2112=EDGE_CURVE('',#2623,#2623,#418,.T.);
#2113=EDGE_CURVE('',#2624,#2624,#419,.T.);
#2114=EDGE_CURVE('',#2625,#2625,#420,.T.);
#2115=EDGE_CURVE('',#2626,#2626,#421,.T.);
#2116=EDGE_CURVE('',#2627,#2627,#422,.T.);
#2117=EDGE_CURVE('',#2628,#2628,#423,.T.);
#2118=EDGE_CURVE('',#2629,#2629,#424,.T.);
#2119=EDGE_CURVE('',#2630,#2630,#425,.T.);
#2120=EDGE_CURVE('',#2631,#2631,#426,.T.);
#2121=EDGE_CURVE('',#2632,#2632,#427,.T.);
#2122=EDGE_CURVE('',#2633,#2633,#428,.T.);
#2123=EDGE_CURVE('',#2634,#2634,#429,.T.);
#2124=EDGE_CURVE('',#2635,#2635,#430,.T.);
#2125=EDGE_CURVE('',#2636,#2636,#431,.T.);
#2126=EDGE_CURVE('',#2637,#2637,#432,.T.);
#2127=EDGE_CURVE('',#2638,#2638,#433,.T.);
#2128=EDGE_CURVE('',#2526,#2529,#434,.T.);
#2129=EDGE_CURVE('',#2528,#2521,#435,.T.);
#2130=EDGE_CURVE('',#2639,#2639,#436,.T.);
#2131=EDGE_CURVE('',#2640,#2640,#437,.T.);
#2132=EDGE_CURVE('',#2641,#2641,#438,.T.);
#2133=EDGE_CURVE('',#2642,#2642,#439,.T.);
#2134=EDGE_CURVE('',#2643,#2643,#440,.T.);
#2135=EDGE_CURVE('',#2644,#2644,#441,.T.);
#2136=EDGE_CURVE('',#2645,#2645,#442,.T.);
#2137=EDGE_CURVE('',#2646,#2646,#443,.T.);
#2138=EDGE_CURVE('',#2647,#2647,#444,.T.);
#2139=EDGE_CURVE('',#2648,#2302,#2924,.T.);
#2140=EDGE_CURVE('',#2648,#2649,#191,.T.);
#2141=EDGE_CURVE('',#2649,#2303,#2925,.T.);
#2142=EDGE_CURVE('',#2650,#2301,#2926,.T.);
#2143=EDGE_CURVE('',#2650,#2648,#192,.T.);
#2144=EDGE_CURVE('',#2651,#2325,#2927,.T.);
#2145=EDGE_CURVE('',#2651,#2650,#193,.T.);
#2146=EDGE_CURVE('',#2652,#2324,#2928,.T.);
#2147=EDGE_CURVE('',#2652,#2651,#194,.T.);
#2148=EDGE_CURVE('',#2653,#2323,#2929,.T.);
#2149=EDGE_CURVE('',#2653,#2652,#195,.T.);
#2150=EDGE_CURVE('',#2654,#2322,#2930,.T.);
#2151=EDGE_CURVE('',#2654,#2653,#196,.T.);
#2152=EDGE_CURVE('',#2655,#2321,#2931,.T.);
#2153=EDGE_CURVE('',#2655,#2654,#197,.T.);
#2154=EDGE_CURVE('',#2656,#2320,#2932,.T.);
#2155=EDGE_CURVE('',#2656,#2655,#198,.T.);
#2156=EDGE_CURVE('',#2657,#2319,#2933,.T.);
#2157=EDGE_CURVE('',#2657,#2656,#199,.T.);
#2158=EDGE_CURVE('',#2658,#2318,#2934,.T.);
#2159=EDGE_CURVE('',#2658,#2657,#2935,.T.);
#2160=EDGE_CURVE('',#2659,#2317,#2936,.T.);
#2161=EDGE_CURVE('',#2659,#2658,#200,.T.);
#2162=EDGE_CURVE('',#2660,#2316,#2937,.T.);
#2163=EDGE_CURVE('',#2660,#2659,#201,.T.);
#2164=EDGE_CURVE('',#2661,#2315,#2938,.T.);
#2165=EDGE_CURVE('',#2661,#2660,#202,.T.);
#2166=EDGE_CURVE('',#2662,#2314,#2939,.T.);
#2167=EDGE_CURVE('',#2662,#2661,#203,.T.);
#2168=EDGE_CURVE('',#2663,#2313,#2940,.T.);
#2169=EDGE_CURVE('',#2663,#2662,#204,.T.);
#2170=EDGE_CURVE('',#2664,#2312,#2941,.T.);
#2171=EDGE_CURVE('',#2664,#2663,#205,.T.);
#2172=EDGE_CURVE('',#2665,#2311,#2942,.T.);
#2173=EDGE_CURVE('',#2665,#2664,#206,.T.);
#2174=EDGE_CURVE('',#2666,#2310,#2943,.T.);
#2175=EDGE_CURVE('',#2666,#2665,#207,.T.);
#2176=EDGE_CURVE('',#2667,#2309,#2944,.T.);
#2177=EDGE_CURVE('',#2667,#2666,#208,.T.);
#2178=EDGE_CURVE('',#2668,#2308,#2945,.T.);
#2179=EDGE_CURVE('',#2668,#2667,#209,.T.);
#2180=EDGE_CURVE('',#2669,#2307,#2946,.T.);
#2181=EDGE_CURVE('',#2669,#2668,#445,.T.);
#2182=EDGE_CURVE('',#2670,#2306,#2947,.T.);
#2183=EDGE_CURVE('',#2670,#2669,#446,.T.);
#2184=EDGE_CURVE('',#2671,#2305,#2948,.T.);
#2185=EDGE_CURVE('',#2671,#2670,#2949,.T.);
#2186=EDGE_CURVE('',#2672,#2304,#2950,.T.);
#2187=EDGE_CURVE('',#2672,#2671,#210,.T.);
#2188=EDGE_CURVE('',#2649,#2672,#211,.T.);
#2189=EDGE_CURVE('',#2673,#2327,#2951,.T.);
#2190=EDGE_CURVE('',#2673,#2674,#2952,.T.);
#2191=EDGE_CURVE('',#2674,#2328,#2953,.T.);
#2192=EDGE_CURVE('',#2675,#2326,#2954,.T.);
#2193=EDGE_CURVE('',#2675,#2673,#2955,.T.);
#2194=EDGE_CURVE('',#2676,#2334,#2956,.T.);
#2195=EDGE_CURVE('',#2676,#2675,#447,.F.);
#2196=EDGE_CURVE('',#2677,#2333,#2957,.T.);
#2197=EDGE_CURVE('',#2677,#2676,#448,.F.);
#2198=EDGE_CURVE('',#2678,#2332,#2958,.T.);
#2199=EDGE_CURVE('',#2678,#2677,#2959,.T.);
#2200=EDGE_CURVE('',#2679,#2331,#2960,.T.);
#2201=EDGE_CURVE('',#2679,#2678,#2961,.T.);
#2202=EDGE_CURVE('',#2680,#2330,#2962,.T.);
#2203=EDGE_CURVE('',#2680,#2679,#2963,.T.);
#2204=EDGE_CURVE('',#2681,#2329,#2964,.T.);
#2205=EDGE_CURVE('',#2681,#2680,#2965,.T.);
#2206=EDGE_CURVE('',#2674,#2681,#2966,.T.);
#2207=EDGE_CURVE('',#2682,#2336,#2967,.T.);
#2208=EDGE_CURVE('',#2682,#2683,#2968,.T.);
#2209=EDGE_CURVE('',#2683,#2337,#2969,.T.);
#2210=EDGE_CURVE('',#2684,#2335,#2970,.T.);
#2211=EDGE_CURVE('',#2684,#2682,#2971,.T.);
#2212=EDGE_CURVE('',#2685,#2349,#2972,.T.);
#2213=EDGE_CURVE('',#2685,#2684,#2973,.T.);
#2214=EDGE_CURVE('',#2686,#2348,#2974,.T.);
#2215=EDGE_CURVE('',#2686,#2685,#2975,.T.);
#2216=EDGE_CURVE('',#2687,#2347,#2976,.T.);
#2217=EDGE_CURVE('',#2687,#2686,#449,.F.);
#2218=EDGE_CURVE('',#2688,#2346,#2977,.T.);
#2219=EDGE_CURVE('',#2688,#2687,#450,.F.);
#2220=EDGE_CURVE('',#2689,#2345,#2978,.T.);
#2221=EDGE_CURVE('',#2689,#2688,#2979,.T.);
#2222=EDGE_CURVE('',#2690,#2344,#2980,.T.);
#2223=EDGE_CURVE('',#2690,#2689,#2981,.T.);
#2224=EDGE_CURVE('',#2691,#2343,#2982,.T.);
#2225=EDGE_CURVE('',#2691,#2690,#2983,.T.);
#2226=EDGE_CURVE('',#2692,#2342,#2984,.T.);
#2227=EDGE_CURVE('',#2692,#2691,#2985,.T.);
#2228=EDGE_CURVE('',#2693,#2341,#2986,.T.);
#2229=EDGE_CURVE('',#2693,#2692,#2987,.T.);
#2230=EDGE_CURVE('',#2694,#2340,#2988,.T.);
#2231=EDGE_CURVE('',#2694,#2693,#2989,.T.);
#2232=EDGE_CURVE('',#2695,#2339,#2990,.T.);
#2233=EDGE_CURVE('',#2695,#2694,#451,.F.);
#2234=EDGE_CURVE('',#2696,#2338,#2991,.T.);
#2235=EDGE_CURVE('',#2696,#2695,#2992,.T.);
#2236=EDGE_CURVE('',#2683,#2696,#2993,.T.);
#2237=EDGE_CURVE('',#2697,#2351,#2994,.T.);
#2238=EDGE_CURVE('',#2697,#2698,#2995,.T.);
#2239=EDGE_CURVE('',#2698,#2352,#2996,.T.);
#2240=EDGE_CURVE('',#2699,#2350,#2997,.T.);
#2241=EDGE_CURVE('',#2699,#2697,#2998,.T.);
#2242=EDGE_CURVE('',#2700,#2361,#2999,.T.);
#2243=EDGE_CURVE('',#2700,#2699,#3000,.T.);
#2244=EDGE_CURVE('',#2701,#2360,#3001,.T.);
#2245=EDGE_CURVE('',#2701,#2700,#3002,.T.);
#2246=EDGE_CURVE('',#2702,#2359,#3003,.T.);
#2247=EDGE_CURVE('',#2702,#2701,#3004,.T.);
#2248=EDGE_CURVE('',#2703,#2358,#3005,.T.);
#2249=EDGE_CURVE('',#2703,#2702,#3006,.T.);
#2250=EDGE_CURVE('',#2704,#2357,#3007,.T.);
#2251=EDGE_CURVE('',#2704,#2703,#3008,.T.);
#2252=EDGE_CURVE('',#2705,#2356,#3009,.T.);
#2253=EDGE_CURVE('',#2705,#2704,#3010,.T.);
#2254=EDGE_CURVE('',#2706,#2355,#3011,.T.);
#2255=EDGE_CURVE('',#2706,#2705,#3012,.T.);
#2256=EDGE_CURVE('',#2707,#2354,#3013,.T.);
#2257=EDGE_CURVE('',#2707,#2706,#3014,.T.);
#2258=EDGE_CURVE('',#2708,#2353,#3015,.T.);
#2259=EDGE_CURVE('',#2708,#2707,#3016,.T.);
#2260=EDGE_CURVE('',#2698,#2708,#3017,.T.);
#2261=VERTEX_POINT('',#6195);
#2262=VERTEX_POINT('',#6196);
#2263=VERTEX_POINT('',#6198);
#2264=VERTEX_POINT('',#6200);
#2265=VERTEX_POINT('',#6202);
#2266=VERTEX_POINT('',#6204);
#2267=VERTEX_POINT('',#6206);
#2268=VERTEX_POINT('',#6208);
#2269=VERTEX_POINT('',#6210);
#2270=VERTEX_POINT('',#6212);
#2271=VERTEX_POINT('',#6214);
#2272=VERTEX_POINT('',#6216);
#2273=VERTEX_POINT('',#6218);
#2274=VERTEX_POINT('',#6220);
#2275=VERTEX_POINT('',#6222);
#2276=VERTEX_POINT('',#6224);
#2277=VERTEX_POINT('',#6226);
#2278=VERTEX_POINT('',#6228);
#2279=VERTEX_POINT('',#6230);
#2280=VERTEX_POINT('',#6232);
#2281=VERTEX_POINT('',#6234);
#2282=VERTEX_POINT('',#6236);
#2283=VERTEX_POINT('',#6239);
#2284=VERTEX_POINT('',#6241);
#2285=VERTEX_POINT('',#6243);
#2286=VERTEX_POINT('',#6245);
#2287=VERTEX_POINT('',#6247);
#2288=VERTEX_POINT('',#6249);
#2289=VERTEX_POINT('',#6251);
#2290=VERTEX_POINT('',#6253);
#2291=VERTEX_POINT('',#6255);
#2292=VERTEX_POINT('',#6257);
#2293=VERTEX_POINT('',#6259);
#2294=VERTEX_POINT('',#6261);
#2295=VERTEX_POINT('',#6263);
#2296=VERTEX_POINT('',#6265);
#2297=VERTEX_POINT('',#6267);
#2298=VERTEX_POINT('',#6269);
#2299=VERTEX_POINT('',#6271);
#2300=VERTEX_POINT('',#6273);
#2301=VERTEX_POINT('',#6277);
#2302=VERTEX_POINT('',#6278);
#2303=VERTEX_POINT('',#6282);
#2304=VERTEX_POINT('',#6286);
#2305=VERTEX_POINT('',#6290);
#2306=VERTEX_POINT('',#6292);
#2307=VERTEX_POINT('',#6294);
#2308=VERTEX_POINT('',#6296);
#2309=VERTEX_POINT('',#6300);
#2310=VERTEX_POINT('',#6304);
#2311=VERTEX_POINT('',#6308);
#2312=VERTEX_POINT('',#6312);
#2313=VERTEX_POINT('',#6316);
#2314=VERTEX_POINT('',#6320);
#2315=VERTEX_POINT('',#6324);
#2316=VERTEX_POINT('',#6328);
#2317=VERTEX_POINT('',#6332);
#2318=VERTEX_POINT('',#6336);
#2319=VERTEX_POINT('',#6338);
#2320=VERTEX_POINT('',#6342);
#2321=VERTEX_POINT('',#6346);
#2322=VERTEX_POINT('',#6350);
#2323=VERTEX_POINT('',#6354);
#2324=VERTEX_POINT('',#6358);
#2325=VERTEX_POINT('',#6362);
#2326=VERTEX_POINT('',#6367);
#2327=VERTEX_POINT('',#6368);
#2328=VERTEX_POINT('',#6370);
#2329=VERTEX_POINT('',#6372);
#2330=VERTEX_POINT('',#6374);
#2331=VERTEX_POINT('',#6376);
#2332=VERTEX_POINT('',#6378);
#2333=VERTEX_POINT('',#6380);
#2334=VERTEX_POINT('',#6382);
#2335=VERTEX_POINT('',#6385);
#2336=VERTEX_POINT('',#6386);
#2337=VERTEX_POINT('',#6388);
#2338=VERTEX_POINT('',#6390);
#2339=VERTEX_POINT('',#6392);
#2340=VERTEX_POINT('',#6394);
#2341=VERTEX_POINT('',#6396);
#2342=VERTEX_POINT('',#6398);
#2343=VERTEX_POINT('',#6400);
#2344=VERTEX_POINT('',#6402);
#2345=VERTEX_POINT('',#6404);
#2346=VERTEX_POINT('',#6406);
#2347=VERTEX_POINT('',#6408);
#2348=VERTEX_POINT('',#6410);
#2349=VERTEX_POINT('',#6412);
#2350=VERTEX_POINT('',#6415);
#2351=VERTEX_POINT('',#6416);
#2352=VERTEX_POINT('',#6418);
#2353=VERTEX_POINT('',#6420);
#2354=VERTEX_POINT('',#6422);
#2355=VERTEX_POINT('',#6424);
#2356=VERTEX_POINT('',#6426);
#2357=VERTEX_POINT('',#6428);
#2358=VERTEX_POINT('',#6430);
#2359=VERTEX_POINT('',#6432);
#2360=VERTEX_POINT('',#6434);
#2361=VERTEX_POINT('',#6436);
#2362=VERTEX_POINT('',#6440);
#2363=VERTEX_POINT('',#6441);
#2364=VERTEX_POINT('',#6443);
#2365=VERTEX_POINT('',#6445);
#2366=VERTEX_POINT('',#6457);
#2367=VERTEX_POINT('',#6459);
#2368=VERTEX_POINT('',#6461);
#2369=VERTEX_POINT('',#6463);
#2370=VERTEX_POINT('',#6465);
#2371=VERTEX_POINT('',#6467);
#2372=VERTEX_POINT('',#6469);
#2373=VERTEX_POINT('',#6471);
#2374=VERTEX_POINT('',#6473);
#2375=VERTEX_POINT('',#6475);
#2376=VERTEX_POINT('',#6476);
#2377=VERTEX_POINT('',#6478);
#2378=VERTEX_POINT('',#6480);
#2379=VERTEX_POINT('',#6482);
#2380=VERTEX_POINT('',#6484);
#2381=VERTEX_POINT('',#6486);
#2382=VERTEX_POINT('',#6488);
#2383=VERTEX_POINT('',#6490);
#2384=VERTEX_POINT('',#6492);
#2385=VERTEX_POINT('',#6494);
#2386=VERTEX_POINT('',#6496);
#2387=VERTEX_POINT('',#6498);
#2388=VERTEX_POINT('',#6500);
#2389=VERTEX_POINT('',#6504);
#2390=VERTEX_POINT('',#6506);
#2391=VERTEX_POINT('',#6508);
#2392=VERTEX_POINT('',#6510);
#2393=VERTEX_POINT('',#6512);
#2394=VERTEX_POINT('',#6514);
#2395=VERTEX_POINT('',#6516);
#2396=VERTEX_POINT('',#6518);
#2397=VERTEX_POINT('',#6519);
#2398=VERTEX_POINT('',#6521);
#2399=VERTEX_POINT('',#6524);
#2400=VERTEX_POINT('',#6526);
#2401=VERTEX_POINT('',#6528);
#2402=VERTEX_POINT('',#6532);
#2403=VERTEX_POINT('',#6533);
#2404=VERTEX_POINT('',#6535);
#2405=VERTEX_POINT('',#6537);
#2406=VERTEX_POINT('',#6541);
#2407=VERTEX_POINT('',#6543);
#2408=VERTEX_POINT('',#6545);
#2409=VERTEX_POINT('',#6547);
#2410=VERTEX_POINT('',#6549);
#2411=VERTEX_POINT('',#6551);
#2412=VERTEX_POINT('',#6553);
#2413=VERTEX_POINT('',#6555);
#2414=VERTEX_POINT('',#6557);
#2415=VERTEX_POINT('',#6559);
#2416=VERTEX_POINT('',#6561);
#2417=VERTEX_POINT('',#6563);
#2418=VERTEX_POINT('',#6573);
#2419=VERTEX_POINT('',#6574);
#2420=VERTEX_POINT('',#6579);
#2421=VERTEX_POINT('',#6580);
#2422=VERTEX_POINT('',#6585);
#2423=VERTEX_POINT('',#6586);
#2424=VERTEX_POINT('',#6603);
#2425=VERTEX_POINT('',#6606);
#2426=VERTEX_POINT('',#6607);
#2427=VERTEX_POINT('',#6609);
#2428=VERTEX_POINT('',#6611);
#2429=VERTEX_POINT('',#6614);
#2430=VERTEX_POINT('',#6615);
#2431=VERTEX_POINT('',#6621);
#2432=VERTEX_POINT('',#6623);
#2433=VERTEX_POINT('',#6625);
#2434=VERTEX_POINT('',#6627);
#2435=VERTEX_POINT('',#6629);
#2436=VERTEX_POINT('',#6631);
#2437=VERTEX_POINT('',#6633);
#2438=VERTEX_POINT('',#6635);
#2439=VERTEX_POINT('',#6637);
#2440=VERTEX_POINT('',#6639);
#2441=VERTEX_POINT('',#6641);
#2442=VERTEX_POINT('',#6643);
#2443=VERTEX_POINT('',#6645);
#2444=VERTEX_POINT('',#6647);
#2445=VERTEX_POINT('',#6649);
#2446=VERTEX_POINT('',#6651);
#2447=VERTEX_POINT('',#6653);
#2448=VERTEX_POINT('',#6655);
#2449=VERTEX_POINT('',#6661);
#2450=VERTEX_POINT('',#6663);
#2451=VERTEX_POINT('',#6670);
#2452=VERTEX_POINT('',#6672);
#2453=VERTEX_POINT('',#6675);
#2454=VERTEX_POINT('',#6677);
#2455=VERTEX_POINT('',#6681);
#2456=VERTEX_POINT('',#6683);
#2457=VERTEX_POINT('',#6692);
#2458=VERTEX_POINT('',#6693);
#2459=VERTEX_POINT('',#6695);
#2460=VERTEX_POINT('',#6697);
#2461=VERTEX_POINT('',#6700);
#2462=VERTEX_POINT('',#6702);
#2463=VERTEX_POINT('',#6703);
#2464=VERTEX_POINT('',#6705);
#2465=VERTEX_POINT('',#6707);
#2466=VERTEX_POINT('',#6710);
#2467=VERTEX_POINT('',#6712);
#2468=VERTEX_POINT('',#6713);
#2469=VERTEX_POINT('',#6715);
#2470=VERTEX_POINT('',#6717);
#2471=VERTEX_POINT('',#6720);
#2472=VERTEX_POINT('',#6722);
#2473=VERTEX_POINT('',#6723);
#2474=VERTEX_POINT('',#6725);
#2475=VERTEX_POINT('',#6727);
#2476=VERTEX_POINT('',#6730);
#2477=VERTEX_POINT('',#6733);
#2478=VERTEX_POINT('',#6735);
#2479=VERTEX_POINT('',#6749);
#2480=VERTEX_POINT('',#6750);
#2481=VERTEX_POINT('',#6755);
#2482=VERTEX_POINT('',#6767);
#2483=VERTEX_POINT('',#6771);
#2484=VERTEX_POINT('',#6781);
#2485=VERTEX_POINT('',#6792);
#2486=VERTEX_POINT('',#6794);
#2487=VERTEX_POINT('',#6796);
#2488=VERTEX_POINT('',#6798);
#2489=VERTEX_POINT('',#6800);
#2490=VERTEX_POINT('',#6802);
#2491=VERTEX_POINT('',#6804);
#2492=VERTEX_POINT('',#6806);
#2493=VERTEX_POINT('',#6808);
#2494=VERTEX_POINT('',#6815);
#2495=VERTEX_POINT('',#6817);
#2496=VERTEX_POINT('',#6819);
#2497=VERTEX_POINT('',#6821);
#2498=VERTEX_POINT('',#6823);
#2499=VERTEX_POINT('',#6825);
#2500=VERTEX_POINT('',#6827);
#2501=VERTEX_POINT('',#6831);
#2502=VERTEX_POINT('',#6833);
#2503=VERTEX_POINT('',#6835);
#2504=VERTEX_POINT('',#6837);
#2505=VERTEX_POINT('',#6844);
#2506=VERTEX_POINT('',#6845);
#2507=VERTEX_POINT('',#6853);
#2508=VERTEX_POINT('',#6855);
#2509=VERTEX_POINT('',#6857);
#2510=VERTEX_POINT('',#6859);
#2511=VERTEX_POINT('',#6862);
#2512=VERTEX_POINT('',#6864);
#2513=VERTEX_POINT('',#6866);
#2514=VERTEX_POINT('',#6868);
#2515=VERTEX_POINT('',#6870);
#2516=VERTEX_POINT('',#6872);
#2517=VERTEX_POINT('',#6874);
#2518=VERTEX_POINT('',#6881);
#2519=VERTEX_POINT('',#6885);
#2520=VERTEX_POINT('',#6937);
#2521=VERTEX_POINT('',#6939);
#2522=VERTEX_POINT('',#6941);
#2523=VERTEX_POINT('',#6943);
#2524=VERTEX_POINT('',#6945);
#2525=VERTEX_POINT('',#6948);
#2526=VERTEX_POINT('',#6950);
#2527=VERTEX_POINT('',#6953);
#2528=VERTEX_POINT('',#6954);
#2529=VERTEX_POINT('',#6956);
#2530=VERTEX_POINT('',#6958);
#2531=VERTEX_POINT('',#6962);
#2532=VERTEX_POINT('',#6964);
#2533=VERTEX_POINT('',#6966);
#2534=VERTEX_POINT('',#6969);
#2535=VERTEX_POINT('',#6971);
#2536=VERTEX_POINT('',#6973);
#2537=VERTEX_POINT('',#6975);
#2538=VERTEX_POINT('',#6978);
#2539=VERTEX_POINT('',#6979);
#2540=VERTEX_POINT('',#6981);
#2541=VERTEX_POINT('',#6983);
#2542=VERTEX_POINT('',#6987);
#2543=VERTEX_POINT('',#6997);
#2544=VERTEX_POINT('',#7001);
#2545=VERTEX_POINT('',#7003);
#2546=VERTEX_POINT('',#7005);
#2547=VERTEX_POINT('',#7007);
#2548=VERTEX_POINT('',#7009);
#2549=VERTEX_POINT('',#7011);
#2550=VERTEX_POINT('',#7013);
#2551=VERTEX_POINT('',#7015);
#2552=VERTEX_POINT('',#7017);
#2553=VERTEX_POINT('',#7019);
#2554=VERTEX_POINT('',#7022);
#2555=VERTEX_POINT('',#7024);
#2556=VERTEX_POINT('',#7026);
#2557=VERTEX_POINT('',#7028);
#2558=VERTEX_POINT('',#7030);
#2559=VERTEX_POINT('',#7032);
#2560=VERTEX_POINT('',#7034);
#2561=VERTEX_POINT('',#7036);
#2562=VERTEX_POINT('',#7040);
#2563=VERTEX_POINT('',#7042);
#2564=VERTEX_POINT('',#7044);
#2565=VERTEX_POINT('',#7046);
#2566=VERTEX_POINT('',#7048);
#2567=VERTEX_POINT('',#7050);
#2568=VERTEX_POINT('',#7052);
#2569=VERTEX_POINT('',#7058);
#2570=VERTEX_POINT('',#7060);
#2571=VERTEX_POINT('',#7062);
#2572=VERTEX_POINT('',#7064);
#2573=VERTEX_POINT('',#7066);
#2574=VERTEX_POINT('',#7068);
#2575=VERTEX_POINT('',#7070);
#2576=VERTEX_POINT('',#7077);
#2577=VERTEX_POINT('',#7078);
#2578=VERTEX_POINT('',#7080);
#2579=VERTEX_POINT('',#7082);
#2580=VERTEX_POINT('',#7086);
#2581=VERTEX_POINT('',#7087);
#2582=VERTEX_POINT('',#7089);
#2583=VERTEX_POINT('',#7091);
#2584=VERTEX_POINT('',#7095);
#2585=VERTEX_POINT('',#7096);
#2586=VERTEX_POINT('',#7098);
#2587=VERTEX_POINT('',#7100);
#2588=VERTEX_POINT('',#7104);
#2589=VERTEX_POINT('',#7106);
#2590=VERTEX_POINT('',#7110);
#2591=VERTEX_POINT('',#7112);
#2592=VERTEX_POINT('',#7116);
#2593=VERTEX_POINT('',#7117);
#2594=VERTEX_POINT('',#7122);
#2595=VERTEX_POINT('',#7123);
#2596=VERTEX_POINT('',#7128);
#2597=VERTEX_POINT('',#7129);
#2598=VERTEX_POINT('',#7131);
#2599=VERTEX_POINT('',#7133);
#2600=VERTEX_POINT('',#7147);
#2601=VERTEX_POINT('',#7148);
#2602=VERTEX_POINT('',#7153);
#2603=VERTEX_POINT('',#7155);
#2604=VERTEX_POINT('',#7169);
#2605=VERTEX_POINT('',#7187);
#2606=VERTEX_POINT('',#7189);
#2607=VERTEX_POINT('',#7191);
#2608=VERTEX_POINT('',#7193);
#2609=VERTEX_POINT('',#7195);
#2610=VERTEX_POINT('',#7197);
#2611=VERTEX_POINT('',#7199);
#2612=VERTEX_POINT('',#7201);
#2613=VERTEX_POINT('',#7203);
#2614=VERTEX_POINT('',#7210);
#2615=VERTEX_POINT('',#7212);
#2616=VERTEX_POINT('',#7214);
#2617=VERTEX_POINT('',#7219);
#2618=VERTEX_POINT('',#7221);
#2619=VERTEX_POINT('',#7223);
#2620=VERTEX_POINT('',#7225);
#2621=VERTEX_POINT('',#7243);
#2622=VERTEX_POINT('',#7245);
#2623=VERTEX_POINT('',#7247);
#2624=VERTEX_POINT('',#7249);
#2625=VERTEX_POINT('',#7251);
#2626=VERTEX_POINT('',#7253);
#2627=VERTEX_POINT('',#7255);
#2628=VERTEX_POINT('',#7257);
#2629=VERTEX_POINT('',#7259);
#2630=VERTEX_POINT('',#7261);
#2631=VERTEX_POINT('',#7263);
#2632=VERTEX_POINT('',#7265);
#2633=VERTEX_POINT('',#7267);
#2634=VERTEX_POINT('',#7269);
#2635=VERTEX_POINT('',#7271);
#2636=VERTEX_POINT('',#7273);
#2637=VERTEX_POINT('',#7275);
#2638=VERTEX_POINT('',#7277);
#2639=VERTEX_POINT('',#7282);
#2640=VERTEX_POINT('',#7284);
#2641=VERTEX_POINT('',#7286);
#2642=VERTEX_POINT('',#7288);
#2643=VERTEX_POINT('',#7290);
#2644=VERTEX_POINT('',#7292);
#2645=VERTEX_POINT('',#7294);
#2646=VERTEX_POINT('',#7301);
#2647=VERTEX_POINT('',#7305);
#2648=VERTEX_POINT('',#7363);
#2649=VERTEX_POINT('',#7367);
#2650=VERTEX_POINT('',#7378);
#2651=VERTEX_POINT('',#7391);
#2652=VERTEX_POINT('',#7404);
#2653=VERTEX_POINT('',#7417);
#2654=VERTEX_POINT('',#7430);
#2655=VERTEX_POINT('',#7443);
#2656=VERTEX_POINT('',#7456);
#2657=VERTEX_POINT('',#7469);
#2658=VERTEX_POINT('',#7475);
#2659=VERTEX_POINT('',#7486);
#2660=VERTEX_POINT('',#7499);
#2661=VERTEX_POINT('',#7512);
#2662=VERTEX_POINT('',#7525);
#2663=VERTEX_POINT('',#7538);
#2664=VERTEX_POINT('',#7551);
#2665=VERTEX_POINT('',#7564);
#2666=VERTEX_POINT('',#7577);
#2667=VERTEX_POINT('',#7590);
#2668=VERTEX_POINT('',#7603);
#2669=VERTEX_POINT('',#7609);
#2670=VERTEX_POINT('',#7613);
#2671=VERTEX_POINT('',#7617);
#2672=VERTEX_POINT('',#7628);
#2673=VERTEX_POINT('',#7646);
#2674=VERTEX_POINT('',#7648);
#2675=VERTEX_POINT('',#7652);
#2676=VERTEX_POINT('',#7656);
#2677=VERTEX_POINT('',#7660);
#2678=VERTEX_POINT('',#7664);
#2679=VERTEX_POINT('',#7668);
#2680=VERTEX_POINT('',#7672);
#2681=VERTEX_POINT('',#7676);
#2682=VERTEX_POINT('',#7683);
#2683=VERTEX_POINT('',#7685);
#2684=VERTEX_POINT('',#7689);
#2685=VERTEX_POINT('',#7693);
#2686=VERTEX_POINT('',#7697);
#2687=VERTEX_POINT('',#7701);
#2688=VERTEX_POINT('',#7705);
#2689=VERTEX_POINT('',#7709);
#2690=VERTEX_POINT('',#7713);
#2691=VERTEX_POINT('',#7717);
#2692=VERTEX_POINT('',#7721);
#2693=VERTEX_POINT('',#7725);
#2694=VERTEX_POINT('',#7729);
#2695=VERTEX_POINT('',#7733);
#2696=VERTEX_POINT('',#7737);
#2697=VERTEX_POINT('',#7744);
#2698=VERTEX_POINT('',#7746);
#2699=VERTEX_POINT('',#7750);
#2700=VERTEX_POINT('',#7754);
#2701=VERTEX_POINT('',#7758);
#2702=VERTEX_POINT('',#7762);
#2703=VERTEX_POINT('',#7766);
#2704=VERTEX_POINT('',#7770);
#2705=VERTEX_POINT('',#7774);
#2706=VERTEX_POINT('',#7778);
#2707=VERTEX_POINT('',#7782);
#2708=VERTEX_POINT('',#7786);
#2709=LINE('',#6194,#3018);
#2710=LINE('',#6199,#3019);
#2711=LINE('',#6203,#3020);
#2712=LINE('',#6207,#3021);
#2713=LINE('',#6211,#3022);
#2714=LINE('',#6215,#3023);
#2715=LINE('',#6219,#3024);
#2716=LINE('',#6223,#3025);
#2717=LINE('',#6227,#3026);
#2718=LINE('',#6231,#3027);
#2719=LINE('',#6235,#3028);
#2720=LINE('',#6291,#3029);
#2721=LINE('',#6337,#3030);
#2722=LINE('',#6366,#3031);
#2723=LINE('',#6369,#3032);
#2724=LINE('',#6371,#3033);
#2725=LINE('',#6373,#3034);
#2726=LINE('',#6375,#3035);
#2727=LINE('',#6377,#3036);
#2728=LINE('',#6379,#3037);
#2729=LINE('',#6384,#3038);
#2730=LINE('',#6387,#3039);
#2731=LINE('',#6389,#3040);
#2732=LINE('',#6391,#3041);
#2733=LINE('',#6395,#3042);
#2734=LINE('',#6397,#3043);
#2735=LINE('',#6399,#3044);
#2736=LINE('',#6401,#3045);
#2737=LINE('',#6403,#3046);
#2738=LINE('',#6405,#3047);
#2739=LINE('',#6411,#3048);
#2740=LINE('',#6413,#3049);
#2741=LINE('',#6414,#3050);
#2742=LINE('',#6417,#3051);
#2743=LINE('',#6419,#3052);
#2744=LINE('',#6421,#3053);
#2745=LINE('',#6423,#3054);
#2746=LINE('',#6425,#3055);
#2747=LINE('',#6427,#3056);
#2748=LINE('',#6429,#3057);
#2749=LINE('',#6431,#3058);
#2750=LINE('',#6433,#3059);
#2751=LINE('',#6435,#3060);
#2752=LINE('',#6437,#3061);
#2753=LINE('',#6442,#3062);
#2754=LINE('',#6477,#3063);
#2755=LINE('',#6479,#3064);
#2756=LINE('',#6483,#3065);
#2757=LINE('',#6487,#3066);
#2758=LINE('',#6491,#3067);
#2759=LINE('',#6495,#3068);
#2760=LINE('',#6499,#3069);
#2761=LINE('',#6501,#3070);
#2762=LINE('',#6517,#3071);
#2763=LINE('',#6520,#3072);
#2764=LINE('',#6522,#3073);
#2765=LINE('',#6523,#3074);
#2766=LINE('',#6527,#3075);
#2767=LINE('',#6534,#3076);
#2768=LINE('',#6538,#3077);
#2769=LINE('',#6554,#3078);
#2770=LINE('',#6556,#3079);
#2771=LINE('',#6560,#3080);
#2772=LINE('',#6564,#3081);
#2773=LINE('',#6566,#3082);
#2774=LINE('',#6567,#3083);
#2775=LINE('',#6569,#3084);
#2776=LINE('',#6570,#3085);
#2777=LINE('',#6572,#3086);
#2778=LINE('',#6575,#3087);
#2779=LINE('',#6576,#3088);
#2780=LINE('',#6578,#3089);
#2781=LINE('',#6581,#3090);
#2782=LINE('',#6582,#3091);
#2783=LINE('',#6584,#3092);
#2784=LINE('',#6587,#3093);
#2785=LINE('',#6588,#3094);
#2786=LINE('',#6590,#3095);
#2787=LINE('',#6591,#3096);
#2788=LINE('',#6593,#3097);
#2789=LINE('',#6594,#3098);
#2790=LINE('',#6596,#3099);
#2791=LINE('',#6597,#3100);
#2792=LINE('',#6599,#3101);
#2793=LINE('',#6600,#3102);
#2794=LINE('',#6602,#3103);
#2795=LINE('',#6604,#3104);
#2796=LINE('',#6605,#3105);
#2797=LINE('',#6608,#3106);
#2798=LINE('',#6610,#3107);
#2799=LINE('',#6612,#3108);
#2800=LINE('',#6613,#3109);
#2801=LINE('',#6622,#3110);
#2802=LINE('',#6624,#3111);
#2803=LINE('',#6626,#3112);
#2804=LINE('',#6630,#3113);
#2805=LINE('',#6632,#3114);
#2806=LINE('',#6634,#3115);
#2807=LINE('',#6636,#3116);
#2808=LINE('',#6638,#3117);
#2809=LINE('',#6640,#3118);
#2810=LINE('',#6642,#3119);
#2811=LINE('',#6644,#3120);
#2812=LINE('',#6646,#3121);
#2813=LINE('',#6650,#3122);
#2814=LINE('',#6652,#3123);
#2815=LINE('',#6654,#3124);
#2816=LINE('',#6662,#3125);
#2817=LINE('',#6669,#3126);
#2818=LINE('',#6671,#3127);
#2819=LINE('',#6674,#3128);
#2820=LINE('',#6676,#3129);
#2821=LINE('',#6678,#3130);
#2822=LINE('',#6679,#3131);
#2823=LINE('',#6680,#3132);
#2824=LINE('',#6682,#3133);
#2825=LINE('',#6685,#3134);
#2826=LINE('',#6691,#3135);
#2827=LINE('',#6696,#3136);
#2828=LINE('',#6698,#3137);
#2829=LINE('',#6704,#3138);
#2830=LINE('',#6706,#3139);
#2831=LINE('',#6708,#3140);
#2832=LINE('',#6711,#3141);
#2833=LINE('',#6714,#3142);
#2834=LINE('',#6716,#3143);
#2835=LINE('',#6724,#3144);
#2836=LINE('',#6726,#3145);
#2837=LINE('',#6728,#3146);
#2838=LINE('',#6732,#3147);
#2839=LINE('',#6734,#3148);
#2840=LINE('',#6736,#3149);
#2841=LINE('',#6770,#3150);
#2842=LINE('',#6784,#3151);
#2843=LINE('',#6785,#3152);
#2844=LINE('',#6810,#3153);
#2845=LINE('',#6812,#3154);
#2846=LINE('',#6820,#3155);
#2847=LINE('',#6824,#3156);
#2848=LINE('',#6828,#3157);
#2849=LINE('',#6829,#3158);
#2850=LINE('',#6839,#3159);
#2851=LINE('',#6841,#3160);
#2852=LINE('',#6843,#3161);
#2853=LINE('',#6852,#3162);
#2854=LINE('',#6854,#3163);
#2855=LINE('',#6858,#3164);
#2856=LINE('',#6922,#3165);
#2857=LINE('',#6923,#3166);
#2858=LINE('',#6928,#3167);
#2859=LINE('',#6929,#3168);
#2860=LINE('',#6938,#3169);
#2861=LINE('',#6940,#3170);
#2862=LINE('',#6942,#3171);
#2863=LINE('',#6944,#3172);
#2864=LINE('',#6946,#3173);
#2865=LINE('',#6947,#3174);
#2866=LINE('',#6949,#3175);
#2867=LINE('',#6951,#3176);
#2868=LINE('',#6952,#3177);
#2869=LINE('',#6955,#3178);
#2870=LINE('',#6957,#3179);
#2871=LINE('',#6959,#3180);
#2872=LINE('',#6963,#3181);
#2873=LINE('',#6965,#3182);
#2874=LINE('',#6967,#3183);
#2875=LINE('',#6968,#3184);
#2876=LINE('',#6970,#3185);
#2877=LINE('',#6972,#3186);
#2878=LINE('',#6974,#3187);
#2879=LINE('',#6976,#3188);
#2880=LINE('',#6977,#3189);
#2881=LINE('',#6980,#3190);
#2882=LINE('',#6982,#3191);
#2883=LINE('',#6984,#3192);
#2884=LINE('',#7020,#3193);
#2885=LINE('',#7023,#3194);
#2886=LINE('',#7027,#3195);
#2887=LINE('',#7031,#3196);
#2888=LINE('',#7035,#3197);
#2889=LINE('',#7055,#3198);
#2890=LINE('',#7076,#3199);
#2891=LINE('',#7079,#3200);
#2892=LINE('',#7081,#3201);
#2893=LINE('',#7083,#3202);
#2894=LINE('',#7085,#3203);
#2895=LINE('',#7088,#3204);
#2896=LINE('',#7090,#3205);
#2897=LINE('',#7092,#3206);
#2898=LINE('',#7094,#3207);
#2899=LINE('',#7097,#3208);
#2900=LINE('',#7099,#3209);
#2901=LINE('',#7101,#3210);
#2902=LINE('',#7103,#3211);
#2903=LINE('',#7105,#3212);
#2904=LINE('',#7107,#3213);
#2905=LINE('',#7109,#3214);
#2906=LINE('',#7111,#3215);
#2907=LINE('',#7113,#3216);
#2908=LINE('',#7115,#3217);
#2909=LINE('',#7118,#3218);
#2910=LINE('',#7119,#3219);
#2911=LINE('',#7121,#3220);
#2912=LINE('',#7124,#3221);
#2913=LINE('',#7125,#3222);
#2914=LINE('',#7127,#3223);
#2915=LINE('',#7130,#3224);
#2916=LINE('',#7132,#3225);
#2917=LINE('',#7134,#3226);
#2918=LINE('',#7185,#3227);
#2919=LINE('',#7205,#3228);
#2920=LINE('',#7207,#3229);
#2921=LINE('',#7215,#3230);
#2922=LINE('',#7227,#3231);
#2923=LINE('',#7229,#3232);
#2924=LINE('',#7362,#3233);
#2925=LINE('',#7368,#3234);
#2926=LINE('',#7377,#3235);
#2927=LINE('',#7390,#3236);
#2928=LINE('',#7403,#3237);
#2929=LINE('',#7416,#3238);
#2930=LINE('',#7429,#3239);
#2931=LINE('',#7442,#3240);
#2932=LINE('',#7455,#3241);
#2933=LINE('',#7468,#3242);
#2934=LINE('',#7474,#3243);
#2935=LINE('',#7476,#3244);
#2936=LINE('',#7485,#3245);
#2937=LINE('',#7498,#3246);
#2938=LINE('',#7511,#3247);
#2939=LINE('',#7524,#3248);
#2940=LINE('',#7537,#3249);
#2941=LINE('',#7550,#3250);
#2942=LINE('',#7563,#3251);
#2943=LINE('',#7576,#3252);
#2944=LINE('',#7589,#3253);
#2945=LINE('',#7602,#3254);
#2946=LINE('',#7608,#3255);
#2947=LINE('',#7612,#3256);
#2948=LINE('',#7616,#3257);
#2949=LINE('',#7618,#3258);
#2950=LINE('',#7627,#3259);
#2951=LINE('',#7645,#3260);
#2952=LINE('',#7647,#3261);
#2953=LINE('',#7649,#3262);
#2954=LINE('',#7651,#3263);
#2955=LINE('',#7653,#3264);
#2956=LINE('',#7655,#3265);
#2957=LINE('',#7659,#3266);
#2958=LINE('',#7663,#3267);
#2959=LINE('',#7665,#3268);
#2960=LINE('',#7667,#3269);
#2961=LINE('',#7669,#3270);
#2962=LINE('',#7671,#3271);
#2963=LINE('',#7673,#3272);
#2964=LINE('',#7675,#3273);
#2965=LINE('',#7677,#3274);
#2966=LINE('',#7679,#3275);
#2967=LINE('',#7682,#3276);
#2968=LINE('',#7684,#3277);
#2969=LINE('',#7686,#3278);
#2970=LINE('',#7688,#3279);
#2971=LINE('',#7690,#3280);
#2972=LINE('',#7692,#3281);
#2973=LINE('',#7694,#3282);
#2974=LINE('',#7696,#3283);
#2975=LINE('',#7698,#3284);
#2976=LINE('',#7700,#3285);
#2977=LINE('',#7704,#3286);
#2978=LINE('',#7708,#3287);
#2979=LINE('',#7710,#3288);
#2980=LINE('',#7712,#3289);
#2981=LINE('',#7714,#3290);
#2982=LINE('',#7716,#3291);
#2983=LINE('',#7718,#3292);
#2984=LINE('',#7720,#3293);
#2985=LINE('',#7722,#3294);
#2986=LINE('',#7724,#3295);
#2987=LINE('',#7726,#3296);
#2988=LINE('',#7728,#3297);
#2989=LINE('',#7730,#3298);
#2990=LINE('',#7732,#3299);
#2991=LINE('',#7736,#3300);
#2992=LINE('',#7738,#3301);
#2993=LINE('',#7740,#3302);
#2994=LINE('',#7743,#3303);
#2995=LINE('',#7745,#3304);
#2996=LINE('',#7747,#3305);
#2997=LINE('',#7749,#3306);
#2998=LINE('',#7751,#3307);
#2999=LINE('',#7753,#3308);
#3000=LINE('',#7755,#3309);
#3001=LINE('',#7757,#3310);
#3002=LINE('',#7759,#3311);
#3003=LINE('',#7761,#3312);
#3004=LINE('',#7763,#3313);
#3005=LINE('',#7765,#3314);
#3006=LINE('',#7767,#3315);
#3007=LINE('',#7769,#3316);
#3008=LINE('',#7771,#3317);
#3009=LINE('',#7773,#3318);
#3010=LINE('',#7775,#3319);
#3011=LINE('',#7777,#3320);
#3012=LINE('',#7779,#3321);
#3013=LINE('',#7781,#3322);
#3014=LINE('',#7783,#3323);
#3015=LINE('',#7785,#3324);
#3016=LINE('',#7787,#3325);
#3017=LINE('',#7789,#3326);
#3018=VECTOR('',#4991,1.);
#3019=VECTOR('',#4994,1.);
#3020=VECTOR('',#4997,1.);
#3021=VECTOR('',#5000,1.);
#3022=VECTOR('',#5003,1.);
#3023=VECTOR('',#5006,1.);
#3024=VECTOR('',#5009,1.);
#3025=VECTOR('',#5012,1.);
#3026=VECTOR('',#5015,1.);
#3027=VECTOR('',#5018,1.);
#3028=VECTOR('',#5021,1.);
#3029=VECTOR('',#5060,1.);
#3030=VECTOR('',#5065,1.);
#3031=VECTOR('',#5066,1.);
#3032=VECTOR('',#5067,1.);
#3033=VECTOR('',#5068,1.);
#3034=VECTOR('',#5069,1.);
#3035=VECTOR('',#5070,1.);
#3036=VECTOR('',#5071,1.);
#3037=VECTOR('',#5072,1.);
#3038=VECTOR('',#5077,1.);
#3039=VECTOR('',#5078,1.);
#3040=VECTOR('',#5079,1.);
#3041=VECTOR('',#5080,1.);
#3042=VECTOR('',#5083,1.);
#3043=VECTOR('',#5084,1.);
#3044=VECTOR('',#5085,1.);
#3045=VECTOR('',#5086,1.);
#3046=VECTOR('',#5087,1.);
#3047=VECTOR('',#5088,1.);
#3048=VECTOR('',#5093,1.);
#3049=VECTOR('',#5094,1.);
#3050=VECTOR('',#5095,1.);
#3051=VECTOR('',#5096,1.);
#3052=VECTOR('',#5097,1.);
#3053=VECTOR('',#5098,1.);
#3054=VECTOR('',#5099,1.);
#3055=VECTOR('',#5100,1.);
#3056=VECTOR('',#5101,1.);
#3057=VECTOR('',#5102,1.);
#3058=VECTOR('',#5103,1.);
#3059=VECTOR('',#5104,1.);
#3060=VECTOR('',#5105,1.);
#3061=VECTOR('',#5106,1.);
#3062=VECTOR('',#5111,1.);
#3063=VECTOR('',#5136,1.);
#3064=VECTOR('',#5137,1.);
#3065=VECTOR('',#5140,1.);
#3066=VECTOR('',#5143,1.);
#3067=VECTOR('',#5146,1.);
#3068=VECTOR('',#5149,1.);
#3069=VECTOR('',#5152,1.);
#3070=VECTOR('',#5153,1.);
#3071=VECTOR('',#5170,1.);
#3072=VECTOR('',#5171,1.);
#3073=VECTOR('',#5172,1.);
#3074=VECTOR('',#5173,1.);
#3075=VECTOR('',#5176,1.);
#3076=VECTOR('',#5183,1.);
#3077=VECTOR('',#5186,1.);
#3078=VECTOR('',#5203,1.);
#3079=VECTOR('',#5204,1.);
#3080=VECTOR('',#5207,1.);
#3081=VECTOR('',#5210,1.);
#3082=VECTOR('',#5213,1.);
#3083=VECTOR('',#5214,1.);
#3084=VECTOR('',#5217,1.);
#3085=VECTOR('',#5218,1.);
#3086=VECTOR('',#5221,1.);
#3087=VECTOR('',#5222,1.);
#3088=VECTOR('',#5223,1.);
#3089=VECTOR('',#5226,1.);
#3090=VECTOR('',#5227,1.);
#3091=VECTOR('',#5228,1.);
#3092=VECTOR('',#5231,1.);
#3093=VECTOR('',#5232,1.);
#3094=VECTOR('',#5233,1.);
#3095=VECTOR('',#5236,1.);
#3096=VECTOR('',#5237,1.);
#3097=VECTOR('',#5240,1.);
#3098=VECTOR('',#5241,1.);
#3099=VECTOR('',#5244,1.);
#3100=VECTOR('',#5245,1.);
#3101=VECTOR('',#5248,1.);
#3102=VECTOR('',#5249,1.);
#3103=VECTOR('',#5252,1.);
#3104=VECTOR('',#5253,1.);
#3105=VECTOR('',#5254,1.);
#3106=VECTOR('',#5255,1.);
#3107=VECTOR('',#5256,1.);
#3108=VECTOR('',#5257,1.);
#3109=VECTOR('',#5258,1.);
#3110=VECTOR('',#5259,1.);
#3111=VECTOR('',#5260,1.);
#3112=VECTOR('',#5261,1.);
#3113=VECTOR('',#5264,1.);
#3114=VECTOR('',#5265,1.);
#3115=VECTOR('',#5266,1.);
#3116=VECTOR('',#5267,1.);
#3117=VECTOR('',#5268,1.);
#3118=VECTOR('',#5269,1.);
#3119=VECTOR('',#5270,1.);
#3120=VECTOR('',#5271,1.);
#3121=VECTOR('',#5272,1.);
#3122=VECTOR('',#5275,1.);
#3123=VECTOR('',#5276,1.);
#3124=VECTOR('',#5277,1.);
#3125=VECTOR('',#5278,1.);
#3126=VECTOR('',#5279,1.);
#3127=VECTOR('',#5280,1.);
#3128=VECTOR('',#5283,1.);
#3129=VECTOR('',#5284,1.);
#3130=VECTOR('',#5285,1.);
#3131=VECTOR('',#5286,1.);
#3132=VECTOR('',#5287,1.);
#3133=VECTOR('',#5288,1.);
#3134=VECTOR('',#5291,1.);
#3135=VECTOR('',#5292,1.);
#3136=VECTOR('',#5295,1.);
#3137=VECTOR('',#5296,1.);
#3138=VECTOR('',#5301,1.);
#3139=VECTOR('',#5302,1.);
#3140=VECTOR('',#5303,1.);
#3141=VECTOR('',#5306,1.);
#3142=VECTOR('',#5307,1.);
#3143=VECTOR('',#5308,1.);
#3144=VECTOR('',#5315,1.);
#3145=VECTOR('',#5316,1.);
#3146=VECTOR('',#5317,1.);
#3147=VECTOR('',#5322,1.);
#3148=VECTOR('',#5323,1.);
#3149=VECTOR('',#5324,1.);
#3150=VECTOR('',#5339,1.);
#3151=VECTOR('',#5344,1.);
#3152=VECTOR('',#5345,1.);
#3153=VECTOR('',#5376,1.);
#3154=VECTOR('',#5379,1.);
#3155=VECTOR('',#5388,1.);
#3156=VECTOR('',#5391,1.);
#3157=VECTOR('',#5394,1.);
#3158=VECTOR('',#5395,1.);
#3159=VECTOR('',#5406,1.);
#3160=VECTOR('',#5409,1.);
#3161=VECTOR('',#5412,1.);
#3162=VECTOR('',#5425,1.);
#3163=VECTOR('',#5426,1.);
#3164=VECTOR('',#5429,1.);
#3165=VECTOR('',#5536,1.);
#3166=VECTOR('',#5537,1.);
#3167=VECTOR('',#5546,1.);
#3168=VECTOR('',#5547,1.);
#3169=VECTOR('',#5562,1.);
#3170=VECTOR('',#5563,1.);
#3171=VECTOR('',#5564,1.);
#3172=VECTOR('',#5565,1.);
#3173=VECTOR('',#5566,1.);
#3174=VECTOR('',#5567,1.);
#3175=VECTOR('',#5568,1.);
#3176=VECTOR('',#5569,1.);
#3177=VECTOR('',#5570,1.);
#3178=VECTOR('',#5571,1.);
#3179=VECTOR('',#5572,1.);
#3180=VECTOR('',#5573,1.);
#3181=VECTOR('',#5578,1.);
#3182=VECTOR('',#5579,1.);
#3183=VECTOR('',#5580,1.);
#3184=VECTOR('',#5581,1.);
#3185=VECTOR('',#5582,1.);
#3186=VECTOR('',#5583,1.);
#3187=VECTOR('',#5584,1.);
#3188=VECTOR('',#5585,1.);
#3189=VECTOR('',#5586,1.);
#3190=VECTOR('',#5587,1.);
#3191=VECTOR('',#5588,1.);
#3192=VECTOR('',#5589,1.);
#3193=VECTOR('',#5618,1.);
#3194=VECTOR('',#5621,1.);
#3195=VECTOR('',#5624,1.);
#3196=VECTOR('',#5627,1.);
#3197=VECTOR('',#5630,1.);
#3198=VECTOR('',#5653,1.);
#3199=VECTOR('',#5680,1.);
#3200=VECTOR('',#5681,1.);
#3201=VECTOR('',#5682,1.);
#3202=VECTOR('',#5683,1.);
#3203=VECTOR('',#5686,1.);
#3204=VECTOR('',#5687,1.);
#3205=VECTOR('',#5688,1.);
#3206=VECTOR('',#5689,1.);
#3207=VECTOR('',#5692,1.);
#3208=VECTOR('',#5693,1.);
#3209=VECTOR('',#5694,1.);
#3210=VECTOR('',#5695,1.);
#3211=VECTOR('',#5698,1.);
#3212=VECTOR('',#5699,1.);
#3213=VECTOR('',#5700,1.);
#3214=VECTOR('',#5703,1.);
#3215=VECTOR('',#5704,1.);
#3216=VECTOR('',#5705,1.);
#3217=VECTOR('',#5708,1.);
#3218=VECTOR('',#5709,1.);
#3219=VECTOR('',#5710,1.);
#3220=VECTOR('',#5713,1.);
#3221=VECTOR('',#5714,1.);
#3222=VECTOR('',#5715,1.);
#3223=VECTOR('',#5718,1.);
#3224=VECTOR('',#5719,1.);
#3225=VECTOR('',#5720,1.);
#3226=VECTOR('',#5721,1.);
#3227=VECTOR('',#5750,1.);
#3228=VECTOR('',#5771,1.);
#3229=VECTOR('',#5774,1.);
#3230=VECTOR('',#5783,1.);
#3231=VECTOR('',#5798,1.);
#3232=VECTOR('',#5801,1.);
#3233=VECTOR('',#5996,1.);
#3234=VECTOR('',#5997,1.);
#3235=VECTOR('',#5998,1.);
#3236=VECTOR('',#5999,1.);
#3237=VECTOR('',#6000,1.);
#3238=VECTOR('',#6001,1.);
#3239=VECTOR('',#6002,1.);
#3240=VECTOR('',#6003,1.);
#3241=VECTOR('',#6004,1.);
#3242=VECTOR('',#6005,1.);
#3243=VECTOR('',#6008,1.);
#3244=VECTOR('',#6009,1.);
#3245=VECTOR('',#6010,1.);
#3246=VECTOR('',#6011,1.);
#3247=VECTOR('',#6012,1.);
#3248=VECTOR('',#6013,1.);
#3249=VECTOR('',#6014,1.);
#3250=VECTOR('',#6015,1.);
#3251=VECTOR('',#6016,1.);
#3252=VECTOR('',#6017,1.);
#3253=VECTOR('',#6018,1.);
#3254=VECTOR('',#6019,1.);
#3255=VECTOR('',#6022,1.);
#3256=VECTOR('',#6027,1.);
#3257=VECTOR('',#6032,1.);
#3258=VECTOR('',#6033,1.);
#3259=VECTOR('',#6034,1.);
#3260=VECTOR('',#6039,1.);
#3261=VECTOR('',#6040,1.);
#3262=VECTOR('',#6041,1.);
#3263=VECTOR('',#6044,1.);
#3264=VECTOR('',#6045,1.);
#3265=VECTOR('',#6048,1.);
#3266=VECTOR('',#6053,1.);
#3267=VECTOR('',#6058,1.);
#3268=VECTOR('',#6059,1.);
#3269=VECTOR('',#6062,1.);
#3270=VECTOR('',#6063,1.);
#3271=VECTOR('',#6066,1.);
#3272=VECTOR('',#6067,1.);
#3273=VECTOR('',#6070,1.);
#3274=VECTOR('',#6071,1.);
#3275=VECTOR('',#6074,1.);
#3276=VECTOR('',#6079,1.);
#3277=VECTOR('',#6080,1.);
#3278=VECTOR('',#6081,1.);
#3279=VECTOR('',#6084,1.);
#3280=VECTOR('',#6085,1.);
#3281=VECTOR('',#6088,1.);
#3282=VECTOR('',#6089,1.);
#3283=VECTOR('',#6092,1.);
#3284=VECTOR('',#6093,1.);
#3285=VECTOR('',#6096,1.);
#3286=VECTOR('',#6101,1.);
#3287=VECTOR('',#6106,1.);
#3288=VECTOR('',#6107,1.);
#3289=VECTOR('',#6110,1.);
#3290=VECTOR('',#6111,1.);
#3291=VECTOR('',#6114,1.);
#3292=VECTOR('',#6115,1.);
#3293=VECTOR('',#6118,1.);
#3294=VECTOR('',#6119,1.);
#3295=VECTOR('',#6122,1.);
#3296=VECTOR('',#6123,1.);
#3297=VECTOR('',#6126,1.);
#3298=VECTOR('',#6127,1.);
#3299=VECTOR('',#6130,1.);
#3300=VECTOR('',#6135,1.);
#3301=VECTOR('',#6136,1.);
#3302=VECTOR('',#6139,1.);
#3303=VECTOR('',#6144,1.);
#3304=VECTOR('',#6145,1.);
#3305=VECTOR('',#6146,1.);
#3306=VECTOR('',#6149,1.);
#3307=VECTOR('',#6150,1.);
#3308=VECTOR('',#6153,1.);
#3309=VECTOR('',#6154,1.);
#3310=VECTOR('',#6157,1.);
#3311=VECTOR('',#6158,1.);
#3312=VECTOR('',#6161,1.);
#3313=VECTOR('',#6162,1.);
#3314=VECTOR('',#6165,1.);
#3315=VECTOR('',#6166,1.);
#3316=VECTOR('',#6169,1.);
#3317=VECTOR('',#6170,1.);
#3318=VECTOR('',#6173,1.);
#3319=VECTOR('',#6174,1.);
#3320=VECTOR('',#6177,1.);
#3321=VECTOR('',#6178,1.);
#3322=VECTOR('',#6181,1.);
#3323=VECTOR('',#6182,1.);
#3324=VECTOR('',#6185,1.);
#3325=VECTOR('',#6186,1.);
#3326=VECTOR('',#6189,1.);
#3327=EDGE_LOOP('',(#452,#453,#454,#455,#456,#457,#458,#459,#460,#461,#462,
#463,#464,#465,#466,#467,#468,#469,#470,#471,#472,#473));
#3328=EDGE_LOOP('',(#474));
#3329=EDGE_LOOP('',(#475));
#3330=EDGE_LOOP('',(#476));
#3331=EDGE_LOOP('',(#477));
#3332=EDGE_LOOP('',(#478));
#3333=EDGE_LOOP('',(#479));
#3334=EDGE_LOOP('',(#480));
#3335=EDGE_LOOP('',(#481));
#3336=EDGE_LOOP('',(#482));
#3337=EDGE_LOOP('',(#483));
#3338=EDGE_LOOP('',(#484));
#3339=EDGE_LOOP('',(#485));
#3340=EDGE_LOOP('',(#486));
#3341=EDGE_LOOP('',(#487));
#3342=EDGE_LOOP('',(#488));
#3343=EDGE_LOOP('',(#489));
#3344=EDGE_LOOP('',(#490));
#3345=EDGE_LOOP('',(#491));
#3346=EDGE_LOOP('',(#492,#493,#494,#495,#496,#497,#498,#499,#500,#501,#502,
#503,#504,#505,#506,#507,#508,#509,#510,#511,#512,#513,#514,#515,#516));
#3347=EDGE_LOOP('',(#517,#518,#519,#520,#521,#522,#523,#524,#525));
#3348=EDGE_LOOP('',(#526,#527,#528,#529,#530,#531,#532,#533,#534,#535,#536,
#537,#538,#539,#540));
#3349=EDGE_LOOP('',(#541,#542,#543,#544,#545,#546,#547,#548,#549,#550,#551,
#552));
#3350=EDGE_LOOP('',(#553,#554,#555,#556));
#3351=EDGE_LOOP('',(#557));
#3352=EDGE_LOOP('',(#558));
#3353=EDGE_LOOP('',(#559));
#3354=EDGE_LOOP('',(#560));
#3355=EDGE_LOOP('',(#561));
#3356=EDGE_LOOP('',(#562));
#3357=EDGE_LOOP('',(#563));
#3358=EDGE_LOOP('',(#564));
#3359=EDGE_LOOP('',(#565));
#3360=EDGE_LOOP('',(#566,#567,#568,#569,#570,#571,#572,#573,#574,#575,#576,
#577,#578,#579));
#3361=EDGE_LOOP('',(#580));
#3362=EDGE_LOOP('',(#581));
#3363=EDGE_LOOP('',(#582));
#3364=EDGE_LOOP('',(#583));
#3365=EDGE_LOOP('',(#584));
#3366=EDGE_LOOP('',(#585));
#3367=EDGE_LOOP('',(#586));
#3368=EDGE_LOOP('',(#587,#588,#589,#590,#591,#592,#593,#594));
#3369=EDGE_LOOP('',(#595,#596,#597,#598));
#3370=EDGE_LOOP('',(#599));
#3371=EDGE_LOOP('',(#600));
#3372=EDGE_LOOP('',(#601));
#3373=EDGE_LOOP('',(#602));
#3374=EDGE_LOOP('',(#603));
#3375=EDGE_LOOP('',(#604));
#3376=EDGE_LOOP('',(#605));
#3377=EDGE_LOOP('',(#606,#607,#608,#609,#610,#611,#612));
#3378=EDGE_LOOP('',(#613,#614,#615,#616));
#3379=EDGE_LOOP('',(#617,#618,#619,#620));
#3380=EDGE_LOOP('',(#621,#622,#623,#624));
#3381=EDGE_LOOP('',(#625,#626,#627,#628));
#3382=EDGE_LOOP('',(#629,#630,#631,#632));
#3383=EDGE_LOOP('',(#633,#634,#635,#636));
#3384=EDGE_LOOP('',(#637,#638,#639,#640));
#3385=EDGE_LOOP('',(#641,#642,#643,#644));
#3386=EDGE_LOOP('',(#645,#646,#647,#648));
#3387=EDGE_LOOP('',(#649,#650,#651,#652));
#3388=EDGE_LOOP('',(#653,#654,#655,#656));
#3389=EDGE_LOOP('',(#657,#658,#659,#660,#661,#662,#663,#664,#665,#666,#667,
#668,#669,#670,#671,#672,#673,#674,#675,#676,#677,#678,#679,#680,#681,#682,
#683,#684,#685,#686,#687,#688,#689,#690,#691,#692,#693,#694,#695,#696));
#3390=EDGE_LOOP('',(#697,#698,#699,#700));
#3391=EDGE_LOOP('',(#701));
#3392=EDGE_LOOP('',(#702,#703,#704,#705));
#3393=EDGE_LOOP('',(#706));
#3394=EDGE_LOOP('',(#707,#708,#709,#710));
#3395=EDGE_LOOP('',(#711));
#3396=EDGE_LOOP('',(#712,#713,#714,#715));
#3397=EDGE_LOOP('',(#716));
#3398=EDGE_LOOP('',(#717,#718,#719,#720));
#3399=EDGE_LOOP('',(#721,#722,#723,#724));
#3400=EDGE_LOOP('',(#725,#726,#727,#728));
#3401=EDGE_LOOP('',(#729,#730,#731,#732));
#3402=EDGE_LOOP('',(#733,#734,#735,#736,#737,#738,#739,#740,#741,#742,#743,
#744,#745,#746));
#3403=EDGE_LOOP('',(#747));
#3404=EDGE_LOOP('',(#748));
#3405=EDGE_LOOP('',(#749));
#3406=EDGE_LOOP('',(#750));
#3407=EDGE_LOOP('',(#751));
#3408=EDGE_LOOP('',(#752));
#3409=EDGE_LOOP('',(#753));
#3410=EDGE_LOOP('',(#754));
#3411=EDGE_LOOP('',(#755));
#3412=EDGE_LOOP('',(#756,#757,#758));
#3413=EDGE_LOOP('',(#759,#760,#761));
#3414=EDGE_LOOP('',(#762));
#3415=EDGE_LOOP('',(#763));
#3416=EDGE_LOOP('',(#764));
#3417=EDGE_LOOP('',(#765,#766,#767,#768,#769,#770,#771,#772));
#3418=EDGE_LOOP('',(#773));
#3419=EDGE_LOOP('',(#774));
#3420=EDGE_LOOP('',(#775));
#3421=EDGE_LOOP('',(#776));
#3422=EDGE_LOOP('',(#777,#778,#779));
#3423=EDGE_LOOP('',(#780,#781,#782));
#3424=EDGE_LOOP('',(#783,#784,#785,#786));
#3425=EDGE_LOOP('',(#787,#788,#789,#790));
#3426=EDGE_LOOP('',(#791,#792,#793,#794,#795,#796,#797));
#3427=EDGE_LOOP('',(#798));
#3428=EDGE_LOOP('',(#799));
#3429=EDGE_LOOP('',(#800));
#3430=EDGE_LOOP('',(#801));
#3431=EDGE_LOOP('',(#802));
#3432=EDGE_LOOP('',(#803));
#3433=EDGE_LOOP('',(#804));
#3434=EDGE_LOOP('',(#805,#806,#807,#808));
#3435=EDGE_LOOP('',(#809,#810,#811,#812));
#3436=EDGE_LOOP('',(#813,#814,#815,#816));
#3437=EDGE_LOOP('',(#817,#818,#819,#820));
#3438=EDGE_LOOP('',(#821));
#3439=EDGE_LOOP('',(#822));
#3440=EDGE_LOOP('',(#823));
#3441=EDGE_LOOP('',(#824));
#3442=EDGE_LOOP('',(#825));
#3443=EDGE_LOOP('',(#826));
#3444=EDGE_LOOP('',(#827));
#3445=EDGE_LOOP('',(#828));
#3446=EDGE_LOOP('',(#829));
#3447=EDGE_LOOP('',(#830));
#3448=EDGE_LOOP('',(#831));
#3449=EDGE_LOOP('',(#832));
#3450=EDGE_LOOP('',(#833));
#3451=EDGE_LOOP('',(#834));
#3452=EDGE_LOOP('',(#835));
#3453=EDGE_LOOP('',(#836));
#3454=EDGE_LOOP('',(#837));
#3455=EDGE_LOOP('',(#838));
#3456=EDGE_LOOP('',(#839));
#3457=EDGE_LOOP('',(#840));
#3458=EDGE_LOOP('',(#841));
#3459=EDGE_LOOP('',(#842));
#3460=EDGE_LOOP('',(#843));
#3461=EDGE_LOOP('',(#844));
#3462=EDGE_LOOP('',(#845));
#3463=EDGE_LOOP('',(#846));
#3464=EDGE_LOOP('',(#847));
#3465=EDGE_LOOP('',(#848));
#3466=EDGE_LOOP('',(#849));
#3467=EDGE_LOOP('',(#850));
#3468=EDGE_LOOP('',(#851));
#3469=EDGE_LOOP('',(#852));
#3470=EDGE_LOOP('',(#853));
#3471=EDGE_LOOP('',(#854));
#3472=EDGE_LOOP('',(#855));
#3473=EDGE_LOOP('',(#856));
#3474=EDGE_LOOP('',(#857));
#3475=EDGE_LOOP('',(#858));
#3476=EDGE_LOOP('',(#859));
#3477=EDGE_LOOP('',(#860));
#3478=EDGE_LOOP('',(#861));
#3479=EDGE_LOOP('',(#862));
#3480=EDGE_LOOP('',(#863,#864,#865,#866));
#3481=EDGE_LOOP('',(#867,#868,#869,#870));
#3482=EDGE_LOOP('',(#871,#872,#873,#874));
#3483=EDGE_LOOP('',(#875,#876,#877,#878));
#3484=EDGE_LOOP('',(#879,#880,#881,#882));
#3485=EDGE_LOOP('',(#883,#884,#885,#886));
#3486=EDGE_LOOP('',(#887,#888,#889,#890));
#3487=EDGE_LOOP('',(#891,#892,#893,#894));
#3488=EDGE_LOOP('',(#895,#896,#897,#898));
#3489=EDGE_LOOP('',(#899,#900,#901,#902));
#3490=EDGE_LOOP('',(#903));
#3491=EDGE_LOOP('',(#904));
#3492=EDGE_LOOP('',(#905));
#3493=EDGE_LOOP('',(#906));
#3494=EDGE_LOOP('',(#907));
#3495=EDGE_LOOP('',(#908));
#3496=EDGE_LOOP('',(#909));
#3497=EDGE_LOOP('',(#910));
#3498=EDGE_LOOP('',(#911));
#3499=EDGE_LOOP('',(#912));
#3500=EDGE_LOOP('',(#913));
#3501=EDGE_LOOP('',(#914));
#3502=EDGE_LOOP('',(#915,#916,#917,#918));
#3503=EDGE_LOOP('',(#919));
#3504=EDGE_LOOP('',(#920));
#3505=EDGE_LOOP('',(#921));
#3506=EDGE_LOOP('',(#922));
#3507=EDGE_LOOP('',(#923));
#3508=EDGE_LOOP('',(#924));
#3509=EDGE_LOOP('',(#925,#926,#927,#928));
#3510=EDGE_LOOP('',(#929));
#3511=EDGE_LOOP('',(#930));
#3512=EDGE_LOOP('',(#931));
#3513=EDGE_LOOP('',(#932));
#3514=EDGE_LOOP('',(#933));
#3515=EDGE_LOOP('',(#934));
#3516=EDGE_LOOP('',(#935));
#3517=EDGE_LOOP('',(#936));
#3518=EDGE_LOOP('',(#937));
#3519=EDGE_LOOP('',(#938));
#3520=EDGE_LOOP('',(#939));
#3521=EDGE_LOOP('',(#940,#941,#942,#943,#944,#945,#946,#947,#948,#949,#950,
#951,#952,#953,#954,#955,#956,#957,#958,#959));
#3522=EDGE_LOOP('',(#960,#961,#962,#963));
#3523=EDGE_LOOP('',(#964,#965,#966,#967));
#3524=EDGE_LOOP('',(#968));
#3525=EDGE_LOOP('',(#969,#970,#971,#972,#973,#974,#975,#976,#977,#978,#979,
#980,#981,#982,#983,#984,#985,#986,#987,#988));
#3526=EDGE_LOOP('',(#989,#990,#991,#992));
#3527=EDGE_LOOP('',(#993,#994,#995,#996));
#3528=EDGE_LOOP('',(#997,#998,#999,#1000));
#3529=EDGE_LOOP('',(#1001));
#3530=EDGE_LOOP('',(#1002));
#3531=EDGE_LOOP('',(#1003));
#3532=EDGE_LOOP('',(#1004));
#3533=EDGE_LOOP('',(#1005));
#3534=EDGE_LOOP('',(#1006));
#3535=EDGE_LOOP('',(#1007));
#3536=EDGE_LOOP('',(#1008));
#3537=EDGE_LOOP('',(#1009));
#3538=EDGE_LOOP('',(#1010,#1011,#1012,#1013,#1014,#1015,#1016,#1017,#1018,
#1019,#1020,#1021,#1022,#1023));
#3539=EDGE_LOOP('',(#1024));
#3540=EDGE_LOOP('',(#1025));
#3541=EDGE_LOOP('',(#1026));
#3542=EDGE_LOOP('',(#1027));
#3543=EDGE_LOOP('',(#1028));
#3544=EDGE_LOOP('',(#1029));
#3545=EDGE_LOOP('',(#1030));
#3546=EDGE_LOOP('',(#1031,#1032,#1033,#1034,#1035,#1036,#1037,#1038));
#3547=EDGE_LOOP('',(#1039));
#3548=EDGE_LOOP('',(#1040));
#3549=EDGE_LOOP('',(#1041));
#3550=EDGE_LOOP('',(#1042));
#3551=EDGE_LOOP('',(#1043));
#3552=EDGE_LOOP('',(#1044));
#3553=EDGE_LOOP('',(#1045));
#3554=EDGE_LOOP('',(#1046,#1047,#1048,#1049,#1050,#1051,#1052));
#3555=EDGE_LOOP('',(#1053,#1054,#1055,#1056));
#3556=EDGE_LOOP('',(#1057,#1058,#1059,#1060));
#3557=EDGE_LOOP('',(#1061,#1062,#1063,#1064));
#3558=EDGE_LOOP('',(#1065,#1066,#1067,#1068));
#3559=EDGE_LOOP('',(#1069,#1070,#1071,#1072));
#3560=EDGE_LOOP('',(#1073,#1074,#1075,#1076));
#3561=EDGE_LOOP('',(#1077,#1078,#1079,#1080));
#3562=EDGE_LOOP('',(#1081,#1082,#1083,#1084));
#3563=EDGE_LOOP('',(#1085,#1086,#1087,#1088));
#3564=EDGE_LOOP('',(#1089,#1090,#1091,#1092));
#3565=EDGE_LOOP('',(#1093,#1094,#1095,#1096));
#3566=EDGE_LOOP('',(#1097,#1098,#1099,#1100));
#3567=EDGE_LOOP('',(#1101,#1102,#1103,#1104));
#3568=EDGE_LOOP('',(#1105,#1106,#1107,#1108,#1109,#1110,#1111,#1112,#1113,
#1114,#1115,#1116,#1117,#1118));
#3569=EDGE_LOOP('',(#1119));
#3570=EDGE_LOOP('',(#1120));
#3571=EDGE_LOOP('',(#1121));
#3572=EDGE_LOOP('',(#1122));
#3573=EDGE_LOOP('',(#1123));
#3574=EDGE_LOOP('',(#1124));
#3575=EDGE_LOOP('',(#1125));
#3576=EDGE_LOOP('',(#1126));
#3577=EDGE_LOOP('',(#1127));
#3578=EDGE_LOOP('',(#1128,#1129,#1130));
#3579=EDGE_LOOP('',(#1131,#1132,#1133));
#3580=EDGE_LOOP('',(#1134));
#3581=EDGE_LOOP('',(#1135));
#3582=EDGE_LOOP('',(#1136));
#3583=EDGE_LOOP('',(#1137,#1138,#1139,#1140,#1141,#1142,#1143,#1144));
#3584=EDGE_LOOP('',(#1145));
#3585=EDGE_LOOP('',(#1146));
#3586=EDGE_LOOP('',(#1147));
#3587=EDGE_LOOP('',(#1148));
#3588=EDGE_LOOP('',(#1149,#1150,#1151));
#3589=EDGE_LOOP('',(#1152,#1153,#1154));
#3590=EDGE_LOOP('',(#1155,#1156,#1157,#1158,#1159,#1160,#1161,#1162,#1163,
#1164,#1165,#1166,#1167,#1168,#1169,#1170,#1171,#1172,#1173,#1174,#1175,
#1176));
#3591=EDGE_LOOP('',(#1177));
#3592=EDGE_LOOP('',(#1178));
#3593=EDGE_LOOP('',(#1179));
#3594=EDGE_LOOP('',(#1180));
#3595=EDGE_LOOP('',(#1181));
#3596=EDGE_LOOP('',(#1182));
#3597=EDGE_LOOP('',(#1183));
#3598=EDGE_LOOP('',(#1184));
#3599=EDGE_LOOP('',(#1185));
#3600=EDGE_LOOP('',(#1186));
#3601=EDGE_LOOP('',(#1187));
#3602=EDGE_LOOP('',(#1188));
#3603=EDGE_LOOP('',(#1189));
#3604=EDGE_LOOP('',(#1190));
#3605=EDGE_LOOP('',(#1191));
#3606=EDGE_LOOP('',(#1192));
#3607=EDGE_LOOP('',(#1193));
#3608=EDGE_LOOP('',(#1194));
#3609=EDGE_LOOP('',(#1195,#1196,#1197,#1198,#1199,#1200,#1201));
#3610=EDGE_LOOP('',(#1202));
#3611=EDGE_LOOP('',(#1203));
#3612=EDGE_LOOP('',(#1204));
#3613=EDGE_LOOP('',(#1205));
#3614=EDGE_LOOP('',(#1206));
#3615=EDGE_LOOP('',(#1207));
#3616=EDGE_LOOP('',(#1208));
#3617=EDGE_LOOP('',(#1209,#1210,#1211,#1212));
#3618=EDGE_LOOP('',(#1213,#1214,#1215,#1216));
#3619=EDGE_LOOP('',(#1217,#1218,#1219,#1220));
#3620=EDGE_LOOP('',(#1221,#1222,#1223,#1224));
#3621=EDGE_LOOP('',(#1225));
#3622=EDGE_LOOP('',(#1226));
#3623=EDGE_LOOP('',(#1227));
#3624=EDGE_LOOP('',(#1228));
#3625=EDGE_LOOP('',(#1229));
#3626=EDGE_LOOP('',(#1230));
#3627=EDGE_LOOP('',(#1231));
#3628=EDGE_LOOP('',(#1232));
#3629=EDGE_LOOP('',(#1233));
#3630=EDGE_LOOP('',(#1234));
#3631=EDGE_LOOP('',(#1235));
#3632=EDGE_LOOP('',(#1236));
#3633=EDGE_LOOP('',(#1237));
#3634=EDGE_LOOP('',(#1238));
#3635=EDGE_LOOP('',(#1239));
#3636=EDGE_LOOP('',(#1240));
#3637=EDGE_LOOP('',(#1241));
#3638=EDGE_LOOP('',(#1242));
#3639=EDGE_LOOP('',(#1243));
#3640=EDGE_LOOP('',(#1244));
#3641=EDGE_LOOP('',(#1245));
#3642=EDGE_LOOP('',(#1246));
#3643=EDGE_LOOP('',(#1247));
#3644=EDGE_LOOP('',(#1248));
#3645=EDGE_LOOP('',(#1249));
#3646=EDGE_LOOP('',(#1250));
#3647=EDGE_LOOP('',(#1251));
#3648=EDGE_LOOP('',(#1252));
#3649=EDGE_LOOP('',(#1253));
#3650=EDGE_LOOP('',(#1254));
#3651=EDGE_LOOP('',(#1255));
#3652=EDGE_LOOP('',(#1256));
#3653=EDGE_LOOP('',(#1257));
#3654=EDGE_LOOP('',(#1258));
#3655=EDGE_LOOP('',(#1259));
#3656=EDGE_LOOP('',(#1260));
#3657=EDGE_LOOP('',(#1261));
#3658=EDGE_LOOP('',(#1262));
#3659=EDGE_LOOP('',(#1263));
#3660=EDGE_LOOP('',(#1264));
#3661=EDGE_LOOP('',(#1265));
#3662=EDGE_LOOP('',(#1266));
#3663=EDGE_LOOP('',(#1267,#1268,#1269,#1270));
#3664=EDGE_LOOP('',(#1271,#1272,#1273,#1274));
#3665=EDGE_LOOP('',(#1275,#1276,#1277,#1278));
#3666=EDGE_LOOP('',(#1279,#1280,#1281,#1282));
#3667=EDGE_LOOP('',(#1283,#1284,#1285,#1286));
#3668=EDGE_LOOP('',(#1287,#1288,#1289,#1290));
#3669=EDGE_LOOP('',(#1291,#1292,#1293,#1294));
#3670=EDGE_LOOP('',(#1295,#1296,#1297,#1298));
#3671=EDGE_LOOP('',(#1299,#1300,#1301,#1302));
#3672=EDGE_LOOP('',(#1303,#1304,#1305,#1306));
#3673=EDGE_LOOP('',(#1307));
#3674=EDGE_LOOP('',(#1308));
#3675=EDGE_LOOP('',(#1309));
#3676=EDGE_LOOP('',(#1310));
#3677=EDGE_LOOP('',(#1311));
#3678=EDGE_LOOP('',(#1312));
#3679=EDGE_LOOP('',(#1313));
#3680=EDGE_LOOP('',(#1314));
#3681=EDGE_LOOP('',(#1315));
#3682=EDGE_LOOP('',(#1316));
#3683=EDGE_LOOP('',(#1317));
#3684=EDGE_LOOP('',(#1318));
#3685=EDGE_LOOP('',(#1319,#1320,#1321,#1322));
#3686=EDGE_LOOP('',(#1323));
#3687=EDGE_LOOP('',(#1324));
#3688=EDGE_LOOP('',(#1325));
#3689=EDGE_LOOP('',(#1326));
#3690=EDGE_LOOP('',(#1327));
#3691=EDGE_LOOP('',(#1328));
#3692=EDGE_LOOP('',(#1329,#1330,#1331,#1332));
#3693=EDGE_LOOP('',(#1333));
#3694=EDGE_LOOP('',(#1334));
#3695=EDGE_LOOP('',(#1335));
#3696=EDGE_LOOP('',(#1336));
#3697=EDGE_LOOP('',(#1337));
#3698=EDGE_LOOP('',(#1338));
#3699=EDGE_LOOP('',(#1339));
#3700=EDGE_LOOP('',(#1340));
#3701=EDGE_LOOP('',(#1341));
#3702=EDGE_LOOP('',(#1342));
#3703=EDGE_LOOP('',(#1343));
#3704=EDGE_LOOP('',(#1344));
#3705=EDGE_LOOP('',(#1345,#1346,#1347,#1348));
#3706=EDGE_LOOP('',(#1349,#1350,#1351,#1352));
#3707=EDGE_LOOP('',(#1353,#1354,#1355,#1356));
#3708=EDGE_LOOP('',(#1357,#1358,#1359,#1360));
#3709=EDGE_LOOP('',(#1361,#1362,#1363,#1364));
#3710=EDGE_LOOP('',(#1365,#1366,#1367,#1368));
#3711=EDGE_LOOP('',(#1369,#1370,#1371,#1372));
#3712=EDGE_LOOP('',(#1373,#1374,#1375,#1376));
#3713=EDGE_LOOP('',(#1377,#1378,#1379,#1380));
#3714=EDGE_LOOP('',(#1381,#1382,#1383,#1384));
#3715=EDGE_LOOP('',(#1385,#1386,#1387,#1388));
#3716=EDGE_LOOP('',(#1389,#1390,#1391,#1392));
#3717=EDGE_LOOP('',(#1393,#1394,#1395,#1396));
#3718=EDGE_LOOP('',(#1397,#1398,#1399,#1400));
#3719=EDGE_LOOP('',(#1401,#1402,#1403,#1404));
#3720=EDGE_LOOP('',(#1405,#1406,#1407,#1408));
#3721=EDGE_LOOP('',(#1409,#1410,#1411,#1412));
#3722=EDGE_LOOP('',(#1413,#1414,#1415,#1416));
#3723=EDGE_LOOP('',(#1417,#1418,#1419,#1420));
#3724=EDGE_LOOP('',(#1421,#1422,#1423,#1424));
#3725=EDGE_LOOP('',(#1425,#1426,#1427,#1428));
#3726=EDGE_LOOP('',(#1429,#1430,#1431,#1432));
#3727=EDGE_LOOP('',(#1433,#1434,#1435,#1436));
#3728=EDGE_LOOP('',(#1437,#1438,#1439,#1440));
#3729=EDGE_LOOP('',(#1441,#1442,#1443,#1444));
#3730=EDGE_LOOP('',(#1445,#1446,#1447,#1448));
#3731=EDGE_LOOP('',(#1449,#1450,#1451,#1452));
#3732=EDGE_LOOP('',(#1453,#1454,#1455,#1456,#1457,#1458,#1459,#1460,#1461,
#1462,#1463,#1464,#1465,#1466,#1467,#1468,#1469,#1470,#1471,#1472,#1473,
#1474,#1475,#1476,#1477));
#3733=EDGE_LOOP('',(#1478,#1479,#1480,#1481));
#3734=EDGE_LOOP('',(#1482,#1483,#1484,#1485));
#3735=EDGE_LOOP('',(#1486,#1487,#1488,#1489));
#3736=EDGE_LOOP('',(#1490,#1491,#1492,#1493));
#3737=EDGE_LOOP('',(#1494,#1495,#1496,#1497));
#3738=EDGE_LOOP('',(#1498,#1499,#1500,#1501));
#3739=EDGE_LOOP('',(#1502,#1503,#1504,#1505));
#3740=EDGE_LOOP('',(#1506,#1507,#1508,#1509));
#3741=EDGE_LOOP('',(#1510,#1511,#1512,#1513));
#3742=EDGE_LOOP('',(#1514,#1515,#1516,#1517,#1518,#1519,#1520,#1521,#1522));
#3743=EDGE_LOOP('',(#1523,#1524,#1525,#1526));
#3744=EDGE_LOOP('',(#1527,#1528,#1529,#1530));
#3745=EDGE_LOOP('',(#1531,#1532,#1533,#1534));
#3746=EDGE_LOOP('',(#1535,#1536,#1537,#1538));
#3747=EDGE_LOOP('',(#1539,#1540,#1541,#1542));
#3748=EDGE_LOOP('',(#1543,#1544,#1545,#1546));
#3749=EDGE_LOOP('',(#1547,#1548,#1549,#1550));
#3750=EDGE_LOOP('',(#1551,#1552,#1553,#1554));
#3751=EDGE_LOOP('',(#1555,#1556,#1557,#1558));
#3752=EDGE_LOOP('',(#1559,#1560,#1561,#1562));
#3753=EDGE_LOOP('',(#1563,#1564,#1565,#1566));
#3754=EDGE_LOOP('',(#1567,#1568,#1569,#1570));
#3755=EDGE_LOOP('',(#1571,#1572,#1573,#1574));
#3756=EDGE_LOOP('',(#1575,#1576,#1577,#1578));
#3757=EDGE_LOOP('',(#1579,#1580,#1581,#1582));
#3758=EDGE_LOOP('',(#1583,#1584,#1585,#1586,#1587,#1588,#1589,#1590,#1591,
#1592,#1593,#1594,#1595,#1596,#1597));
#3759=EDGE_LOOP('',(#1598,#1599,#1600,#1601));
#3760=EDGE_LOOP('',(#1602,#1603,#1604,#1605));
#3761=EDGE_LOOP('',(#1606,#1607,#1608,#1609));
#3762=EDGE_LOOP('',(#1610,#1611,#1612,#1613));
#3763=EDGE_LOOP('',(#1614,#1615,#1616,#1617));
#3764=EDGE_LOOP('',(#1618,#1619,#1620,#1621));
#3765=EDGE_LOOP('',(#1622,#1623,#1624,#1625));
#3766=EDGE_LOOP('',(#1626,#1627,#1628,#1629));
#3767=EDGE_LOOP('',(#1630,#1631,#1632,#1633));
#3768=EDGE_LOOP('',(#1634,#1635,#1636,#1637));
#3769=EDGE_LOOP('',(#1638,#1639,#1640,#1641));
#3770=EDGE_LOOP('',(#1642,#1643,#1644,#1645));
#3771=EDGE_LOOP('',(#1646,#1647,#1648,#1649,#1650,#1651,#1652,#1653,#1654,
#1655,#1656,#1657));
#3772=FACE_BOUND('',#3327,.T.);
#3773=FACE_BOUND('',#3328,.T.);
#3774=FACE_BOUND('',#3329,.T.);
#3775=FACE_BOUND('',#3330,.T.);
#3776=FACE_BOUND('',#3331,.T.);
#3777=FACE_BOUND('',#3332,.T.);
#3778=FACE_BOUND('',#3333,.T.);
#3779=FACE_BOUND('',#3334,.T.);
#3780=FACE_BOUND('',#3335,.T.);
#3781=FACE_BOUND('',#3336,.T.);
#3782=FACE_BOUND('',#3337,.T.);
#3783=FACE_BOUND('',#3338,.T.);
#3784=FACE_BOUND('',#3339,.T.);
#3785=FACE_BOUND('',#3340,.T.);
#3786=FACE_BOUND('',#3341,.T.);
#3787=FACE_BOUND('',#3342,.T.);
#3788=FACE_BOUND('',#3343,.T.);
#3789=FACE_BOUND('',#3344,.T.);
#3790=FACE_BOUND('',#3345,.T.);
#3791=FACE_BOUND('',#3346,.T.);
#3792=FACE_BOUND('',#3347,.T.);
#3793=FACE_BOUND('',#3348,.T.);
#3794=FACE_BOUND('',#3349,.T.);
#3795=FACE_BOUND('',#3350,.T.);
#3796=FACE_BOUND('',#3351,.T.);
#3797=FACE_BOUND('',#3352,.T.);
#3798=FACE_BOUND('',#3353,.T.);
#3799=FACE_BOUND('',#3354,.T.);
#3800=FACE_BOUND('',#3355,.T.);
#3801=FACE_BOUND('',#3356,.T.);
#3802=FACE_BOUND('',#3357,.T.);
#3803=FACE_BOUND('',#3358,.T.);
#3804=FACE_BOUND('',#3359,.T.);
#3805=FACE_BOUND('',#3360,.T.);
#3806=FACE_BOUND('',#3361,.T.);
#3807=FACE_BOUND('',#3362,.T.);
#3808=FACE_BOUND('',#3363,.T.);
#3809=FACE_BOUND('',#3364,.T.);
#3810=FACE_BOUND('',#3365,.T.);
#3811=FACE_BOUND('',#3366,.T.);
#3812=FACE_BOUND('',#3367,.T.);
#3813=FACE_BOUND('',#3368,.T.);
#3814=FACE_BOUND('',#3369,.T.);
#3815=FACE_BOUND('',#3370,.T.);
#3816=FACE_BOUND('',#3371,.T.);
#3817=FACE_BOUND('',#3372,.T.);
#3818=FACE_BOUND('',#3373,.T.);
#3819=FACE_BOUND('',#3374,.T.);
#3820=FACE_BOUND('',#3375,.T.);
#3821=FACE_BOUND('',#3376,.T.);
#3822=FACE_BOUND('',#3377,.T.);
#3823=FACE_BOUND('',#3378,.T.);
#3824=FACE_BOUND('',#3379,.T.);
#3825=FACE_BOUND('',#3380,.T.);
#3826=FACE_BOUND('',#3381,.T.);
#3827=FACE_BOUND('',#3382,.T.);
#3828=FACE_BOUND('',#3383,.T.);
#3829=FACE_BOUND('',#3384,.T.);
#3830=FACE_BOUND('',#3385,.T.);
#3831=FACE_BOUND('',#3386,.T.);
#3832=FACE_BOUND('',#3387,.T.);
#3833=FACE_BOUND('',#3388,.T.);
#3834=FACE_BOUND('',#3389,.T.);
#3835=FACE_BOUND('',#3390,.T.);
#3836=FACE_BOUND('',#3391,.T.);
#3837=FACE_BOUND('',#3392,.T.);
#3838=FACE_BOUND('',#3393,.T.);
#3839=FACE_BOUND('',#3394,.T.);
#3840=FACE_BOUND('',#3395,.T.);
#3841=FACE_BOUND('',#3396,.T.);
#3842=FACE_BOUND('',#3397,.T.);
#3843=FACE_BOUND('',#3398,.T.);
#3844=FACE_BOUND('',#3399,.T.);
#3845=FACE_BOUND('',#3400,.T.);
#3846=FACE_BOUND('',#3401,.T.);
#3847=FACE_BOUND('',#3402,.T.);
#3848=FACE_BOUND('',#3403,.T.);
#3849=FACE_BOUND('',#3404,.T.);
#3850=FACE_BOUND('',#3405,.T.);
#3851=FACE_BOUND('',#3406,.T.);
#3852=FACE_BOUND('',#3407,.T.);
#3853=FACE_BOUND('',#3408,.T.);
#3854=FACE_BOUND('',#3409,.T.);
#3855=FACE_BOUND('',#3410,.T.);
#3856=FACE_BOUND('',#3411,.T.);
#3857=FACE_BOUND('',#3412,.T.);
#3858=FACE_BOUND('',#3413,.T.);
#3859=FACE_BOUND('',#3414,.T.);
#3860=FACE_BOUND('',#3415,.T.);
#3861=FACE_BOUND('',#3416,.T.);
#3862=FACE_BOUND('',#3417,.T.);
#3863=FACE_BOUND('',#3418,.T.);
#3864=FACE_BOUND('',#3419,.T.);
#3865=FACE_BOUND('',#3420,.T.);
#3866=FACE_BOUND('',#3421,.T.);
#3867=FACE_BOUND('',#3422,.T.);
#3868=FACE_BOUND('',#3423,.T.);
#3869=FACE_BOUND('',#3424,.T.);
#3870=FACE_BOUND('',#3425,.T.);
#3871=FACE_BOUND('',#3426,.T.);
#3872=FACE_BOUND('',#3427,.T.);
#3873=FACE_BOUND('',#3428,.T.);
#3874=FACE_BOUND('',#3429,.T.);
#3875=FACE_BOUND('',#3430,.T.);
#3876=FACE_BOUND('',#3431,.T.);
#3877=FACE_BOUND('',#3432,.T.);
#3878=FACE_BOUND('',#3433,.T.);
#3879=FACE_BOUND('',#3434,.T.);
#3880=FACE_BOUND('',#3435,.T.);
#3881=FACE_BOUND('',#3436,.T.);
#3882=FACE_BOUND('',#3437,.T.);
#3883=FACE_BOUND('',#3438,.T.);
#3884=FACE_BOUND('',#3439,.T.);
#3885=FACE_BOUND('',#3440,.T.);
#3886=FACE_BOUND('',#3441,.T.);
#3887=FACE_BOUND('',#3442,.T.);
#3888=FACE_BOUND('',#3443,.T.);
#3889=FACE_BOUND('',#3444,.T.);
#3890=FACE_BOUND('',#3445,.T.);
#3891=FACE_BOUND('',#3446,.T.);
#3892=FACE_BOUND('',#3447,.T.);
#3893=FACE_BOUND('',#3448,.T.);
#3894=FACE_BOUND('',#3449,.T.);
#3895=FACE_BOUND('',#3450,.T.);
#3896=FACE_BOUND('',#3451,.T.);
#3897=FACE_BOUND('',#3452,.T.);
#3898=FACE_BOUND('',#3453,.T.);
#3899=FACE_BOUND('',#3454,.T.);
#3900=FACE_BOUND('',#3455,.T.);
#3901=FACE_BOUND('',#3456,.T.);
#3902=FACE_BOUND('',#3457,.T.);
#3903=FACE_BOUND('',#3458,.T.);
#3904=FACE_BOUND('',#3459,.T.);
#3905=FACE_BOUND('',#3460,.T.);
#3906=FACE_BOUND('',#3461,.T.);
#3907=FACE_BOUND('',#3462,.T.);
#3908=FACE_BOUND('',#3463,.T.);
#3909=FACE_BOUND('',#3464,.T.);
#3910=FACE_BOUND('',#3465,.T.);
#3911=FACE_BOUND('',#3466,.T.);
#3912=FACE_BOUND('',#3467,.T.);
#3913=FACE_BOUND('',#3468,.T.);
#3914=FACE_BOUND('',#3469,.T.);
#3915=FACE_BOUND('',#3470,.T.);
#3916=FACE_BOUND('',#3471,.T.);
#3917=FACE_BOUND('',#3472,.T.);
#3918=FACE_BOUND('',#3473,.T.);
#3919=FACE_BOUND('',#3474,.T.);
#3920=FACE_BOUND('',#3475,.T.);
#3921=FACE_BOUND('',#3476,.T.);
#3922=FACE_BOUND('',#3477,.T.);
#3923=FACE_BOUND('',#3478,.T.);
#3924=FACE_BOUND('',#3479,.T.);
#3925=FACE_BOUND('',#3480,.T.);
#3926=FACE_BOUND('',#3481,.T.);
#3927=FACE_BOUND('',#3482,.T.);
#3928=FACE_BOUND('',#3483,.T.);
#3929=FACE_BOUND('',#3484,.T.);
#3930=FACE_BOUND('',#3485,.T.);
#3931=FACE_BOUND('',#3486,.T.);
#3932=FACE_BOUND('',#3487,.T.);
#3933=FACE_BOUND('',#3488,.T.);
#3934=FACE_BOUND('',#3489,.T.);
#3935=FACE_BOUND('',#3490,.T.);
#3936=FACE_BOUND('',#3491,.T.);
#3937=FACE_BOUND('',#3492,.T.);
#3938=FACE_BOUND('',#3493,.T.);
#3939=FACE_BOUND('',#3494,.T.);
#3940=FACE_BOUND('',#3495,.T.);
#3941=FACE_BOUND('',#3496,.T.);
#3942=FACE_BOUND('',#3497,.T.);
#3943=FACE_BOUND('',#3498,.T.);
#3944=FACE_BOUND('',#3499,.T.);
#3945=FACE_BOUND('',#3500,.T.);
#3946=FACE_BOUND('',#3501,.T.);
#3947=FACE_BOUND('',#3502,.T.);
#3948=FACE_BOUND('',#3503,.T.);
#3949=FACE_BOUND('',#3504,.T.);
#3950=FACE_BOUND('',#3505,.T.);
#3951=FACE_BOUND('',#3506,.T.);
#3952=FACE_BOUND('',#3507,.T.);
#3953=FACE_BOUND('',#3508,.T.);
#3954=FACE_BOUND('',#3509,.T.);
#3955=FACE_BOUND('',#3510,.T.);
#3956=FACE_BOUND('',#3511,.T.);
#3957=FACE_BOUND('',#3512,.T.);
#3958=FACE_BOUND('',#3513,.T.);
#3959=FACE_BOUND('',#3514,.T.);
#3960=FACE_BOUND('',#3515,.T.);
#3961=FACE_BOUND('',#3516,.T.);
#3962=FACE_BOUND('',#3517,.T.);
#3963=FACE_BOUND('',#3518,.T.);
#3964=FACE_BOUND('',#3519,.T.);
#3965=FACE_BOUND('',#3520,.T.);
#3966=FACE_BOUND('',#3521,.T.);
#3967=FACE_BOUND('',#3522,.T.);
#3968=FACE_BOUND('',#3523,.T.);
#3969=FACE_BOUND('',#3524,.T.);
#3970=FACE_BOUND('',#3525,.T.);
#3971=FACE_BOUND('',#3526,.T.);
#3972=FACE_BOUND('',#3527,.T.);
#3973=FACE_BOUND('',#3528,.T.);
#3974=FACE_BOUND('',#3529,.T.);
#3975=FACE_BOUND('',#3530,.T.);
#3976=FACE_BOUND('',#3531,.T.);
#3977=FACE_BOUND('',#3532,.T.);
#3978=FACE_BOUND('',#3533,.T.);
#3979=FACE_BOUND('',#3534,.T.);
#3980=FACE_BOUND('',#3535,.T.);
#3981=FACE_BOUND('',#3536,.T.);
#3982=FACE_BOUND('',#3537,.T.);
#3983=FACE_BOUND('',#3538,.T.);
#3984=FACE_BOUND('',#3539,.T.);
#3985=FACE_BOUND('',#3540,.T.);
#3986=FACE_BOUND('',#3541,.T.);
#3987=FACE_BOUND('',#3542,.T.);
#3988=FACE_BOUND('',#3543,.T.);
#3989=FACE_BOUND('',#3544,.T.);
#3990=FACE_BOUND('',#3545,.T.);
#3991=FACE_BOUND('',#3546,.T.);
#3992=FACE_BOUND('',#3547,.T.);
#3993=FACE_BOUND('',#3548,.T.);
#3994=FACE_BOUND('',#3549,.T.);
#3995=FACE_BOUND('',#3550,.T.);
#3996=FACE_BOUND('',#3551,.T.);
#3997=FACE_BOUND('',#3552,.T.);
#3998=FACE_BOUND('',#3553,.T.);
#3999=FACE_BOUND('',#3554,.T.);
#4000=FACE_BOUND('',#3555,.T.);
#4001=FACE_BOUND('',#3556,.T.);
#4002=FACE_BOUND('',#3557,.T.);
#4003=FACE_BOUND('',#3558,.T.);
#4004=FACE_BOUND('',#3559,.T.);
#4005=FACE_BOUND('',#3560,.T.);
#4006=FACE_BOUND('',#3561,.T.);
#4007=FACE_BOUND('',#3562,.T.);
#4008=FACE_BOUND('',#3563,.T.);
#4009=FACE_BOUND('',#3564,.T.);
#4010=FACE_BOUND('',#3565,.T.);
#4011=FACE_BOUND('',#3566,.T.);
#4012=FACE_BOUND('',#3567,.T.);
#4013=FACE_BOUND('',#3568,.T.);
#4014=FACE_BOUND('',#3569,.T.);
#4015=FACE_BOUND('',#3570,.T.);
#4016=FACE_BOUND('',#3571,.T.);
#4017=FACE_BOUND('',#3572,.T.);
#4018=FACE_BOUND('',#3573,.T.);
#4019=FACE_BOUND('',#3574,.T.);
#4020=FACE_BOUND('',#3575,.T.);
#4021=FACE_BOUND('',#3576,.T.);
#4022=FACE_BOUND('',#3577,.T.);
#4023=FACE_BOUND('',#3578,.T.);
#4024=FACE_BOUND('',#3579,.T.);
#4025=FACE_BOUND('',#3580,.T.);
#4026=FACE_BOUND('',#3581,.T.);
#4027=FACE_BOUND('',#3582,.T.);
#4028=FACE_BOUND('',#3583,.T.);
#4029=FACE_BOUND('',#3584,.T.);
#4030=FACE_BOUND('',#3585,.T.);
#4031=FACE_BOUND('',#3586,.T.);
#4032=FACE_BOUND('',#3587,.T.);
#4033=FACE_BOUND('',#3588,.T.);
#4034=FACE_BOUND('',#3589,.T.);
#4035=FACE_BOUND('',#3590,.T.);
#4036=FACE_BOUND('',#3591,.T.);
#4037=FACE_BOUND('',#3592,.T.);
#4038=FACE_BOUND('',#3593,.T.);
#4039=FACE_BOUND('',#3594,.T.);
#4040=FACE_BOUND('',#3595,.T.);
#4041=FACE_BOUND('',#3596,.T.);
#4042=FACE_BOUND('',#3597,.T.);
#4043=FACE_BOUND('',#3598,.T.);
#4044=FACE_BOUND('',#3599,.T.);
#4045=FACE_BOUND('',#3600,.T.);
#4046=FACE_BOUND('',#3601,.T.);
#4047=FACE_BOUND('',#3602,.T.);
#4048=FACE_BOUND('',#3603,.T.);
#4049=FACE_BOUND('',#3604,.T.);
#4050=FACE_BOUND('',#3605,.T.);
#4051=FACE_BOUND('',#3606,.T.);
#4052=FACE_BOUND('',#3607,.T.);
#4053=FACE_BOUND('',#3608,.T.);
#4054=FACE_BOUND('',#3609,.T.);
#4055=FACE_BOUND('',#3610,.T.);
#4056=FACE_BOUND('',#3611,.T.);
#4057=FACE_BOUND('',#3612,.T.);
#4058=FACE_BOUND('',#3613,.T.);
#4059=FACE_BOUND('',#3614,.T.);
#4060=FACE_BOUND('',#3615,.T.);
#4061=FACE_BOUND('',#3616,.T.);
#4062=FACE_BOUND('',#3617,.T.);
#4063=FACE_BOUND('',#3618,.T.);
#4064=FACE_BOUND('',#3619,.T.);
#4065=FACE_BOUND('',#3620,.T.);
#4066=FACE_BOUND('',#3621,.T.);
#4067=FACE_BOUND('',#3622,.T.);
#4068=FACE_BOUND('',#3623,.T.);
#4069=FACE_BOUND('',#3624,.T.);
#4070=FACE_BOUND('',#3625,.T.);
#4071=FACE_BOUND('',#3626,.T.);
#4072=FACE_BOUND('',#3627,.T.);
#4073=FACE_BOUND('',#3628,.T.);
#4074=FACE_BOUND('',#3629,.T.);
#4075=FACE_BOUND('',#3630,.T.);
#4076=FACE_BOUND('',#3631,.T.);
#4077=FACE_BOUND('',#3632,.T.);
#4078=FACE_BOUND('',#3633,.T.);
#4079=FACE_BOUND('',#3634,.T.);
#4080=FACE_BOUND('',#3635,.T.);
#4081=FACE_BOUND('',#3636,.T.);
#4082=FACE_BOUND('',#3637,.T.);
#4083=FACE_BOUND('',#3638,.T.);
#4084=FACE_BOUND('',#3639,.T.);
#4085=FACE_BOUND('',#3640,.T.);
#4086=FACE_BOUND('',#3641,.T.);
#4087=FACE_BOUND('',#3642,.T.);
#4088=FACE_BOUND('',#3643,.T.);
#4089=FACE_BOUND('',#3644,.T.);
#4090=FACE_BOUND('',#3645,.T.);
#4091=FACE_BOUND('',#3646,.T.);
#4092=FACE_BOUND('',#3647,.T.);
#4093=FACE_BOUND('',#3648,.T.);
#4094=FACE_BOUND('',#3649,.T.);
#4095=FACE_BOUND('',#3650,.T.);
#4096=FACE_BOUND('',#3651,.T.);
#4097=FACE_BOUND('',#3652,.T.);
#4098=FACE_BOUND('',#3653,.T.);
#4099=FACE_BOUND('',#3654,.T.);
#4100=FACE_BOUND('',#3655,.T.);
#4101=FACE_BOUND('',#3656,.T.);
#4102=FACE_BOUND('',#3657,.T.);
#4103=FACE_BOUND('',#3658,.T.);
#4104=FACE_BOUND('',#3659,.T.);
#4105=FACE_BOUND('',#3660,.T.);
#4106=FACE_BOUND('',#3661,.T.);
#4107=FACE_BOUND('',#3662,.T.);
#4108=FACE_BOUND('',#3663,.T.);
#4109=FACE_BOUND('',#3664,.T.);
#4110=FACE_BOUND('',#3665,.T.);
#4111=FACE_BOUND('',#3666,.T.);
#4112=FACE_BOUND('',#3667,.T.);
#4113=FACE_BOUND('',#3668,.T.);
#4114=FACE_BOUND('',#3669,.T.);
#4115=FACE_BOUND('',#3670,.T.);
#4116=FACE_BOUND('',#3671,.T.);
#4117=FACE_BOUND('',#3672,.T.);
#4118=FACE_BOUND('',#3673,.T.);
#4119=FACE_BOUND('',#3674,.T.);
#4120=FACE_BOUND('',#3675,.T.);
#4121=FACE_BOUND('',#3676,.T.);
#4122=FACE_BOUND('',#3677,.T.);
#4123=FACE_BOUND('',#3678,.T.);
#4124=FACE_BOUND('',#3679,.T.);
#4125=FACE_BOUND('',#3680,.T.);
#4126=FACE_BOUND('',#3681,.T.);
#4127=FACE_BOUND('',#3682,.T.);
#4128=FACE_BOUND('',#3683,.T.);
#4129=FACE_BOUND('',#3684,.T.);
#4130=FACE_BOUND('',#3685,.T.);
#4131=FACE_BOUND('',#3686,.T.);
#4132=FACE_BOUND('',#3687,.T.);
#4133=FACE_BOUND('',#3688,.T.);
#4134=FACE_BOUND('',#3689,.T.);
#4135=FACE_BOUND('',#3690,.T.);
#4136=FACE_BOUND('',#3691,.T.);
#4137=FACE_BOUND('',#3692,.T.);
#4138=FACE_BOUND('',#3693,.T.);
#4139=FACE_BOUND('',#3694,.T.);
#4140=FACE_BOUND('',#3695,.T.);
#4141=FACE_BOUND('',#3696,.T.);
#4142=FACE_BOUND('',#3697,.T.);
#4143=FACE_BOUND('',#3698,.T.);
#4144=FACE_BOUND('',#3699,.T.);
#4145=FACE_BOUND('',#3700,.T.);
#4146=FACE_BOUND('',#3701,.T.);
#4147=FACE_BOUND('',#3702,.T.);
#4148=FACE_BOUND('',#3703,.T.);
#4149=FACE_BOUND('',#3704,.T.);
#4150=FACE_BOUND('',#3705,.T.);
#4151=FACE_BOUND('',#3706,.T.);
#4152=FACE_BOUND('',#3707,.T.);
#4153=FACE_BOUND('',#3708,.T.);
#4154=FACE_BOUND('',#3709,.T.);
#4155=FACE_BOUND('',#3710,.T.);
#4156=FACE_BOUND('',#3711,.T.);
#4157=FACE_BOUND('',#3712,.T.);
#4158=FACE_BOUND('',#3713,.T.);
#4159=FACE_BOUND('',#3714,.T.);
#4160=FACE_BOUND('',#3715,.T.);
#4161=FACE_BOUND('',#3716,.T.);
#4162=FACE_BOUND('',#3717,.T.);
#4163=FACE_BOUND('',#3718,.T.);
#4164=FACE_BOUND('',#3719,.T.);
#4165=FACE_BOUND('',#3720,.T.);
#4166=FACE_BOUND('',#3721,.T.);
#4167=FACE_BOUND('',#3722,.T.);
#4168=FACE_BOUND('',#3723,.T.);
#4169=FACE_BOUND('',#3724,.T.);
#4170=FACE_BOUND('',#3725,.T.);
#4171=FACE_BOUND('',#3726,.T.);
#4172=FACE_BOUND('',#3727,.T.);
#4173=FACE_BOUND('',#3728,.T.);
#4174=FACE_BOUND('',#3729,.T.);
#4175=FACE_BOUND('',#3730,.T.);
#4176=FACE_BOUND('',#3731,.T.);
#4177=FACE_BOUND('',#3732,.T.);
#4178=FACE_BOUND('',#3733,.T.);
#4179=FACE_BOUND('',#3734,.T.);
#4180=FACE_BOUND('',#3735,.T.);
#4181=FACE_BOUND('',#3736,.T.);
#4182=FACE_BOUND('',#3737,.T.);
#4183=FACE_BOUND('',#3738,.T.);
#4184=FACE_BOUND('',#3739,.T.);
#4185=FACE_BOUND('',#3740,.T.);
#4186=FACE_BOUND('',#3741,.T.);
#4187=FACE_BOUND('',#3742,.T.);
#4188=FACE_BOUND('',#3743,.T.);
#4189=FACE_BOUND('',#3744,.T.);
#4190=FACE_BOUND('',#3745,.T.);
#4191=FACE_BOUND('',#3746,.T.);
#4192=FACE_BOUND('',#3747,.T.);
#4193=FACE_BOUND('',#3748,.T.);
#4194=FACE_BOUND('',#3749,.T.);
#4195=FACE_BOUND('',#3750,.T.);
#4196=FACE_BOUND('',#3751,.T.);
#4197=FACE_BOUND('',#3752,.T.);
#4198=FACE_BOUND('',#3753,.T.);
#4199=FACE_BOUND('',#3754,.T.);
#4200=FACE_BOUND('',#3755,.T.);
#4201=FACE_BOUND('',#3756,.T.);
#4202=FACE_BOUND('',#3757,.T.);
#4203=FACE_BOUND('',#3758,.T.);
#4204=FACE_BOUND('',#3759,.T.);
#4205=FACE_BOUND('',#3760,.T.);
#4206=FACE_BOUND('',#3761,.T.);
#4207=FACE_BOUND('',#3762,.T.);
#4208=FACE_BOUND('',#3763,.T.);
#4209=FACE_BOUND('',#3764,.T.);
#4210=FACE_BOUND('',#3765,.T.);
#4211=FACE_BOUND('',#3766,.T.);
#4212=FACE_BOUND('',#3767,.T.);
#4213=FACE_BOUND('',#3768,.T.);
#4214=FACE_BOUND('',#3769,.T.);
#4215=FACE_BOUND('',#3770,.T.);
#4216=FACE_BOUND('',#3771,.T.);
#4217=PLANE('',#4540);
#4218=PLANE('',#4580);
#4219=PLANE('',#4596);
#4220=PLANE('',#4609);
#4221=PLANE('',#4621);
#4222=PLANE('',#4622);
#4223=PLANE('',#4623);
#4224=PLANE('',#4624);
#4225=PLANE('',#4625);
#4226=PLANE('',#4626);
#4227=PLANE('',#4627);
#4228=PLANE('',#4628);
#4229=PLANE('',#4641);
#4230=PLANE('',#4650);
#4231=PLANE('',#4665);
#4232=PLANE('',#4666);
#4233=PLANE('',#4667);
#4234=PLANE('',#4677);
#4235=PLANE('',#4678);
#4236=PLANE('',#4685);
#4237=PLANE('',#4701);
#4238=PLANE('',#4704);
#4239=PLANE('',#4749);
#4240=PLANE('',#4751);
#4241=PLANE('',#4756);
#4242=PLANE('',#4772);
#4243=PLANE('',#4782);
#4244=PLANE('',#4794);
#4245=PLANE('',#4795);
#4246=PLANE('',#4796);
#4247=PLANE('',#4797);
#4248=PLANE('',#4798);
#4249=PLANE('',#4799);
#4250=PLANE('',#4800);
#4251=PLANE('',#4801);
#4252=PLANE('',#4810);
#4253=PLANE('',#4825);
#4254=PLANE('',#4826);
#4255=PLANE('',#4827);
#4256=PLANE('',#4837);
#4257=PLANE('',#4838);
#4258=PLANE('',#4839);
#4259=PLANE('',#4869);
#4260=PLANE('',#4885);
#4261=PLANE('',#4888);
#4262=PLANE('',#4936);
#4263=PLANE('',#4941);
#4264=PLANE('',#4942);
#4265=PLANE('',#4943);
#4266=PLANE('',#4944);
#4267=PLANE('',#4949);
#4268=PLANE('',#4950);
#4269=PLANE('',#4951);
#4270=PLANE('',#4952);
#4271=PLANE('',#4953);
#4272=PLANE('',#4954);
#4273=PLANE('',#4955);
#4274=PLANE('',#4956);
#4275=PLANE('',#4957);
#4276=PLANE('',#4958);
#4277=PLANE('',#4963);
#4278=PLANE('',#4964);
#4279=PLANE('',#4965);
#4280=PLANE('',#4966);
#4281=PLANE('',#4967);
#4282=PLANE('',#4968);
#4283=PLANE('',#4971);
#4284=PLANE('',#4972);
#4285=PLANE('',#4973);
#4286=PLANE('',#4974);
#4287=PLANE('',#4975);
#4288=PLANE('',#4976);
#4289=PLANE('',#4977);
#4290=PLANE('',#4978);
#4291=PLANE('',#4979);
#4292=PLANE('',#4980);
#4293=PLANE('',#4981);
#4294=PLANE('',#4982);
#4295=PLANE('',#4983);
#4296=PLANE('',#4984);
#4297=PLANE('',#4985);
#4298=PLANE('',#4986);
#4299=ADVANCED_FACE('',(#3772,#3773,#3774,#3775,#3776,#3777,#3778,#3779,
#3780,#3781,#3782,#3783,#3784,#3785,#3786,#3787,#3788,#3789,#3790,#3791,
#3792,#3793,#3794),#4217,.T.);
#4300=ADVANCED_FACE('',(#3795),#35,.F.);
#4301=ADVANCED_FACE('',(#3796,#3797,#3798,#3799,#3800,#3801,#3802,#3803,
#3804,#3805),#4218,.T.);
#4302=ADVANCED_FACE('',(#3806,#3807,#3808,#3809,#3810,#3811,#3812,#3813),
#4219,.F.);
#4303=ADVANCED_FACE('',(#3814),#36,.F.);
#4304=ADVANCED_FACE('',(#3815,#3816,#3817,#3818,#3819,#3820,#3821,#3822),
#4220,.T.);
#4305=ADVANCED_FACE('',(#3823),#37,.F.);
#4306=ADVANCED_FACE('',(#3824),#38,.F.);
#4307=ADVANCED_FACE('',(#3825),#4221,.F.);
#4308=ADVANCED_FACE('',(#3826),#4222,.F.);
#4309=ADVANCED_FACE('',(#3827),#4223,.F.);
#4310=ADVANCED_FACE('',(#3828),#4224,.F.);
#4311=ADVANCED_FACE('',(#3829),#4225,.F.);
#4312=ADVANCED_FACE('',(#3830),#4226,.F.);
#4313=ADVANCED_FACE('',(#3831),#4227,.F.);
#4314=ADVANCED_FACE('',(#3832,#3833,#3834,#3835,#3836,#3837,#3838,#3839,
#3840,#3841,#3842),#4228,.F.);
#4315=ADVANCED_FACE('',(#3843),#4229,.F.);
#4316=ADVANCED_FACE('',(#3844),#39,.F.);
#4317=ADVANCED_FACE('',(#3845),#40,.F.);
#4318=ADVANCED_FACE('',(#3846),#41,.F.);
#4319=ADVANCED_FACE('',(#3847,#3848,#3849,#3850,#3851,#3852,#3853,#3854,
#3855,#3856),#4230,.T.);
#4320=ADVANCED_FACE('',(#3857),#4231,.T.);
#4321=ADVANCED_FACE('',(#3858),#4232,.T.);
#4322=ADVANCED_FACE('',(#3859,#3860,#3861,#3862,#3863,#3864,#3865,#3866),
#4233,.F.);
#4323=ADVANCED_FACE('',(#3867),#4234,.F.);
#4324=ADVANCED_FACE('',(#3868),#4235,.F.);
#4325=ADVANCED_FACE('',(#3869),#42,.F.);
#4326=ADVANCED_FACE('',(#3870),#43,.T.);
#4327=ADVANCED_FACE('',(#3871,#3872,#3873,#3874,#3875,#3876,#3877,#3878),
#4236,.T.);
#4328=ADVANCED_FACE('',(#3879),#44,.T.);
#4329=ADVANCED_FACE('',(#3880),#45,.T.);
#4330=ADVANCED_FACE('',(#3881),#46,.T.);
#4331=ADVANCED_FACE('',(#3882),#47,.T.);
#4332=ADVANCED_FACE('',(#3883,#3884),#48,.F.);
#4333=ADVANCED_FACE('',(#3885),#4237,.T.);
#4334=ADVANCED_FACE('',(#3886,#3887),#49,.F.);
#4335=ADVANCED_FACE('',(#3888),#4238,.T.);
#4336=ADVANCED_FACE('',(#3889,#3890),#50,.F.);
#4337=ADVANCED_FACE('',(#3891,#3892),#51,.F.);
#4338=ADVANCED_FACE('',(#3893,#3894),#52,.F.);
#4339=ADVANCED_FACE('',(#3895,#3896),#53,.F.);
#4340=ADVANCED_FACE('',(#3897,#3898),#54,.F.);
#4341=ADVANCED_FACE('',(#3899,#3900),#55,.F.);
#4342=ADVANCED_FACE('',(#3901,#3902),#56,.F.);
#4343=ADVANCED_FACE('',(#3903,#3904),#57,.F.);
#4344=ADVANCED_FACE('',(#3905,#3906),#58,.F.);
#4345=ADVANCED_FACE('',(#3907,#3908),#59,.F.);
#4346=ADVANCED_FACE('',(#3909,#3910),#60,.F.);
#4347=ADVANCED_FACE('',(#3911,#3912),#61,.F.);
#4348=ADVANCED_FACE('',(#3913,#3914),#62,.F.);
#4349=ADVANCED_FACE('',(#3915,#3916),#63,.F.);
#4350=ADVANCED_FACE('',(#3917,#3918),#64,.F.);
#4351=ADVANCED_FACE('',(#3919,#3920),#65,.F.);
#4352=ADVANCED_FACE('',(#3921,#3922),#66,.F.);
#4353=ADVANCED_FACE('',(#3923,#3924),#67,.F.);
#4354=ADVANCED_FACE('',(#3925),#68,.F.);
#4355=ADVANCED_FACE('',(#3926),#69,.F.);
#4356=ADVANCED_FACE('',(#3927),#70,.F.);
#4357=ADVANCED_FACE('',(#3928),#71,.F.);
#4358=ADVANCED_FACE('',(#3929),#72,.F.);
#4359=ADVANCED_FACE('',(#3930),#73,.F.);
#4360=ADVANCED_FACE('',(#3931),#74,.F.);
#4361=ADVANCED_FACE('',(#3932),#75,.F.);
#4362=ADVANCED_FACE('',(#3933),#76,.F.);
#4363=ADVANCED_FACE('',(#3934),#77,.F.);
#4364=ADVANCED_FACE('',(#3935,#3936),#78,.F.);
#4365=ADVANCED_FACE('',(#3937,#3938),#79,.F.);
#4366=ADVANCED_FACE('',(#3939,#3940),#80,.F.);
#4367=ADVANCED_FACE('',(#3941,#3942),#81,.F.);
#4368=ADVANCED_FACE('',(#3943,#3944),#82,.F.);
#4369=ADVANCED_FACE('',(#3945,#3946),#83,.F.);
#4370=ADVANCED_FACE('',(#3947),#84,.F.);
#4371=ADVANCED_FACE('',(#3948,#3949),#85,.F.);
#4372=ADVANCED_FACE('',(#3950,#3951),#86,.F.);
#4373=ADVANCED_FACE('',(#3952,#3953),#87,.F.);
#4374=ADVANCED_FACE('',(#3954),#88,.F.);
#4375=ADVANCED_FACE('',(#3955,#3956),#89,.F.);
#4376=ADVANCED_FACE('',(#3957,#3958),#90,.F.);
#4377=ADVANCED_FACE('',(#3959,#3960),#91,.F.);
#4378=ADVANCED_FACE('',(#3961,#3962),#92,.F.);
#4379=ADVANCED_FACE('',(#3963,#3964),#93,.F.);
#4380=ADVANCED_FACE('',(#3965,#3966,#3967,#3968),#4239,.T.);
#4381=ADVANCED_FACE('',(#3969,#3970,#3971,#3972),#4240,.F.);
#4382=ADVANCED_FACE('',(#3973),#94,.F.);
#4383=ADVANCED_FACE('',(#3974,#3975,#3976,#3977,#3978,#3979,#3980,#3981,
#3982,#3983),#4241,.T.);
#4384=ADVANCED_FACE('',(#3984,#3985,#3986,#3987,#3988,#3989,#3990,#3991),
#4242,.F.);
#4385=ADVANCED_FACE('',(#3992,#3993,#3994,#3995,#3996,#3997,#3998,#3999),
#4243,.T.);
#4386=ADVANCED_FACE('',(#4000),#95,.F.);
#4387=ADVANCED_FACE('',(#4001),#96,.F.);
#4388=ADVANCED_FACE('',(#4002),#4244,.F.);
#4389=ADVANCED_FACE('',(#4003),#4245,.F.);
#4390=ADVANCED_FACE('',(#4004),#4246,.F.);
#4391=ADVANCED_FACE('',(#4005),#4247,.F.);
#4392=ADVANCED_FACE('',(#4006),#4248,.F.);
#4393=ADVANCED_FACE('',(#4007),#4249,.F.);
#4394=ADVANCED_FACE('',(#4008),#4250,.F.);
#4395=ADVANCED_FACE('',(#4009),#4251,.F.);
#4396=ADVANCED_FACE('',(#4010),#97,.F.);
#4397=ADVANCED_FACE('',(#4011),#98,.F.);
#4398=ADVANCED_FACE('',(#4012),#99,.F.);
#4399=ADVANCED_FACE('',(#4013,#4014,#4015,#4016,#4017,#4018,#4019,#4020,
#4021,#4022),#4252,.T.);
#4400=ADVANCED_FACE('',(#4023),#4253,.T.);
#4401=ADVANCED_FACE('',(#4024),#4254,.T.);
#4402=ADVANCED_FACE('',(#4025,#4026,#4027,#4028,#4029,#4030,#4031,#4032),
#4255,.F.);
#4403=ADVANCED_FACE('',(#4033),#4256,.F.);
#4404=ADVANCED_FACE('',(#4034),#4257,.F.);
#4405=ADVANCED_FACE('',(#4035,#4036,#4037,#4038,#4039,#4040,#4041,#4042,
#4043,#4044,#4045,#4046,#4047,#4048,#4049,#4050,#4051,#4052,#4053),#4258,
 .T.);
#4406=ADVANCED_FACE('',(#4054,#4055,#4056,#4057,#4058,#4059,#4060,#4061),
#4259,.T.);
#4407=ADVANCED_FACE('',(#4062),#100,.T.);
#4408=ADVANCED_FACE('',(#4063),#101,.T.);
#4409=ADVANCED_FACE('',(#4064),#102,.T.);
#4410=ADVANCED_FACE('',(#4065),#103,.T.);
#4411=ADVANCED_FACE('',(#4066,#4067),#104,.F.);
#4412=ADVANCED_FACE('',(#4068),#4260,.T.);
#4413=ADVANCED_FACE('',(#4069,#4070),#105,.F.);
#4414=ADVANCED_FACE('',(#4071),#4261,.T.);
#4415=ADVANCED_FACE('',(#4072,#4073),#106,.F.);
#4416=ADVANCED_FACE('',(#4074,#4075),#107,.F.);
#4417=ADVANCED_FACE('',(#4076,#4077),#108,.F.);
#4418=ADVANCED_FACE('',(#4078,#4079),#109,.F.);
#4419=ADVANCED_FACE('',(#4080,#4081),#110,.F.);
#4420=ADVANCED_FACE('',(#4082,#4083),#111,.F.);
#4421=ADVANCED_FACE('',(#4084,#4085),#112,.F.);
#4422=ADVANCED_FACE('',(#4086,#4087),#113,.F.);
#4423=ADVANCED_FACE('',(#4088,#4089),#114,.F.);
#4424=ADVANCED_FACE('',(#4090,#4091),#115,.F.);
#4425=ADVANCED_FACE('',(#4092,#4093),#116,.F.);
#4426=ADVANCED_FACE('',(#4094,#4095),#117,.F.);
#4427=ADVANCED_FACE('',(#4096,#4097),#118,.F.);
#4428=ADVANCED_FACE('',(#4098,#4099),#119,.F.);
#4429=ADVANCED_FACE('',(#4100,#4101),#120,.F.);
#4430=ADVANCED_FACE('',(#4102,#4103),#121,.F.);
#4431=ADVANCED_FACE('',(#4104,#4105),#122,.F.);
#4432=ADVANCED_FACE('',(#4106,#4107),#123,.F.);
#4433=ADVANCED_FACE('',(#4108),#124,.F.);
#4434=ADVANCED_FACE('',(#4109),#125,.F.);
#4435=ADVANCED_FACE('',(#4110),#126,.F.);
#4436=ADVANCED_FACE('',(#4111),#127,.F.);
#4437=ADVANCED_FACE('',(#4112),#128,.F.);
#4438=ADVANCED_FACE('',(#4113),#129,.F.);
#4439=ADVANCED_FACE('',(#4114),#130,.F.);
#4440=ADVANCED_FACE('',(#4115),#131,.F.);
#4441=ADVANCED_FACE('',(#4116),#132,.F.);
#4442=ADVANCED_FACE('',(#4117),#133,.F.);
#4443=ADVANCED_FACE('',(#4118,#4119),#134,.F.);
#4444=ADVANCED_FACE('',(#4120,#4121),#135,.F.);
#4445=ADVANCED_FACE('',(#4122,#4123),#136,.F.);
#4446=ADVANCED_FACE('',(#4124,#4125),#137,.F.);
#4447=ADVANCED_FACE('',(#4126,#4127),#138,.F.);
#4448=ADVANCED_FACE('',(#4128,#4129),#139,.F.);
#4449=ADVANCED_FACE('',(#4130),#140,.F.);
#4450=ADVANCED_FACE('',(#4131,#4132),#141,.F.);
#4451=ADVANCED_FACE('',(#4133,#4134),#142,.F.);
#4452=ADVANCED_FACE('',(#4135,#4136),#143,.F.);
#4453=ADVANCED_FACE('',(#4137),#144,.F.);
#4454=ADVANCED_FACE('',(#4138,#4139),#145,.F.);
#4455=ADVANCED_FACE('',(#4140,#4141),#146,.F.);
#4456=ADVANCED_FACE('',(#4142,#4143),#147,.F.);
#4457=ADVANCED_FACE('',(#4144,#4145),#148,.F.);
#4458=ADVANCED_FACE('',(#4146,#4147),#149,.F.);
#4459=ADVANCED_FACE('',(#4148,#4149),#150,.F.);
#4460=ADVANCED_FACE('',(#4150),#33,.T.);
#4461=ADVANCED_FACE('',(#4151),#34,.T.);
#4462=ADVANCED_FACE('',(#4152),#12,.T.);
#4463=ADVANCED_FACE('',(#4153),#13,.T.);
#4464=ADVANCED_FACE('',(#4154),#14,.T.);
#4465=ADVANCED_FACE('',(#4155),#15,.T.);
#4466=ADVANCED_FACE('',(#4156),#16,.T.);
#4467=ADVANCED_FACE('',(#4157),#17,.T.);
#4468=ADVANCED_FACE('',(#4158),#18,.T.);
#4469=ADVANCED_FACE('',(#4159),#19,.T.);
#4470=ADVANCED_FACE('',(#4160),#20,.T.);
#4471=ADVANCED_FACE('',(#4161),#4262,.T.);
#4472=ADVANCED_FACE('',(#4162),#21,.T.);
#4473=ADVANCED_FACE('',(#4163),#22,.T.);
#4474=ADVANCED_FACE('',(#4164),#23,.T.);
#4475=ADVANCED_FACE('',(#4165),#24,.T.);
#4476=ADVANCED_FACE('',(#4166),#25,.T.);
#4477=ADVANCED_FACE('',(#4167),#26,.T.);
#4478=ADVANCED_FACE('',(#4168),#27,.T.);
#4479=ADVANCED_FACE('',(#4169),#28,.T.);
#4480=ADVANCED_FACE('',(#4170),#29,.T.);
#4481=ADVANCED_FACE('',(#4171),#30,.T.);
#4482=ADVANCED_FACE('',(#4172),#151,.T.);
#4483=ADVANCED_FACE('',(#4173),#152,.T.);
#4484=ADVANCED_FACE('',(#4174),#4263,.T.);
#4485=ADVANCED_FACE('',(#4175),#31,.T.);
#4486=ADVANCED_FACE('',(#4176),#32,.T.);
#4487=ADVANCED_FACE('',(#4177),#4264,.T.);
#4488=ADVANCED_FACE('',(#4178),#4265,.T.);
#4489=ADVANCED_FACE('',(#4179),#4266,.T.);
#4490=ADVANCED_FACE('',(#4180),#153,.F.);
#4491=ADVANCED_FACE('',(#4181),#154,.F.);
#4492=ADVANCED_FACE('',(#4182),#4267,.T.);
#4493=ADVANCED_FACE('',(#4183),#4268,.T.);
#4494=ADVANCED_FACE('',(#4184),#4269,.T.);
#4495=ADVANCED_FACE('',(#4185),#4270,.T.);
#4496=ADVANCED_FACE('',(#4186),#4271,.T.);
#4497=ADVANCED_FACE('',(#4187),#4272,.T.);
#4498=ADVANCED_FACE('',(#4188),#4273,.T.);
#4499=ADVANCED_FACE('',(#4189),#4274,.T.);
#4500=ADVANCED_FACE('',(#4190),#4275,.T.);
#4501=ADVANCED_FACE('',(#4191),#4276,.T.);
#4502=ADVANCED_FACE('',(#4192),#155,.F.);
#4503=ADVANCED_FACE('',(#4193),#156,.F.);
#4504=ADVANCED_FACE('',(#4194),#4277,.T.);
#4505=ADVANCED_FACE('',(#4195),#4278,.T.);
#4506=ADVANCED_FACE('',(#4196),#4279,.T.);
#4507=ADVANCED_FACE('',(#4197),#4280,.T.);
#4508=ADVANCED_FACE('',(#4198),#4281,.T.);
#4509=ADVANCED_FACE('',(#4199),#4282,.T.);
#4510=ADVANCED_FACE('',(#4200),#157,.F.);
#4511=ADVANCED_FACE('',(#4201),#4283,.T.);
#4512=ADVANCED_FACE('',(#4202),#4284,.T.);
#4513=ADVANCED_FACE('',(#4203),#4285,.T.);
#4514=ADVANCED_FACE('',(#4204),#4286,.T.);
#4515=ADVANCED_FACE('',(#4205),#4287,.T.);
#4516=ADVANCED_FACE('',(#4206),#4288,.T.);
#4517=ADVANCED_FACE('',(#4207),#4289,.T.);
#4518=ADVANCED_FACE('',(#4208),#4290,.T.);
#4519=ADVANCED_FACE('',(#4209),#4291,.T.);
#4520=ADVANCED_FACE('',(#4210),#4292,.T.);
#4521=ADVANCED_FACE('',(#4211),#4293,.T.);
#4522=ADVANCED_FACE('',(#4212),#4294,.T.);
#4523=ADVANCED_FACE('',(#4213),#4295,.T.);
#4524=ADVANCED_FACE('',(#4214),#4296,.T.);
#4525=ADVANCED_FACE('',(#4215),#4297,.T.);
#4526=ADVANCED_FACE('',(#4216),#4298,.T.);
#4527=CLOSED_SHELL('',(#4299,#4300,#4301,#4302,#4303,#4304,#4305,#4306,
#4307,#4308,#4309,#4310,#4311,#4312,#4313,#4314,#4315,#4316,#4317,#4318,
#4319,#4320,#4321,#4322,#4323,#4324,#4325,#4326,#4327,#4328,#4329,#4330,
#4331,#4332,#4333,#4334,#4335,#4336,#4337,#4338,#4339,#4340,#4341,#4342,
#4343,#4344,#4345,#4346,#4347,#4348,#4349,#4350,#4351,#4352,#4353,#4354,
#4355,#4356,#4357,#4358,#4359,#4360,#4361,#4362,#4363,#4364,#4365,#4366,
#4367,#4368,#4369,#4370,#4371,#4372,#4373,#4374,#4375,#4376,#4377,#4378,
#4379,#4380,#4381,#4382,#4383,#4384,#4385,#4386,#4387,#4388,#4389,#4390,
#4391,#4392,#4393,#4394,#4395,#4396,#4397,#4398,#4399,#4400,#4401,#4402,
#4403,#4404,#4405,#4406,#4407,#4408,#4409,#4410,#4411,#4412,#4413,#4414,
#4415,#4416,#4417,#4418,#4419,#4420,#4421,#4422,#4423,#4424,#4425,#4426,
#4427,#4428,#4429,#4430,#4431,#4432,#4433,#4434,#4435,#4436,#4437,#4438,
#4439,#4440,#4441,#4442,#4443,#4444,#4445,#4446,#4447,#4448,#4449,#4450,
#4451,#4452,#4453,#4454,#4455,#4456,#4457,#4458,#4459,#4460,#4461,#4462,
#4463,#4464,#4465,#4466,#4467,#4468,#4469,#4470,#4471,#4472,#4473,#4474,
#4475,#4476,#4477,#4478,#4479,#4480,#4481,#4482,#4483,#4484,#4485,#4486,
#4487,#4488,#4489,#4490,#4491,#4492,#4493,#4494,#4495,#4496,#4497,#4498,
#4499,#4500,#4501,#4502,#4503,#4504,#4505,#4506,#4507,#4508,#4509,#4510,
#4511,#4512,#4513,#4514,#4515,#4516,#4517,#4518,#4519,#4520,#4521,#4522,
#4523,#4524,#4525,#4526));
#4528=STYLED_ITEM('',(#4529),#4536);
#4529=PRESENTATION_STYLE_ASSIGNMENT((#4530));
#4530=SURFACE_STYLE_USAGE(.BOTH.,#4531);
#4531=SURFACE_SIDE_STYLE('',(#4532));
#4532=SURFACE_STYLE_FILL_AREA(#4533);
#4533=FILL_AREA_STYLE('',(#4534));
#4534=FILL_AREA_STYLE_COLOUR('',#4535);
#4535=COLOUR_RGB('',0.615686274509804,0.811764705882353,0.929411764705882);
#4536=MANIFOLD_SOLID_BREP('Part 1',#4527);
#4537=SHAPE_DEFINITION_REPRESENTATION(#7797,#4538);
#4538=SHAPE_REPRESENTATION('Part 1',(#4539),#7792);
#4539=AXIS2_PLACEMENT_3D('',#6192,#4987,#4988);
#4540=AXIS2_PLACEMENT_3D('',#6193,#4989,#4990);
#4541=AXIS2_PLACEMENT_3D('',#6197,#4992,#4993);
#4542=AXIS2_PLACEMENT_3D('',#6201,#4995,#4996);
#4543=AXIS2_PLACEMENT_3D('',#6205,#4998,#4999);
#4544=AXIS2_PLACEMENT_3D('',#6209,#5001,#5002);
#4545=AXIS2_PLACEMENT_3D('',#6213,#5004,#5005);
#4546=AXIS2_PLACEMENT_3D('',#6217,#5007,#5008);
#4547=AXIS2_PLACEMENT_3D('',#6221,#5010,#5011);
#4548=AXIS2_PLACEMENT_3D('',#6225,#5013,#5014);
#4549=AXIS2_PLACEMENT_3D('',#6229,#5016,#5017);
#4550=AXIS2_PLACEMENT_3D('',#6233,#5019,#5020);
#4551=AXIS2_PLACEMENT_3D('',#6237,#5022,#5023);
#4552=AXIS2_PLACEMENT_3D('',#6238,#5024,#5025);
#4553=AXIS2_PLACEMENT_3D('',#6240,#5026,#5027);
#4554=AXIS2_PLACEMENT_3D('',#6242,#5028,#5029);
#4555=AXIS2_PLACEMENT_3D('',#6244,#5030,#5031);
#4556=AXIS2_PLACEMENT_3D('',#6246,#5032,#5033);
#4557=AXIS2_PLACEMENT_3D('',#6248,#5034,#5035);
#4558=AXIS2_PLACEMENT_3D('',#6250,#5036,#5037);
#4559=AXIS2_PLACEMENT_3D('',#6252,#5038,#5039);
#4560=AXIS2_PLACEMENT_3D('',#6254,#5040,#5041);
#4561=AXIS2_PLACEMENT_3D('',#6256,#5042,#5043);
#4562=AXIS2_PLACEMENT_3D('',#6258,#5044,#5045);
#4563=AXIS2_PLACEMENT_3D('',#6260,#5046,#5047);
#4564=AXIS2_PLACEMENT_3D('',#6262,#5048,#5049);
#4565=AXIS2_PLACEMENT_3D('',#6264,#5050,#5051);
#4566=AXIS2_PLACEMENT_3D('',#6266,#5052,#5053);
#4567=AXIS2_PLACEMENT_3D('',#6268,#5054,#5055);
#4568=AXIS2_PLACEMENT_3D('',#6270,#5056,#5057);
#4569=AXIS2_PLACEMENT_3D('',#6272,#5058,#5059);
#4570=AXIS2_PLACEMENT_3D('',#6293,#5061,#5062);
#4571=AXIS2_PLACEMENT_3D('',#6295,#5063,#5064);
#4572=AXIS2_PLACEMENT_3D('',#6381,#5073,#5074);
#4573=AXIS2_PLACEMENT_3D('',#6383,#5075,#5076);
#4574=AXIS2_PLACEMENT_3D('',#6393,#5081,#5082);
#4575=AXIS2_PLACEMENT_3D('',#6407,#5089,#5090);
#4576=AXIS2_PLACEMENT_3D('',#6409,#5091,#5092);
#4577=AXIS2_PLACEMENT_3D('',#6438,#5107,#5108);
#4578=AXIS2_PLACEMENT_3D('',#6439,#5109,#5110);
#4579=AXIS2_PLACEMENT_3D('',#6444,#5112,#5113);
#4580=AXIS2_PLACEMENT_3D('',#6455,#5114,#5115);
#4581=AXIS2_PLACEMENT_3D('',#6456,#5116,#5117);
#4582=AXIS2_PLACEMENT_3D('',#6458,#5118,#5119);
#4583=AXIS2_PLACEMENT_3D('',#6460,#5120,#5121);
#4584=AXIS2_PLACEMENT_3D('',#6462,#5122,#5123);
#4585=AXIS2_PLACEMENT_3D('',#6464,#5124,#5125);
#4586=AXIS2_PLACEMENT_3D('',#6466,#5126,#5127);
#4587=AXIS2_PLACEMENT_3D('',#6468,#5128,#5129);
#4588=AXIS2_PLACEMENT_3D('',#6470,#5130,#5131);
#4589=AXIS2_PLACEMENT_3D('',#6472,#5132,#5133);
#4590=AXIS2_PLACEMENT_3D('',#6474,#5134,#5135);
#4591=AXIS2_PLACEMENT_3D('',#6481,#5138,#5139);
#4592=AXIS2_PLACEMENT_3D('',#6485,#5141,#5142);
#4593=AXIS2_PLACEMENT_3D('',#6489,#5144,#5145);
#4594=AXIS2_PLACEMENT_3D('',#6493,#5147,#5148);
#4595=AXIS2_PLACEMENT_3D('',#6497,#5150,#5151);
#4596=AXIS2_PLACEMENT_3D('',#6502,#5154,#5155);
#4597=AXIS2_PLACEMENT_3D('',#6503,#5156,#5157);
#4598=AXIS2_PLACEMENT_3D('',#6505,#5158,#5159);
#4599=AXIS2_PLACEMENT_3D('',#6507,#5160,#5161);
#4600=AXIS2_PLACEMENT_3D('',#6509,#5162,#5163);
#4601=AXIS2_PLACEMENT_3D('',#6511,#5164,#5165);
#4602=AXIS2_PLACEMENT_3D('',#6513,#5166,#5167);
#4603=AXIS2_PLACEMENT_3D('',#6515,#5168,#5169);
#4604=AXIS2_PLACEMENT_3D('',#6525,#5174,#5175);
#4605=AXIS2_PLACEMENT_3D('',#6529,#5177,#5178);
#4606=AXIS2_PLACEMENT_3D('',#6530,#5179,#5180);
#4607=AXIS2_PLACEMENT_3D('',#6531,#5181,#5182);
#4608=AXIS2_PLACEMENT_3D('',#6536,#5184,#5185);
#4609=AXIS2_PLACEMENT_3D('',#6539,#5187,#5188);
#4610=AXIS2_PLACEMENT_3D('',#6540,#5189,#5190);
#4611=AXIS2_PLACEMENT_3D('',#6542,#5191,#5192);
#4612=AXIS2_PLACEMENT_3D('',#6544,#5193,#5194);
#4613=AXIS2_PLACEMENT_3D('',#6546,#5195,#5196);
#4614=AXIS2_PLACEMENT_3D('',#6548,#5197,#5198);
#4615=AXIS2_PLACEMENT_3D('',#6550,#5199,#5200);
#4616=AXIS2_PLACEMENT_3D('',#6552,#5201,#5202);
#4617=AXIS2_PLACEMENT_3D('',#6558,#5205,#5206);
#4618=AXIS2_PLACEMENT_3D('',#6562,#5208,#5209);
#4619=AXIS2_PLACEMENT_3D('',#6565,#5211,#5212);
#4620=AXIS2_PLACEMENT_3D('',#6568,#5215,#5216);
#4621=AXIS2_PLACEMENT_3D('',#6571,#5219,#5220);
#4622=AXIS2_PLACEMENT_3D('',#6577,#5224,#5225);
#4623=AXIS2_PLACEMENT_3D('',#6583,#5229,#5230);
#4624=AXIS2_PLACEMENT_3D('',#6589,#5234,#5235);
#4625=AXIS2_PLACEMENT_3D('',#6592,#5238,#5239);
#4626=AXIS2_PLACEMENT_3D('',#6595,#5242,#5243);
#4627=AXIS2_PLACEMENT_3D('',#6598,#5246,#5247);
#4628=AXIS2_PLACEMENT_3D('',#6601,#5250,#5251);
#4629=AXIS2_PLACEMENT_3D('',#6628,#5262,#5263);
#4630=AXIS2_PLACEMENT_3D('',#6648,#5273,#5274);
#4631=AXIS2_PLACEMENT_3D('',#6673,#5281,#5282);
#4632=AXIS2_PLACEMENT_3D('',#6684,#5289,#5290);
#4633=AXIS2_PLACEMENT_3D('',#6694,#5293,#5294);
#4634=AXIS2_PLACEMENT_3D('',#6699,#5297,#5298);
#4635=AXIS2_PLACEMENT_3D('',#6701,#5299,#5300);
#4636=AXIS2_PLACEMENT_3D('',#6709,#5304,#5305);
#4637=AXIS2_PLACEMENT_3D('',#6718,#5309,#5310);
#4638=AXIS2_PLACEMENT_3D('',#6719,#5311,#5312);
#4639=AXIS2_PLACEMENT_3D('',#6721,#5313,#5314);
#4640=AXIS2_PLACEMENT_3D('',#6729,#5318,#5319);
#4641=AXIS2_PLACEMENT_3D('',#6731,#5320,#5321);
#4642=AXIS2_PLACEMENT_3D('',#6737,#5325,#5326);
#4643=AXIS2_PLACEMENT_3D('',#6751,#5327,#5328);
#4644=AXIS2_PLACEMENT_3D('',#6752,#5329,#5330);
#4645=AXIS2_PLACEMENT_3D('',#6753,#5331,#5332);
#4646=AXIS2_PLACEMENT_3D('',#6754,#5333,#5334);
#4647=AXIS2_PLACEMENT_3D('',#6768,#5335,#5336);
#4648=AXIS2_PLACEMENT_3D('',#6769,#5337,#5338);
#4649=AXIS2_PLACEMENT_3D('',#6782,#5340,#5341);
#4650=AXIS2_PLACEMENT_3D('',#6783,#5342,#5343);
#4651=AXIS2_PLACEMENT_3D('',#6786,#5346,#5347);
#4652=AXIS2_PLACEMENT_3D('',#6787,#5348,#5349);
#4653=AXIS2_PLACEMENT_3D('',#6788,#5350,#5351);
#4654=AXIS2_PLACEMENT_3D('',#6789,#5352,#5353);
#4655=AXIS2_PLACEMENT_3D('',#6790,#5354,#5355);
#4656=AXIS2_PLACEMENT_3D('',#6791,#5356,#5357);
#4657=AXIS2_PLACEMENT_3D('',#6793,#5358,#5359);
#4658=AXIS2_PLACEMENT_3D('',#6795,#5360,#5361);
#4659=AXIS2_PLACEMENT_3D('',#6797,#5362,#5363);
#4660=AXIS2_PLACEMENT_3D('',#6799,#5364,#5365);
#4661=AXIS2_PLACEMENT_3D('',#6801,#5366,#5367);
#4662=AXIS2_PLACEMENT_3D('',#6803,#5368,#5369);
#4663=AXIS2_PLACEMENT_3D('',#6805,#5370,#5371);
#4664=AXIS2_PLACEMENT_3D('',#6807,#5372,#5373);
#4665=AXIS2_PLACEMENT_3D('',#6809,#5374,#5375);
#4666=AXIS2_PLACEMENT_3D('',#6811,#5377,#5378);
#4667=AXIS2_PLACEMENT_3D('',#6813,#5380,#5381);
#4668=AXIS2_PLACEMENT_3D('',#6814,#5382,#5383);
#4669=AXIS2_PLACEMENT_3D('',#6816,#5384,#5385);
#4670=AXIS2_PLACEMENT_3D('',#6818,#5386,#5387);
#4671=AXIS2_PLACEMENT_3D('',#6822,#5389,#5390);
#4672=AXIS2_PLACEMENT_3D('',#6826,#5392,#5393);
#4673=AXIS2_PLACEMENT_3D('',#6830,#5396,#5397);
#4674=AXIS2_PLACEMENT_3D('',#6832,#5398,#5399);
#4675=AXIS2_PLACEMENT_3D('',#6834,#5400,#5401);
#4676=AXIS2_PLACEMENT_3D('',#6836,#5402,#5403);
#4677=AXIS2_PLACEMENT_3D('',#6838,#5404,#5405);
#4678=AXIS2_PLACEMENT_3D('',#6840,#5407,#5408);
#4679=AXIS2_PLACEMENT_3D('',#6842,#5410,#5411);
#4680=AXIS2_PLACEMENT_3D('',#6846,#5413,#5414);
#4681=AXIS2_PLACEMENT_3D('',#6847,#5415,#5416);
#4682=AXIS2_PLACEMENT_3D('',#6848,#5417,#5418);
#4683=AXIS2_PLACEMENT_3D('',#6849,#5419,#5420);
#4684=AXIS2_PLACEMENT_3D('',#6850,#5421,#5422);
#4685=AXIS2_PLACEMENT_3D('',#6851,#5423,#5424);
#4686=AXIS2_PLACEMENT_3D('',#6856,#5427,#5428);
#4687=AXIS2_PLACEMENT_3D('',#6860,#5430,#5431);
#4688=AXIS2_PLACEMENT_3D('',#6861,#5432,#5433);
#4689=AXIS2_PLACEMENT_3D('',#6863,#5434,#5435);
#4690=AXIS2_PLACEMENT_3D('',#6865,#5436,#5437);
#4691=AXIS2_PLACEMENT_3D('',#6867,#5438,#5439);
#4692=AXIS2_PLACEMENT_3D('',#6869,#5440,#5441);
#4693=AXIS2_PLACEMENT_3D('',#6871,#5442,#5443);
#4694=AXIS2_PLACEMENT_3D('',#6873,#5444,#5445);
#4695=AXIS2_PLACEMENT_3D('',#6875,#5446,#5447);
#4696=AXIS2_PLACEMENT_3D('',#6876,#5448,#5449);
#4697=AXIS2_PLACEMENT_3D('',#6877,#5450,#5451);
#4698=AXIS2_PLACEMENT_3D('',#6878,#5452,#5453);
#4699=AXIS2_PLACEMENT_3D('',#6879,#5454,#5455);
#4700=AXIS2_PLACEMENT_3D('',#6880,#5456,#5457);
#4701=AXIS2_PLACEMENT_3D('',#6882,#5458,#5459);
#4702=AXIS2_PLACEMENT_3D('',#6883,#5460,#5461);
#4703=AXIS2_PLACEMENT_3D('',#6884,#5462,#5463);
#4704=AXIS2_PLACEMENT_3D('',#6886,#5464,#5465);
#4705=AXIS2_PLACEMENT_3D('',#6887,#5466,#5467);
#4706=AXIS2_PLACEMENT_3D('',#6888,#5468,#5469);
#4707=AXIS2_PLACEMENT_3D('',#6889,#5470,#5471);
#4708=AXIS2_PLACEMENT_3D('',#6890,#5472,#5473);
#4709=AXIS2_PLACEMENT_3D('',#6891,#5474,#5475);
#4710=AXIS2_PLACEMENT_3D('',#6892,#5476,#5477);
#4711=AXIS2_PLACEMENT_3D('',#6893,#5478,#5479);
#4712=AXIS2_PLACEMENT_3D('',#6894,#5480,#5481);
#4713=AXIS2_PLACEMENT_3D('',#6895,#5482,#5483);
#4714=AXIS2_PLACEMENT_3D('',#6896,#5484,#5485);
#4715=AXIS2_PLACEMENT_3D('',#6897,#5486,#5487);
#4716=AXIS2_PLACEMENT_3D('',#6898,#5488,#5489);
#4717=AXIS2_PLACEMENT_3D('',#6899,#5490,#5491);
#4718=AXIS2_PLACEMENT_3D('',#6900,#5492,#5493);
#4719=AXIS2_PLACEMENT_3D('',#6901,#5494,#5495);
#4720=AXIS2_PLACEMENT_3D('',#6902,#5496,#5497);
#4721=AXIS2_PLACEMENT_3D('',#6903,#5498,#5499);
#4722=AXIS2_PLACEMENT_3D('',#6904,#5500,#5501);
#4723=AXIS2_PLACEMENT_3D('',#6905,#5502,#5503);
#4724=AXIS2_PLACEMENT_3D('',#6906,#5504,#5505);
#4725=AXIS2_PLACEMENT_3D('',#6907,#5506,#5507);
#4726=AXIS2_PLACEMENT_3D('',#6908,#5508,#5509);
#4727=AXIS2_PLACEMENT_3D('',#6909,#5510,#5511);
#4728=AXIS2_PLACEMENT_3D('',#6910,#5512,#5513);
#4729=AXIS2_PLACEMENT_3D('',#6911,#5514,#5515);
#4730=AXIS2_PLACEMENT_3D('',#6912,#5516,#5517);
#4731=AXIS2_PLACEMENT_3D('',#6913,#5518,#5519);
#4732=AXIS2_PLACEMENT_3D('',#6914,#5520,#5521);
#4733=AXIS2_PLACEMENT_3D('',#6915,#5522,#5523);
#4734=AXIS2_PLACEMENT_3D('',#6916,#5524,#5525);
#4735=AXIS2_PLACEMENT_3D('',#6917,#5526,#5527);
#4736=AXIS2_PLACEMENT_3D('',#6918,#5528,#5529);
#4737=AXIS2_PLACEMENT_3D('',#6919,#5530,#5531);
#4738=AXIS2_PLACEMENT_3D('',#6920,#5532,#5533);
#4739=AXIS2_PLACEMENT_3D('',#6921,#5534,#5535);
#4740=AXIS2_PLACEMENT_3D('',#6924,#5538,#5539);
#4741=AXIS2_PLACEMENT_3D('',#6925,#5540,#5541);
#4742=AXIS2_PLACEMENT_3D('',#6926,#5542,#5543);
#4743=AXIS2_PLACEMENT_3D('',#6927,#5544,#5545);
#4744=AXIS2_PLACEMENT_3D('',#6930,#5548,#5549);
#4745=AXIS2_PLACEMENT_3D('',#6931,#5550,#5551);
#4746=AXIS2_PLACEMENT_3D('',#6932,#5552,#5553);
#4747=AXIS2_PLACEMENT_3D('',#6933,#5554,#5555);
#4748=AXIS2_PLACEMENT_3D('',#6934,#5556,#5557);
#4749=AXIS2_PLACEMENT_3D('',#6935,#5558,#5559);
#4750=AXIS2_PLACEMENT_3D('',#6936,#5560,#5561);
#4751=AXIS2_PLACEMENT_3D('',#6960,#5574,#5575);
#4752=AXIS2_PLACEMENT_3D('',#6961,#5576,#5577);
#4753=AXIS2_PLACEMENT_3D('',#6985,#5590,#5591);
#4754=AXIS2_PLACEMENT_3D('',#6986,#5592,#5593);
#4755=AXIS2_PLACEMENT_3D('',#6998,#5594,#5595);
#4756=AXIS2_PLACEMENT_3D('',#6999,#5596,#5597);
#4757=AXIS2_PLACEMENT_3D('',#7000,#5598,#5599);
#4758=AXIS2_PLACEMENT_3D('',#7002,#5600,#5601);
#4759=AXIS2_PLACEMENT_3D('',#7004,#5602,#5603);
#4760=AXIS2_PLACEMENT_3D('',#7006,#5604,#5605);
#4761=AXIS2_PLACEMENT_3D('',#7008,#5606,#5607);
#4762=AXIS2_PLACEMENT_3D('',#7010,#5608,#5609);
#4763=AXIS2_PLACEMENT_3D('',#7012,#5610,#5611);
#4764=AXIS2_PLACEMENT_3D('',#7014,#5612,#5613);
#4765=AXIS2_PLACEMENT_3D('',#7016,#5614,#5615);
#4766=AXIS2_PLACEMENT_3D('',#7018,#5616,#5617);
#4767=AXIS2_PLACEMENT_3D('',#7021,#5619,#5620);
#4768=AXIS2_PLACEMENT_3D('',#7025,#5622,#5623);
#4769=AXIS2_PLACEMENT_3D('',#7029,#5625,#5626);
#4770=AXIS2_PLACEMENT_3D('',#7033,#5628,#5629);
#4771=AXIS2_PLACEMENT_3D('',#7037,#5631,#5632);
#4772=AXIS2_PLACEMENT_3D('',#7038,#5633,#5634);
#4773=AXIS2_PLACEMENT_3D('',#7039,#5635,#5636);
#4774=AXIS2_PLACEMENT_3D('',#7041,#5637,#5638);
#4775=AXIS2_PLACEMENT_3D('',#7043,#5639,#5640);
#4776=AXIS2_PLACEMENT_3D('',#7045,#5641,#5642);
#4777=AXIS2_PLACEMENT_3D('',#7047,#5643,#5644);
#4778=AXIS2_PLACEMENT_3D('',#7049,#5645,#5646);
#4779=AXIS2_PLACEMENT_3D('',#7051,#5647,#5648);
#4780=AXIS2_PLACEMENT_3D('',#7053,#5649,#5650);
#4781=AXIS2_PLACEMENT_3D('',#7054,#5651,#5652);
#4782=AXIS2_PLACEMENT_3D('',#7056,#5654,#5655);
#4783=AXIS2_PLACEMENT_3D('',#7057,#5656,#5657);
#4784=AXIS2_PLACEMENT_3D('',#7059,#5658,#5659);
#4785=AXIS2_PLACEMENT_3D('',#7061,#5660,#5661);
#4786=AXIS2_PLACEMENT_3D('',#7063,#5662,#5663);
#4787=AXIS2_PLACEMENT_3D('',#7065,#5664,#5665);
#4788=AXIS2_PLACEMENT_3D('',#7067,#5666,#5667);
#4789=AXIS2_PLACEMENT_3D('',#7069,#5668,#5669);
#4790=AXIS2_PLACEMENT_3D('',#7071,#5670,#5671);
#4791=AXIS2_PLACEMENT_3D('',#7072,#5672,#5673);
#4792=AXIS2_PLACEMENT_3D('',#7073,#5674,#5675);
#4793=AXIS2_PLACEMENT_3D('',#7074,#5676,#5677);
#4794=AXIS2_PLACEMENT_3D('',#7075,#5678,#5679);
#4795=AXIS2_PLACEMENT_3D('',#7084,#5684,#5685);
#4796=AXIS2_PLACEMENT_3D('',#7093,#5690,#5691);
#4797=AXIS2_PLACEMENT_3D('',#7102,#5696,#5697);
#4798=AXIS2_PLACEMENT_3D('',#7108,#5701,#5702);
#4799=AXIS2_PLACEMENT_3D('',#7114,#5706,#5707);
#4800=AXIS2_PLACEMENT_3D('',#7120,#5711,#5712);
#4801=AXIS2_PLACEMENT_3D('',#7126,#5716,#5717);
#4802=AXIS2_PLACEMENT_3D('',#7135,#5722,#5723);
#4803=AXIS2_PLACEMENT_3D('',#7149,#5724,#5725);
#4804=AXIS2_PLACEMENT_3D('',#7150,#5726,#5727);
#4805=AXIS2_PLACEMENT_3D('',#7151,#5728,#5729);
#4806=AXIS2_PLACEMENT_3D('',#7152,#5730,#5731);
#4807=AXIS2_PLACEMENT_3D('',#7154,#5732,#5733);
#4808=AXIS2_PLACEMENT_3D('',#7167,#5734,#5735);
#4809=AXIS2_PLACEMENT_3D('',#7168,#5736,#5737);
#4810=AXIS2_PLACEMENT_3D('',#7179,#5738,#5739);
#4811=AXIS2_PLACEMENT_3D('',#7180,#5740,#5741);
#4812=AXIS2_PLACEMENT_3D('',#7181,#5742,#5743);
#4813=AXIS2_PLACEMENT_3D('',#7182,#5744,#5745);
#4814=AXIS2_PLACEMENT_3D('',#7183,#5746,#5747);
#4815=AXIS2_PLACEMENT_3D('',#7184,#5748,#5749);
#4816=AXIS2_PLACEMENT_3D('',#7186,#5751,#5752);
#4817=AXIS2_PLACEMENT_3D('',#7188,#5753,#5754);
#4818=AXIS2_PLACEMENT_3D('',#7190,#5755,#5756);
#4819=AXIS2_PLACEMENT_3D('',#7192,#5757,#5758);
#4820=AXIS2_PLACEMENT_3D('',#7194,#5759,#5760);
#4821=AXIS2_PLACEMENT_3D('',#7196,#5761,#5762);
#4822=AXIS2_PLACEMENT_3D('',#7198,#5763,#5764);
#4823=AXIS2_PLACEMENT_3D('',#7200,#5765,#5766);
#4824=AXIS2_PLACEMENT_3D('',#7202,#5767,#5768);
#4825=AXIS2_PLACEMENT_3D('',#7204,#5769,#5770);
#4826=AXIS2_PLACEMENT_3D('',#7206,#5772,#5773);
#4827=AXIS2_PLACEMENT_3D('',#7208,#5775,#5776);
#4828=AXIS2_PLACEMENT_3D('',#7209,#5777,#5778);
#4829=AXIS2_PLACEMENT_3D('',#7211,#5779,#5780);
#4830=AXIS2_PLACEMENT_3D('',#7213,#5781,#5782);
#4831=AXIS2_PLACEMENT_3D('',#7216,#5784,#5785);
#4832=AXIS2_PLACEMENT_3D('',#7217,#5786,#5787);
#4833=AXIS2_PLACEMENT_3D('',#7218,#5788,#5789);
#4834=AXIS2_PLACEMENT_3D('',#7220,#5790,#5791);
#4835=AXIS2_PLACEMENT_3D('',#7222,#5792,#5793);
#4836=AXIS2_PLACEMENT_3D('',#7224,#5794,#5795);
#4837=AXIS2_PLACEMENT_3D('',#7226,#5796,#5797);
#4838=AXIS2_PLACEMENT_3D('',#7228,#5799,#5800);
#4839=AXIS2_PLACEMENT_3D('',#7230,#5802,#5803);
#4840=AXIS2_PLACEMENT_3D('',#7231,#5804,#5805);
#4841=AXIS2_PLACEMENT_3D('',#7232,#5806,#5807);
#4842=AXIS2_PLACEMENT_3D('',#7233,#5808,#5809);
#4843=AXIS2_PLACEMENT_3D('',#7234,#5810,#5811);
#4844=AXIS2_PLACEMENT_3D('',#7235,#5812,#5813);
#4845=AXIS2_PLACEMENT_3D('',#7236,#5814,#5815);
#4846=AXIS2_PLACEMENT_3D('',#7237,#5816,#5817);
#4847=AXIS2_PLACEMENT_3D('',#7238,#5818,#5819);
#4848=AXIS2_PLACEMENT_3D('',#7239,#5820,#5821);
#4849=AXIS2_PLACEMENT_3D('',#7240,#5822,#5823);
#4850=AXIS2_PLACEMENT_3D('',#7241,#5824,#5825);
#4851=AXIS2_PLACEMENT_3D('',#7242,#5826,#5827);
#4852=AXIS2_PLACEMENT_3D('',#7244,#5828,#5829);
#4853=AXIS2_PLACEMENT_3D('',#7246,#5830,#5831);
#4854=AXIS2_PLACEMENT_3D('',#7248,#5832,#5833);
#4855=AXIS2_PLACEMENT_3D('',#7250,#5834,#5835);
#4856=AXIS2_PLACEMENT_3D('',#7252,#5836,#5837);
#4857=AXIS2_PLACEMENT_3D('',#7254,#5838,#5839);
#4858=AXIS2_PLACEMENT_3D('',#7256,#5840,#5841);
#4859=AXIS2_PLACEMENT_3D('',#7258,#5842,#5843);
#4860=AXIS2_PLACEMENT_3D('',#7260,#5844,#5845);
#4861=AXIS2_PLACEMENT_3D('',#7262,#5846,#5847);
#4862=AXIS2_PLACEMENT_3D('',#7264,#5848,#5849);
#4863=AXIS2_PLACEMENT_3D('',#7266,#5850,#5851);
#4864=AXIS2_PLACEMENT_3D('',#7268,#5852,#5853);
#4865=AXIS2_PLACEMENT_3D('',#7270,#5854,#5855);
#4866=AXIS2_PLACEMENT_3D('',#7272,#5856,#5857);
#4867=AXIS2_PLACEMENT_3D('',#7274,#5858,#5859);
#4868=AXIS2_PLACEMENT_3D('',#7276,#5860,#5861);
#4869=AXIS2_PLACEMENT_3D('',#7278,#5862,#5863);
#4870=AXIS2_PLACEMENT_3D('',#7279,#5864,#5865);
#4871=AXIS2_PLACEMENT_3D('',#7280,#5866,#5867);
#4872=AXIS2_PLACEMENT_3D('',#7281,#5868,#5869);
#4873=AXIS2_PLACEMENT_3D('',#7283,#5870,#5871);
#4874=AXIS2_PLACEMENT_3D('',#7285,#5872,#5873);
#4875=AXIS2_PLACEMENT_3D('',#7287,#5874,#5875);
#4876=AXIS2_PLACEMENT_3D('',#7289,#5876,#5877);
#4877=AXIS2_PLACEMENT_3D('',#7291,#5878,#5879);
#4878=AXIS2_PLACEMENT_3D('',#7293,#5880,#5881);
#4879=AXIS2_PLACEMENT_3D('',#7295,#5882,#5883);
#4880=AXIS2_PLACEMENT_3D('',#7296,#5884,#5885);
#4881=AXIS2_PLACEMENT_3D('',#7297,#5886,#5887);
#4882=AXIS2_PLACEMENT_3D('',#7298,#5888,#5889);
#4883=AXIS2_PLACEMENT_3D('',#7299,#5890,#5891);
#4884=AXIS2_PLACEMENT_3D('',#7300,#5892,#5893);
#4885=AXIS2_PLACEMENT_3D('',#7302,#5894,#5895);
#4886=AXIS2_PLACEMENT_3D('',#7303,#5896,#5897);
#4887=AXIS2_PLACEMENT_3D('',#7304,#5898,#5899);
#4888=AXIS2_PLACEMENT_3D('',#7306,#5900,#5901);
#4889=AXIS2_PLACEMENT_3D('',#7307,#5902,#5903);
#4890=AXIS2_PLACEMENT_3D('',#7308,#5904,#5905);
#4891=AXIS2_PLACEMENT_3D('',#7309,#5906,#5907);
#4892=AXIS2_PLACEMENT_3D('',#7310,#5908,#5909);
#4893=AXIS2_PLACEMENT_3D('',#7311,#5910,#5911);
#4894=AXIS2_PLACEMENT_3D('',#7312,#5912,#5913);
#4895=AXIS2_PLACEMENT_3D('',#7313,#5914,#5915);
#4896=AXIS2_PLACEMENT_3D('',#7314,#5916,#5917);
#4897=AXIS2_PLACEMENT_3D('',#7315,#5918,#5919);
#4898=AXIS2_PLACEMENT_3D('',#7316,#5920,#5921);
#4899=AXIS2_PLACEMENT_3D('',#7317,#5922,#5923);
#4900=AXIS2_PLACEMENT_3D('',#7318,#5924,#5925);
#4901=AXIS2_PLACEMENT_3D('',#7319,#5926,#5927);
#4902=AXIS2_PLACEMENT_3D('',#7320,#5928,#5929);
#4903=AXIS2_PLACEMENT_3D('',#7321,#5930,#5931);
#4904=AXIS2_PLACEMENT_3D('',#7322,#5932,#5933);
#4905=AXIS2_PLACEMENT_3D('',#7323,#5934,#5935);
#4906=AXIS2_PLACEMENT_3D('',#7324,#5936,#5937);
#4907=AXIS2_PLACEMENT_3D('',#7325,#5938,#5939);
#4908=AXIS2_PLACEMENT_3D('',#7326,#5940,#5941);
#4909=AXIS2_PLACEMENT_3D('',#7327,#5942,#5943);
#4910=AXIS2_PLACEMENT_3D('',#7328,#5944,#5945);
#4911=AXIS2_PLACEMENT_3D('',#7329,#5946,#5947);
#4912=AXIS2_PLACEMENT_3D('',#7330,#5948,#5949);
#4913=AXIS2_PLACEMENT_3D('',#7331,#5950,#5951);
#4914=AXIS2_PLACEMENT_3D('',#7332,#5952,#5953);
#4915=AXIS2_PLACEMENT_3D('',#7333,#5954,#5955);
#4916=AXIS2_PLACEMENT_3D('',#7334,#5956,#5957);
#4917=AXIS2_PLACEMENT_3D('',#7335,#5958,#5959);
#4918=AXIS2_PLACEMENT_3D('',#7336,#5960,#5961);
#4919=AXIS2_PLACEMENT_3D('',#7337,#5962,#5963);
#4920=AXIS2_PLACEMENT_3D('',#7338,#5964,#5965);
#4921=AXIS2_PLACEMENT_3D('',#7339,#5966,#5967);
#4922=AXIS2_PLACEMENT_3D('',#7340,#5968,#5969);
#4923=AXIS2_PLACEMENT_3D('',#7341,#5970,#5971);
#4924=AXIS2_PLACEMENT_3D('',#7342,#5972,#5973);
#4925=AXIS2_PLACEMENT_3D('',#7343,#5974,#5975);
#4926=AXIS2_PLACEMENT_3D('',#7344,#5976,#5977);
#4927=AXIS2_PLACEMENT_3D('',#7345,#5978,#5979);
#4928=AXIS2_PLACEMENT_3D('',#7346,#5980,#5981);
#4929=AXIS2_PLACEMENT_3D('',#7347,#5982,#5983);
#4930=AXIS2_PLACEMENT_3D('',#7348,#5984,#5985);
#4931=AXIS2_PLACEMENT_3D('',#7349,#5986,#5987);
#4932=AXIS2_PLACEMENT_3D('',#7350,#5988,#5989);
#4933=AXIS2_PLACEMENT_3D('',#7351,#5990,#5991);
#4934=AXIS2_PLACEMENT_3D('',#7352,#5992,#5993);
#4935=AXIS2_PLACEMENT_3D('',#7353,#5994,#5995);
#4936=AXIS2_PLACEMENT_3D('',#7473,#6006,#6007);
#4937=AXIS2_PLACEMENT_3D('',#7607,#6020,#6021);
#4938=AXIS2_PLACEMENT_3D('',#7610,#6023,#6024);
#4939=AXIS2_PLACEMENT_3D('',#7611,#6025,#6026);
#4940=AXIS2_PLACEMENT_3D('',#7614,#6028,#6029);
#4941=AXIS2_PLACEMENT_3D('',#7615,#6030,#6031);
#4942=AXIS2_PLACEMENT_3D('',#7643,#6035,#6036);
#4943=AXIS2_PLACEMENT_3D('',#7644,#6037,#6038);
#4944=AXIS2_PLACEMENT_3D('',#7650,#6042,#6043);
#4945=AXIS2_PLACEMENT_3D('',#7654,#6046,#6047);
#4946=AXIS2_PLACEMENT_3D('',#7657,#6049,#6050);
#4947=AXIS2_PLACEMENT_3D('',#7658,#6051,#6052);
#4948=AXIS2_PLACEMENT_3D('',#7661,#6054,#6055);
#4949=AXIS2_PLACEMENT_3D('',#7662,#6056,#6057);
#4950=AXIS2_PLACEMENT_3D('',#7666,#6060,#6061);
#4951=AXIS2_PLACEMENT_3D('',#7670,#6064,#6065);
#4952=AXIS2_PLACEMENT_3D('',#7674,#6068,#6069);
#4953=AXIS2_PLACEMENT_3D('',#7678,#6072,#6073);
#4954=AXIS2_PLACEMENT_3D('',#7680,#6075,#6076);
#4955=AXIS2_PLACEMENT_3D('',#7681,#6077,#6078);
#4956=AXIS2_PLACEMENT_3D('',#7687,#6082,#6083);
#4957=AXIS2_PLACEMENT_3D('',#7691,#6086,#6087);
#4958=AXIS2_PLACEMENT_3D('',#7695,#6090,#6091);
#4959=AXIS2_PLACEMENT_3D('',#7699,#6094,#6095);
#4960=AXIS2_PLACEMENT_3D('',#7702,#6097,#6098);
#4961=AXIS2_PLACEMENT_3D('',#7703,#6099,#6100);
#4962=AXIS2_PLACEMENT_3D('',#7706,#6102,#6103);
#4963=AXIS2_PLACEMENT_3D('',#7707,#6104,#6105);
#4964=AXIS2_PLACEMENT_3D('',#7711,#6108,#6109);
#4965=AXIS2_PLACEMENT_3D('',#7715,#6112,#6113);
#4966=AXIS2_PLACEMENT_3D('',#7719,#6116,#6117);
#4967=AXIS2_PLACEMENT_3D('',#7723,#6120,#6121);
#4968=AXIS2_PLACEMENT_3D('',#7727,#6124,#6125);
#4969=AXIS2_PLACEMENT_3D('',#7731,#6128,#6129);
#4970=AXIS2_PLACEMENT_3D('',#7734,#6131,#6132);
#4971=AXIS2_PLACEMENT_3D('',#7735,#6133,#6134);
#4972=AXIS2_PLACEMENT_3D('',#7739,#6137,#6138);
#4973=AXIS2_PLACEMENT_3D('',#7741,#6140,#6141);
#4974=AXIS2_PLACEMENT_3D('',#7742,#6142,#6143);
#4975=AXIS2_PLACEMENT_3D('',#7748,#6147,#6148);
#4976=AXIS2_PLACEMENT_3D('',#7752,#6151,#6152);
#4977=AXIS2_PLACEMENT_3D('',#7756,#6155,#6156);
#4978=AXIS2_PLACEMENT_3D('',#7760,#6159,#6160);
#4979=AXIS2_PLACEMENT_3D('',#7764,#6163,#6164);
#4980=AXIS2_PLACEMENT_3D('',#7768,#6167,#6168);
#4981=AXIS2_PLACEMENT_3D('',#7772,#6171,#6172);
#4982=AXIS2_PLACEMENT_3D('',#7776,#6175,#6176);
#4983=AXIS2_PLACEMENT_3D('',#7780,#6179,#6180);
#4984=AXIS2_PLACEMENT_3D('',#7784,#6183,#6184);
#4985=AXIS2_PLACEMENT_3D('',#7788,#6187,#6188);
#4986=AXIS2_PLACEMENT_3D('',#7790,#6190,#6191);
#4987=DIRECTION('',(0.,0.,1.));
#4988=DIRECTION('',(1.,0.,0.));
#4989=DIRECTION('',(0.,-1.,0.));
#4990=DIRECTION('',(1.,0.,0.));
#4991=DIRECTION('',(1.,0.,-6.12323399573676E-17));
#4992=DIRECTION('',(0.,-1.,0.));
#4993=DIRECTION('',(0.,0.,-1.));
#4994=DIRECTION('',(1.,0.,-6.12323399573676E-17));
#4995=DIRECTION('',(0.,-1.,0.));
#4996=DIRECTION('',(0.,0.,-1.));
#4997=DIRECTION('',(1.,0.,-6.12323399573676E-17));
#4998=DIRECTION('',(0.,-1.,0.));
#4999=DIRECTION('',(0.,0.,-1.));
#5000=DIRECTION('',(1.,0.,-6.12323399573676E-17));
#5001=DIRECTION('',(0.,-1.,0.));
#5002=DIRECTION('',(0.,0.,-1.));
#5003=DIRECTION('',(1.,0.,-6.12323399573676E-17));
#5004=DIRECTION('',(0.,-1.,0.));
#5005=DIRECTION('',(0.,0.,-1.));
#5006=DIRECTION('',(1.,0.,-6.12323399573676E-17));
#5007=DIRECTION('',(0.,-1.,0.));
#5008=DIRECTION('',(0.,0.,-1.));
#5009=DIRECTION('',(1.,0.,-6.12323399573676E-17));
#5010=DIRECTION('',(0.,-1.,0.));
#5011=DIRECTION('',(0.,0.,-1.));
#5012=DIRECTION('',(1.,0.,-6.12323399573676E-17));
#5013=DIRECTION('',(0.,-1.,0.));
#5014=DIRECTION('',(0.,0.,-1.));
#5015=DIRECTION('',(1.,0.,-6.12323399573676E-17));
#5016=DIRECTION('',(0.,-1.,0.));
#5017=DIRECTION('',(0.,0.,-1.));
#5018=DIRECTION('',(1.,0.,-6.12323399573676E-17));
#5019=DIRECTION('',(0.,-1.,0.));
#5020=DIRECTION('',(0.,0.,-1.));
#5021=DIRECTION('',(1.,0.,-6.12323399573676E-17));
#5022=DIRECTION('',(0.,-1.,0.));
#5023=DIRECTION('',(0.,0.,-1.));
#5024=DIRECTION('',(0.,-1.,0.));
#5025=DIRECTION('',(0.,0.,-1.));
#5026=DIRECTION('',(0.,-1.,0.));
#5027=DIRECTION('',(0.,0.,-1.));
#5028=DIRECTION('',(0.,-1.,0.));
#5029=DIRECTION('',(0.,0.,-1.));
#5030=DIRECTION('',(0.,-1.,0.));
#5031=DIRECTION('',(0.,0.,-1.));
#5032=DIRECTION('',(0.,-1.,0.));
#5033=DIRECTION('',(0.,0.,-1.));
#5034=DIRECTION('',(0.,-1.,0.));
#5035=DIRECTION('',(0.,0.,-1.));
#5036=DIRECTION('',(0.,-1.,0.));
#5037=DIRECTION('',(0.,0.,-1.));
#5038=DIRECTION('',(0.,-1.,0.));
#5039=DIRECTION('',(0.,0.,-1.));
#5040=DIRECTION('',(0.,-1.,0.));
#5041=DIRECTION('',(0.,0.,-1.));
#5042=DIRECTION('',(0.,-1.,0.));
#5043=DIRECTION('',(0.,0.,-1.));
#5044=DIRECTION('',(0.,-1.,0.));
#5045=DIRECTION('',(0.,0.,-1.));
#5046=DIRECTION('',(0.,-1.,0.));
#5047=DIRECTION('',(0.,0.,-1.));
#5048=DIRECTION('',(0.,-1.,0.));
#5049=DIRECTION('',(0.,0.,-1.));
#5050=DIRECTION('',(0.,-1.,0.));
#5051=DIRECTION('',(0.,0.,-1.));
#5052=DIRECTION('',(0.,-1.,0.));
#5053=DIRECTION('',(0.,0.,-1.));
#5054=DIRECTION('',(0.,-1.,0.));
#5055=DIRECTION('',(0.,0.,-1.));
#5056=DIRECTION('',(0.,-1.,0.));
#5057=DIRECTION('',(0.,0.,-1.));
#5058=DIRECTION('',(0.,-1.,0.));
#5059=DIRECTION('',(0.,0.,-1.));
#5060=DIRECTION('',(0.,0.,1.));
#5061=DIRECTION('',(0.,-1.,0.));
#5062=DIRECTION('',(0.,0.,-1.));
#5063=DIRECTION('',(0.,-1.,0.));
#5064=DIRECTION('',(0.,0.,-1.));
#5065=DIRECTION('',(-0.338142350146581,0.,-0.941094974504352));
#5066=DIRECTION('',(0.334832499002173,0.,0.942277664816459));
#5067=DIRECTION('',(1.,0.,0.));
#5068=DIRECTION('',(-0.338930913110879,0.,-0.94081126488676));
#5069=DIRECTION('',(-1.,0.,0.));
#5070=DIRECTION('',(-0.337471629637336,0.,0.941335699519529));
#5071=DIRECTION('',(1.,0.,0.));
#5072=DIRECTION('',(0.334720358887728,0.,-0.942317505592499));
#5073=DIRECTION('',(0.,-1.,0.));
#5074=DIRECTION('',(0.,0.,-1.));
#5075=DIRECTION('',(0.,-1.,0.));
#5076=DIRECTION('',(0.,0.,-1.));
#5077=DIRECTION('',(0.,0.,-1.));
#5078=DIRECTION('',(-1.,0.,0.));
#5079=DIRECTION('',(-0.545740986752486,0.,0.83795392199));
#5080=DIRECTION('',(-1.,0.,0.));
#5081=DIRECTION('',(0.,-1.,0.));
#5082=DIRECTION('',(0.,0.,-1.));
#5083=DIRECTION('',(0.,0.,-1.));
#5084=DIRECTION('',(-1.,0.,0.));
#5085=DIRECTION('',(0.,0.,1.));
#5086=DIRECTION('',(1.,0.,0.));
#5087=DIRECTION('',(0.54632130002059,0.,-0.837575690396882));
#5088=DIRECTION('',(1.,0.,0.));
#5089=DIRECTION('',(0.,-1.,0.));
#5090=DIRECTION('',(0.,0.,-1.));
#5091=DIRECTION('',(0.,-1.,0.));
#5092=DIRECTION('',(0.,0.,-1.));
#5093=DIRECTION('',(0.,0.,1.));
#5094=DIRECTION('',(1.,0.,0.));
#5095=DIRECTION('',(0.,0.,-1.));
#5096=DIRECTION('',(-1.,0.,0.));
#5097=DIRECTION('',(0.,0.,1.));
#5098=DIRECTION('',(1.,0.,0.));
#5099=DIRECTION('',(0.,0.,-1.));
#5100=DIRECTION('',(-1.,0.,0.));
#5101=DIRECTION('',(0.,0.,-1.));
#5102=DIRECTION('',(1.,0.,0.));
#5103=DIRECTION('',(0.,0.,-1.));
#5104=DIRECTION('',(-1.,0.,0.));
#5105=DIRECTION('',(0.,0.,-1.));
#5106=DIRECTION('',(1.,0.,0.));
#5107=DIRECTION('',(0.,1.,0.));
#5108=DIRECTION('',(0.,0.,1.));
#5109=DIRECTION('',(0.,1.,0.));
#5110=DIRECTION('',(0.,0.,1.));
#5111=DIRECTION('',(0.,1.,0.));
#5112=DIRECTION('',(0.,1.,0.));
#5113=DIRECTION('',(0.,0.,1.));
#5114=DIRECTION('',(0.,1.,0.));
#5115=DIRECTION('',(0.,0.,1.));
#5116=DIRECTION('',(0.,1.,0.));
#5117=DIRECTION('',(0.,0.,1.));
#5118=DIRECTION('',(0.,1.,0.));
#5119=DIRECTION('',(0.,0.,1.));
#5120=DIRECTION('',(0.,1.,0.));
#5121=DIRECTION('',(0.,0.,1.));
#5122=DIRECTION('',(0.,1.,0.));
#5123=DIRECTION('',(0.,0.,1.));
#5124=DIRECTION('',(0.,1.,0.));
#5125=DIRECTION('',(0.,0.,1.));
#5126=DIRECTION('',(0.,1.,0.));
#5127=DIRECTION('',(0.,0.,1.));
#5128=DIRECTION('',(0.,1.,0.));
#5129=DIRECTION('',(0.,0.,1.));
#5130=DIRECTION('',(0.,1.,0.));
#5131=DIRECTION('',(0.,0.,1.));
#5132=DIRECTION('',(0.,1.,0.));
#5133=DIRECTION('',(0.,0.,1.));
#5134=DIRECTION('',(0.,1.,0.));
#5135=DIRECTION('',(0.,0.,1.));
#5136=DIRECTION('',(1.14958480846707E-15,0.,-1.));
#5137=DIRECTION('',(1.,0.,-6.12323399573676E-17));
#5138=DIRECTION('',(0.,1.,0.));
#5139=DIRECTION('',(0.,0.,1.));
#5140=DIRECTION('',(1.,0.,-6.12323399573676E-17));
#5141=DIRECTION('',(0.,1.,0.));
#5142=DIRECTION('',(0.,0.,1.));
#5143=DIRECTION('',(1.,0.,-6.12323399573676E-17));
#5144=DIRECTION('',(0.,1.,0.));
#5145=DIRECTION('',(0.,0.,1.));
#5146=DIRECTION('',(1.,0.,-6.12323399573676E-17));
#5147=DIRECTION('',(0.,1.,0.));
#5148=DIRECTION('',(0.,0.,1.));
#5149=DIRECTION('',(1.,0.,-6.12323399573676E-17));
#5150=DIRECTION('',(0.,1.,0.));
#5151=DIRECTION('',(0.,0.,1.));
#5152=DIRECTION('',(1.,0.,-6.12323399573676E-17));
#5153=DIRECTION('',(1.14958480846707E-15,0.,-1.));
#5154=DIRECTION('',(0.,1.,0.));
#5155=DIRECTION('',(0.,0.,1.));
#5156=DIRECTION('',(0.,1.,0.));
#5157=DIRECTION('',(0.,0.,1.));
#5158=DIRECTION('',(0.,1.,0.));
#5159=DIRECTION('',(0.,0.,1.));
#5160=DIRECTION('',(0.,1.,0.));
#5161=DIRECTION('',(0.,0.,1.));
#5162=DIRECTION('',(0.,1.,0.));
#5163=DIRECTION('',(0.,0.,1.));
#5164=DIRECTION('',(0.,1.,0.));
#5165=DIRECTION('',(0.,0.,1.));
#5166=DIRECTION('',(0.,1.,0.));
#5167=DIRECTION('',(0.,0.,1.));
#5168=DIRECTION('',(0.,1.,0.));
#5169=DIRECTION('',(0.,0.,1.));
#5170=DIRECTION('',(-1.14958480846707E-15,0.,1.));
#5171=DIRECTION('',(1.,0.,1.14958480846707E-15));
#5172=DIRECTION('',(1.14958480846707E-15,0.,-1.));
#5173=DIRECTION('',(-1.14958480846707E-15,0.,1.));
#5174=DIRECTION('',(0.,1.,0.));
#5175=DIRECTION('',(0.,0.,1.));
#5176=DIRECTION('',(-1.14958480846707E-15,0.,1.));
#5177=DIRECTION('',(0.,1.,0.));
#5178=DIRECTION('',(0.,0.,1.));
#5179=DIRECTION('',(0.,1.,0.));
#5180=DIRECTION('',(0.,0.,1.));
#5181=DIRECTION('',(0.,1.,0.));
#5182=DIRECTION('',(0.,0.,1.));
#5183=DIRECTION('',(0.,1.,0.));
#5184=DIRECTION('',(0.,1.,0.));
#5185=DIRECTION('',(0.,0.,1.));
#5186=DIRECTION('',(0.,1.,0.));
#5187=DIRECTION('',(0.,1.,0.));
#5188=DIRECTION('',(0.,0.,1.));
#5189=DIRECTION('',(0.,1.,0.));
#5190=DIRECTION('',(0.,0.,1.));
#5191=DIRECTION('',(0.,1.,0.));
#5192=DIRECTION('',(0.,0.,1.));
#5193=DIRECTION('',(0.,1.,0.));
#5194=DIRECTION('',(0.,0.,1.));
#5195=DIRECTION('',(0.,1.,0.));
#5196=DIRECTION('',(0.,0.,1.));
#5197=DIRECTION('',(0.,1.,0.));
#5198=DIRECTION('',(0.,0.,1.));
#5199=DIRECTION('',(0.,1.,0.));
#5200=DIRECTION('',(0.,0.,1.));
#5201=DIRECTION('',(0.,1.,0.));
#5202=DIRECTION('',(0.,0.,1.));
#5203=DIRECTION('',(1.,0.,1.14958480846707E-15));
#5204=DIRECTION('',(-1.14958480846707E-15,0.,1.));
#5205=DIRECTION('',(0.,1.,0.));
#5206=DIRECTION('',(0.,0.,1.));
#5207=DIRECTION('',(-1.14958480846707E-15,0.,1.));
#5208=DIRECTION('',(0.,1.,0.));
#5209=DIRECTION('',(0.,0.,1.));
#5210=DIRECTION('',(-1.14958480846707E-15,0.,1.));
#5211=DIRECTION('',(0.,1.,0.));
#5212=DIRECTION('',(0.,0.,1.));
#5213=DIRECTION('',(0.,1.,0.));
#5214=DIRECTION('',(0.,1.,0.));
#5215=DIRECTION('',(0.,1.,0.));
#5216=DIRECTION('',(0.,0.,1.));
#5217=DIRECTION('',(0.,1.,0.));
#5218=DIRECTION('',(0.,1.,0.));
#5219=DIRECTION('',(-1.14958480846707E-15,0.,1.));
#5220=DIRECTION('',(1.,0.,1.14958480846707E-15));
#5221=DIRECTION('',(1.,0.,-6.12323399573676E-17));
#5222=DIRECTION('',(0.,-1.,0.));
#5223=DIRECTION('',(0.,-1.,0.));
#5224=DIRECTION('',(-1.14958480846707E-15,0.,1.));
#5225=DIRECTION('',(1.,0.,1.14958480846707E-15));
#5226=DIRECTION('',(1.,0.,-6.12323399573676E-17));
#5227=DIRECTION('',(0.,-1.,0.));
#5228=DIRECTION('',(0.,-1.,0.));
#5229=DIRECTION('',(-1.14958480846707E-15,0.,1.));
#5230=DIRECTION('',(1.,0.,1.14958480846707E-15));
#5231=DIRECTION('',(1.,0.,-6.12323399573676E-17));
#5232=DIRECTION('',(0.,-1.,0.));
#5233=DIRECTION('',(0.,-1.,0.));
#5234=DIRECTION('',(-1.14958480846707E-15,0.,1.));
#5235=DIRECTION('',(1.,0.,1.14958480846707E-15));
#5236=DIRECTION('',(0.,-1.,0.));
#5237=DIRECTION('',(0.,-1.,0.));
#5238=DIRECTION('',(-1.14958480846707E-15,0.,1.));
#5239=DIRECTION('',(1.,0.,1.14958480846707E-15));
#5240=DIRECTION('',(0.,-1.,0.));
#5241=DIRECTION('',(0.,-1.,0.));
#5242=DIRECTION('',(-1.14958480846707E-15,0.,1.));
#5243=DIRECTION('',(1.,0.,1.14958480846707E-15));
#5244=DIRECTION('',(0.,-1.,0.));
#5245=DIRECTION('',(0.,-1.,0.));
#5246=DIRECTION('',(-1.14958480846707E-15,0.,1.));
#5247=DIRECTION('',(1.,0.,1.14958480846707E-15));
#5248=DIRECTION('',(0.,-1.,0.));
#5249=DIRECTION('',(0.,-1.,0.));
#5250=DIRECTION('',(-1.14958480846707E-15,0.,1.));
#5251=DIRECTION('',(1.,0.,1.14958480846707E-15));
#5252=DIRECTION('',(1.,0.,1.14958480846707E-15));
#5253=DIRECTION('',(6.05136096270979E-17,1.,6.95655263328184E-32));
#5254=DIRECTION('',(1.,0.,1.14958480846707E-15));
#5255=DIRECTION('',(0.,1.,0.));
#5256=DIRECTION('',(1.,0.,1.14958480846707E-15));
#5257=DIRECTION('',(6.05136096270979E-17,1.,6.95655263328184E-32));
#5258=DIRECTION('',(0.,1.,0.));
#5259=DIRECTION('',(1.,0.,-6.12323399573676E-17));
#5260=DIRECTION('',(0.,1.,0.));
#5261=DIRECTION('',(1.,0.,-6.12323399573676E-17));
#5262=DIRECTION('',(-1.14958480846707E-15,0.,1.));
#5263=DIRECTION('',(-1.,0.,-1.14958480846707E-15));
#5264=DIRECTION('',(1.,0.,1.14958480846707E-15));
#5265=DIRECTION('',(6.05136096270979E-17,-1.,6.95655263328184E-32));
#5266=DIRECTION('',(1.,0.,-6.12323399573676E-17));
#5267=DIRECTION('',(0.,1.,0.));
#5268=DIRECTION('',(1.,0.,-6.12323399573676E-17));
#5269=DIRECTION('',(0.,1.,0.));
#5270=DIRECTION('',(1.,0.,-6.12323399573676E-17));
#5271=DIRECTION('',(6.05136096270979E-17,-1.,6.95655263328184E-32));
#5272=DIRECTION('',(1.,0.,1.14958480846707E-15));
#5273=DIRECTION('',(1.14958480846707E-15,0.,-1.));
#5274=DIRECTION('',(-1.,0.,-1.14958480846707E-15));
#5275=DIRECTION('',(1.,0.,-6.12323399573676E-17));
#5276=DIRECTION('',(0.,1.,0.));
#5277=DIRECTION('',(1.,0.,-6.12323399573676E-17));
#5278=DIRECTION('',(0.,1.,0.));
#5279=DIRECTION('',(0.,-1.,0.));
#5280=DIRECTION('',(1.,0.,-6.12323399573676E-17));
#5281=DIRECTION('',(-1.14958480846707E-15,0.,1.));
#5282=DIRECTION('',(-1.,0.,-1.14958480846707E-15));
#5283=DIRECTION('',(6.05136096270979E-17,1.,6.95655263328184E-32));
#5284=DIRECTION('',(1.,0.,-6.12323399573676E-17));
#5285=DIRECTION('',(0.,-1.,0.));
#5286=DIRECTION('',(0.,-1.,0.));
#5287=DIRECTION('',(6.05136096270979E-17,1.,6.95655263328184E-32));
#5288=DIRECTION('',(1.,0.,1.14958480846707E-15));
#5289=DIRECTION('',(1.14958480846707E-15,0.,-1.));
#5290=DIRECTION('',(-1.,0.,-1.14958480846707E-15));
#5291=DIRECTION('',(0.,-1.,0.));
#5292=DIRECTION('',(1.,0.,1.14958480846707E-15));
#5293=DIRECTION('',(-1.14958480846707E-15,0.,1.));
#5294=DIRECTION('',(-1.,0.,-1.14958480846707E-15));
#5295=DIRECTION('',(1.,0.,-6.12323399573676E-17));
#5296=DIRECTION('',(0.,1.,0.));
#5297=DIRECTION('',(-1.14958480846707E-15,0.,1.));
#5298=DIRECTION('',(-1.,0.,-1.14958480846707E-15));
#5299=DIRECTION('',(1.14958480846707E-15,0.,-1.));
#5300=DIRECTION('',(-1.,0.,-1.14958480846707E-15));
#5301=DIRECTION('',(1.,0.,1.14958480846707E-15));
#5302=DIRECTION('',(0.,1.,0.));
#5303=DIRECTION('',(1.,0.,-6.12323399573676E-17));
#5304=DIRECTION('',(1.14958480846707E-15,0.,-1.));
#5305=DIRECTION('',(-1.,0.,-1.14958480846707E-15));
#5306=DIRECTION('',(1.,0.,1.14958480846707E-15));
#5307=DIRECTION('',(0.,-1.,0.));
#5308=DIRECTION('',(1.,0.,-6.12323399573676E-17));
#5309=DIRECTION('',(1.14958480846707E-15,0.,-1.));
#5310=DIRECTION('',(-1.,0.,-1.14958480846707E-15));
#5311=DIRECTION('',(1.14958480846707E-15,0.,-1.));
#5312=DIRECTION('',(-1.,0.,-1.14958480846707E-15));
#5313=DIRECTION('',(-1.14958480846707E-15,0.,1.));
#5314=DIRECTION('',(-1.,0.,-1.14958480846707E-15));
#5315=DIRECTION('',(1.,0.,-6.12323399573676E-17));
#5316=DIRECTION('',(0.,-1.,0.));
#5317=DIRECTION('',(1.,0.,1.14958480846707E-15));
#5318=DIRECTION('',(-1.14958480846707E-15,0.,1.));
#5319=DIRECTION('',(-1.,0.,-1.14958480846707E-15));
#5320=DIRECTION('',(-1.14958480846707E-15,0.,1.));
#5321=DIRECTION('',(1.,0.,1.14958480846707E-15));
#5322=DIRECTION('',(0.,-1.,0.));
#5323=DIRECTION('',(1.,0.,-6.12323399573676E-17));
#5324=DIRECTION('',(0.,-1.,0.));
#5325=DIRECTION('',(0.,1.,0.));
#5326=DIRECTION('',(0.,0.,1.));
#5327=DIRECTION('',(0.,1.,0.));
#5328=DIRECTION('',(0.,0.,1.));
#5329=DIRECTION('',(0.,1.,0.));
#5330=DIRECTION('',(0.,0.,1.));
#5331=DIRECTION('',(0.,1.,0.));
#5332=DIRECTION('',(0.,0.,1.));
#5333=DIRECTION('',(0.,1.,0.));
#5334=DIRECTION('',(0.,0.,1.));
#5335=DIRECTION('',(0.,1.,0.));
#5336=DIRECTION('',(0.,0.,1.));
#5337=DIRECTION('',(0.,1.,0.));
#5338=DIRECTION('',(0.,0.,1.));
#5339=DIRECTION('',(0.,1.,0.));
#5340=DIRECTION('',(0.,1.,0.));
#5341=DIRECTION('',(0.,0.,1.));
#5342=DIRECTION('',(0.,1.,0.));
#5343=DIRECTION('',(0.,0.,1.));
#5344=DIRECTION('',(1.14958480846707E-15,0.,-1.));
#5345=DIRECTION('',(1.14958480846707E-15,0.,-1.));
#5346=DIRECTION('',(0.,1.,0.));
#5347=DIRECTION('',(0.,0.,1.));
#5348=DIRECTION('',(0.,1.,0.));
#5349=DIRECTION('',(0.,0.,1.));
#5350=DIRECTION('',(0.,1.,0.));
#5351=DIRECTION('',(0.,0.,1.));
#5352=DIRECTION('',(0.,1.,0.));
#5353=DIRECTION('',(0.,0.,1.));
#5354=DIRECTION('',(0.,1.,0.));
#5355=DIRECTION('',(0.,0.,1.));
#5356=DIRECTION('',(0.,1.,0.));
#5357=DIRECTION('',(0.,0.,1.));
#5358=DIRECTION('',(0.,1.,0.));
#5359=DIRECTION('',(0.,0.,1.));
#5360=DIRECTION('',(0.,1.,0.));
#5361=DIRECTION('',(0.,0.,1.));
#5362=DIRECTION('',(0.,1.,0.));
#5363=DIRECTION('',(0.,0.,1.));
#5364=DIRECTION('',(0.,1.,0.));
#5365=DIRECTION('',(0.,0.,1.));
#5366=DIRECTION('',(0.,1.,0.));
#5367=DIRECTION('',(0.,0.,1.));
#5368=DIRECTION('',(0.,1.,0.));
#5369=DIRECTION('',(0.,0.,1.));
#5370=DIRECTION('',(0.,1.,0.));
#5371=DIRECTION('',(0.,0.,1.));
#5372=DIRECTION('',(0.,1.,0.));
#5373=DIRECTION('',(0.,0.,1.));
#5374=DIRECTION('',(0.,1.,0.));
#5375=DIRECTION('',(0.,0.,1.));
#5376=DIRECTION('',(1.14958480846707E-15,0.,-1.));
#5377=DIRECTION('',(0.,1.,0.));
#5378=DIRECTION('',(0.,0.,1.));
#5379=DIRECTION('',(1.14958480846707E-15,0.,-1.));
#5380=DIRECTION('',(0.,1.,0.));
#5381=DIRECTION('',(0.,0.,1.));
#5382=DIRECTION('',(0.,1.,0.));
#5383=DIRECTION('',(0.,0.,1.));
#5384=DIRECTION('',(0.,1.,0.));
#5385=DIRECTION('',(0.,0.,1.));
#5386=DIRECTION('',(0.,1.,0.));
#5387=DIRECTION('',(0.,0.,1.));
#5388=DIRECTION('',(-1.14958480846707E-15,0.,1.));
#5389=DIRECTION('',(0.,1.,0.));
#5390=DIRECTION('',(0.,0.,1.));
#5391=DIRECTION('',(-1.14958480846707E-15,0.,1.));
#5392=DIRECTION('',(0.,1.,0.));
#5393=DIRECTION('',(0.,0.,1.));
#5394=DIRECTION('',(-1.14958480846707E-15,0.,1.));
#5395=DIRECTION('',(1.14958480846707E-15,0.,-1.));
#5396=DIRECTION('',(0.,1.,0.));
#5397=DIRECTION('',(0.,0.,1.));
#5398=DIRECTION('',(0.,1.,0.));
#5399=DIRECTION('',(0.,0.,1.));
#5400=DIRECTION('',(0.,1.,0.));
#5401=DIRECTION('',(0.,0.,1.));
#5402=DIRECTION('',(0.,1.,0.));
#5403=DIRECTION('',(0.,0.,1.));
#5404=DIRECTION('',(0.,1.,0.));
#5405=DIRECTION('',(0.,0.,1.));
#5406=DIRECTION('',(1.14958480846707E-15,0.,-1.));
#5407=DIRECTION('',(0.,1.,0.));
#5408=DIRECTION('',(0.,0.,1.));
#5409=DIRECTION('',(1.14958480846707E-15,0.,-1.));
#5410=DIRECTION('',(0.,1.,0.));
#5411=DIRECTION('',(0.,0.,1.));
#5412=DIRECTION('',(0.,1.,0.));
#5413=DIRECTION('',(0.,1.,0.));
#5414=DIRECTION('',(0.,0.,1.));
#5415=DIRECTION('',(0.,1.,0.));
#5416=DIRECTION('',(0.,0.,1.));
#5417=DIRECTION('',(0.,1.,0.));
#5418=DIRECTION('',(0.,0.,1.));
#5419=DIRECTION('',(0.,1.,0.));
#5420=DIRECTION('',(0.,0.,1.));
#5421=DIRECTION('',(0.,-1.,0.));
#5422=DIRECTION('',(0.,0.,-1.));
#5423=DIRECTION('',(0.,1.,0.));
#5424=DIRECTION('',(0.,0.,1.));
#5425=DIRECTION('',(-1.14958480846707E-15,0.,1.));
#5426=DIRECTION('',(-1.14958480846707E-15,0.,1.));
#5427=DIRECTION('',(0.,1.,0.));
#5428=DIRECTION('',(0.,0.,1.));
#5429=DIRECTION('',(-1.14958480846707E-15,0.,1.));
#5430=DIRECTION('',(0.,1.,0.));
#5431=DIRECTION('',(0.,0.,1.));
#5432=DIRECTION('',(0.,1.,0.));
#5433=DIRECTION('',(0.,0.,1.));
#5434=DIRECTION('',(0.,1.,0.));
#5435=DIRECTION('',(0.,0.,1.));
#5436=DIRECTION('',(0.,1.,0.));
#5437=DIRECTION('',(0.,0.,1.));
#5438=DIRECTION('',(0.,1.,0.));
#5439=DIRECTION('',(0.,0.,1.));
#5440=DIRECTION('',(0.,1.,0.));
#5441=DIRECTION('',(0.,0.,1.));
#5442=DIRECTION('',(0.,1.,0.));
#5443=DIRECTION('',(0.,0.,1.));
#5444=DIRECTION('',(0.,1.,0.));
#5445=DIRECTION('',(0.,0.,1.));
#5446=DIRECTION('',(1.14958480846707E-15,0.,-1.));
#5447=DIRECTION('',(-1.,0.,-1.14958480846707E-15));
#5448=DIRECTION('',(1.14958480846707E-15,0.,-1.));
#5449=DIRECTION('',(-1.,0.,-1.14958480846707E-15));
#5450=DIRECTION('',(1.14958480846707E-15,0.,-1.));
#5451=DIRECTION('',(-1.,0.,-1.14958480846707E-15));
#5452=DIRECTION('',(1.14958480846707E-15,0.,-1.));
#5453=DIRECTION('',(-1.,0.,-1.14958480846707E-15));
#5454=DIRECTION('',(1.14958480846707E-15,0.,-1.));
#5455=DIRECTION('',(-1.,0.,-1.14958480846707E-15));
#5456=DIRECTION('',(-1.14958480846707E-15,0.,1.));
#5457=DIRECTION('',(-1.,0.,-1.14958480846707E-15));
#5458=DIRECTION('',(1.14958480846707E-15,0.,-1.));
#5459=DIRECTION('',(1.,0.,1.14958480846707E-15));
#5460=DIRECTION('',(1.14958480846707E-15,0.,-1.));
#5461=DIRECTION('',(-1.,0.,-1.14958480846707E-15));
#5462=DIRECTION('',(1.14958480846707E-15,0.,-1.));
#5463=DIRECTION('',(-1.,0.,-1.14958480846707E-15));
#5464=DIRECTION('',(1.14958480846707E-15,0.,-1.));
#5465=DIRECTION('',(1.,0.,1.14958480846707E-15));
#5466=DIRECTION('',(0.,-1.,0.));
#5467=DIRECTION('',(0.,0.,-1.));
#5468=DIRECTION('',(0.,-1.,0.));
#5469=DIRECTION('',(0.,0.,-1.));
#5470=DIRECTION('',(0.,-1.,0.));
#5471=DIRECTION('',(0.,0.,-1.));
#5472=DIRECTION('',(0.,-1.,0.));
#5473=DIRECTION('',(0.,0.,-1.));
#5474=DIRECTION('',(0.,-1.,0.));
#5475=DIRECTION('',(0.,0.,-1.));
#5476=DIRECTION('',(0.,-1.,0.));
#5477=DIRECTION('',(0.,0.,-1.));
#5478=DIRECTION('',(0.,-1.,0.));
#5479=DIRECTION('',(0.,0.,-1.));
#5480=DIRECTION('',(0.,-1.,0.));
#5481=DIRECTION('',(0.,0.,-1.));
#5482=DIRECTION('',(0.,-1.,0.));
#5483=DIRECTION('',(0.,0.,-1.));
#5484=DIRECTION('',(0.,-1.,0.));
#5485=DIRECTION('',(0.,0.,-1.));
#5486=DIRECTION('',(0.,-1.,0.));
#5487=DIRECTION('',(0.,0.,-1.));
#5488=DIRECTION('',(0.,-1.,0.));
#5489=DIRECTION('',(0.,0.,-1.));
#5490=DIRECTION('',(0.,-1.,0.));
#5491=DIRECTION('',(0.,0.,-1.));
#5492=DIRECTION('',(0.,-1.,0.));
#5493=DIRECTION('',(0.,0.,-1.));
#5494=DIRECTION('',(0.,-1.,0.));
#5495=DIRECTION('',(0.,0.,-1.));
#5496=DIRECTION('',(0.,-1.,0.));
#5497=DIRECTION('',(0.,0.,-1.));
#5498=DIRECTION('',(0.,-1.,0.));
#5499=DIRECTION('',(0.,0.,-1.));
#5500=DIRECTION('',(0.,-1.,0.));
#5501=DIRECTION('',(0.,0.,-1.));
#5502=DIRECTION('',(0.,-1.,0.));
#5503=DIRECTION('',(0.,0.,-1.));
#5504=DIRECTION('',(0.,-1.,0.));
#5505=DIRECTION('',(0.,0.,-1.));
#5506=DIRECTION('',(0.,-1.,0.));
#5507=DIRECTION('',(0.,0.,-1.));
#5508=DIRECTION('',(0.,-1.,0.));
#5509=DIRECTION('',(0.,0.,-1.));
#5510=DIRECTION('',(0.,-1.,0.));
#5511=DIRECTION('',(0.,0.,-1.));
#5512=DIRECTION('',(0.,-1.,0.));
#5513=DIRECTION('',(0.,0.,-1.));
#5514=DIRECTION('',(0.,-1.,0.));
#5515=DIRECTION('',(0.,0.,-1.));
#5516=DIRECTION('',(0.,-1.,0.));
#5517=DIRECTION('',(0.,0.,-1.));
#5518=DIRECTION('',(0.,-1.,0.));
#5519=DIRECTION('',(0.,0.,-1.));
#5520=DIRECTION('',(0.,-1.,0.));
#5521=DIRECTION('',(0.,0.,-1.));
#5522=DIRECTION('',(0.,1.,0.));
#5523=DIRECTION('',(0.,0.,1.));
#5524=DIRECTION('',(0.,1.,0.));
#5525=DIRECTION('',(0.,0.,1.));
#5526=DIRECTION('',(0.,1.,0.));
#5527=DIRECTION('',(0.,0.,1.));
#5528=DIRECTION('',(0.,1.,0.));
#5529=DIRECTION('',(0.,0.,1.));
#5530=DIRECTION('',(0.,1.,0.));
#5531=DIRECTION('',(0.,0.,1.));
#5532=DIRECTION('',(0.,1.,0.));
#5533=DIRECTION('',(0.,0.,1.));
#5534=DIRECTION('',(0.,1.,0.));
#5535=DIRECTION('',(0.,0.,1.));
#5536=DIRECTION('',(0.,1.,0.));
#5537=DIRECTION('',(0.,1.,0.));
#5538=DIRECTION('',(0.,1.,0.));
#5539=DIRECTION('',(0.,0.,1.));
#5540=DIRECTION('',(0.,1.,0.));
#5541=DIRECTION('',(0.,0.,1.));
#5542=DIRECTION('',(0.,1.,0.));
#5543=DIRECTION('',(0.,0.,1.));
#5544=DIRECTION('',(0.,1.,0.));
#5545=DIRECTION('',(0.,0.,1.));
#5546=DIRECTION('',(0.,1.,0.));
#5547=DIRECTION('',(0.,1.,0.));
#5548=DIRECTION('',(0.,1.,0.));
#5549=DIRECTION('',(0.,0.,1.));
#5550=DIRECTION('',(0.,1.,0.));
#5551=DIRECTION('',(0.,0.,1.));
#5552=DIRECTION('',(0.,1.,0.));
#5553=DIRECTION('',(0.,0.,1.));
#5554=DIRECTION('',(0.,1.,0.));
#5555=DIRECTION('',(0.,0.,1.));
#5556=DIRECTION('',(0.,1.,0.));
#5557=DIRECTION('',(0.,0.,1.));
#5558=DIRECTION('',(-1.,6.05136096270979E-17,-1.14958480846707E-15));
#5559=DIRECTION('',(-1.14958480846707E-15,0.,1.));
#5560=DIRECTION('',(-1.,6.05136096270979E-17,-1.14958480846707E-15));
#5561=DIRECTION('',(-1.14958480846707E-15,0.,1.));
#5562=DIRECTION('',(-1.14958480846707E-15,0.,1.));
#5563=DIRECTION('',(0.,-1.,0.));
#5564=DIRECTION('',(-1.14958480846707E-15,0.,1.));
#5565=DIRECTION('',(0.,-1.,0.));
#5566=DIRECTION('',(1.14958480846707E-15,0.,-1.));
#5567=DIRECTION('',(-1.14958480846707E-15,0.,1.));
#5568=DIRECTION('',(0.,-1.,0.));
#5569=DIRECTION('',(-1.14958480846707E-15,0.,1.));
#5570=DIRECTION('',(0.,-1.,0.));
#5571=DIRECTION('',(-1.14958480846707E-15,0.,1.));
#5572=DIRECTION('',(0.,-1.,0.));
#5573=DIRECTION('',(-1.14958480846707E-15,0.,1.));
#5574=DIRECTION('',(-1.,6.05136096270979E-17,-1.14958480846707E-15));
#5575=DIRECTION('',(-1.14958480846707E-15,0.,1.));
#5576=DIRECTION('',(-1.,6.05136096270979E-17,-1.14958480846707E-15));
#5577=DIRECTION('',(-1.14958480846707E-15,0.,1.));
#5578=DIRECTION('',(-1.14958480846707E-15,0.,1.));
#5579=DIRECTION('',(0.,-1.,0.));
#5580=DIRECTION('',(-1.14958480846707E-15,0.,1.));
#5581=DIRECTION('',(1.14958480846707E-15,0.,-1.));
#5582=DIRECTION('',(0.,-1.,0.));
#5583=DIRECTION('',(-1.14958480846707E-15,0.,1.));
#5584=DIRECTION('',(0.,-1.,0.));
#5585=DIRECTION('',(-1.14958480846707E-15,0.,1.));
#5586=DIRECTION('',(-1.14958480846707E-15,0.,1.));
#5587=DIRECTION('',(0.,-1.,0.));
#5588=DIRECTION('',(-1.14958480846707E-15,0.,1.));
#5589=DIRECTION('',(0.,-1.,0.));
#5590=DIRECTION('',(0.,-1.,0.));
#5591=DIRECTION('',(0.,0.,1.));
#5592=DIRECTION('',(0.,1.,0.));
#5593=DIRECTION('',(0.,0.,1.));
#5594=DIRECTION('',(0.,1.,0.));
#5595=DIRECTION('',(0.,0.,1.));
#5596=DIRECTION('',(0.,-1.,0.));
#5597=DIRECTION('',(0.,0.,1.));
#5598=DIRECTION('',(0.,1.,0.));
#5599=DIRECTION('',(0.,0.,1.));
#5600=DIRECTION('',(0.,1.,0.));
#5601=DIRECTION('',(0.,0.,1.));
#5602=DIRECTION('',(0.,1.,0.));
#5603=DIRECTION('',(0.,0.,1.));
#5604=DIRECTION('',(0.,1.,0.));
#5605=DIRECTION('',(0.,0.,1.));
#5606=DIRECTION('',(0.,1.,0.));
#5607=DIRECTION('',(0.,0.,1.));
#5608=DIRECTION('',(0.,1.,0.));
#5609=DIRECTION('',(0.,0.,1.));
#5610=DIRECTION('',(0.,1.,0.));
#5611=DIRECTION('',(0.,0.,1.));
#5612=DIRECTION('',(0.,1.,0.));
#5613=DIRECTION('',(0.,0.,1.));
#5614=DIRECTION('',(0.,1.,0.));
#5615=DIRECTION('',(0.,0.,1.));
#5616=DIRECTION('',(0.,1.,0.));
#5617=DIRECTION('',(0.,0.,1.));
#5618=DIRECTION('',(1.14958480846707E-15,0.,-1.));
#5619=DIRECTION('',(0.,1.,0.));
#5620=DIRECTION('',(0.,0.,1.));
#5621=DIRECTION('',(1.,0.,-6.12323399573676E-17));
#5622=DIRECTION('',(0.,1.,0.));
#5623=DIRECTION('',(0.,0.,1.));
#5624=DIRECTION('',(1.,0.,-6.12323399573676E-17));
#5625=DIRECTION('',(0.,1.,0.));
#5626=DIRECTION('',(0.,0.,1.));
#5627=DIRECTION('',(1.,0.,-6.12323399573676E-17));
#5628=DIRECTION('',(0.,1.,0.));
#5629=DIRECTION('',(0.,0.,1.));
#5630=DIRECTION('',(1.,0.,-6.12323399573676E-17));
#5631=DIRECTION('',(0.,1.,0.));
#5632=DIRECTION('',(0.,0.,1.));
#5633=DIRECTION('',(0.,-1.,0.));
#5634=DIRECTION('',(0.,0.,1.));
#5635=DIRECTION('',(0.,1.,0.));
#5636=DIRECTION('',(0.,0.,1.));
#5637=DIRECTION('',(0.,1.,0.));
#5638=DIRECTION('',(0.,0.,1.));
#5639=DIRECTION('',(0.,1.,0.));
#5640=DIRECTION('',(0.,0.,1.));
#5641=DIRECTION('',(0.,1.,0.));
#5642=DIRECTION('',(0.,0.,1.));
#5643=DIRECTION('',(0.,1.,0.));
#5644=DIRECTION('',(0.,0.,1.));
#5645=DIRECTION('',(0.,1.,0.));
#5646=DIRECTION('',(0.,0.,1.));
#5647=DIRECTION('',(0.,1.,0.));
#5648=DIRECTION('',(0.,0.,1.));
#5649=DIRECTION('',(0.,1.,0.));
#5650=DIRECTION('',(0.,0.,1.));
#5651=DIRECTION('',(0.,1.,0.));
#5652=DIRECTION('',(0.,0.,1.));
#5653=DIRECTION('',(1.14958480846707E-15,0.,-1.));
#5654=DIRECTION('',(0.,-1.,0.));
#5655=DIRECTION('',(0.,0.,1.));
#5656=DIRECTION('',(0.,1.,0.));
#5657=DIRECTION('',(0.,0.,1.));
#5658=DIRECTION('',(0.,1.,0.));
#5659=DIRECTION('',(0.,0.,1.));
#5660=DIRECTION('',(0.,1.,0.));
#5661=DIRECTION('',(0.,0.,1.));
#5662=DIRECTION('',(0.,1.,0.));
#5663=DIRECTION('',(0.,0.,1.));
#5664=DIRECTION('',(0.,1.,0.));
#5665=DIRECTION('',(0.,0.,1.));
#5666=DIRECTION('',(0.,1.,0.));
#5667=DIRECTION('',(0.,0.,1.));
#5668=DIRECTION('',(0.,1.,0.));
#5669=DIRECTION('',(0.,0.,1.));
#5670=DIRECTION('',(0.,1.,0.));
#5671=DIRECTION('',(0.,0.,1.));
#5672=DIRECTION('',(0.,1.,0.));
#5673=DIRECTION('',(0.,0.,1.));
#5674=DIRECTION('',(0.,-1.,0.));
#5675=DIRECTION('',(0.,0.,1.));
#5676=DIRECTION('',(0.,-1.,0.));
#5677=DIRECTION('',(0.,0.,1.));
#5678=DIRECTION('',(-1.14958480846707E-15,0.,1.));
#5679=DIRECTION('',(1.,0.,1.14958480846707E-15));
#5680=DIRECTION('',(1.,0.,-6.12323399573676E-17));
#5681=DIRECTION('',(0.,1.,0.));
#5682=DIRECTION('',(1.,0.,-6.12323399573676E-17));
#5683=DIRECTION('',(0.,1.,0.));
#5684=DIRECTION('',(-1.14958480846707E-15,0.,1.));
#5685=DIRECTION('',(1.,0.,1.14958480846707E-15));
#5686=DIRECTION('',(1.,0.,-6.12323399573676E-17));
#5687=DIRECTION('',(0.,1.,0.));
#5688=DIRECTION('',(1.,0.,-6.12323399573676E-17));
#5689=DIRECTION('',(0.,1.,0.));
#5690=DIRECTION('',(-1.14958480846707E-15,0.,1.));
#5691=DIRECTION('',(1.,0.,1.14958480846707E-15));
#5692=DIRECTION('',(1.,0.,-6.12323399573676E-17));
#5693=DIRECTION('',(0.,1.,0.));
#5694=DIRECTION('',(1.,0.,-6.12323399573676E-17));
#5695=DIRECTION('',(0.,1.,0.));
#5696=DIRECTION('',(-1.14958480846707E-15,0.,1.));
#5697=DIRECTION('',(1.,0.,1.14958480846707E-15));
#5698=DIRECTION('',(0.,1.,0.));
#5699=DIRECTION('',(1.,0.,-6.12323399573676E-17));
#5700=DIRECTION('',(0.,1.,0.));
#5701=DIRECTION('',(-1.14958480846707E-15,0.,1.));
#5702=DIRECTION('',(1.,0.,1.14958480846707E-15));
#5703=DIRECTION('',(0.,1.,0.));
#5704=DIRECTION('',(1.,0.,-6.12323399573676E-17));
#5705=DIRECTION('',(0.,1.,0.));
#5706=DIRECTION('',(-1.14958480846707E-15,0.,1.));
#5707=DIRECTION('',(1.,0.,1.14958480846707E-15));
#5708=DIRECTION('',(1.,0.,-6.12323399573676E-17));
#5709=DIRECTION('',(0.,1.,0.));
#5710=DIRECTION('',(0.,1.,0.));
#5711=DIRECTION('',(-1.14958480846707E-15,0.,1.));
#5712=DIRECTION('',(1.,0.,1.14958480846707E-15));
#5713=DIRECTION('',(1.,0.,-6.12323399573676E-17));
#5714=DIRECTION('',(0.,1.,0.));
#5715=DIRECTION('',(0.,1.,0.));
#5716=DIRECTION('',(-1.14958480846707E-15,0.,1.));
#5717=DIRECTION('',(1.,0.,1.14958480846707E-15));
#5718=DIRECTION('',(1.,0.,-6.12323399573676E-17));
#5719=DIRECTION('',(0.,1.,0.));
#5720=DIRECTION('',(1.,0.,-6.12323399573676E-17));
#5721=DIRECTION('',(0.,1.,0.));
#5722=DIRECTION('',(0.,-1.,0.));
#5723=DIRECTION('',(0.,0.,1.));
#5724=DIRECTION('',(0.,1.,0.));
#5725=DIRECTION('',(0.,0.,1.));
#5726=DIRECTION('',(0.,1.,0.));
#5727=DIRECTION('',(0.,0.,1.));
#5728=DIRECTION('',(0.,-1.,0.));
#5729=DIRECTION('',(0.,0.,1.));
#5730=DIRECTION('',(0.,1.,0.));
#5731=DIRECTION('',(0.,0.,1.));
#5732=DIRECTION('',(0.,1.,0.));
#5733=DIRECTION('',(0.,0.,1.));
#5734=DIRECTION('',(0.,-1.,0.));
#5735=DIRECTION('',(0.,0.,1.));
#5736=DIRECTION('',(0.,1.,0.));
#5737=DIRECTION('',(0.,0.,1.));
#5738=DIRECTION('',(0.,-1.,0.));
#5739=DIRECTION('',(0.,0.,1.));
#5740=DIRECTION('',(0.,1.,0.));
#5741=DIRECTION('',(0.,0.,1.));
#5742=DIRECTION('',(0.,1.,0.));
#5743=DIRECTION('',(0.,0.,1.));
#5744=DIRECTION('',(0.,1.,0.));
#5745=DIRECTION('',(0.,0.,1.));
#5746=DIRECTION('',(0.,1.,0.));
#5747=DIRECTION('',(0.,0.,1.));
#5748=DIRECTION('',(0.,1.,0.));
#5749=DIRECTION('',(0.,0.,1.));
#5750=DIRECTION('',(1.14958480846707E-15,0.,-1.));
#5751=DIRECTION('',(0.,1.,0.));
#5752=DIRECTION('',(0.,0.,1.));
#5753=DIRECTION('',(0.,1.,0.));
#5754=DIRECTION('',(0.,0.,1.));
#5755=DIRECTION('',(0.,1.,0.));
#5756=DIRECTION('',(0.,0.,1.));
#5757=DIRECTION('',(0.,1.,0.));
#5758=DIRECTION('',(0.,0.,1.));
#5759=DIRECTION('',(0.,1.,0.));
#5760=DIRECTION('',(0.,0.,1.));
#5761=DIRECTION('',(0.,1.,0.));
#5762=DIRECTION('',(0.,0.,1.));
#5763=DIRECTION('',(0.,1.,0.));
#5764=DIRECTION('',(0.,0.,1.));
#5765=DIRECTION('',(0.,1.,0.));
#5766=DIRECTION('',(0.,0.,1.));
#5767=DIRECTION('',(0.,1.,0.));
#5768=DIRECTION('',(0.,0.,1.));
#5769=DIRECTION('',(0.,-1.,0.));
#5770=DIRECTION('',(0.,0.,1.));
#5771=DIRECTION('',(1.14958480846707E-15,0.,-1.));
#5772=DIRECTION('',(0.,-1.,0.));
#5773=DIRECTION('',(0.,0.,1.));
#5774=DIRECTION('',(1.14958480846707E-15,0.,-1.));
#5775=DIRECTION('',(0.,-1.,0.));
#5776=DIRECTION('',(0.,0.,1.));
#5777=DIRECTION('',(0.,1.,0.));
#5778=DIRECTION('',(0.,0.,1.));
#5779=DIRECTION('',(0.,1.,0.));
#5780=DIRECTION('',(0.,0.,1.));
#5781=DIRECTION('',(0.,1.,0.));
#5782=DIRECTION('',(0.,0.,1.));
#5783=DIRECTION('',(1.14958480846707E-15,0.,-1.));
#5784=DIRECTION('',(0.,1.,0.));
#5785=DIRECTION('',(0.,0.,1.));
#5786=DIRECTION('',(0.,1.,0.));
#5787=DIRECTION('',(0.,0.,1.));
#5788=DIRECTION('',(0.,1.,0.));
#5789=DIRECTION('',(0.,0.,1.));
#5790=DIRECTION('',(0.,1.,0.));
#5791=DIRECTION('',(0.,0.,1.));
#5792=DIRECTION('',(0.,1.,0.));
#5793=DIRECTION('',(0.,0.,1.));
#5794=DIRECTION('',(0.,1.,0.));
#5795=DIRECTION('',(0.,0.,1.));
#5796=DIRECTION('',(0.,-1.,0.));
#5797=DIRECTION('',(0.,0.,1.));
#5798=DIRECTION('',(1.14958480846707E-15,0.,-1.));
#5799=DIRECTION('',(0.,-1.,0.));
#5800=DIRECTION('',(0.,0.,1.));
#5801=DIRECTION('',(1.14958480846707E-15,0.,-1.));
#5802=DIRECTION('',(0.,1.,0.));
#5803=DIRECTION('',(1.,0.,0.));
#5804=DIRECTION('',(0.,1.,0.));
#5805=DIRECTION('',(0.,0.,1.));
#5806=DIRECTION('',(0.,-1.,0.));
#5807=DIRECTION('',(0.,0.,-1.));
#5808=DIRECTION('',(0.,-1.,0.));
#5809=DIRECTION('',(0.,0.,-1.));
#5810=DIRECTION('',(0.,-1.,0.));
#5811=DIRECTION('',(0.,0.,-1.));
#5812=DIRECTION('',(0.,-1.,0.));
#5813=DIRECTION('',(0.,0.,-1.));
#5814=DIRECTION('',(0.,-1.,0.));
#5815=DIRECTION('',(0.,0.,-1.));
#5816=DIRECTION('',(0.,-1.,0.));
#5817=DIRECTION('',(0.,0.,-1.));
#5818=DIRECTION('',(0.,-1.,0.));
#5819=DIRECTION('',(0.,0.,-1.));
#5820=DIRECTION('',(0.,-1.,0.));
#5821=DIRECTION('',(0.,0.,-1.));
#5822=DIRECTION('',(0.,-1.,0.));
#5823=DIRECTION('',(0.,0.,-1.));
#5824=DIRECTION('',(0.,-1.,0.));
#5825=DIRECTION('',(0.,0.,-1.));
#5826=DIRECTION('',(0.,-1.,0.));
#5827=DIRECTION('',(0.,0.,-1.));
#5828=DIRECTION('',(0.,-1.,0.));
#5829=DIRECTION('',(0.,0.,-1.));
#5830=DIRECTION('',(0.,-1.,0.));
#5831=DIRECTION('',(0.,0.,-1.));
#5832=DIRECTION('',(0.,-1.,0.));
#5833=DIRECTION('',(0.,0.,-1.));
#5834=DIRECTION('',(0.,-1.,0.));
#5835=DIRECTION('',(0.,0.,-1.));
#5836=DIRECTION('',(0.,-1.,0.));
#5837=DIRECTION('',(0.,0.,-1.));
#5838=DIRECTION('',(0.,-1.,0.));
#5839=DIRECTION('',(0.,0.,-1.));
#5840=DIRECTION('',(0.,-1.,0.));
#5841=DIRECTION('',(0.,0.,-1.));
#5842=DIRECTION('',(0.,-1.,0.));
#5843=DIRECTION('',(0.,0.,-1.));
#5844=DIRECTION('',(0.,-1.,0.));
#5845=DIRECTION('',(0.,0.,-1.));
#5846=DIRECTION('',(0.,-1.,0.));
#5847=DIRECTION('',(0.,0.,-1.));
#5848=DIRECTION('',(0.,-1.,0.));
#5849=DIRECTION('',(0.,0.,-1.));
#5850=DIRECTION('',(0.,-1.,0.));
#5851=DIRECTION('',(0.,0.,-1.));
#5852=DIRECTION('',(0.,-1.,0.));
#5853=DIRECTION('',(0.,0.,-1.));
#5854=DIRECTION('',(0.,-1.,0.));
#5855=DIRECTION('',(0.,0.,-1.));
#5856=DIRECTION('',(0.,-1.,0.));
#5857=DIRECTION('',(0.,0.,-1.));
#5858=DIRECTION('',(0.,-1.,0.));
#5859=DIRECTION('',(0.,0.,-1.));
#5860=DIRECTION('',(0.,-1.,0.));
#5861=DIRECTION('',(0.,0.,-1.));
#5862=DIRECTION('',(0.,-1.,0.));
#5863=DIRECTION('',(0.,0.,1.));
#5864=DIRECTION('',(0.,1.,0.));
#5865=DIRECTION('',(0.,0.,1.));
#5866=DIRECTION('',(0.,1.,0.));
#5867=DIRECTION('',(0.,0.,1.));
#5868=DIRECTION('',(0.,1.,0.));
#5869=DIRECTION('',(0.,0.,1.));
#5870=DIRECTION('',(0.,1.,0.));
#5871=DIRECTION('',(0.,0.,1.));
#5872=DIRECTION('',(0.,1.,0.));
#5873=DIRECTION('',(0.,0.,1.));
#5874=DIRECTION('',(0.,1.,0.));
#5875=DIRECTION('',(0.,0.,1.));
#5876=DIRECTION('',(0.,1.,0.));
#5877=DIRECTION('',(0.,0.,1.));
#5878=DIRECTION('',(0.,1.,0.));
#5879=DIRECTION('',(0.,0.,1.));
#5880=DIRECTION('',(0.,1.,0.));
#5881=DIRECTION('',(0.,0.,1.));
#5882=DIRECTION('',(1.14958480846707E-15,0.,-1.));
#5883=DIRECTION('',(-1.,0.,-1.14958480846707E-15));
#5884=DIRECTION('',(1.14958480846707E-15,0.,-1.));
#5885=DIRECTION('',(-1.,0.,-1.14958480846707E-15));
#5886=DIRECTION('',(1.14958480846707E-15,0.,-1.));
#5887=DIRECTION('',(-1.,0.,-1.14958480846707E-15));
#5888=DIRECTION('',(1.14958480846707E-15,0.,-1.));
#5889=DIRECTION('',(-1.,0.,-1.14958480846707E-15));
#5890=DIRECTION('',(1.14958480846707E-15,0.,-1.));
#5891=DIRECTION('',(-1.,0.,-1.14958480846707E-15));
#5892=DIRECTION('',(1.14958480846707E-15,0.,-1.));
#5893=DIRECTION('',(-1.,0.,-1.14958480846707E-15));
#5894=DIRECTION('',(1.14958480846707E-15,0.,-1.));
#5895=DIRECTION('',(1.,0.,1.14958480846707E-15));
#5896=DIRECTION('',(1.14958480846707E-15,0.,-1.));
#5897=DIRECTION('',(-1.,0.,-1.14958480846707E-15));
#5898=DIRECTION('',(-1.14958480846707E-15,0.,1.));
#5899=DIRECTION('',(-1.,0.,-1.14958480846707E-15));
#5900=DIRECTION('',(1.14958480846707E-15,0.,-1.));
#5901=DIRECTION('',(1.,0.,1.14958480846707E-15));
#5902=DIRECTION('',(0.,1.,0.));
#5903=DIRECTION('',(0.,0.,-1.));
#5904=DIRECTION('',(0.,1.,0.));
#5905=DIRECTION('',(0.,0.,-1.));
#5906=DIRECTION('',(0.,1.,0.));
#5907=DIRECTION('',(0.,0.,-1.));
#5908=DIRECTION('',(0.,1.,0.));
#5909=DIRECTION('',(0.,0.,-1.));
#5910=DIRECTION('',(0.,1.,0.));
#5911=DIRECTION('',(0.,0.,-1.));
#5912=DIRECTION('',(0.,1.,0.));
#5913=DIRECTION('',(0.,0.,-1.));
#5914=DIRECTION('',(0.,1.,0.));
#5915=DIRECTION('',(0.,0.,-1.));
#5916=DIRECTION('',(0.,1.,0.));
#5917=DIRECTION('',(0.,0.,-1.));
#5918=DIRECTION('',(0.,1.,0.));
#5919=DIRECTION('',(0.,0.,-1.));
#5920=DIRECTION('',(0.,1.,0.));
#5921=DIRECTION('',(0.,0.,-1.));
#5922=DIRECTION('',(0.,1.,0.));
#5923=DIRECTION('',(0.,0.,-1.));
#5924=DIRECTION('',(0.,1.,0.));
#5925=DIRECTION('',(0.,0.,-1.));
#5926=DIRECTION('',(0.,1.,0.));
#5927=DIRECTION('',(0.,0.,-1.));
#5928=DIRECTION('',(0.,1.,0.));
#5929=DIRECTION('',(0.,0.,-1.));
#5930=DIRECTION('',(0.,1.,0.));
#5931=DIRECTION('',(0.,0.,-1.));
#5932=DIRECTION('',(0.,1.,0.));
#5933=DIRECTION('',(0.,0.,-1.));
#5934=DIRECTION('',(0.,1.,0.));
#5935=DIRECTION('',(0.,0.,-1.));
#5936=DIRECTION('',(0.,1.,0.));
#5937=DIRECTION('',(0.,0.,-1.));
#5938=DIRECTION('',(0.,1.,0.));
#5939=DIRECTION('',(0.,0.,-1.));
#5940=DIRECTION('',(0.,1.,0.));
#5941=DIRECTION('',(0.,0.,-1.));
#5942=DIRECTION('',(0.,1.,0.));
#5943=DIRECTION('',(0.,0.,-1.));
#5944=DIRECTION('',(0.,1.,0.));
#5945=DIRECTION('',(0.,0.,-1.));
#5946=DIRECTION('',(0.,1.,0.));
#5947=DIRECTION('',(0.,0.,-1.));
#5948=DIRECTION('',(0.,1.,0.));
#5949=DIRECTION('',(0.,0.,-1.));
#5950=DIRECTION('',(0.,1.,0.));
#5951=DIRECTION('',(0.,0.,-1.));
#5952=DIRECTION('',(0.,1.,0.));
#5953=DIRECTION('',(0.,0.,-1.));
#5954=DIRECTION('',(0.,1.,0.));
#5955=DIRECTION('',(0.,0.,-1.));
#5956=DIRECTION('',(0.,1.,0.));
#5957=DIRECTION('',(0.,0.,-1.));
#5958=DIRECTION('',(0.,-1.,0.));
#5959=DIRECTION('',(0.,0.,1.));
#5960=DIRECTION('',(0.,-1.,0.));
#5961=DIRECTION('',(0.,0.,1.));
#5962=DIRECTION('',(0.,-1.,0.));
#5963=DIRECTION('',(0.,0.,1.));
#5964=DIRECTION('',(0.,-1.,0.));
#5965=DIRECTION('',(0.,0.,1.));
#5966=DIRECTION('',(0.,-1.,0.));
#5967=DIRECTION('',(0.,0.,1.));
#5968=DIRECTION('',(0.,-1.,0.));
#5969=DIRECTION('',(0.,0.,1.));
#5970=DIRECTION('',(0.,-1.,0.));
#5971=DIRECTION('',(0.,0.,1.));
#5972=DIRECTION('',(0.,-1.,0.));
#5973=DIRECTION('',(0.,0.,1.));
#5974=DIRECTION('',(0.,-1.,0.));
#5975=DIRECTION('',(0.,0.,1.));
#5976=DIRECTION('',(0.,-1.,0.));
#5977=DIRECTION('',(0.,0.,1.));
#5978=DIRECTION('',(0.,-1.,0.));
#5979=DIRECTION('',(0.,0.,1.));
#5980=DIRECTION('',(0.,-1.,0.));
#5981=DIRECTION('',(0.,0.,1.));
#5982=DIRECTION('',(0.,-1.,0.));
#5983=DIRECTION('',(0.,0.,1.));
#5984=DIRECTION('',(0.,-1.,0.));
#5985=DIRECTION('',(0.,0.,1.));
#5986=DIRECTION('',(0.,-1.,0.));
#5987=DIRECTION('',(0.,0.,1.));
#5988=DIRECTION('',(0.,-1.,0.));
#5989=DIRECTION('',(0.,0.,1.));
#5990=DIRECTION('',(-1.,6.0513609627098E-17,-1.14958480846707E-15));
#5991=DIRECTION('',(-1.14958480846707E-15,0.,1.));
#5992=DIRECTION('',(0.,1.,0.));
#5993=DIRECTION('',(0.,0.,1.));
#5994=DIRECTION('',(0.,-1.,0.));
#5995=DIRECTION('',(0.,0.,-1.));
#5996=DIRECTION('',(0.,-1.,0.));
#5997=DIRECTION('',(0.,-1.,0.));
#5998=DIRECTION('',(0.,-1.,0.));
#5999=DIRECTION('',(0.,-1.,0.));
#6000=DIRECTION('',(0.,-1.,0.));
#6001=DIRECTION('',(0.,-1.,0.));
#6002=DIRECTION('',(0.,-1.,0.));
#6003=DIRECTION('',(0.,-1.,0.));
#6004=DIRECTION('',(0.,-1.,0.));
#6005=DIRECTION('',(0.,-1.,0.));
#6006=DIRECTION('',(-0.941094974504352,0.,0.338142350146581));
#6007=DIRECTION('',(0.338142350146581,0.,0.941094974504352));
#6008=DIRECTION('',(0.,-1.,0.));
#6009=DIRECTION('',(-0.338142350146581,0.,-0.941094974504352));
#6010=DIRECTION('',(0.,-1.,0.));
#6011=DIRECTION('',(0.,-1.,0.));
#6012=DIRECTION('',(0.,-1.,0.));
#6013=DIRECTION('',(0.,-1.,0.));
#6014=DIRECTION('',(0.,-1.,0.));
#6015=DIRECTION('',(0.,-1.,0.));
#6016=DIRECTION('',(0.,-1.,0.));
#6017=DIRECTION('',(0.,-1.,0.));
#6018=DIRECTION('',(0.,-1.,0.));
#6019=DIRECTION('',(0.,-1.,0.));
#6020=DIRECTION('',(0.,-1.,0.));
#6021=DIRECTION('',(-0.103930416659312,0.,-0.994584570809854));
#6022=DIRECTION('',(0.,-1.,0.));
#6023=DIRECTION('',(0.,-1.,0.));
#6024=DIRECTION('',(0.,0.,-1.));
#6025=DIRECTION('',(0.,-1.,0.));
#6026=DIRECTION('',(-0.293310951628175,0.,-0.95601709485499));
#6027=DIRECTION('',(0.,-1.,0.));
#6028=DIRECTION('',(0.,-1.,0.));
#6029=DIRECTION('',(0.,0.,-1.));
#6030=DIRECTION('',(1.,0.,0.));
#6031=DIRECTION('',(0.,0.,-1.));
#6032=DIRECTION('',(0.,-1.,0.));
#6033=DIRECTION('',(0.,0.,1.));
#6034=DIRECTION('',(0.,-1.,0.));
#6035=DIRECTION('',(0.,-1.,0.));
#6036=DIRECTION('',(1.,0.,0.));
#6037=DIRECTION('',(0.,0.,-1.));
#6038=DIRECTION('',(-1.,0.,0.));
#6039=DIRECTION('',(0.,-1.,0.));
#6040=DIRECTION('',(1.,0.,0.));
#6041=DIRECTION('',(0.,-1.,0.));
#6042=DIRECTION('',(0.942277664816459,0.,-0.334832499002173));
#6043=DIRECTION('',(-0.334832499002173,0.,-0.94227766481646));
#6044=DIRECTION('',(0.,-1.,0.));
#6045=DIRECTION('',(0.334832499002173,0.,0.942277664816459));
#6046=DIRECTION('',(0.,-1.,0.));
#6047=DIRECTION('',(-0.960163768361641,0.,0.27943789636621));
#6048=DIRECTION('',(0.,-1.,0.));
#6049=DIRECTION('',(0.,-1.,0.));
#6050=DIRECTION('',(0.,0.,-1.));
#6051=DIRECTION('',(0.,-1.,0.));
#6052=DIRECTION('',(0.960798520019605,0.,0.277247549904659));
#6053=DIRECTION('',(0.,-1.,0.));
#6054=DIRECTION('',(0.,-1.,0.));
#6055=DIRECTION('',(0.,0.,-1.));
#6056=DIRECTION('',(-0.942317505592499,0.,-0.334720358887728));
#6057=DIRECTION('',(-0.334720358887728,0.,0.942317505592499));
#6058=DIRECTION('',(0.,-1.,0.));
#6059=DIRECTION('',(0.334720358887728,0.,-0.942317505592499));
#6060=DIRECTION('',(0.,0.,-1.));
#6061=DIRECTION('',(-1.,0.,0.));
#6062=DIRECTION('',(0.,-1.,0.));
#6063=DIRECTION('',(1.,0.,0.));
#6064=DIRECTION('',(0.941335699519529,0.,0.337471629637336));
#6065=DIRECTION('',(0.337471629637336,0.,-0.941335699519529));
#6066=DIRECTION('',(0.,-1.,0.));
#6067=DIRECTION('',(-0.337471629637336,0.,0.941335699519529));
#6068=DIRECTION('',(0.,0.,1.));
#6069=DIRECTION('',(1.,0.,0.));
#6070=DIRECTION('',(0.,-1.,0.));
#6071=DIRECTION('',(-1.,0.,0.));
#6072=DIRECTION('',(-0.94081126488676,0.,0.338930913110879));
#6073=DIRECTION('',(0.338930913110879,0.,0.94081126488676));
#6074=DIRECTION('',(-0.338930913110879,0.,-0.94081126488676));
#6075=DIRECTION('',(0.,-1.,0.));
#6076=DIRECTION('',(1.,0.,0.));
#6077=DIRECTION('',(0.,0.,1.));
#6078=DIRECTION('',(1.,0.,0.));
#6079=DIRECTION('',(0.,-1.,0.));
#6080=DIRECTION('',(-1.,0.,0.));
#6081=DIRECTION('',(0.,-1.,0.));
#6082=DIRECTION('',(-1.,0.,0.));
#6083=DIRECTION('',(0.,0.,1.));
#6084=DIRECTION('',(0.,-1.,0.));
#6085=DIRECTION('',(0.,0.,-1.));
#6086=DIRECTION('',(0.,0.,-1.));
#6087=DIRECTION('',(-1.,0.,0.));
#6088=DIRECTION('',(0.,-1.,0.));
#6089=DIRECTION('',(1.,0.,0.));
#6090=DIRECTION('',(1.,0.,0.));
#6091=DIRECTION('',(0.,0.,-1.));
#6092=DIRECTION('',(0.,-1.,0.));
#6093=DIRECTION('',(0.,0.,1.));
#6094=DIRECTION('',(0.,-1.,0.));
#6095=DIRECTION('',(-0.999795158446899,0.,-0.0202395935270488));
#6096=DIRECTION('',(0.,-1.,0.));
#6097=DIRECTION('',(0.,-1.,0.));
#6098=DIRECTION('',(0.,0.,-1.));
#6099=DIRECTION('',(0.,-1.,0.));
#6100=DIRECTION('',(-0.998604161237668,0.,-0.0528178867317971));
#6101=DIRECTION('',(0.,-1.,0.));
#6102=DIRECTION('',(0.,-1.,0.));
#6103=DIRECTION('',(0.,0.,-1.));
#6104=DIRECTION('',(0.,0.,-1.));
#6105=DIRECTION('',(-1.,0.,0.));
#6106=DIRECTION('',(0.,-1.,0.));
#6107=DIRECTION('',(1.,0.,0.));
#6108=DIRECTION('',(-0.837575690396882,0.,-0.54632130002059));
#6109=DIRECTION('',(-0.54632130002059,0.,0.837575690396882));
#6110=DIRECTION('',(0.,-1.,0.));
#6111=DIRECTION('',(0.54632130002059,0.,-0.837575690396882));
#6112=DIRECTION('',(0.,0.,-1.));
#6113=DIRECTION('',(-1.,0.,0.));
#6114=DIRECTION('',(0.,-1.,0.));
#6115=DIRECTION('',(1.,0.,0.));
#6116=DIRECTION('',(1.,0.,0.));
#6117=DIRECTION('',(0.,0.,-1.));
#6118=DIRECTION('',(0.,-1.,0.));
#6119=DIRECTION('',(0.,0.,1.));
#6120=DIRECTION('',(0.,0.,1.));
#6121=DIRECTION('',(1.,0.,0.));
#6122=DIRECTION('',(0.,-1.,0.));
#6123=DIRECTION('',(-1.,0.,0.));
#6124=DIRECTION('',(-1.,0.,0.));
#6125=DIRECTION('',(0.,0.,1.));
#6126=DIRECTION('',(0.,-1.,0.));
#6127=DIRECTION('',(0.,0.,-1.));
#6128=DIRECTION('',(0.,-1.,0.));
#6129=DIRECTION('',(0.999228789650786,0.,0.0392660913897249));
#6130=DIRECTION('',(0.,-1.,0.));
#6131=DIRECTION('',(0.,-1.,0.));
#6132=DIRECTION('',(0.,0.,-1.));
#6133=DIRECTION('',(0.,0.,1.));
#6134=DIRECTION('',(1.,0.,0.));
#6135=DIRECTION('',(0.,-1.,0.));
#6136=DIRECTION('',(-1.,0.,0.));
#6137=DIRECTION('',(0.83795392199,0.,0.545740986752486));
#6138=DIRECTION('',(0.545740986752486,0.,-0.83795392199));
#6139=DIRECTION('',(-0.545740986752486,0.,0.83795392199));
#6140=DIRECTION('',(0.,-1.,0.));
#6141=DIRECTION('',(1.,0.,0.));
#6142=DIRECTION('',(0.,0.,1.));
#6143=DIRECTION('',(1.,0.,0.));
#6144=DIRECTION('',(0.,-1.,0.));
#6145=DIRECTION('',(-1.,0.,0.));
#6146=DIRECTION('',(0.,-1.,0.));
#6147=DIRECTION('',(-1.,0.,0.));
#6148=DIRECTION('',(0.,0.,1.));
#6149=DIRECTION('',(0.,-1.,0.));
#6150=DIRECTION('',(0.,0.,-1.));
#6151=DIRECTION('',(0.,0.,-1.));
#6152=DIRECTION('',(-1.,0.,0.));
#6153=DIRECTION('',(0.,-1.,0.));
#6154=DIRECTION('',(1.,0.,0.));
#6155=DIRECTION('',(-1.,0.,0.));
#6156=DIRECTION('',(0.,0.,1.));
#6157=DIRECTION('',(0.,-1.,0.));
#6158=DIRECTION('',(0.,0.,-1.));
#6159=DIRECTION('',(0.,0.,1.));
#6160=DIRECTION('',(1.,0.,0.));
#6161=DIRECTION('',(0.,-1.,0.));
#6162=DIRECTION('',(-1.,0.,0.));
#6163=DIRECTION('',(-1.,0.,0.));
#6164=DIRECTION('',(0.,0.,1.));
#6165=DIRECTION('',(0.,-1.,0.));
#6166=DIRECTION('',(0.,0.,-1.));
#6167=DIRECTION('',(0.,0.,-1.));
#6168=DIRECTION('',(-1.,0.,0.));
#6169=DIRECTION('',(0.,-1.,0.));
#6170=DIRECTION('',(1.,0.,0.));
#6171=DIRECTION('',(-1.,0.,0.));
#6172=DIRECTION('',(0.,0.,1.));
#6173=DIRECTION('',(0.,-1.,0.));
#6174=DIRECTION('',(0.,0.,-1.));
#6175=DIRECTION('',(0.,0.,1.));
#6176=DIRECTION('',(1.,0.,0.));
#6177=DIRECTION('',(0.,-1.,0.));
#6178=DIRECTION('',(-1.,0.,0.));
#6179=DIRECTION('',(-1.,0.,0.));
#6180=DIRECTION('',(0.,0.,1.));
#6181=DIRECTION('',(0.,-1.,0.));
#6182=DIRECTION('',(0.,0.,-1.));
#6183=DIRECTION('',(0.,0.,-1.));
#6184=DIRECTION('',(-1.,0.,0.));
#6185=DIRECTION('',(0.,-1.,0.));
#6186=DIRECTION('',(1.,0.,0.));
#6187=DIRECTION('',(1.,0.,0.));
#6188=DIRECTION('',(0.,0.,-1.));
#6189=DIRECTION('',(0.,0.,1.));
#6190=DIRECTION('',(0.,-1.,0.));
#6191=DIRECTION('',(1.,0.,0.));
#6192=CARTESIAN_POINT('',(0.,0.,0.));
#6193=CARTESIAN_POINT('',(0.,-0.046,0.0174139608291145));
#6194=CARTESIAN_POINT('',(-0.0515,-0.046,-9.29506920552896E-20));
#6195=CARTESIAN_POINT('',(0.0417617871179568,-0.046,-3.90312782094781E-18));
#6196=CARTESIAN_POINT('',(0.0497147382493558,-0.046,-6.29056595323582E-18));
#6197=CARTESIAN_POINT('',(4.85722573273506E-17,-0.046,-0.0229128784747792));
#6198=CARTESIAN_POINT('',(-0.0497147382493557,-0.046,-2.0226644648363E-19));
#6199=CARTESIAN_POINT('',(-0.0515,-0.046,-9.29506920552896E-20));
#6200=CARTESIAN_POINT('',(-0.0415148104943766,-0.046,-1.7347234759768E-18));
#6201=CARTESIAN_POINT('',(-0.0405814898167366,-0.046,0.00232334668948899));
#6202=CARTESIAN_POINT('',(-0.0396481691390966,-0.046,-1.7347234759768E-18));
#6203=CARTESIAN_POINT('',(-0.0515,-0.046,-9.29506920552896E-20));
#6204=CARTESIAN_POINT('',(-0.0325710899748533,-0.046,-2.16840434497101E-18));
#6205=CARTESIAN_POINT('',(-0.0315815202230777,-0.046,0.00229995196324636));
#6206=CARTESIAN_POINT('',(-0.0305919504713022,-0.046,-8.67361737988404E-19));
#6207=CARTESIAN_POINT('',(-0.0515,-0.046,-9.29506920552896E-20));
#6208=CARTESIAN_POINT('',(-0.0236238147387097,-0.046,-1.7347234759768E-18));
#6209=CARTESIAN_POINT('',(-0.0225815506294188,-0.046,0.00227655723700374));
#6210=CARTESIAN_POINT('',(-0.021539286520128,-0.046,-1.7347234759768E-18));
#6211=CARTESIAN_POINT('',(-0.0515,-0.046,-9.29506920552896E-20));
#6212=CARTESIAN_POINT('',(-0.0146734995432369,-0.046,-2.16840434497101E-18));
#6213=CARTESIAN_POINT('',(-0.01358158103576,-0.046,0.00225316251076112));
#6214=CARTESIAN_POINT('',(-0.0124896625282831,-0.046,-2.16840434497101E-18));
#6215=CARTESIAN_POINT('',(-0.0515,-0.046,-9.29506920552896E-20));
#6216=CARTESIAN_POINT('',(-0.00572054206070498,-0.046,-3.03576608295941E-18));
#6217=CARTESIAN_POINT('',(-0.00458161144210114,-0.046,0.00222976778451849));
#6218=CARTESIAN_POINT('',(-0.00344268082349729,-0.046,-3.03576608295941E-18));
#6219=CARTESIAN_POINT('',(-0.0515,-0.046,-9.29506920552896E-20));
#6220=CARTESIAN_POINT('',(0.00323474281937238,-0.046,-3.46944695195361E-18));
#6221=CARTESIAN_POINT('',(0.00441835815155772,-0.046,0.00220637305827588));
#6222=CARTESIAN_POINT('',(0.00560197348374306,-0.046,-3.46944695195361E-18));
#6223=CARTESIAN_POINT('',(-0.0515,-0.046,-9.29506920552896E-20));
#6224=CARTESIAN_POINT('',(0.0121921006338122,-0.046,-3.46944695195361E-18));
#6225=CARTESIAN_POINT('',(0.0134183277452166,-0.046,0.00218297833203325));
#6226=CARTESIAN_POINT('',(0.014644554856621,-0.046,-3.46944695195361E-18));
#6227=CARTESIAN_POINT('',(-0.0515,-0.046,-9.29506920552896E-20));
#6228=CARTESIAN_POINT('',(0.0211513222102837,-0.046,-3.90312782094781E-18));
#6229=CARTESIAN_POINT('',(0.0224182973388755,-0.046,0.00215958360579063));
#6230=CARTESIAN_POINT('',(0.0236852724674672,-0.046,-3.90312782094781E-18));
#6231=CARTESIAN_POINT('',(-0.0515,-0.046,-9.29506920552896E-20));
#6232=CARTESIAN_POINT('',(0.0301122330900305,-0.046,-5.20417042793042E-18));
#6233=CARTESIAN_POINT('',(0.0314182669325343,-0.046,0.00213618887954801));
#6234=CARTESIAN_POINT('',(0.0327243007750381,-0.046,-3.46944695195361E-18));
#6235=CARTESIAN_POINT('',(-0.0515,-0.046,-9.29506920552896E-20));
#6236=CARTESIAN_POINT('',(0.0390746859344296,-0.046,-3.90312782094781E-18));
#6237=CARTESIAN_POINT('',(0.0404182365261932,-0.046,0.00211279415330539));
#6238=CARTESIAN_POINT('',(-0.0135999695936589,-0.046,0.0169463731825352));
#6239=CARTESIAN_POINT('',(-0.0135999695936589,-0.046,0.0144463731825352));
#6240=CARTESIAN_POINT('',(-0.0226,-0.046,0.0169));
#6241=CARTESIAN_POINT('',(-0.0226,-0.046,0.0144));
#6242=CARTESIAN_POINT('',(-0.0316000304063411,-0.046,0.0168536268174649));
#6243=CARTESIAN_POINT('',(-0.0316000304063411,-0.046,0.0143536268174649));
#6244=CARTESIAN_POINT('',(0.0403997263429298,-0.046,0.0092894474638164));
#6245=CARTESIAN_POINT('',(0.0403997263429298,-0.046,0.00678564489035541));
#6246=CARTESIAN_POINT('',(-0.00459993918731773,-0.046,0.0169927463650704));
#6247=CARTESIAN_POINT('',(-0.00459993918731773,-0.046,0.0144927463650704));
#6248=CARTESIAN_POINT('',(0.00440009121902341,-0.046,0.0170391195476055));
#6249=CARTESIAN_POINT('',(0.00440009121902341,-0.046,0.0145391195476055));
#6250=CARTESIAN_POINT('',(0.0134001216253645,-0.046,0.0170854927301407));
#6251=CARTESIAN_POINT('',(0.0134001216253645,-0.046,0.0145854927301407));
#6252=CARTESIAN_POINT('',(0.0224001520317057,-0.046,0.0171318659126758));
#6253=CARTESIAN_POINT('',(0.0224001520317057,-0.046,0.0146318659126758));
#6254=CARTESIAN_POINT('',(0.0313997567492709,-0.046,0.00931284219005903));
#6255=CARTESIAN_POINT('',(0.0313997567492709,-0.046,0.00680903961659804));
#6256=CARTESIAN_POINT('',(0.022399787155612,-0.046,0.00933623691630165));
#6257=CARTESIAN_POINT('',(0.022399787155612,-0.046,0.00683243434284066));
#6258=CARTESIAN_POINT('',(0.0133998175619532,-0.046,0.00935963164254427));
#6259=CARTESIAN_POINT('',(0.0133998175619532,-0.046,0.00685582906908328));
#6260=CARTESIAN_POINT('',(0.00439984796829431,-0.046,0.00938302636878689));
#6261=CARTESIAN_POINT('',(0.00439984796829431,-0.046,0.0068792237953259));
#6262=CARTESIAN_POINT('',(-0.00460012162536455,-0.046,0.00940642109502951));
#6263=CARTESIAN_POINT('',(-0.00460012162536455,-0.046,0.00690261852156852));
#6264=CARTESIAN_POINT('',(-0.0136000912190234,-0.046,0.00942981582127213));
#6265=CARTESIAN_POINT('',(-0.0136000912190234,-0.046,0.00692601324781114));
#6266=CARTESIAN_POINT('',(-0.0226000608126823,-0.046,0.00945321054751476));
#6267=CARTESIAN_POINT('',(-0.0226000608126823,-0.046,0.00694940797405377));
#6268=CARTESIAN_POINT('',(-0.0316000304063411,-0.046,0.00947660527375738));
#6269=CARTESIAN_POINT('',(-0.0316000304063411,-0.046,0.00697280270029639));
#6270=CARTESIAN_POINT('',(0.0314001824380468,-0.046,0.017178239095211));
#6271=CARTESIAN_POINT('',(0.0314001824380468,-0.046,0.014678239095211));
#6272=CARTESIAN_POINT('',(-0.0406,-0.046,0.0095));
#6273=CARTESIAN_POINT('',(-0.0406,-0.046,0.00699619742653902));
#6274=CARTESIAN_POINT('',(0.00797129691351039,-0.046,0.0241254266422604));
#6275=CARTESIAN_POINT('',(0.00827319691312333,-0.046,0.0237966910871263));
#6276=CARTESIAN_POINT('',(0.00827319691312333,-0.046,0.0232733977544639));
#6277=CARTESIAN_POINT('',(0.00797129691351039,-0.046,0.0241254266422604));
#6278=CARTESIAN_POINT('',(0.00827319691312333,-0.046,0.0232733977544639));
#6279=CARTESIAN_POINT('',(0.00827319691312333,-0.046,0.0232733977544639));
#6280=CARTESIAN_POINT('',(0.00827319691312333,-0.046,0.022599154421995));
#6281=CARTESIAN_POINT('',(0.0077840070989357,-0.046,0.0222212203484055));
#6282=CARTESIAN_POINT('',(0.0077840070989357,-0.046,0.0222212203484055));
#6283=CARTESIAN_POINT('',(0.0077840070989357,-0.046,0.0222212203484055));
#6284=CARTESIAN_POINT('',(0.00729481728474806,-0.046,0.0218432862748159));
#6285=CARTESIAN_POINT('',(0.00645620617471211,-0.046,0.0218432862748159));
#6286=CARTESIAN_POINT('',(0.00645620617471211,-0.046,0.0218432862748159));
#6287=CARTESIAN_POINT('',(0.00645620617471211,-0.046,0.0218432862748159));
#6288=CARTESIAN_POINT('',(0.00554826987957985,-0.046,0.0218432862748159));
#6289=CARTESIAN_POINT('',(0.00505852099131886,-0.046,0.022078097385626));
#6290=CARTESIAN_POINT('',(0.00505852099131886,-0.046,0.0220780973856259));
#6291=CARTESIAN_POINT('',(0.00505852099131886,-0.046,0.0223643433111849));
#6292=CARTESIAN_POINT('',(0.00505852099131886,-0.046,0.0226502717928595));
#6293=CARTESIAN_POINT('',(0.00649159189509021,-0.046,0.0261309022454896));
#6294=CARTESIAN_POINT('',(0.00574397559584244,-0.046,0.0224416396638302));
#6295=CARTESIAN_POINT('',(0.00648514728141857,-0.046,0.0259509503018246));
#6296=CARTESIAN_POINT('',(0.00647745098949968,-0.046,0.0223643433111849));
#6297=CARTESIAN_POINT('',(0.00647745098949968,-0.046,0.0223643433111849));
#6298=CARTESIAN_POINT('',(0.00707118765540514,-0.046,0.0223643433111849));
#6299=CARTESIAN_POINT('',(0.00737196950687137,-0.046,0.0225896501627479));
#6300=CARTESIAN_POINT('',(0.00737196950687137,-0.046,0.0225896501627479));
#6301=CARTESIAN_POINT('',(0.00737196950687137,-0.046,0.0225896501627479));
#6302=CARTESIAN_POINT('',(0.00767275135833759,-0.046,0.0228149570143109));
#6303=CARTESIAN_POINT('',(0.00767275135833759,-0.046,0.0232174903471281));
#6304=CARTESIAN_POINT('',(0.00767275135833759,-0.046,0.0232174903471281));
#6305=CARTESIAN_POINT('',(0.00767275135833759,-0.046,0.0232174903471281));
#6306=CARTESIAN_POINT('',(0.00767275135833759,-0.046,0.0234824914578995));
#6307=CARTESIAN_POINT('',(0.00756596821032635,-0.046,0.0236518909021268));
#6308=CARTESIAN_POINT('',(0.00756596821032635,-0.046,0.0236518909021268));
#6309=CARTESIAN_POINT('',(0.00756596821032635,-0.046,0.0236518909021268));
#6310=CARTESIAN_POINT('',(0.0074591850623151,-0.046,0.023821290346354));
#6311=CARTESIAN_POINT('',(0.00720927895152439,-0.046,0.0239649723832069));
#6312=CARTESIAN_POINT('',(0.00720927895152439,-0.046,0.0239649723832069));
#6313=CARTESIAN_POINT('',(0.00720927895152439,-0.046,0.0239649723832069));
#6314=CARTESIAN_POINT('',(0.00695937284073368,-0.046,0.0241086544200597));
#6315=CARTESIAN_POINT('',(0.00644949728583182,-0.046,0.0242897944198274));
#6316=CARTESIAN_POINT('',(0.00644949728583182,-0.046,0.0242897944198274));
#6317=CARTESIAN_POINT('',(0.00644949728583182,-0.046,0.0242897944198274));
#6318=CARTESIAN_POINT('',(0.00573723691637462,-0.046,0.0245447321972784));
#6319=CARTESIAN_POINT('',(0.00543142339824818,-0.046,0.0248941534931267));
#6320=CARTESIAN_POINT('',(0.00543142339824818,-0.046,0.0248941534931267));
#6321=CARTESIAN_POINT('',(0.00543142339824818,-0.046,0.0248941534931267));
#6322=CARTESIAN_POINT('',(0.00512560988012173,-0.046,0.025243574788975));
#6323=CARTESIAN_POINT('',(0.00512560988012173,-0.046,0.0258060033067725));
#6324=CARTESIAN_POINT('',(0.00512560988012173,-0.046,0.0258060033067725));
#6325=CARTESIAN_POINT('',(0.00512560988012173,-0.046,0.0258060033067725));
#6326=CARTESIAN_POINT('',(0.00512560988012173,-0.046,0.0263963855282378));
#6327=CARTESIAN_POINT('',(0.00556895562029407,-0.046,0.0267458068240861));
#6328=CARTESIAN_POINT('',(0.00556895562029407,-0.046,0.0267458068240861));
#6329=CARTESIAN_POINT('',(0.00556895562029407,-0.046,0.0267458068240861));
#6330=CARTESIAN_POINT('',(0.00601230136046641,-0.046,0.0270952281199344));
#6331=CARTESIAN_POINT('',(0.00674357024841776,-0.046,0.0270952281199344));
#6332=CARTESIAN_POINT('',(0.00674357024841776,-0.046,0.0270952281199344));
#6333=CARTESIAN_POINT('',(0.00674357024841776,-0.046,0.0270952281199344));
#6334=CARTESIAN_POINT('',(0.0075050291363304,-0.046,0.0270952281199344));
#6335=CARTESIAN_POINT('',(0.00814460987625115,-0.046,0.0268156910832557));
#6336=CARTESIAN_POINT('',(0.00814460987625116,-0.046,0.0268156910832557));
#6337=CARTESIAN_POINT('',(0.00805180358007385,-0.046,0.0265573988613646));
#6338=CARTESIAN_POINT('',(0.00795899728389653,-0.046,0.0262991066394736));
#6339=CARTESIAN_POINT('',(0.00795899728389653,-0.046,0.0262991066394736));
#6340=CARTESIAN_POINT('',(0.00732612543285607,-0.046,0.0265641077502449));
#6341=CARTESIAN_POINT('',(0.00672903432251047,-0.046,0.0265641077502449));
#6342=CARTESIAN_POINT('',(0.00672903432251047,-0.046,0.0265641077502449));
#6343=CARTESIAN_POINT('',(0.00672903432251047,-0.046,0.0265641077502449));
#6344=CARTESIAN_POINT('',(0.00625717580459691,-0.046,0.0265641077502449));
#6345=CARTESIAN_POINT('',(0.00599161561975219,-0.046,0.0263617229356896));
#6346=CARTESIAN_POINT('',(0.00599161561975219,-0.046,0.0263617229356896));
#6347=CARTESIAN_POINT('',(0.00599161561975219,-0.046,0.0263617229356896));
#6348=CARTESIAN_POINT('',(0.00572605543490747,-0.046,0.0261593381211342));
#6349=CARTESIAN_POINT('',(0.00572605543490747,-0.046,0.0257992944178921));
#6350=CARTESIAN_POINT('',(0.00572605543490747,-0.046,0.0257992944178921));
#6351=CARTESIAN_POINT('',(0.00572605543490747,-0.046,0.0257992944178921));
#6352=CARTESIAN_POINT('',(0.00572605543490747,-0.046,0.0255342933071208));
#6353=CARTESIAN_POINT('',(0.005823893397745,-0.046,0.0253643347888202));
#6354=CARTESIAN_POINT('',(0.005823893397745,-0.046,0.0253643347888202));
#6355=CARTESIAN_POINT('',(0.005823893397745,-0.046,0.0253643347888202));
#6356=CARTESIAN_POINT('',(0.00592173136058253,-0.046,0.0251943762705195));
#6357=CARTESIAN_POINT('',(0.00615430617509916,-0.046,0.0250529305299602));
#6358=CARTESIAN_POINT('',(0.00615430617509916,-0.046,0.0250529305299602));
#6359=CARTESIAN_POINT('',(0.00615430617509916,-0.046,0.0250529305299602));
#6360=CARTESIAN_POINT('',(0.0063868809896158,-0.046,0.0249114847894008));
#6361=CARTESIAN_POINT('',(0.00686544839640965,-0.046,0.0247404081229535));
#6362=CARTESIAN_POINT('',(0.00686544839640965,-0.046,0.0247404081229535));
#6363=CARTESIAN_POINT('',(0.00686544839640965,-0.046,0.0247404081229535));
#6364=CARTESIAN_POINT('',(0.00766939691389745,-0.046,0.0244541621973945));
#6365=CARTESIAN_POINT('',(0.00797129691351039,-0.046,0.0241254266422604));
#6366=CARTESIAN_POINT('',(0.00346627803039727,-0.046,0.0253799888628742));
#6367=CARTESIAN_POINT('',(0.00288265104978679,-0.046,0.023737412494492));
#6368=CARTESIAN_POINT('',(0.00404995136298229,-0.046,0.0270225484903979));
#6369=CARTESIAN_POINT('',(0.0043691826588693,-0.046,0.0270225484903979));
#6370=CARTESIAN_POINT('',(0.00468841395475632,-0.046,0.0270225484903979));
#6371=CARTESIAN_POINT('',(0.0037681780300102,-0.046,0.0244681390492285));
#6372=CARTESIAN_POINT('',(0.00284794210526409,-0.046,0.021913729608059));
#6373=CARTESIAN_POINT('',(0.00255442821675151,-0.046,0.021913729608059));
#6374=CARTESIAN_POINT('',(0.00226091432823893,-0.046,0.021913729608059));
#6375=CARTESIAN_POINT('',(0.00134515099607966,-0.046,0.0244681390492285));
#6376=CARTESIAN_POINT('',(0.000429387663920406,-0.046,0.0270225484903979));
#6377=CARTESIAN_POINT('',(0.000744146367220567,-0.046,0.0270225484903979));
#6378=CARTESIAN_POINT('',(0.00105890507052073,-0.046,0.0270225484903979));
#6379=CARTESIAN_POINT('',(0.00164593284754589,-0.046,0.0253699255295537));
#6380=CARTESIAN_POINT('',(0.00223282722320071,-0.046,0.0237172547252704));
#6381=CARTESIAN_POINT('',(-0.00653516980535036,-0.046,0.020572675837074));
#6382=CARTESIAN_POINT('',(0.00255387334205466,-0.046,0.0226096597954879));
#6383=CARTESIAN_POINT('',(0.0116745140462024,-0.046,0.0205620713127538));
#6384=CARTESIAN_POINT('',(-0.000272809372216362,-0.046,0.0244681390492285));
#6385=CARTESIAN_POINT('',(-0.000272809372216362,-0.046,0.0270225484903979));
#6386=CARTESIAN_POINT('',(-0.000272809372216362,-0.046,0.021913729608059));
#6387=CARTESIAN_POINT('',(-0.000611608260670886,-0.046,0.021913729608059));
#6388=CARTESIAN_POINT('',(-0.00095040714912541,-0.046,0.021913729608059));
#6389=CARTESIAN_POINT('',(-0.00234641511029859,-0.046,0.0240572196053108));
#6390=CARTESIAN_POINT('',(-0.00374242307147177,-0.046,0.0262007096025627));
#6391=CARTESIAN_POINT('',(-0.00375639992330571,-0.046,0.0262007096025627));
#6392=CARTESIAN_POINT('',(-0.00377037677513963,-0.046,0.0262007096025627));
#6393=CARTESIAN_POINT('',(-0.0226254377464578,-0.046,0.0247349636041694));
#6394=CARTESIAN_POINT('',(-0.00371426280271824,-0.046,0.0248175612472835));
#6395=CARTESIAN_POINT('',(-0.00371446936780391,-0.046,0.0233656449765678));
#6396=CARTESIAN_POINT('',(-0.00371446936780391,-0.046,0.021913729608059));
#6397=CARTESIAN_POINT('',(-0.00398897473782234,-0.046,0.021913729608059));
#6398=CARTESIAN_POINT('',(-0.00426348010784077,-0.046,0.021913729608059));
#6399=CARTESIAN_POINT('',(-0.00426348010784077,-0.046,0.0244681390492285));
#6400=CARTESIAN_POINT('',(-0.00426348010784077,-0.046,0.0270225484903979));
#6401=CARTESIAN_POINT('',(-0.00392803566382639,-0.046,0.0270225484903979));
#6402=CARTESIAN_POINT('',(-0.00359259121981201,-0.046,0.0270225484903979));
#6403=CARTESIAN_POINT('',(-0.00219993770307898,-0.046,0.0248874446042464));
#6404=CARTESIAN_POINT('',(-0.000807284186345942,-0.046,0.0227523407180949));
#6405=CARTESIAN_POINT('',(-0.000793307334512009,-0.046,0.0227523407180949));
#6406=CARTESIAN_POINT('',(-0.000779598199412396,-0.046,0.0227523407180949));
#6407=CARTESIAN_POINT('',(0.0537156694666939,-0.046,0.0258337374301782));
#6408=CARTESIAN_POINT('',(-0.000810299120807721,-0.046,0.023358397977475));
#6409=CARTESIAN_POINT('',(0.0106133140524789,-0.046,0.024029132761909));
#6410=CARTESIAN_POINT('',(-0.000828998061028367,-0.046,0.0240907665762952));
#6411=CARTESIAN_POINT('',(-0.00082852900113352,-0.046,0.0255566562700551));
#6412=CARTESIAN_POINT('',(-0.00082852900113352,-0.046,0.0270225484903979));
#6413=CARTESIAN_POINT('',(-0.000550669186674941,-0.046,0.0270225484903979));
#6414=CARTESIAN_POINT('',(-0.00539504603231595,-0.046,0.0221792897929037));
#6415=CARTESIAN_POINT('',(-0.00539504603231595,-0.046,0.0224448499777484));
#6416=CARTESIAN_POINT('',(-0.00539504603231595,-0.046,0.021913729608059));
#6417=CARTESIAN_POINT('',(-0.006819007697157,-0.046,0.021913729608059));
#6418=CARTESIAN_POINT('',(-0.00824296936199804,-0.046,0.021913729608059));
#6419=CARTESIAN_POINT('',(-0.00824296936199804,-0.046,0.0244681390492285));
#6420=CARTESIAN_POINT('',(-0.00824296936199804,-0.046,0.0270225484903979));
#6421=CARTESIAN_POINT('',(-0.006819007697157,-0.046,0.0270225484903979));
#6422=CARTESIAN_POINT('',(-0.00539504603231595,-0.046,0.0270225484903979));
#6423=CARTESIAN_POINT('',(-0.00539504603231595,-0.046,0.0267586655277733));
#6424=CARTESIAN_POINT('',(-0.00539504603231595,-0.046,0.0264947825651487));
#6425=CARTESIAN_POINT('',(-0.00652213936420427,-0.046,0.0264947825651487));
#6426=CARTESIAN_POINT('',(-0.00764923269609259,-0.046,0.0264947825651487));
#6427=CARTESIAN_POINT('',(-0.00764923269609259,-0.046,0.0256718255291667));
#6428=CARTESIAN_POINT('',(-0.00764923269609259,-0.046,0.0248488684931848));
#6429=CARTESIAN_POINT('',(-0.00659034640115386,-0.046,0.0248488684931848));
#6430=CARTESIAN_POINT('',(-0.00553146010621513,-0.046,0.0248488684931848));
#6431=CARTESIAN_POINT('',(-0.00553146010621513,-0.046,0.0245866627527802));
#6432=CARTESIAN_POINT('',(-0.00553146010621513,-0.046,0.0243244570123756));
#6433=CARTESIAN_POINT('',(-0.00659034640115386,-0.046,0.0243244570123756));
#6434=CARTESIAN_POINT('',(-0.00764923269609259,-0.046,0.0243244570123756));
#6435=CARTESIAN_POINT('',(-0.00764923269609259,-0.046,0.023384653495062));
#6436=CARTESIAN_POINT('',(-0.00764923269609259,-0.046,0.0224448499777484));
#6437=CARTESIAN_POINT('',(-0.00652213936420427,-0.046,0.0224448499777484));
#6438=CARTESIAN_POINT('',(-2.08166817117217E-17,-0.046,-0.0229128784747792));
#6439=CARTESIAN_POINT('',(-2.08166817117217E-17,-0.043,-0.0229128784747792));
#6440=CARTESIAN_POINT('',(0.0444233440342704,-0.043,0.0095149877025203));
#6441=CARTESIAN_POINT('',(0.00149999999999996,-0.043,0.0320666631748199));
#6442=CARTESIAN_POINT('',(0.00149999999999996,-0.046,0.0320666631748199));
#6443=CARTESIAN_POINT('',(0.00149999999999996,-0.038,0.0320666631748199));
#6444=CARTESIAN_POINT('',(-2.08166817117217E-17,-0.038,-0.0229128784747792));
#6445=CARTESIAN_POINT('',(0.0444233440342704,-0.038,0.0095149877025203));
#6446=CARTESIAN_POINT('',(0.0444233440342705,-0.043,0.0095149877025203));
#6447=CARTESIAN_POINT('',(0.0441301058561564,-0.0427564180752159,0.00991669839168866));
#6448=CARTESIAN_POINT('',(0.0437055005875779,-0.0422775709346367,0.0104796431220879));
#6449=CARTESIAN_POINT('',(0.0433248344842788,-0.0413363702773159,0.0109691464868885));
#6450=CARTESIAN_POINT('',(0.0432128327685906,-0.0405000056579292,0.0111113114310856));
#6451=CARTESIAN_POINT('',(0.0433238348931141,-0.0396678045250837,0.0109704220994952));
#6452=CARTESIAN_POINT('',(0.0437053738573152,-0.0387211641662343,0.010479832673696));
#6453=CARTESIAN_POINT('',(0.0441307483981456,-0.0382430481893221,0.00991581816529061));
#6454=CARTESIAN_POINT('',(0.0444233440342705,-0.038,0.0095149877025203));
#6455=CARTESIAN_POINT('',(-4.97400190574163E-18,-0.043,0.0320891215252208));
#6456=CARTESIAN_POINT('',(-0.0406,-0.043,0.0095));
#6457=CARTESIAN_POINT('',(-0.0406,-0.043,0.012003802573461));
#6458=CARTESIAN_POINT('',(-0.0316000304063411,-0.043,0.00947660527375738));
#6459=CARTESIAN_POINT('',(-0.0316000304063411,-0.043,0.0119804078472184));
#6460=CARTESIAN_POINT('',(-0.0226000608126823,-0.043,0.00945321054751476));
#6461=CARTESIAN_POINT('',(-0.0226000608126823,-0.043,0.0119570131209757));
#6462=CARTESIAN_POINT('',(-0.0136000912190234,-0.043,0.00942981582127213));
#6463=CARTESIAN_POINT('',(-0.0136000912190234,-0.043,0.0119336183947331));
#6464=CARTESIAN_POINT('',(-0.00460012162536455,-0.043,0.00940642109502951));
#6465=CARTESIAN_POINT('',(-0.00460012162536455,-0.043,0.0119102236684905));
#6466=CARTESIAN_POINT('',(-0.00459993918731773,-0.043,0.0169927463650704));
#6467=CARTESIAN_POINT('',(-0.00459993918731773,-0.043,0.0194927463650704));
#6468=CARTESIAN_POINT('',(-0.0316000304063411,-0.043,0.0168536268174649));
#6469=CARTESIAN_POINT('',(-0.0316000304063411,-0.043,0.0193536268174649));
#6470=CARTESIAN_POINT('',(-0.0226,-0.043,0.0169));
#6471=CARTESIAN_POINT('',(-0.0226,-0.043,0.0194));
#6472=CARTESIAN_POINT('',(-0.0135999695936589,-0.043,0.0169463731825352));
#6473=CARTESIAN_POINT('',(-0.0135999695936589,-0.043,0.0194463731825351));
#6474=CARTESIAN_POINT('',(-2.08166817117217E-17,-0.043,-0.0229128784747792));
#6475=CARTESIAN_POINT('',(-0.00150000000000004,-0.043,0.0320666631748199));
#6476=CARTESIAN_POINT('',(-0.0444233440342705,-0.043,0.00951498770252033));
#6477=CARTESIAN_POINT('',(-0.00150000000000004,-0.043,0.033));
#6478=CARTESIAN_POINT('',(-0.0015,-0.043,-3.15456768992366E-18));
#6479=CARTESIAN_POINT('',(-6.93889390390723E-18,-0.043,-3.24641619985972E-18));
#6480=CARTESIAN_POINT('',(-0.00344268082349729,-0.043,-2.67182460079141E-18));
#6481=CARTESIAN_POINT('',(-0.00458161144210114,-0.043,0.00222976778451849));
#6482=CARTESIAN_POINT('',(-0.00572054206070498,-0.043,-2.53234582713901E-18));
#6483=CARTESIAN_POINT('',(-6.93889390390723E-18,-0.043,-3.24641619985972E-18));
#6484=CARTESIAN_POINT('',(-0.0124896625282831,-0.043,-2.23526507022657E-18));
#6485=CARTESIAN_POINT('',(-0.01358158103576,-0.043,0.00225316251076112));
#6486=CARTESIAN_POINT('',(-0.0146734995432369,-0.043,-2.10154361971544E-18));
#6487=CARTESIAN_POINT('',(-6.93889390390723E-18,-0.043,-3.24641619985972E-18));
#6488=CARTESIAN_POINT('',(-0.021539286520128,-0.043,-1.79854374624226E-18));
#6489=CARTESIAN_POINT('',(-0.0225815506294188,-0.043,0.00227655723700374));
#6490=CARTESIAN_POINT('',(-0.0236238147387097,-0.043,-1.67090320571135E-18));
#6491=CARTESIAN_POINT('',(-6.93889390390723E-18,-0.043,-3.24641619985972E-18));
#6492=CARTESIAN_POINT('',(-0.0305919504713022,-0.043,-1.36163627843485E-18));
#6493=CARTESIAN_POINT('',(-0.0315815202230777,-0.043,0.00229995196324636));
#6494=CARTESIAN_POINT('',(-0.0325710899748533,-0.043,-1.24044893553036E-18));
#6495=CARTESIAN_POINT('',(-6.93889390390723E-18,-0.043,-3.24641619985972E-18));
#6496=CARTESIAN_POINT('',(-0.0396481691390966,-0.043,-4.90830278016696E-19));
#6497=CARTESIAN_POINT('',(-0.0405814898167366,-0.043,0.00232334668948899));
#6498=CARTESIAN_POINT('',(-0.0415148104943766,-0.043,-3.76531459971707E-19));
#6499=CARTESIAN_POINT('',(-6.93889390390723E-18,-0.043,-3.24641619985972E-18));
#6500=CARTESIAN_POINT('',(-0.0444233440342705,-0.043,-1.12017088818411E-16));
#6501=CARTESIAN_POINT('',(-0.0444233440342705,-0.043,0.0320891215252207));
#6502=CARTESIAN_POINT('',(-4.00399488183983E-17,-0.038,0.034829921658229));
#6503=CARTESIAN_POINT('',(0.0268960241228342,-0.038,0.0195078402757645));
#6504=CARTESIAN_POINT('',(0.0268960241228342,-0.038,0.0220078402757645));
#6505=CARTESIAN_POINT('',(0.00430461067557335,-0.038,0.0238650787502528));
#6506=CARTESIAN_POINT('',(0.00430461067557335,-0.038,0.0263650787502527));
#6507=CARTESIAN_POINT('',(0.00890635885298252,-0.038,0.0283552166074514));
#6508=CARTESIAN_POINT('',(0.00890635885298252,-0.038,0.0308552166074514));
#6509=CARTESIAN_POINT('',(0.0179,-0.038,0.0195));
#6510=CARTESIAN_POINT('',(0.0179,-0.038,0.022));
#6511=CARTESIAN_POINT('',(0.00890397587716579,-0.038,0.0194921597242355));
#6512=CARTESIAN_POINT('',(0.00890397587716579,-0.038,0.0219921597242355));
#6513=CARTESIAN_POINT('',(0.0222953893244267,-0.038,0.0239349212497473));
#6514=CARTESIAN_POINT('',(0.0222953893244267,-0.038,0.0264349212497473));
#6515=CARTESIAN_POINT('',(0.0133,-0.038,0.0239));
#6516=CARTESIAN_POINT('',(0.0133,-0.038,0.0264));
#6517=CARTESIAN_POINT('',(0.00149999999999996,-0.038,0.034829921658229));
#6518=CARTESIAN_POINT('',(0.00149999999999998,-0.038,-5.92243101626065E-17));
#6519=CARTESIAN_POINT('',(0.00149999999999998,-0.038,0.0175567867293028));
#6520=CARTESIAN_POINT('',(-1.4169726759932E-47,-0.038,-6.09486873753071E-17));
#6521=CARTESIAN_POINT('',(0.0444233440342704,-0.038,-9.88028593220353E-18));
#6522=CARTESIAN_POINT('',(0.0444233440342704,-0.038,0.0320891215252209));
#6523=CARTESIAN_POINT('',(0.00149999999999996,-0.038,0.034829921658229));
#6524=CARTESIAN_POINT('',(0.00149999999999996,-0.038,0.0303209372712299));
#6525=CARTESIAN_POINT('',(-0.0001,-0.038,0.0284));
#6526=CARTESIAN_POINT('',(0.00149999999999997,-0.038,0.0264790627287701));
#6527=CARTESIAN_POINT('',(0.00149999999999996,-0.038,0.034829921658229));
#6528=CARTESIAN_POINT('',(0.00149999999999997,-0.038,0.0214118521676394));
#6529=CARTESIAN_POINT('',(-9.20482456684135E-5,-0.038,0.0194843194484711));
#6530=CARTESIAN_POINT('',(-2.08166817117217E-17,-0.046,-0.0229128784747792));
#6531=CARTESIAN_POINT('',(-2.08166817117217E-17,-0.035,-0.0229128784747792));
#6532=CARTESIAN_POINT('',(0.00149999999999996,-0.035,0.0320666631748199));
#6533=CARTESIAN_POINT('',(0.05,-0.035,-3.46944695195361E-18));
#6534=CARTESIAN_POINT('',(0.00149999999999996,-0.046,0.0320666631748199));
#6535=CARTESIAN_POINT('',(0.00149999999999996,0.035,0.0320666631748199));
#6536=CARTESIAN_POINT('',(-2.08166817117217E-17,0.035,-0.0229128784747792));
#6537=CARTESIAN_POINT('',(0.05,0.035,-3.46944695195361E-18));
#6538=CARTESIAN_POINT('',(0.05,-0.046,-3.46944695195361E-18));
#6539=CARTESIAN_POINT('',(-4.00399488183983E-17,-0.035,0.034829921658229));
#6540=CARTESIAN_POINT('',(0.0268960241228342,-0.035,0.0195078402757645));
#6541=CARTESIAN_POINT('',(0.0268960241228342,-0.035,0.0220078402757645));
#6542=CARTESIAN_POINT('',(0.00430461067557335,-0.035,0.0238650787502528));
#6543=CARTESIAN_POINT('',(0.00430461067557335,-0.035,0.0263650787502527));
#6544=CARTESIAN_POINT('',(0.00890635885298252,-0.035,0.0283552166074514));
#6545=CARTESIAN_POINT('',(0.00890635885298252,-0.035,0.0308552166074514));
#6546=CARTESIAN_POINT('',(0.0179,-0.035,0.0195));
#6547=CARTESIAN_POINT('',(0.0179,-0.035,0.022));
#6548=CARTESIAN_POINT('',(0.00890397587716579,-0.035,0.0194921597242355));
#6549=CARTESIAN_POINT('',(0.00890397587716579,-0.035,0.0219921597242355));
#6550=CARTESIAN_POINT('',(0.0222953893244267,-0.035,0.0239349212497473));
#6551=CARTESIAN_POINT('',(0.0222953893244267,-0.035,0.0264349212497473));
#6552=CARTESIAN_POINT('',(0.0133,-0.035,0.0239));
#6553=CARTESIAN_POINT('',(0.0133,-0.035,0.0264));
#6554=CARTESIAN_POINT('',(-1.4169726759932E-47,-0.035,-6.09486873753071E-17));
#6555=CARTESIAN_POINT('',(0.00149999999999998,-0.035,-5.92243101626065E-17));
#6556=CARTESIAN_POINT('',(0.00149999999999996,-0.035,0.034829921658229));
#6557=CARTESIAN_POINT('',(0.00149999999999998,-0.035,0.0175567867293028));
#6558=CARTESIAN_POINT('',(-9.20482456684135E-5,-0.035,0.0194843194484711));
#6559=CARTESIAN_POINT('',(0.00149999999999997,-0.035,0.0214118521676394));
#6560=CARTESIAN_POINT('',(0.00149999999999996,-0.035,0.034829921658229));
#6561=CARTESIAN_POINT('',(0.00149999999999997,-0.035,0.0264790627287701));
#6562=CARTESIAN_POINT('',(-0.0001,-0.035,0.0284));
#6563=CARTESIAN_POINT('',(0.00149999999999996,-0.035,0.0303209372712299));
#6564=CARTESIAN_POINT('',(0.00149999999999996,-0.035,0.034829921658229));
#6565=CARTESIAN_POINT('',(-0.0001,-0.04,0.0284));
#6566=CARTESIAN_POINT('',(0.00149999999999996,-0.04,0.0303209372712299));
#6567=CARTESIAN_POINT('',(0.00149999999999997,-0.04,0.0264790627287701));
#6568=CARTESIAN_POINT('',(-9.20482456684135E-5,-0.04,0.0194843194484711));
#6569=CARTESIAN_POINT('',(0.00149999999999997,-0.04,0.0214118521676394));
#6570=CARTESIAN_POINT('',(0.00149999999999998,-0.04,0.0175567867293028));
#6571=CARTESIAN_POINT('',(0.0515,-0.046,-1.74506973925301E-18));
#6572=CARTESIAN_POINT('',(-6.93889390390723E-18,-0.043,-3.24641619985972E-18));
#6573=CARTESIAN_POINT('',(0.0327243007750381,-0.043,-4.85046106717624E-18));
#6574=CARTESIAN_POINT('',(0.0390746859344296,-0.043,-5.55558255033983E-18));
#6575=CARTESIAN_POINT('',(0.0390746859344296,-0.041,-1.5855994026507E-17));
#6576=CARTESIAN_POINT('',(0.0327243007750381,-0.041,-2.32184128679833E-17));
#6577=CARTESIAN_POINT('',(0.0515,-0.046,-1.74506973925301E-18));
#6578=CARTESIAN_POINT('',(-6.93889390390723E-18,-0.043,-3.24641619985972E-18));
#6579=CARTESIAN_POINT('',(0.0236852724674672,-0.043,-4.41438854173348E-18));
#6580=CARTESIAN_POINT('',(0.0301122330900305,-0.043,-4.6905180506962E-18));
#6581=CARTESIAN_POINT('',(0.0301122330900305,-0.041,-2.62212061973557E-17));
#6582=CARTESIAN_POINT('',(0.0236852724674672,-0.041,-3.36716550279956E-17));
#6583=CARTESIAN_POINT('',(0.0515,-0.046,-1.74506973925301E-18));
#6584=CARTESIAN_POINT('',(-6.93889390390723E-18,-0.043,-3.24641619985972E-18));
#6585=CARTESIAN_POINT('',(0.014644554856621,-0.043,-3.97821257629827E-18));
#6586=CARTESIAN_POINT('',(0.0211513222102837,-0.043,-4.25922883815055E-18));
#6587=CARTESIAN_POINT('',(0.0211513222102837,-0.041,-3.65846457490651E-17));
#6588=CARTESIAN_POINT('',(0.0146445548566209,-0.041,-4.41268391853903E-17));
#6589=CARTESIAN_POINT('',(0.0515,-0.046,-1.74506973925301E-18));
#6590=CARTESIAN_POINT('',(-0.0236238147387095,-0.041,-8.79343447852913E-17));
#6591=CARTESIAN_POINT('',(-0.0305919504713025,-0.041,-9.60069203011418E-17));
#6592=CARTESIAN_POINT('',(0.0515,-0.046,-1.74506973925301E-18));
#6593=CARTESIAN_POINT('',(-0.032571089974853,-0.041,-9.82821090082606E-17));
#6594=CARTESIAN_POINT('',(-0.0396481691390968,-0.041,-1.06479924238119E-16));
#6595=CARTESIAN_POINT('',(0.0515,-0.046,-1.74506973925301E-18));
#6596=CARTESIAN_POINT('',(-0.0215392865201283,-0.041,-8.55380028123894E-17));
#6597=CARTESIAN_POINT('',(-0.0146734995432367,-0.041,-7.8016766740253E-17));
#6598=CARTESIAN_POINT('',(0.0515,-0.046,-1.74506973925301E-18));
#6599=CARTESIAN_POINT('',(-0.0124896625282833,-0.041,-7.55062608836945E-17));
#6600=CARTESIAN_POINT('',(-0.00572054206070486,-0.041,-6.76624702931577E-17));
#6601=CARTESIAN_POINT('',(0.0515,-0.046,-1.74506973925301E-18));
#6602=CARTESIAN_POINT('',(-1.4169726759932E-47,0.035,-6.09486873753071E-17));
#6603=CARTESIAN_POINT('',(0.00149999999999998,0.035,-5.92243101626065E-17));
#6604=CARTESIAN_POINT('',(0.0015,-0.0215,-5.92243101626065E-17));
#6605=CARTESIAN_POINT('',(-1.4169726759932E-47,0.035,-6.09486873753071E-17));
#6606=CARTESIAN_POINT('',(-0.05,0.035,-1.04083408558608E-17));
#6607=CARTESIAN_POINT('',(-0.0015,0.035,-6.26730645880077E-17));
#6608=CARTESIAN_POINT('',(-0.05,-0.046,-1.04083408558608E-17));
#6609=CARTESIAN_POINT('',(-0.05,-0.035,-1.04083408558608E-17));
#6610=CARTESIAN_POINT('',(-1.4169726759932E-47,-0.035,-6.09486873753071E-17));
#6611=CARTESIAN_POINT('',(-0.0015,-0.035,-6.26730645880077E-17));
#6612=CARTESIAN_POINT('',(-0.0015,-0.0215,-6.26730645880077E-17));
#6613=CARTESIAN_POINT('',(-0.053,-0.046,-3.46944695195361E-18));
#6614=CARTESIAN_POINT('',(-0.053,-0.043,-3.46944695195361E-18));
#6615=CARTESIAN_POINT('',(-0.053,0.043,-3.46944695195361E-18));
#6616=CARTESIAN_POINT('',(-0.053,0.043,-1.99905238061059E-17));
#6617=CARTESIAN_POINT('',(-0.053,0.0438313341745814,-1.99905238061059E-17));
#6618=CARTESIAN_POINT('',(-0.0522012198517171,0.0454247675202578,-1.71901495909269E-16));
#6619=CARTESIAN_POINT('',(-0.0505441396912435,0.046,-1.19053462521398E-16));
#6620=CARTESIAN_POINT('',(-0.0497147382493557,0.046,-1.18099995223683E-16));
#6621=CARTESIAN_POINT('',(-0.0497147382493557,0.046,-2.0226644648363E-19));
#6622=CARTESIAN_POINT('',(-0.0515,0.046,-9.29506920552896E-20));
#6623=CARTESIAN_POINT('',(-0.0415148104943766,0.046,-1.7347234759768E-18));
#6624=CARTESIAN_POINT('',(-0.0415148104943763,0.041,-1.08625786783005E-16));
#6625=CARTESIAN_POINT('',(-0.0415148104943766,0.043,-3.76531459971707E-19));
#6626=CARTESIAN_POINT('',(-6.93889390390723E-18,0.043,-3.24641619985972E-18));
#6627=CARTESIAN_POINT('',(-0.0444233440342705,0.043,-1.12017088818411E-16));
#6628=CARTESIAN_POINT('',(-0.0465,0.0405,-1.14404380969026E-16));
#6629=CARTESIAN_POINT('',(-0.0444233440342704,0.038,-1.12017088818411E-16));
#6630=CARTESIAN_POINT('',(-1.4169726759932E-47,0.038,-6.09486873753071E-17));
#6631=CARTESIAN_POINT('',(-0.0015,0.038,-6.26730645880077E-17));
#6632=CARTESIAN_POINT('',(-0.0015,0.0215,-6.26730645880077E-17));
#6633=CARTESIAN_POINT('',(-0.0015,0.043,-3.15456768992366E-18));
#6634=CARTESIAN_POINT('',(-6.93889390390723E-18,0.043,-3.24641619985972E-18));
#6635=CARTESIAN_POINT('',(-0.00344268082349729,0.043,-2.67182460079141E-18));
#6636=CARTESIAN_POINT('',(-0.00344268082349742,0.041,-6.5043875619068E-17));
#6637=CARTESIAN_POINT('',(-0.00344268082349729,0.046,-3.03576608295941E-18));
#6638=CARTESIAN_POINT('',(-0.0515,0.046,-9.29506920552896E-20));
#6639=CARTESIAN_POINT('',(0.00323474281937238,0.046,-3.46944695195361E-18));
#6640=CARTESIAN_POINT('',(0.00323474281937248,0.041,-5.73054983052009E-17));
#6641=CARTESIAN_POINT('',(0.00323474281937238,0.043,-3.39697141555449E-18));
#6642=CARTESIAN_POINT('',(-6.93889390390723E-18,0.043,-3.24641619985972E-18));
#6643=CARTESIAN_POINT('',(0.00149999999999998,0.043,-3.33826470979577E-18));
#6644=CARTESIAN_POINT('',(0.0015,0.0215,-5.92243101626065E-17));
#6645=CARTESIAN_POINT('',(0.00149999999999998,0.038,-5.92243101626065E-17));
#6646=CARTESIAN_POINT('',(-1.4169726759932E-47,0.038,-6.09486873753071E-17));
#6647=CARTESIAN_POINT('',(0.0444233440342704,0.038,-9.88028593220353E-18));
#6648=CARTESIAN_POINT('',(0.0465,0.0405,-7.49299378158834E-18));
#6649=CARTESIAN_POINT('',(0.0444233440342704,0.043,-5.96656150380927E-18));
#6650=CARTESIAN_POINT('',(-6.93889390390723E-18,0.043,-3.24641619985972E-18));
#6651=CARTESIAN_POINT('',(0.0417617871179568,0.043,-5.72012004350942E-18));
#6652=CARTESIAN_POINT('',(0.0417617871179568,0.041,-1.27669433271103E-17));
#6653=CARTESIAN_POINT('',(0.0417617871179568,0.046,-3.90312782094781E-18));
#6654=CARTESIAN_POINT('',(-0.0515,0.046,-9.29506920552896E-20));
#6655=CARTESIAN_POINT('',(0.0497147382493558,0.046,-6.29056595323582E-18));
#6656=CARTESIAN_POINT('',(0.0497147382493558,0.046,-3.38615037320591E-18));
#6657=CARTESIAN_POINT('',(0.0505452469659942,0.046,-2.43141016925898E-18));
#6658=CARTESIAN_POINT('',(0.0521967323376464,0.0454273483690859,-1.1497314051895E-18));
#6659=CARTESIAN_POINT('',(0.053,0.0438330379980411,-2.06925265522692E-20));
#6660=CARTESIAN_POINT('',(0.053,0.043,-2.06925265522692E-20));
#6661=CARTESIAN_POINT('',(0.053,0.043,-2.06925265524E-20));
#6662=CARTESIAN_POINT('',(0.053,-0.046,-2.06925265524E-20));
#6663=CARTESIAN_POINT('',(0.053,-0.043,-2.06925265524E-20));
#6664=CARTESIAN_POINT('',(0.053,-0.043,1.92538971366253E-17));
#6665=CARTESIAN_POINT('',(0.053,-0.0438313341745814,1.92538971366253E-17));
#6666=CARTESIAN_POINT('',(0.0522012198517171,-0.0454247675202578,-1.05762528819123E-17));
#6667=CARTESIAN_POINT('',(0.0505441396912436,-0.046,-2.84391222921611E-18));
#6668=CARTESIAN_POINT('',(0.0497147382493558,-0.046,-3.79737952693095E-18));
#6669=CARTESIAN_POINT('',(0.0417617871179568,-0.041,-1.27669433271103E-17));
#6670=CARTESIAN_POINT('',(0.0417617871179568,-0.043,-5.72012004350942E-18));
#6671=CARTESIAN_POINT('',(-6.93889390390723E-18,-0.043,-3.24641619985972E-18));
#6672=CARTESIAN_POINT('',(0.0444233440342704,-0.043,-5.96656150380927E-18));
#6673=CARTESIAN_POINT('',(0.0465,-0.0405,-7.49299378158834E-18));
#6674=CARTESIAN_POINT('',(0.0015,-0.0215,-5.92243101626065E-17));
#6675=CARTESIAN_POINT('',(0.00149999999999998,-0.043,-3.33826470979577E-18));
#6676=CARTESIAN_POINT('',(-6.93889390390723E-18,-0.043,-3.24641619985972E-18));
#6677=CARTESIAN_POINT('',(0.00323474281937238,-0.043,-3.39697141555449E-18));
#6678=CARTESIAN_POINT('',(0.00323474281937248,-0.041,-5.73054983052009E-17));
#6679=CARTESIAN_POINT('',(-0.00344268082349742,-0.041,-6.5043875619068E-17));
#6680=CARTESIAN_POINT('',(-0.0015,-0.0215,-6.26730645880077E-17));
#6681=CARTESIAN_POINT('',(-0.0015,-0.038,-6.26730645880077E-17));
#6682=CARTESIAN_POINT('',(-1.4169726759932E-47,-0.038,-6.09486873753071E-17));
#6683=CARTESIAN_POINT('',(-0.0444233440342704,-0.038,-1.12017088818411E-16));
#6684=CARTESIAN_POINT('',(-0.0465,-0.0405,-1.14404380969026E-16));
#6685=CARTESIAN_POINT('',(-0.0415148104943763,-0.041,-1.08625786783005E-16));
#6686=CARTESIAN_POINT('',(-0.0497147382493557,-0.046,-2.0226644648363E-19));
#6687=CARTESIAN_POINT('',(-0.0505452469659941,-0.046,-1.15700665043057E-18));
#6688=CARTESIAN_POINT('',(-0.0521967323376463,-0.045427348369086,-1.79902122310887E-16));
#6689=CARTESIAN_POINT('',(-0.053,-0.0438330379980411,-1.21876682224062E-16));
#6690=CARTESIAN_POINT('',(-0.053,-0.043,-1.21876682224062E-16));
#6691=CARTESIAN_POINT('',(-1.4169726759932E-47,-0.038,-6.09486873753071E-17));
#6692=CARTESIAN_POINT('',(0.0485766559657295,-0.038,-5.10570163097317E-18));
#6693=CARTESIAN_POINT('',(0.05,-0.038,-3.46944695195361E-18));
#6694=CARTESIAN_POINT('',(0.0465,-0.0405,-7.49299378158834E-18));
#6695=CARTESIAN_POINT('',(0.0485766559657295,-0.043,-6.22087851194536E-18));
#6696=CARTESIAN_POINT('',(-6.93889390390723E-18,-0.043,-3.24641619985972E-18));
#6697=CARTESIAN_POINT('',(0.05,-0.043,-6.3080331977281E-18));
#6698=CARTESIAN_POINT('',(0.05,-0.046,-3.46944695195361E-18));
#6699=CARTESIAN_POINT('',(0.0465,-0.0405,-7.49299378158834E-18));
#6700=CARTESIAN_POINT('',(0.0445,-0.0405,-9.79216339852248E-18));
#6701=CARTESIAN_POINT('',(-0.0465,-0.0405,-1.14404380969026E-16));
#6702=CARTESIAN_POINT('',(-0.0485766559657295,-0.043,-1.16791673119641E-16));
#6703=CARTESIAN_POINT('',(-0.0485766559657295,-0.038,-1.16791673119641E-16));
#6704=CARTESIAN_POINT('',(-1.4169726759932E-47,-0.038,-6.09486873753071E-17));
#6705=CARTESIAN_POINT('',(-0.05,-0.038,-1.04083408558608E-17));
#6706=CARTESIAN_POINT('',(-0.05,-0.046,-1.04083408558608E-17));
#6707=CARTESIAN_POINT('',(-0.05,-0.043,-1.04083408558608E-17));
#6708=CARTESIAN_POINT('',(-6.93889390390723E-18,-0.043,-3.24641619985972E-18));
#6709=CARTESIAN_POINT('',(-0.0465,-0.0405,-1.14404380969026E-16));
#6710=CARTESIAN_POINT('',(-0.0485,-0.0405,-1.1670355058596E-16));
#6711=CARTESIAN_POINT('',(-1.4169726759932E-47,0.038,-6.09486873753071E-17));
#6712=CARTESIAN_POINT('',(0.0485766559657295,0.038,-5.10570163097317E-18));
#6713=CARTESIAN_POINT('',(0.05,0.038,-3.46944695195361E-18));
#6714=CARTESIAN_POINT('',(0.05,0.046,-3.46944695195361E-18));
#6715=CARTESIAN_POINT('',(0.05,0.043,-6.3080331977281E-18));
#6716=CARTESIAN_POINT('',(-6.93889390390723E-18,0.043,-3.24641619985972E-18));
#6717=CARTESIAN_POINT('',(0.0485766559657295,0.043,-6.22087851194536E-18));
#6718=CARTESIAN_POINT('',(0.0465,0.0405,-7.49299378158834E-18));
#6719=CARTESIAN_POINT('',(0.0465,0.0405,-7.49299378158834E-18));
#6720=CARTESIAN_POINT('',(0.0445,0.0405,-9.79216339852248E-18));
#6721=CARTESIAN_POINT('',(-0.0465,0.0405,-1.14404380969026E-16));
#6722=CARTESIAN_POINT('',(-0.0485766559657295,0.043,-1.16791673119641E-16));
#6723=CARTESIAN_POINT('',(-0.0485766559657295,0.038,-1.16791673119641E-16));
#6724=CARTESIAN_POINT('',(-6.93889390390723E-18,0.043,-3.24641619985972E-18));
#6725=CARTESIAN_POINT('',(-0.05,0.043,-1.04083408558608E-17));
#6726=CARTESIAN_POINT('',(-0.05,0.046,-1.04083408558608E-17));
#6727=CARTESIAN_POINT('',(-0.05,0.038,-1.04083408558608E-17));
#6728=CARTESIAN_POINT('',(-1.4169726759932E-47,0.038,-6.09486873753071E-17));
#6729=CARTESIAN_POINT('',(-0.0465,0.0405,-1.14404380969026E-16));
#6730=CARTESIAN_POINT('',(-0.0485,0.0405,-1.1670355058596E-16));
#6731=CARTESIAN_POINT('',(0.0515,-0.046,-1.74506973925301E-18));
#6732=CARTESIAN_POINT('',(0.00560197348374297,-0.041,-5.45841658953032E-17));
#6733=CARTESIAN_POINT('',(0.00560197348374306,-0.043,-3.54192248835274E-18));
#6734=CARTESIAN_POINT('',(-6.93889390390723E-18,-0.043,-3.24641619985972E-18));
#6735=CARTESIAN_POINT('',(0.0121921006338122,-0.043,-3.82804306559736E-18));
#6736=CARTESIAN_POINT('',(0.0121921006338123,-0.041,-4.69461433033921E-17));
#6737=CARTESIAN_POINT('',(-2.08166817117217E-17,-0.046,-0.0229128784747792));
#6738=CARTESIAN_POINT('',(-0.0485766559657295,-0.038,0.00288069621325417));
#6739=CARTESIAN_POINT('',(-0.048716005376814,-0.0381157523143398,0.00261826153783032));
#6740=CARTESIAN_POINT('',(-0.048984958249842,-0.0383777574892581,0.00210132164098924));
#6741=CARTESIAN_POINT('',(-0.0493457781870384,-0.0388860530778202,0.00138099201783448));
#6742=CARTESIAN_POINT('',(-0.0496476534060871,-0.0395535815012796,0.000755901331087487));
#6743=CARTESIAN_POINT('',(-0.0498010515663331,-0.0404997861356329,0.000429111044401812));
#6744=CARTESIAN_POINT('',(-0.0496481401413059,-0.0414445714208959,0.000754861580622316));
#6745=CARTESIAN_POINT('',(-0.0493459194997906,-0.0421145114427948,0.00138078197505712));
#6746=CARTESIAN_POINT('',(-0.0489813451798648,-0.0426264055193927,0.00210839909628826));
#6747=CARTESIAN_POINT('',(-0.0487152003846566,-0.0428849163623666,0.00261977756759957));
#6748=CARTESIAN_POINT('',(-0.0485766559657295,-0.043,0.0028806962132542));
#6749=CARTESIAN_POINT('',(-0.0485766559657295,-0.038,0.00288069621325415));
#6750=CARTESIAN_POINT('',(-0.0485766559657295,-0.043,0.00288069621325417));
#6751=CARTESIAN_POINT('',(-2.08166817117217E-17,-0.043,-0.0229128784747792));
#6752=CARTESIAN_POINT('',(-2.08166817117217E-17,-0.038,-0.0229128784747792));
#6753=CARTESIAN_POINT('',(-2.08166817117217E-17,-0.046,-0.0229128784747792));
#6754=CARTESIAN_POINT('',(-2.08166817117217E-17,-0.043,-0.0229128784747792));
#6755=CARTESIAN_POINT('',(0.0485766559657295,-0.043,0.00288069621325409));
#6756=CARTESIAN_POINT('',(0.0485766559657295,-0.038,0.00288069621325408));
#6757=CARTESIAN_POINT('',(0.048715722966746,-0.0381155177269187,0.0026187933965152));
#6758=CARTESIAN_POINT('',(0.0489823678446772,-0.0383747498350211,0.00210639995635602));
#6759=CARTESIAN_POINT('',(0.0493466161482496,-0.0388867446711766,0.00137935348215668));
#6760=CARTESIAN_POINT('',(0.0496482769832097,-0.0395562975799919,0.000754566271380549));
#6761=CARTESIAN_POINT('',(0.0498008732149771,-0.0404991863697781,0.000429491126839383));
#6762=CARTESIAN_POINT('',(0.0496482300226088,-0.0414446685676884,0.000754676198137285));
#6763=CARTESIAN_POINT('',(0.0493457646732723,-0.0421146310621581,0.00138108829760425));
#6764=CARTESIAN_POINT('',(0.0489820335171388,-0.0426255461664441,0.00210703669388082));
#6765=CARTESIAN_POINT('',(0.0487156583538603,-0.0428845359445751,0.00261891508100277));
#6766=CARTESIAN_POINT('',(0.0485766559657295,-0.043,0.00288069621325409));
#6767=CARTESIAN_POINT('',(0.0485766559657295,-0.038,0.00288069621325407));
#6768=CARTESIAN_POINT('',(-2.08166817117217E-17,-0.038,-0.0229128784747792));
#6769=CARTESIAN_POINT('',(-2.08166817117217E-17,-0.046,-0.0229128784747792));
#6770=CARTESIAN_POINT('',(-0.00150000000000004,-0.046,0.0320666631748199));
#6771=CARTESIAN_POINT('',(-0.00150000000000004,-0.038,0.0320666631748199));
#6772=CARTESIAN_POINT('',(-0.0444233440342705,-0.043,0.00951498770252033));
#6773=CARTESIAN_POINT('',(-0.0441303852987779,-0.0427566501976907,0.00991631557970712));
#6774=CARTESIAN_POINT('',(-0.0437051700606496,-0.0422782890402763,0.0104800853087769));
#6775=CARTESIAN_POINT('',(-0.0433243800351597,-0.0413333674123736,0.0109697252426479));
#6776=CARTESIAN_POINT('',(-0.043212964612953,-0.0405043147204176,0.0111111427814051));
#6777=CARTESIAN_POINT('',(-0.0433237690228432,-0.0396664875231079,0.010970508958118));
#6778=CARTESIAN_POINT('',(-0.0437062281881662,-0.0387203360359433,0.0104787239616032));
#6779=CARTESIAN_POINT('',(-0.0441310978136156,-0.0382427579430339,0.0099153394966188));
#6780=CARTESIAN_POINT('',(-0.0444233440342705,-0.038,0.00951498770252034));
#6781=CARTESIAN_POINT('',(-0.0444233440342705,-0.038,0.00951498770252035));
#6782=CARTESIAN_POINT('',(-2.08166817117217E-17,-0.038,-0.0229128784747792));
#6783=CARTESIAN_POINT('',(-4.97400190574163E-18,-0.043,0.0320891215252208));
#6784=CARTESIAN_POINT('',(0.00149999999999996,-0.043,0.033));
#6785=CARTESIAN_POINT('',(0.0444233440342704,-0.043,0.0320891215252209));
#6786=CARTESIAN_POINT('',(0.0404182365261932,-0.043,0.00211279415330539));
#6787=CARTESIAN_POINT('',(0.0314182669325343,-0.043,0.00213618887954801));
#6788=CARTESIAN_POINT('',(0.0224182973388755,-0.043,0.00215958360579063));
#6789=CARTESIAN_POINT('',(0.0134183277452166,-0.043,0.00218297833203325));
#6790=CARTESIAN_POINT('',(0.00441835815155772,-0.043,0.00220637305827588));
#6791=CARTESIAN_POINT('',(0.0403997263429298,-0.043,0.0092894474638164));
#6792=CARTESIAN_POINT('',(0.0403997263429298,-0.043,0.0117932500372774));
#6793=CARTESIAN_POINT('',(0.00440009121902341,-0.043,0.0170391195476055));
#6794=CARTESIAN_POINT('',(0.00440009121902341,-0.043,0.0195391195476055));
#6795=CARTESIAN_POINT('',(0.0134001216253645,-0.043,0.0170854927301407));
#6796=CARTESIAN_POINT('',(0.0134001216253645,-0.043,0.0195854927301407));
#6797=CARTESIAN_POINT('',(0.0224001520317057,-0.043,0.0171318659126758));
#6798=CARTESIAN_POINT('',(0.0224001520317057,-0.043,0.0196318659126758));
#6799=CARTESIAN_POINT('',(0.0313997567492709,-0.043,0.00931284219005903));
#6800=CARTESIAN_POINT('',(0.0313997567492709,-0.043,0.01181664476352));
#6801=CARTESIAN_POINT('',(0.022399787155612,-0.043,0.00933623691630165));
#6802=CARTESIAN_POINT('',(0.022399787155612,-0.043,0.0118400394897626));
#6803=CARTESIAN_POINT('',(0.0133998175619532,-0.043,0.00935963164254427));
#6804=CARTESIAN_POINT('',(0.0133998175619532,-0.043,0.0118634342160053));
#6805=CARTESIAN_POINT('',(0.00439984796829431,-0.043,0.00938302636878689));
#6806=CARTESIAN_POINT('',(0.00439984796829431,-0.043,0.0118868289422479));
#6807=CARTESIAN_POINT('',(0.0314001824380468,-0.043,0.017178239095211));
#6808=CARTESIAN_POINT('',(0.0314001824380468,-0.043,0.019678239095211));
#6809=CARTESIAN_POINT('',(-4.97400190574163E-18,-0.043,0.0320891215252208));
#6810=CARTESIAN_POINT('',(0.0485766559657295,-0.043,0.0320891215252209));
#6811=CARTESIAN_POINT('',(-4.97400190574163E-18,-0.043,0.0320891215252208));
#6812=CARTESIAN_POINT('',(-0.0485766559657296,-0.043,0.0320891215252207));
#6813=CARTESIAN_POINT('',(-4.00399488183983E-17,-0.038,0.034829921658229));
#6814=CARTESIAN_POINT('',(-0.0270801206141711,-0.038,0.0194607986211777));
#6815=CARTESIAN_POINT('',(-0.0270801206141711,-0.038,0.0219607986211777));
#6816=CARTESIAN_POINT('',(-0.0180840964913369,-0.038,0.0194686388969422));
#6817=CARTESIAN_POINT('',(-0.0180840964913369,-0.038,0.0219686388969422));
#6818=CARTESIAN_POINT('',(-0.00908807236850262,-0.038,0.0194764791727066));
#6819=CARTESIAN_POINT('',(-0.00908807236850262,-0.038,0.0219764791727066));
#6820=CARTESIAN_POINT('',(-0.00150000000000005,-0.038,0.034829921658229));
#6821=CARTESIAN_POINT('',(-0.00150000000000002,-0.038,0.0174184850268693));
#6822=CARTESIAN_POINT('',(-9.20482456684135E-5,-0.038,0.0194843194484711));
#6823=CARTESIAN_POINT('',(-0.00150000000000002,-0.038,0.0215501538700728));
#6824=CARTESIAN_POINT('',(-0.00150000000000005,-0.038,0.034829921658229));
#6825=CARTESIAN_POINT('',(-0.00150000000000003,-0.038,0.0263287684822793));
#6826=CARTESIAN_POINT('',(-0.0001,-0.038,0.0284));
#6827=CARTESIAN_POINT('',(-0.00150000000000004,-0.038,0.0304712315177208));
#6828=CARTESIAN_POINT('',(-0.00150000000000005,-0.038,0.034829921658229));
#6829=CARTESIAN_POINT('',(-0.0444233440342705,-0.038,0.0320891215252207));
#6830=CARTESIAN_POINT('',(-0.00910635885298252,-0.038,0.0284447833925485));
#6831=CARTESIAN_POINT('',(-0.00910635885298252,-0.038,0.0309447833925485));
#6832=CARTESIAN_POINT('',(-0.0226815572977066,-0.038,0.0237603150010109));
#6833=CARTESIAN_POINT('',(-0.0226815572977066,-0.038,0.0262603150010109));
#6834=CARTESIAN_POINT('',(-0.01368616797328,-0.038,0.0237952362507582));
#6835=CARTESIAN_POINT('',(-0.01368616797328,-0.038,0.0262952362507582));
#6836=CARTESIAN_POINT('',(-0.00469077864885331,-0.038,0.0238301575005055));
#6837=CARTESIAN_POINT('',(-0.00469077864885331,-0.038,0.0263301575005054));
#6838=CARTESIAN_POINT('',(-4.00399488183983E-17,-0.038,0.034829921658229));
#6839=CARTESIAN_POINT('',(0.0485766559657295,-0.038,0.0320891215252209));
#6840=CARTESIAN_POINT('',(-4.00399488183983E-17,-0.038,0.034829921658229));
#6841=CARTESIAN_POINT('',(-0.0485766559657296,-0.038,0.0320891215252207));
#6842=CARTESIAN_POINT('',(-2.08166817117217E-17,-0.046,-0.0229128784747792));
#6843=CARTESIAN_POINT('',(-0.00150000000000004,-0.046,0.0320666631748199));
#6844=CARTESIAN_POINT('',(-0.00150000000000004,-0.035,0.0320666631748199));
#6845=CARTESIAN_POINT('',(-0.00150000000000004,0.035,0.0320666631748199));
#6846=CARTESIAN_POINT('',(-2.08166817117217E-17,-0.035,-0.0229128784747792));
#6847=CARTESIAN_POINT('',(-2.08166817117217E-17,0.035,-0.0229128784747792));
#6848=CARTESIAN_POINT('',(4.85722573273506E-17,-0.046,-0.0229128784747792));
#6849=CARTESIAN_POINT('',(4.85722573273506E-17,0.043,-0.0229128784747792));
#6850=CARTESIAN_POINT('',(4.85722573273506E-17,-0.043,-0.0229128784747792));
#6851=CARTESIAN_POINT('',(-4.00399488183983E-17,-0.035,0.034829921658229));
#6852=CARTESIAN_POINT('',(-0.00150000000000005,-0.035,0.034829921658229));
#6853=CARTESIAN_POINT('',(-0.00150000000000002,-0.035,0.0174184850268693));
#6854=CARTESIAN_POINT('',(-0.00150000000000005,-0.035,0.034829921658229));
#6855=CARTESIAN_POINT('',(-0.00150000000000004,-0.035,0.0304712315177208));
#6856=CARTESIAN_POINT('',(-0.0001,-0.035,0.0284));
#6857=CARTESIAN_POINT('',(-0.00150000000000003,-0.035,0.0263287684822793));
#6858=CARTESIAN_POINT('',(-0.00150000000000005,-0.035,0.034829921658229));
#6859=CARTESIAN_POINT('',(-0.00150000000000002,-0.035,0.0215501538700728));
#6860=CARTESIAN_POINT('',(-9.20482456684135E-5,-0.035,0.0194843194484711));
#6861=CARTESIAN_POINT('',(-0.0270801206141711,-0.035,0.0194607986211777));
#6862=CARTESIAN_POINT('',(-0.0270801206141711,-0.035,0.0219607986211777));
#6863=CARTESIAN_POINT('',(-0.0180840964913369,-0.035,0.0194686388969422));
#6864=CARTESIAN_POINT('',(-0.0180840964913369,-0.035,0.0219686388969422));
#6865=CARTESIAN_POINT('',(-0.00908807236850262,-0.035,0.0194764791727066));
#6866=CARTESIAN_POINT('',(-0.00908807236850262,-0.035,0.0219764791727066));
#6867=CARTESIAN_POINT('',(-0.00910635885298252,-0.035,0.0284447833925485));
#6868=CARTESIAN_POINT('',(-0.00910635885298252,-0.035,0.0309447833925485));
#6869=CARTESIAN_POINT('',(-0.0226815572977066,-0.035,0.0237603150010109));
#6870=CARTESIAN_POINT('',(-0.0226815572977066,-0.035,0.0262603150010109));
#6871=CARTESIAN_POINT('',(-0.01368616797328,-0.035,0.0237952362507582));
#6872=CARTESIAN_POINT('',(-0.01368616797328,-0.035,0.0262952362507582));
#6873=CARTESIAN_POINT('',(-0.00469077864885331,-0.035,0.0238301575005055));
#6874=CARTESIAN_POINT('',(-0.00469077864885331,-0.035,0.0263301575005054));
#6875=CARTESIAN_POINT('',(0.0465,-0.0405,0.0320891215252209));
#6876=CARTESIAN_POINT('',(0.0465,-0.0405,0.0320891215252209));
#6877=CARTESIAN_POINT('',(-0.0465,-0.0405,0.0320891215252207));
#6878=CARTESIAN_POINT('',(-0.0465,-0.0405,0.0320891215252207));
#6879=CARTESIAN_POINT('',(0.0465,-0.0405,0.0065));
#6880=CARTESIAN_POINT('',(0.0465,-0.0405,0.0065));
#6881=CARTESIAN_POINT('',(0.0445,-0.0405,0.0065));
#6882=CARTESIAN_POINT('',(-7.47230125503588E-18,-0.023,0.0065));
#6883=CARTESIAN_POINT('',(-0.0465,-0.0405,0.00649999999999989));
#6884=CARTESIAN_POINT('',(-0.0465,-0.0405,0.00649999999999989));
#6885=CARTESIAN_POINT('',(-0.0485,-0.0405,0.00649999999999989));
#6886=CARTESIAN_POINT('',(-7.47230125503588E-18,-0.023,0.0065));
#6887=CARTESIAN_POINT('',(-0.0406,-0.041,0.0095));
#6888=CARTESIAN_POINT('',(0.0314001824380468,-0.041,0.017178239095211));
#6889=CARTESIAN_POINT('',(-0.0316000304063411,-0.041,0.00947660527375738));
#6890=CARTESIAN_POINT('',(-0.0226000608126823,-0.041,0.00945321054751476));
#6891=CARTESIAN_POINT('',(-0.0136000912190234,-0.041,0.00942981582127213));
#6892=CARTESIAN_POINT('',(-0.00460012162536455,-0.041,0.00940642109502951));
#6893=CARTESIAN_POINT('',(0.00439984796829431,-0.041,0.00938302636878689));
#6894=CARTESIAN_POINT('',(0.0133998175619532,-0.041,0.00935963164254427));
#6895=CARTESIAN_POINT('',(0.022399787155612,-0.041,0.00933623691630165));
#6896=CARTESIAN_POINT('',(0.0313997567492709,-0.041,0.00931284219005903));
#6897=CARTESIAN_POINT('',(0.0224001520317057,-0.041,0.0171318659126758));
#6898=CARTESIAN_POINT('',(0.0134001216253645,-0.041,0.0170854927301407));
#6899=CARTESIAN_POINT('',(0.00440009121902341,-0.041,0.0170391195476055));
#6900=CARTESIAN_POINT('',(-0.00459993918731773,-0.041,0.0169927463650704));
#6901=CARTESIAN_POINT('',(0.0403997263429298,-0.041,0.0092894474638164));
#6902=CARTESIAN_POINT('',(-0.0316000304063411,-0.041,0.0168536268174649));
#6903=CARTESIAN_POINT('',(-0.0226,-0.041,0.0169));
#6904=CARTESIAN_POINT('',(-0.0135999695936589,-0.041,0.0169463731825352));
#6905=CARTESIAN_POINT('',(0.0134183277452166,-0.041,0.00218297833203325));
#6906=CARTESIAN_POINT('',(0.00441835815155772,-0.041,0.00220637305827588));
#6907=CARTESIAN_POINT('',(-0.00458161144210114,-0.041,0.00222976778451849));
#6908=CARTESIAN_POINT('',(-0.01358158103576,-0.041,0.00225316251076112));
#6909=CARTESIAN_POINT('',(-0.0405814898167366,-0.041,0.00232334668948899));
#6910=CARTESIAN_POINT('',(-0.0315815202230777,-0.041,0.00229995196324636));
#6911=CARTESIAN_POINT('',(-0.0225815506294188,-0.041,0.00227655723700374));
#6912=CARTESIAN_POINT('',(0.0224182973388755,-0.041,0.00215958360579063));
#6913=CARTESIAN_POINT('',(0.0314182669325343,-0.041,0.00213618887954801));
#6914=CARTESIAN_POINT('',(0.0404182365261932,-0.041,0.00211279415330539));
#6915=CARTESIAN_POINT('',(0.0268960241228342,-0.04,0.0195078402757645));
#6916=CARTESIAN_POINT('',(0.00430461067557335,-0.04,0.0238650787502528));
#6917=CARTESIAN_POINT('',(-0.00469077864885331,-0.04,0.0238301575005055));
#6918=CARTESIAN_POINT('',(-0.01368616797328,-0.04,0.0237952362507582));
#6919=CARTESIAN_POINT('',(-0.0226815572977066,-0.04,0.0237603150010109));
#6920=CARTESIAN_POINT('',(0.00890635885298252,-0.04,0.0283552166074514));
#6921=CARTESIAN_POINT('',(-0.0001,-0.04,0.0284));
#6922=CARTESIAN_POINT('',(-0.00150000000000004,-0.04,0.0304712315177208));
#6923=CARTESIAN_POINT('',(-0.00150000000000003,-0.04,0.0263287684822793));
#6924=CARTESIAN_POINT('',(-0.00910635885298252,-0.04,0.0284447833925485));
#6925=CARTESIAN_POINT('',(0.0179,-0.04,0.0195));
#6926=CARTESIAN_POINT('',(0.00890397587716579,-0.04,0.0194921597242355));
#6927=CARTESIAN_POINT('',(-9.20482456684135E-5,-0.04,0.0194843194484711));
#6928=CARTESIAN_POINT('',(-0.00150000000000002,-0.04,0.0215501538700728));
#6929=CARTESIAN_POINT('',(-0.00150000000000002,-0.04,0.0174184850268693));
#6930=CARTESIAN_POINT('',(-0.00908807236850262,-0.04,0.0194764791727066));
#6931=CARTESIAN_POINT('',(-0.0180840964913369,-0.04,0.0194686388969422));
#6932=CARTESIAN_POINT('',(-0.0270801206141711,-0.04,0.0194607986211777));
#6933=CARTESIAN_POINT('',(0.0222953893244267,-0.04,0.0239349212497473));
#6934=CARTESIAN_POINT('',(0.0133,-0.04,0.0239));
#6935=CARTESIAN_POINT('',(-0.00150000000000004,-0.0215,0.033));
#6936=CARTESIAN_POINT('',(-0.0015,0.022681094739004,0.0040349216444909));
#6937=CARTESIAN_POINT('',(-0.0015,0.022681094739004,0.0065349216444909));
#6938=CARTESIAN_POINT('',(-0.00150000000000005,0.035,0.034829921658229));
#6939=CARTESIAN_POINT('',(-0.00150000000000004,0.035,0.0304712315177208));
#6940=CARTESIAN_POINT('',(-0.00150000000000004,0.04,0.0304712315177208));
#6941=CARTESIAN_POINT('',(-0.00150000000000004,0.038,0.0304712315177208));
#6942=CARTESIAN_POINT('',(-0.00150000000000005,0.038,0.034829921658229));
#6943=CARTESIAN_POINT('',(-0.00150000000000004,0.038,0.0320666631748199));
#6944=CARTESIAN_POINT('',(-0.00150000000000004,0.046,0.0320666631748199));
#6945=CARTESIAN_POINT('',(-0.00150000000000004,0.043,0.0320666631748199));
#6946=CARTESIAN_POINT('',(-0.00150000000000004,0.043,0.033));
#6947=CARTESIAN_POINT('',(-0.00150000000000005,0.038,0.034829921658229));
#6948=CARTESIAN_POINT('',(-0.00150000000000002,0.038,0.0174184850268693));
#6949=CARTESIAN_POINT('',(-0.00150000000000002,0.04,0.0174184850268693));
#6950=CARTESIAN_POINT('',(-0.00150000000000002,0.035,0.0174184850268693));
#6951=CARTESIAN_POINT('',(-0.00150000000000005,0.035,0.034829921658229));
#6952=CARTESIAN_POINT('',(-0.00150000000000003,0.04,0.0263287684822793));
#6953=CARTESIAN_POINT('',(-0.00150000000000003,0.038,0.0263287684822793));
#6954=CARTESIAN_POINT('',(-0.00150000000000003,0.035,0.0263287684822793));
#6955=CARTESIAN_POINT('',(-0.00150000000000005,0.035,0.034829921658229));
#6956=CARTESIAN_POINT('',(-0.00150000000000002,0.035,0.0215501538700728));
#6957=CARTESIAN_POINT('',(-0.00150000000000002,0.04,0.0215501538700728));
#6958=CARTESIAN_POINT('',(-0.00150000000000002,0.038,0.0215501538700728));
#6959=CARTESIAN_POINT('',(-0.00150000000000005,0.038,0.034829921658229));
#6960=CARTESIAN_POINT('',(0.00149999999999996,-0.0215,0.033));
#6961=CARTESIAN_POINT('',(0.0015,0.022681094739004,0.0040349216444909));
#6962=CARTESIAN_POINT('',(0.0015,0.022681094739004,0.0065349216444909));
#6963=CARTESIAN_POINT('',(0.00149999999999996,0.035,0.034829921658229));
#6964=CARTESIAN_POINT('',(0.00149999999999998,0.035,0.0175567867293028));
#6965=CARTESIAN_POINT('',(0.00149999999999998,0.04,0.0175567867293028));
#6966=CARTESIAN_POINT('',(0.00149999999999998,0.038,0.0175567867293028));
#6967=CARTESIAN_POINT('',(0.00149999999999996,0.038,0.034829921658229));
#6968=CARTESIAN_POINT('',(0.00149999999999996,0.043,0.033));
#6969=CARTESIAN_POINT('',(0.00149999999999996,0.043,0.0320666631748199));
#6970=CARTESIAN_POINT('',(0.00149999999999996,0.046,0.0320666631748199));
#6971=CARTESIAN_POINT('',(0.00149999999999996,0.038,0.0320666631748199));
#6972=CARTESIAN_POINT('',(0.00149999999999996,0.038,0.034829921658229));
#6973=CARTESIAN_POINT('',(0.00149999999999996,0.038,0.0303209372712299));
#6974=CARTESIAN_POINT('',(0.00149999999999996,0.04,0.0303209372712299));
#6975=CARTESIAN_POINT('',(0.00149999999999996,0.035,0.0303209372712299));
#6976=CARTESIAN_POINT('',(0.00149999999999996,0.035,0.034829921658229));
#6977=CARTESIAN_POINT('',(0.00149999999999996,0.038,0.034829921658229));
#6978=CARTESIAN_POINT('',(0.00149999999999997,0.038,0.0214118521676394));
#6979=CARTESIAN_POINT('',(0.00149999999999997,0.038,0.0264790627287701));
#6980=CARTESIAN_POINT('',(0.00149999999999997,0.04,0.0214118521676394));
#6981=CARTESIAN_POINT('',(0.00149999999999997,0.035,0.0214118521676394));
#6982=CARTESIAN_POINT('',(0.00149999999999996,0.035,0.034829921658229));
#6983=CARTESIAN_POINT('',(0.00149999999999997,0.035,0.0264790627287701));
#6984=CARTESIAN_POINT('',(0.00149999999999997,0.04,0.0264790627287701));
#6985=CARTESIAN_POINT('',(-2.08166817117217E-17,0.046,-0.0229128784747792));
#6986=CARTESIAN_POINT('',(-2.08166817117217E-17,0.043,-0.0229128784747792));
#6987=CARTESIAN_POINT('',(0.0444233440342704,0.043,0.0095149877025203));
#6988=CARTESIAN_POINT('',(0.0444233440342705,0.043,0.0095149877025203));
#6989=CARTESIAN_POINT('',(0.0441301058561564,0.0427564180752159,0.00991669839168866));
#6990=CARTESIAN_POINT('',(0.0437055005875779,0.0422775709346367,0.0104796431220879));
#6991=CARTESIAN_POINT('',(0.0433248344842788,0.0413363702773159,0.0109691464868885));
#6992=CARTESIAN_POINT('',(0.0432128327685906,0.0405000056579292,0.0111113114310856));
#6993=CARTESIAN_POINT('',(0.0433238348931141,0.0396678045250837,0.0109704220994952));
#6994=CARTESIAN_POINT('',(0.0437053738573152,0.0387211641662343,0.010479832673696));
#6995=CARTESIAN_POINT('',(0.0441307483981456,0.0382430481893221,0.00991581816529061));
#6996=CARTESIAN_POINT('',(0.0444233440342705,0.038,0.0095149877025203));
#6997=CARTESIAN_POINT('',(0.0444233440342704,0.038,0.0095149877025203));
#6998=CARTESIAN_POINT('',(-2.08166817117217E-17,0.038,-0.0229128784747792));
#6999=CARTESIAN_POINT('',(-4.97400190574163E-18,0.043,0.0320891215252208));
#7000=CARTESIAN_POINT('',(-0.0406,0.043,0.0095));
#7001=CARTESIAN_POINT('',(-0.0406,0.043,0.012003802573461));
#7002=CARTESIAN_POINT('',(-0.0316000304063411,0.043,0.00947660527375738));
#7003=CARTESIAN_POINT('',(-0.0316000304063411,0.043,0.0119804078472184));
#7004=CARTESIAN_POINT('',(-0.0226000608126823,0.043,0.00945321054751476));
#7005=CARTESIAN_POINT('',(-0.0226000608126823,0.043,0.0119570131209757));
#7006=CARTESIAN_POINT('',(-0.0136000912190234,0.043,0.00942981582127213));
#7007=CARTESIAN_POINT('',(-0.0136000912190234,0.043,0.0119336183947331));
#7008=CARTESIAN_POINT('',(-0.00460012162536455,0.043,0.00940642109502951));
#7009=CARTESIAN_POINT('',(-0.00460012162536455,0.043,0.0119102236684905));
#7010=CARTESIAN_POINT('',(-0.00459993918731773,0.043,0.0169927463650704));
#7011=CARTESIAN_POINT('',(-0.00459993918731773,0.043,0.0194927463650704));
#7012=CARTESIAN_POINT('',(-0.0316000304063411,0.043,0.0168536268174649));
#7013=CARTESIAN_POINT('',(-0.0316000304063411,0.043,0.0193536268174649));
#7014=CARTESIAN_POINT('',(-0.0226,0.043,0.0169));
#7015=CARTESIAN_POINT('',(-0.0226,0.043,0.0194));
#7016=CARTESIAN_POINT('',(-0.0135999695936589,0.043,0.0169463731825352));
#7017=CARTESIAN_POINT('',(-0.0135999695936589,0.043,0.0194463731825351));
#7018=CARTESIAN_POINT('',(-2.08166817117217E-17,0.043,-0.0229128784747792));
#7019=CARTESIAN_POINT('',(-0.0444233440342705,0.043,0.00951498770252033));
#7020=CARTESIAN_POINT('',(-0.0444233440342705,0.043,0.0320891215252207));
#7021=CARTESIAN_POINT('',(-0.0405814898167366,0.043,0.00232334668948899));
#7022=CARTESIAN_POINT('',(-0.0396481691390966,0.043,-4.90830278016696E-19));
#7023=CARTESIAN_POINT('',(-6.93889390390723E-18,0.043,-3.24641619985972E-18));
#7024=CARTESIAN_POINT('',(-0.0325710899748533,0.043,-1.24044893553036E-18));
#7025=CARTESIAN_POINT('',(-0.0315815202230777,0.043,0.00229995196324636));
#7026=CARTESIAN_POINT('',(-0.0305919504713022,0.043,-1.36163627843485E-18));
#7027=CARTESIAN_POINT('',(-6.93889390390723E-18,0.043,-3.24641619985972E-18));
#7028=CARTESIAN_POINT('',(-0.0236238147387097,0.043,-1.67090320571135E-18));
#7029=CARTESIAN_POINT('',(-0.0225815506294188,0.043,0.00227655723700374));
#7030=CARTESIAN_POINT('',(-0.021539286520128,0.043,-1.79854374624226E-18));
#7031=CARTESIAN_POINT('',(-6.93889390390723E-18,0.043,-3.24641619985972E-18));
#7032=CARTESIAN_POINT('',(-0.0146734995432369,0.043,-2.10154361971544E-18));
#7033=CARTESIAN_POINT('',(-0.01358158103576,0.043,0.00225316251076112));
#7034=CARTESIAN_POINT('',(-0.0124896625282831,0.043,-2.23526507022657E-18));
#7035=CARTESIAN_POINT('',(-6.93889390390723E-18,0.043,-3.24641619985972E-18));
#7036=CARTESIAN_POINT('',(-0.00572054206070498,0.043,-2.53234582713901E-18));
#7037=CARTESIAN_POINT('',(-0.00458161144210114,0.043,0.00222976778451849));
#7038=CARTESIAN_POINT('',(-4.00399488183983E-17,0.038,0.034829921658229));
#7039=CARTESIAN_POINT('',(0.0268960241228342,0.038,0.0195078402757645));
#7040=CARTESIAN_POINT('',(0.0268960241228342,0.038,0.0220078402757645));
#7041=CARTESIAN_POINT('',(0.00430461067557335,0.038,0.0238650787502528));
#7042=CARTESIAN_POINT('',(0.00430461067557335,0.038,0.0263650787502527));
#7043=CARTESIAN_POINT('',(0.00890635885298252,0.038,0.0283552166074514));
#7044=CARTESIAN_POINT('',(0.00890635885298252,0.038,0.0308552166074514));
#7045=CARTESIAN_POINT('',(0.0179,0.038,0.0195));
#7046=CARTESIAN_POINT('',(0.0179,0.038,0.022));
#7047=CARTESIAN_POINT('',(0.00890397587716579,0.038,0.0194921597242355));
#7048=CARTESIAN_POINT('',(0.00890397587716579,0.038,0.0219921597242355));
#7049=CARTESIAN_POINT('',(0.0222953893244267,0.038,0.0239349212497473));
#7050=CARTESIAN_POINT('',(0.0222953893244267,0.038,0.0264349212497473));
#7051=CARTESIAN_POINT('',(0.0133,0.038,0.0239));
#7052=CARTESIAN_POINT('',(0.0133,0.038,0.0264));
#7053=CARTESIAN_POINT('',(-9.20482456684135E-5,0.038,0.0194843194484711));
#7054=CARTESIAN_POINT('',(-0.0001,0.038,0.0284));
#7055=CARTESIAN_POINT('',(0.0444233440342704,0.038,0.0320891215252209));
#7056=CARTESIAN_POINT('',(-4.00399488183983E-17,0.035,0.034829921658229));
#7057=CARTESIAN_POINT('',(0.0268960241228342,0.035,0.0195078402757645));
#7058=CARTESIAN_POINT('',(0.0268960241228342,0.035,0.0220078402757645));
#7059=CARTESIAN_POINT('',(0.00430461067557335,0.035,0.0238650787502528));
#7060=CARTESIAN_POINT('',(0.00430461067557335,0.035,0.0263650787502527));
#7061=CARTESIAN_POINT('',(0.00890635885298252,0.035,0.0283552166074514));
#7062=CARTESIAN_POINT('',(0.00890635885298252,0.035,0.0308552166074514));
#7063=CARTESIAN_POINT('',(0.0179,0.035,0.0195));
#7064=CARTESIAN_POINT('',(0.0179,0.035,0.022));
#7065=CARTESIAN_POINT('',(0.00890397587716579,0.035,0.0194921597242355));
#7066=CARTESIAN_POINT('',(0.00890397587716579,0.035,0.0219921597242355));
#7067=CARTESIAN_POINT('',(0.0222953893244267,0.035,0.0239349212497473));
#7068=CARTESIAN_POINT('',(0.0222953893244267,0.035,0.0264349212497473));
#7069=CARTESIAN_POINT('',(0.0133,0.035,0.0239));
#7070=CARTESIAN_POINT('',(0.0133,0.035,0.0264));
#7071=CARTESIAN_POINT('',(-0.0001,0.035,0.0284));
#7072=CARTESIAN_POINT('',(-9.20482456684135E-5,0.035,0.0194843194484711));
#7073=CARTESIAN_POINT('',(-0.0001,0.04,0.0284));
#7074=CARTESIAN_POINT('',(-9.20482456684135E-5,0.04,0.0194843194484711));
#7075=CARTESIAN_POINT('',(0.0515,0.046,-1.74506973925301E-18));
#7076=CARTESIAN_POINT('',(-6.93889390390723E-18,0.043,-3.24641619985972E-18));
#7077=CARTESIAN_POINT('',(0.0327243007750381,0.043,-4.85046106717624E-18));
#7078=CARTESIAN_POINT('',(0.0390746859344296,0.043,-5.55558255033983E-18));
#7079=CARTESIAN_POINT('',(0.0327243007750381,0.041,-2.32184128679833E-17));
#7080=CARTESIAN_POINT('',(0.0327243007750381,0.046,-3.46944695195361E-18));
#7081=CARTESIAN_POINT('',(-0.0515,0.046,-9.29506920552896E-20));
#7082=CARTESIAN_POINT('',(0.0390746859344296,0.046,-3.90312782094781E-18));
#7083=CARTESIAN_POINT('',(0.0390746859344296,0.041,-1.5855994026507E-17));
#7084=CARTESIAN_POINT('',(0.0515,0.046,-1.74506973925301E-18));
#7085=CARTESIAN_POINT('',(-6.93889390390723E-18,0.043,-3.24641619985972E-18));
#7086=CARTESIAN_POINT('',(0.0236852724674672,0.043,-4.41438854173348E-18));
#7087=CARTESIAN_POINT('',(0.0301122330900305,0.043,-4.6905180506962E-18));
#7088=CARTESIAN_POINT('',(0.0236852724674672,0.041,-3.36716550279956E-17));
#7089=CARTESIAN_POINT('',(0.0236852724674672,0.046,-3.90312782094781E-18));
#7090=CARTESIAN_POINT('',(-0.0515,0.046,-9.29506920552896E-20));
#7091=CARTESIAN_POINT('',(0.0301122330900305,0.046,-5.20417042793042E-18));
#7092=CARTESIAN_POINT('',(0.0301122330900305,0.041,-2.62212061973557E-17));
#7093=CARTESIAN_POINT('',(0.0515,0.046,-1.74506973925301E-18));
#7094=CARTESIAN_POINT('',(-6.93889390390723E-18,0.043,-3.24641619985972E-18));
#7095=CARTESIAN_POINT('',(0.014644554856621,0.043,-3.97821257629827E-18));
#7096=CARTESIAN_POINT('',(0.0211513222102837,0.043,-4.25922883815055E-18));
#7097=CARTESIAN_POINT('',(0.0146445548566209,0.041,-4.41268391853903E-17));
#7098=CARTESIAN_POINT('',(0.014644554856621,0.046,-3.46944695195361E-18));
#7099=CARTESIAN_POINT('',(-0.0515,0.046,-9.29506920552896E-20));
#7100=CARTESIAN_POINT('',(0.0211513222102837,0.046,-3.90312782094781E-18));
#7101=CARTESIAN_POINT('',(0.0211513222102837,0.041,-3.65846457490651E-17));
#7102=CARTESIAN_POINT('',(0.0515,0.046,-1.74506973925301E-18));
#7103=CARTESIAN_POINT('',(-0.0305919504713025,0.041,-9.60069203011418E-17));
#7104=CARTESIAN_POINT('',(-0.0305919504713022,0.046,-8.67361737988404E-19));
#7105=CARTESIAN_POINT('',(-0.0515,0.046,-9.29506920552896E-20));
#7106=CARTESIAN_POINT('',(-0.0236238147387097,0.046,-1.7347234759768E-18));
#7107=CARTESIAN_POINT('',(-0.0236238147387095,0.041,-8.79343447852913E-17));
#7108=CARTESIAN_POINT('',(0.0515,0.046,-1.74506973925301E-18));
#7109=CARTESIAN_POINT('',(-0.0396481691390968,0.041,-1.06479924238119E-16));
#7110=CARTESIAN_POINT('',(-0.0396481691390966,0.046,-1.7347234759768E-18));
#7111=CARTESIAN_POINT('',(-0.0515,0.046,-9.29506920552896E-20));
#7112=CARTESIAN_POINT('',(-0.0325710899748533,0.046,-2.16840434497101E-18));
#7113=CARTESIAN_POINT('',(-0.032571089974853,0.041,-9.82821090082606E-17));
#7114=CARTESIAN_POINT('',(0.0515,0.046,-1.74506973925301E-18));
#7115=CARTESIAN_POINT('',(-0.0515,0.046,-9.29506920552896E-20));
#7116=CARTESIAN_POINT('',(-0.021539286520128,0.046,-1.7347234759768E-18));
#7117=CARTESIAN_POINT('',(-0.0146734995432369,0.046,-2.16840434497101E-18));
#7118=CARTESIAN_POINT('',(-0.0146734995432367,0.041,-7.8016766740253E-17));
#7119=CARTESIAN_POINT('',(-0.0215392865201283,0.041,-8.55380028123894E-17));
#7120=CARTESIAN_POINT('',(0.0515,0.046,-1.74506973925301E-18));
#7121=CARTESIAN_POINT('',(-0.0515,0.046,-9.29506920552896E-20));
#7122=CARTESIAN_POINT('',(-0.0124896625282831,0.046,-2.16840434497101E-18));
#7123=CARTESIAN_POINT('',(-0.00572054206070498,0.046,-3.03576608295941E-18));
#7124=CARTESIAN_POINT('',(-0.00572054206070486,0.041,-6.76624702931577E-17));
#7125=CARTESIAN_POINT('',(-0.0124896625282833,0.041,-7.55062608836945E-17));
#7126=CARTESIAN_POINT('',(0.0515,0.046,-1.74506973925301E-18));
#7127=CARTESIAN_POINT('',(-0.0515,0.046,-9.29506920552896E-20));
#7128=CARTESIAN_POINT('',(0.00560197348374306,0.046,-3.46944695195361E-18));
#7129=CARTESIAN_POINT('',(0.0121921006338122,0.046,-3.46944695195361E-18));
#7130=CARTESIAN_POINT('',(0.0121921006338123,0.041,-4.69461433033921E-17));
#7131=CARTESIAN_POINT('',(0.0121921006338122,0.043,-3.82804306559736E-18));
#7132=CARTESIAN_POINT('',(-6.93889390390723E-18,0.043,-3.24641619985972E-18));
#7133=CARTESIAN_POINT('',(0.00560197348374306,0.043,-3.54192248835274E-18));
#7134=CARTESIAN_POINT('',(0.00560197348374297,0.041,-5.45841658953032E-17));
#7135=CARTESIAN_POINT('',(-2.08166817117217E-17,0.046,-0.0229128784747792));
#7136=CARTESIAN_POINT('',(-0.0485766559657295,0.038,0.00288069621325417));
#7137=CARTESIAN_POINT('',(-0.048716005376814,0.0381157523143398,0.00261826153783032));
#7138=CARTESIAN_POINT('',(-0.048984958249842,0.0383777574892581,0.00210132164098924));
#7139=CARTESIAN_POINT('',(-0.0493457781870384,0.0388860530778202,0.00138099201783448));
#7140=CARTESIAN_POINT('',(-0.0496476534060871,0.0395535815012796,0.000755901331087487));
#7141=CARTESIAN_POINT('',(-0.0498010515663331,0.0404997861356329,0.000429111044401812));
#7142=CARTESIAN_POINT('',(-0.0496481401413059,0.0414445714208959,0.000754861580622316));
#7143=CARTESIAN_POINT('',(-0.0493459194997906,0.0421145114427948,0.00138078197505712));
#7144=CARTESIAN_POINT('',(-0.0489813451798648,0.0426264055193927,0.00210839909628826));
#7145=CARTESIAN_POINT('',(-0.0487152003846566,0.0428849163623666,0.00261977756759957));
#7146=CARTESIAN_POINT('',(-0.0485766559657295,0.043,0.0028806962132542));
#7147=CARTESIAN_POINT('',(-0.0485766559657295,0.038,0.00288069621325415));
#7148=CARTESIAN_POINT('',(-0.0485766559657295,0.043,0.00288069621325417));
#7149=CARTESIAN_POINT('',(-2.08166817117217E-17,0.038,-0.0229128784747792));
#7150=CARTESIAN_POINT('',(-2.08166817117217E-17,0.043,-0.0229128784747792));
#7151=CARTESIAN_POINT('',(-2.08166817117217E-17,0.046,-0.0229128784747792));
#7152=CARTESIAN_POINT('',(-2.08166817117217E-17,0.043,-0.0229128784747792));
#7153=CARTESIAN_POINT('',(0.0485766559657295,0.043,0.00288069621325409));
#7154=CARTESIAN_POINT('',(-2.08166817117217E-17,0.038,-0.0229128784747792));
#7155=CARTESIAN_POINT('',(0.0485766559657295,0.038,0.00288069621325407));
#7156=CARTESIAN_POINT('',(0.0485766559657295,0.038,0.00288069621325408));
#7157=CARTESIAN_POINT('',(0.048715722966746,0.0381155177269187,0.0026187933965152));
#7158=CARTESIAN_POINT('',(0.0489823678446772,0.0383747498350211,0.00210639995635602));
#7159=CARTESIAN_POINT('',(0.0493466161482496,0.0388867446711766,0.00137935348215668));
#7160=CARTESIAN_POINT('',(0.0496482769832097,0.0395562975799919,0.000754566271380549));
#7161=CARTESIAN_POINT('',(0.0498008732149771,0.0404991863697781,0.000429491126839383));
#7162=CARTESIAN_POINT('',(0.0496482300226088,0.0414446685676884,0.000754676198137285));
#7163=CARTESIAN_POINT('',(0.0493457646732723,0.0421146310621581,0.00138108829760425));
#7164=CARTESIAN_POINT('',(0.0489820335171388,0.0426255461664441,0.00210703669388082));
#7165=CARTESIAN_POINT('',(0.0487156583538603,0.0428845359445751,0.00261891508100277));
#7166=CARTESIAN_POINT('',(0.0485766559657295,0.043,0.00288069621325409));
#7167=CARTESIAN_POINT('',(-2.08166817117217E-17,0.046,-0.0229128784747792));
#7168=CARTESIAN_POINT('',(-2.08166817117217E-17,0.038,-0.0229128784747792));
#7169=CARTESIAN_POINT('',(-0.0444233440342705,0.038,0.00951498770252035));
#7170=CARTESIAN_POINT('',(-0.0444233440342705,0.043,0.00951498770252033));
#7171=CARTESIAN_POINT('',(-0.0441303852987779,0.0427566501976907,0.00991631557970712));
#7172=CARTESIAN_POINT('',(-0.0437051700606496,0.0422782890402763,0.0104800853087769));
#7173=CARTESIAN_POINT('',(-0.0433243800351597,0.0413333674123736,0.0109697252426479));
#7174=CARTESIAN_POINT('',(-0.043212964612953,0.0405043147204176,0.0111111427814051));
#7175=CARTESIAN_POINT('',(-0.0433237690228432,0.0396664875231079,0.010970508958118));
#7176=CARTESIAN_POINT('',(-0.0437062281881662,0.0387203360359433,0.0104787239616032));
#7177=CARTESIAN_POINT('',(-0.0441310978136156,0.0382427579430339,0.0099153394966188));
#7178=CARTESIAN_POINT('',(-0.0444233440342705,0.038,0.00951498770252034));
#7179=CARTESIAN_POINT('',(-4.97400190574163E-18,0.043,0.0320891215252208));
#7180=CARTESIAN_POINT('',(0.00441835815155772,0.043,0.00220637305827588));
#7181=CARTESIAN_POINT('',(0.0134183277452166,0.043,0.00218297833203325));
#7182=CARTESIAN_POINT('',(0.0224182973388755,0.043,0.00215958360579063));
#7183=CARTESIAN_POINT('',(0.0314182669325343,0.043,0.00213618887954801));
#7184=CARTESIAN_POINT('',(0.0404182365261932,0.043,0.00211279415330539));
#7185=CARTESIAN_POINT('',(0.0444233440342704,0.043,0.0320891215252209));
#7186=CARTESIAN_POINT('',(0.0403997263429298,0.043,0.0092894474638164));
#7187=CARTESIAN_POINT('',(0.0403997263429298,0.043,0.0117932500372774));
#7188=CARTESIAN_POINT('',(0.00440009121902341,0.043,0.0170391195476055));
#7189=CARTESIAN_POINT('',(0.00440009121902341,0.043,0.0195391195476055));
#7190=CARTESIAN_POINT('',(0.0134001216253645,0.043,0.0170854927301407));
#7191=CARTESIAN_POINT('',(0.0134001216253645,0.043,0.0195854927301407));
#7192=CARTESIAN_POINT('',(0.0224001520317057,0.043,0.0171318659126758));
#7193=CARTESIAN_POINT('',(0.0224001520317057,0.043,0.0196318659126758));
#7194=CARTESIAN_POINT('',(0.0313997567492709,0.043,0.00931284219005903));
#7195=CARTESIAN_POINT('',(0.0313997567492709,0.043,0.01181664476352));
#7196=CARTESIAN_POINT('',(0.022399787155612,0.043,0.00933623691630165));
#7197=CARTESIAN_POINT('',(0.022399787155612,0.043,0.0118400394897626));
#7198=CARTESIAN_POINT('',(0.0133998175619532,0.043,0.00935963164254427));
#7199=CARTESIAN_POINT('',(0.0133998175619532,0.043,0.0118634342160053));
#7200=CARTESIAN_POINT('',(0.00439984796829431,0.043,0.00938302636878689));
#7201=CARTESIAN_POINT('',(0.00439984796829431,0.043,0.0118868289422479));
#7202=CARTESIAN_POINT('',(0.0314001824380468,0.043,0.017178239095211));
#7203=CARTESIAN_POINT('',(0.0314001824380468,0.043,0.019678239095211));
#7204=CARTESIAN_POINT('',(-4.97400190574163E-18,0.043,0.0320891215252208));
#7205=CARTESIAN_POINT('',(0.0485766559657295,0.043,0.0320891215252209));
#7206=CARTESIAN_POINT('',(-4.97400190574163E-18,0.043,0.0320891215252208));
#7207=CARTESIAN_POINT('',(-0.0485766559657296,0.043,0.0320891215252207));
#7208=CARTESIAN_POINT('',(-4.00399488183983E-17,0.038,0.034829921658229));
#7209=CARTESIAN_POINT('',(-0.0270801206141711,0.038,0.0194607986211777));
#7210=CARTESIAN_POINT('',(-0.0270801206141711,0.038,0.0219607986211777));
#7211=CARTESIAN_POINT('',(-0.0180840964913369,0.038,0.0194686388969422));
#7212=CARTESIAN_POINT('',(-0.0180840964913369,0.038,0.0219686388969422));
#7213=CARTESIAN_POINT('',(-0.00908807236850262,0.038,0.0194764791727066));
#7214=CARTESIAN_POINT('',(-0.00908807236850262,0.038,0.0219764791727066));
#7215=CARTESIAN_POINT('',(-0.0444233440342705,0.038,0.0320891215252207));
#7216=CARTESIAN_POINT('',(-0.0001,0.038,0.0284));
#7217=CARTESIAN_POINT('',(-9.20482456684135E-5,0.038,0.0194843194484711));
#7218=CARTESIAN_POINT('',(-0.00910635885298252,0.038,0.0284447833925485));
#7219=CARTESIAN_POINT('',(-0.00910635885298252,0.038,0.0309447833925485));
#7220=CARTESIAN_POINT('',(-0.0226815572977066,0.038,0.0237603150010109));
#7221=CARTESIAN_POINT('',(-0.0226815572977066,0.038,0.0262603150010109));
#7222=CARTESIAN_POINT('',(-0.01368616797328,0.038,0.0237952362507582));
#7223=CARTESIAN_POINT('',(-0.01368616797328,0.038,0.0262952362507582));
#7224=CARTESIAN_POINT('',(-0.00469077864885331,0.038,0.0238301575005055));
#7225=CARTESIAN_POINT('',(-0.00469077864885331,0.038,0.0263301575005054));
#7226=CARTESIAN_POINT('',(-4.00399488183983E-17,0.038,0.034829921658229));
#7227=CARTESIAN_POINT('',(0.0485766559657295,0.038,0.0320891215252209));
#7228=CARTESIAN_POINT('',(-4.00399488183983E-17,0.038,0.034829921658229));
#7229=CARTESIAN_POINT('',(-0.0485766559657296,0.038,0.0320891215252207));
#7230=CARTESIAN_POINT('',(0.,0.046,0.0174139608291145));
#7231=CARTESIAN_POINT('',(4.85722573273506E-17,0.046,-0.0229128784747792));
#7232=CARTESIAN_POINT('',(0.0404182365261932,0.046,0.00211279415330539));
#7233=CARTESIAN_POINT('',(0.0314182669325343,0.046,0.00213618887954801));
#7234=CARTESIAN_POINT('',(0.0224182973388755,0.046,0.00215958360579063));
#7235=CARTESIAN_POINT('',(0.0134183277452166,0.046,0.00218297833203325));
#7236=CARTESIAN_POINT('',(0.00441835815155772,0.046,0.00220637305827588));
#7237=CARTESIAN_POINT('',(-0.00458161144210114,0.046,0.00222976778451849));
#7238=CARTESIAN_POINT('',(-0.01358158103576,0.046,0.00225316251076112));
#7239=CARTESIAN_POINT('',(-0.0225815506294188,0.046,0.00227655723700374));
#7240=CARTESIAN_POINT('',(-0.0315815202230777,0.046,0.00229995196324636));
#7241=CARTESIAN_POINT('',(-0.0405814898167366,0.046,0.00232334668948899));
#7242=CARTESIAN_POINT('',(-0.0135999695936589,0.046,0.0169463731825352));
#7243=CARTESIAN_POINT('',(-0.0135999695936589,0.046,0.0144463731825352));
#7244=CARTESIAN_POINT('',(-0.0226,0.046,0.0169));
#7245=CARTESIAN_POINT('',(-0.0226,0.046,0.0144));
#7246=CARTESIAN_POINT('',(-0.0316000304063411,0.046,0.0168536268174649));
#7247=CARTESIAN_POINT('',(-0.0316000304063411,0.046,0.0143536268174649));
#7248=CARTESIAN_POINT('',(0.0403997263429298,0.046,0.0092894474638164));
#7249=CARTESIAN_POINT('',(0.0403997263429298,0.046,0.00678564489035541));
#7250=CARTESIAN_POINT('',(-0.00459993918731773,0.046,0.0169927463650704));
#7251=CARTESIAN_POINT('',(-0.00459993918731773,0.046,0.0144927463650704));
#7252=CARTESIAN_POINT('',(0.00440009121902341,0.046,0.0170391195476055));
#7253=CARTESIAN_POINT('',(0.00440009121902341,0.046,0.0145391195476055));
#7254=CARTESIAN_POINT('',(0.0134001216253645,0.046,0.0170854927301407));
#7255=CARTESIAN_POINT('',(0.0134001216253645,0.046,0.0145854927301407));
#7256=CARTESIAN_POINT('',(0.0224001520317057,0.046,0.0171318659126758));
#7257=CARTESIAN_POINT('',(0.0224001520317057,0.046,0.0146318659126758));
#7258=CARTESIAN_POINT('',(0.0313997567492709,0.046,0.00931284219005903));
#7259=CARTESIAN_POINT('',(0.0313997567492709,0.046,0.00680903961659804));
#7260=CARTESIAN_POINT('',(0.022399787155612,0.046,0.00933623691630165));
#7261=CARTESIAN_POINT('',(0.022399787155612,0.046,0.00683243434284066));
#7262=CARTESIAN_POINT('',(0.0133998175619532,0.046,0.00935963164254427));
#7263=CARTESIAN_POINT('',(0.0133998175619532,0.046,0.00685582906908328));
#7264=CARTESIAN_POINT('',(0.00439984796829431,0.046,0.00938302636878689));
#7265=CARTESIAN_POINT('',(0.00439984796829431,0.046,0.0068792237953259));
#7266=CARTESIAN_POINT('',(-0.00460012162536455,0.046,0.00940642109502951));
#7267=CARTESIAN_POINT('',(-0.00460012162536455,0.046,0.00690261852156852));
#7268=CARTESIAN_POINT('',(-0.0136000912190234,0.046,0.00942981582127213));
#7269=CARTESIAN_POINT('',(-0.0136000912190234,0.046,0.00692601324781114));
#7270=CARTESIAN_POINT('',(-0.0226000608126823,0.046,0.00945321054751476));
#7271=CARTESIAN_POINT('',(-0.0226000608126823,0.046,0.00694940797405377));
#7272=CARTESIAN_POINT('',(-0.0316000304063411,0.046,0.00947660527375738));
#7273=CARTESIAN_POINT('',(-0.0316000304063411,0.046,0.00697280270029639));
#7274=CARTESIAN_POINT('',(0.0314001824380468,0.046,0.017178239095211));
#7275=CARTESIAN_POINT('',(0.0314001824380468,0.046,0.014678239095211));
#7276=CARTESIAN_POINT('',(-0.0406,0.046,0.0095));
#7277=CARTESIAN_POINT('',(-0.0406,0.046,0.00699619742653902));
#7278=CARTESIAN_POINT('',(-4.00399488183983E-17,0.035,0.034829921658229));
#7279=CARTESIAN_POINT('',(-9.20482456684135E-5,0.035,0.0194843194484711));
#7280=CARTESIAN_POINT('',(-0.0001,0.035,0.0284));
#7281=CARTESIAN_POINT('',(-0.0270801206141711,0.035,0.0194607986211777));
#7282=CARTESIAN_POINT('',(-0.0270801206141711,0.035,0.0219607986211777));
#7283=CARTESIAN_POINT('',(-0.0180840964913369,0.035,0.0194686388969422));
#7284=CARTESIAN_POINT('',(-0.0180840964913369,0.035,0.0219686388969422));
#7285=CARTESIAN_POINT('',(-0.00908807236850262,0.035,0.0194764791727066));
#7286=CARTESIAN_POINT('',(-0.00908807236850262,0.035,0.0219764791727066));
#7287=CARTESIAN_POINT('',(-0.00910635885298252,0.035,0.0284447833925485));
#7288=CARTESIAN_POINT('',(-0.00910635885298252,0.035,0.0309447833925485));
#7289=CARTESIAN_POINT('',(-0.0226815572977066,0.035,0.0237603150010109));
#7290=CARTESIAN_POINT('',(-0.0226815572977066,0.035,0.0262603150010109));
#7291=CARTESIAN_POINT('',(-0.01368616797328,0.035,0.0237952362507582));
#7292=CARTESIAN_POINT('',(-0.01368616797328,0.035,0.0262952362507582));
#7293=CARTESIAN_POINT('',(-0.00469077864885331,0.035,0.0238301575005055));
#7294=CARTESIAN_POINT('',(-0.00469077864885331,0.035,0.0263301575005054));
#7295=CARTESIAN_POINT('',(0.0465,0.0405,0.0320891215252209));
#7296=CARTESIAN_POINT('',(0.0465,0.0405,0.0320891215252209));
#7297=CARTESIAN_POINT('',(-0.0465,0.0405,0.0320891215252207));
#7298=CARTESIAN_POINT('',(-0.0465,0.0405,0.0320891215252207));
#7299=CARTESIAN_POINT('',(0.0465,0.0405,0.0065));
#7300=CARTESIAN_POINT('',(0.0465,0.0405,0.0065));
#7301=CARTESIAN_POINT('',(0.0445,0.0405,0.0065));
#7302=CARTESIAN_POINT('',(-7.47230125503588E-18,0.023,0.0065));
#7303=CARTESIAN_POINT('',(-0.0465,0.0405,0.00649999999999989));
#7304=CARTESIAN_POINT('',(-0.0465,0.0405,0.00649999999999989));
#7305=CARTESIAN_POINT('',(-0.0485,0.0405,0.00649999999999989));
#7306=CARTESIAN_POINT('',(-7.47230125503588E-18,0.023,0.0065));
#7307=CARTESIAN_POINT('',(-0.0406,0.041,0.0095));
#7308=CARTESIAN_POINT('',(0.0314001824380468,0.041,0.017178239095211));
#7309=CARTESIAN_POINT('',(-0.0316000304063411,0.041,0.00947660527375738));
#7310=CARTESIAN_POINT('',(-0.0226000608126823,0.041,0.00945321054751476));
#7311=CARTESIAN_POINT('',(-0.0136000912190234,0.041,0.00942981582127213));
#7312=CARTESIAN_POINT('',(-0.00460012162536455,0.041,0.00940642109502951));
#7313=CARTESIAN_POINT('',(0.00439984796829431,0.041,0.00938302636878689));
#7314=CARTESIAN_POINT('',(0.0133998175619532,0.041,0.00935963164254427));
#7315=CARTESIAN_POINT('',(0.022399787155612,0.041,0.00933623691630165));
#7316=CARTESIAN_POINT('',(0.0313997567492709,0.041,0.00931284219005903));
#7317=CARTESIAN_POINT('',(0.0224001520317057,0.041,0.0171318659126758));
#7318=CARTESIAN_POINT('',(0.0134001216253645,0.041,0.0170854927301407));
#7319=CARTESIAN_POINT('',(0.00440009121902341,0.041,0.0170391195476055));
#7320=CARTESIAN_POINT('',(-0.00459993918731773,0.041,0.0169927463650704));
#7321=CARTESIAN_POINT('',(0.0403997263429298,0.041,0.0092894474638164));
#7322=CARTESIAN_POINT('',(-0.0316000304063411,0.041,0.0168536268174649));
#7323=CARTESIAN_POINT('',(-0.0226,0.041,0.0169));
#7324=CARTESIAN_POINT('',(-0.0135999695936589,0.041,0.0169463731825352));
#7325=CARTESIAN_POINT('',(0.0134183277452166,0.041,0.00218297833203325));
#7326=CARTESIAN_POINT('',(0.00441835815155772,0.041,0.00220637305827588));
#7327=CARTESIAN_POINT('',(-0.00458161144210114,0.041,0.00222976778451849));
#7328=CARTESIAN_POINT('',(-0.01358158103576,0.041,0.00225316251076112));
#7329=CARTESIAN_POINT('',(-0.0405814898167366,0.041,0.00232334668948899));
#7330=CARTESIAN_POINT('',(-0.0315815202230777,0.041,0.00229995196324636));
#7331=CARTESIAN_POINT('',(-0.0225815506294188,0.041,0.00227655723700374));
#7332=CARTESIAN_POINT('',(0.0224182973388755,0.041,0.00215958360579063));
#7333=CARTESIAN_POINT('',(0.0314182669325343,0.041,0.00213618887954801));
#7334=CARTESIAN_POINT('',(0.0404182365261932,0.041,0.00211279415330539));
#7335=CARTESIAN_POINT('',(0.0268960241228342,0.04,0.0195078402757645));
#7336=CARTESIAN_POINT('',(0.00430461067557335,0.04,0.0238650787502528));
#7337=CARTESIAN_POINT('',(-0.00469077864885331,0.04,0.0238301575005055));
#7338=CARTESIAN_POINT('',(-0.01368616797328,0.04,0.0237952362507582));
#7339=CARTESIAN_POINT('',(-0.0226815572977066,0.04,0.0237603150010109));
#7340=CARTESIAN_POINT('',(0.00890635885298252,0.04,0.0283552166074514));
#7341=CARTESIAN_POINT('',(-0.0001,0.04,0.0284));
#7342=CARTESIAN_POINT('',(-0.00910635885298252,0.04,0.0284447833925485));
#7343=CARTESIAN_POINT('',(0.0179,0.04,0.0195));
#7344=CARTESIAN_POINT('',(0.00890397587716579,0.04,0.0194921597242355));
#7345=CARTESIAN_POINT('',(-9.20482456684135E-5,0.04,0.0194843194484711));
#7346=CARTESIAN_POINT('',(-0.00908807236850262,0.04,0.0194764791727066));
#7347=CARTESIAN_POINT('',(-0.0180840964913369,0.04,0.0194686388969422));
#7348=CARTESIAN_POINT('',(-0.0270801206141711,0.04,0.0194607986211777));
#7349=CARTESIAN_POINT('',(0.0222953893244267,0.04,0.0239349212497473));
#7350=CARTESIAN_POINT('',(0.0133,0.04,0.0239));
#7351=CARTESIAN_POINT('',(0.0235,0.022681094739004,0.00403492164449092));
#7352=CARTESIAN_POINT('',(4.85722573273506E-17,0.043,-0.0229128784747792));
#7353=CARTESIAN_POINT('',(4.85722573273506E-17,-0.043,-0.0229128784747792));
#7354=CARTESIAN_POINT('',(0.00827319691312333,-0.0452,0.0232733977544639));
#7355=CARTESIAN_POINT('',(0.00827319691312333,-0.046,0.0232733977544639));
#7356=CARTESIAN_POINT('',(0.00827319691312333,-0.0452,0.0228239021994846));
#7357=CARTESIAN_POINT('',(0.00827319691312333,-0.046,0.0228239021994846));
#7358=CARTESIAN_POINT('',(0.00811013364172745,-0.0452,0.0224731763974651));
#7359=CARTESIAN_POINT('',(0.00811013364172745,-0.046,0.0224731763974651));
#7360=CARTESIAN_POINT('',(0.0077840070989357,-0.0452,0.0222212203484055));
#7361=CARTESIAN_POINT('',(0.0077840070989357,-0.046,0.0222212203484055));
#7362=CARTESIAN_POINT('',(0.00827319691312333,-0.0452,0.0232733977544639));
#7363=CARTESIAN_POINT('',(0.00827319691312333,-0.0452,0.0232733977544639));
#7364=CARTESIAN_POINT('',(0.00827319691312333,-0.0452,0.0232733977544639));
#7365=CARTESIAN_POINT('',(0.00827319691312333,-0.0452,0.022599154421995));
#7366=CARTESIAN_POINT('',(0.0077840070989357,-0.0452,0.0222212203484055));
#7367=CARTESIAN_POINT('',(0.0077840070989357,-0.0452,0.0222212203484055));
#7368=CARTESIAN_POINT('',(0.0077840070989357,-0.0452,0.0222212203484055));
#7369=CARTESIAN_POINT('',(0.00797129691351039,-0.0452,0.0241254266422604));
#7370=CARTESIAN_POINT('',(0.00797129691351039,-0.046,0.0241254266422604));
#7371=CARTESIAN_POINT('',(0.00817256357991902,-0.0452,0.0239062696055043));
#7372=CARTESIAN_POINT('',(0.00817256357991902,-0.046,0.0239062696055043));
#7373=CARTESIAN_POINT('',(0.00827319691312333,-0.0452,0.0236222599762388));
#7374=CARTESIAN_POINT('',(0.00827319691312333,-0.046,0.0236222599762388));
#7375=CARTESIAN_POINT('',(0.00827319691312333,-0.0452,0.0232733977544639));
#7376=CARTESIAN_POINT('',(0.00827319691312333,-0.046,0.0232733977544639));
#7377=CARTESIAN_POINT('',(0.00797129691351039,-0.0452,0.0241254266422604));
#7378=CARTESIAN_POINT('',(0.00797129691351039,-0.0452,0.0241254266422604));
#7379=CARTESIAN_POINT('',(0.00797129691351039,-0.0452,0.0241254266422604));
#7380=CARTESIAN_POINT('',(0.00827319691312333,-0.0452,0.0237966910871263));
#7381=CARTESIAN_POINT('',(0.00827319691312333,-0.0452,0.0232733977544639));
#7382=CARTESIAN_POINT('',(0.00686544839640965,-0.0452,0.0247404081229535));
#7383=CARTESIAN_POINT('',(0.00686544839640965,-0.046,0.0247404081229535));
#7384=CARTESIAN_POINT('',(0.00740141407473485,-0.0452,0.0245495775059142));
#7385=CARTESIAN_POINT('',(0.00740141407473485,-0.046,0.0245495775059142));
#7386=CARTESIAN_POINT('',(0.00777003024710176,-0.0452,0.0243445836790165));
#7387=CARTESIAN_POINT('',(0.00777003024710176,-0.046,0.0243445836790165));
#7388=CARTESIAN_POINT('',(0.00797129691351039,-0.0452,0.0241254266422604));
#7389=CARTESIAN_POINT('',(0.00797129691351039,-0.046,0.0241254266422604));
#7390=CARTESIAN_POINT('',(0.00686544839640965,-0.0452,0.0247404081229535));
#7391=CARTESIAN_POINT('',(0.00686544839640965,-0.0452,0.0247404081229535));
#7392=CARTESIAN_POINT('',(0.00686544839640965,-0.0452,0.0247404081229535));
#7393=CARTESIAN_POINT('',(0.00766939691389745,-0.0452,0.0244541621973945));
#7394=CARTESIAN_POINT('',(0.00797129691351039,-0.0452,0.0241254266422604));
#7395=CARTESIAN_POINT('',(0.00615430617509916,-0.0452,0.0250529305299602));
#7396=CARTESIAN_POINT('',(0.00615430617509916,-0.046,0.0250529305299602));
#7397=CARTESIAN_POINT('',(0.00630935605144359,-0.0452,0.0249586333695873));
#7398=CARTESIAN_POINT('',(0.00630935605144359,-0.046,0.0249586333695873));
#7399=CARTESIAN_POINT('',(0.00654640345854708,-0.0452,0.0248544592339184));
#7400=CARTESIAN_POINT('',(0.00654640345854708,-0.046,0.0248544592339184));
#7401=CARTESIAN_POINT('',(0.00686544839640965,-0.0452,0.0247404081229535));
#7402=CARTESIAN_POINT('',(0.00686544839640965,-0.046,0.0247404081229535));
#7403=CARTESIAN_POINT('',(0.00615430617509916,-0.0452,0.0250529305299602));
#7404=CARTESIAN_POINT('',(0.00615430617509916,-0.0452,0.0250529305299602));
#7405=CARTESIAN_POINT('',(0.00615430617509916,-0.0452,0.0250529305299602));
#7406=CARTESIAN_POINT('',(0.0063868809896158,-0.0452,0.0249114847894008));
#7407=CARTESIAN_POINT('',(0.00686544839640965,-0.0452,0.0247404081229535));
#7408=CARTESIAN_POINT('',(0.005823893397745,-0.0452,0.0253643347888202));
#7409=CARTESIAN_POINT('',(0.005823893397745,-0.046,0.0253643347888202));
#7410=CARTESIAN_POINT('',(0.00588911870630335,-0.0452,0.0252510291099531));
#7411=CARTESIAN_POINT('',(0.00588911870630335,-0.046,0.0252510291099531));
#7412=CARTESIAN_POINT('',(0.00599925629875474,-0.0452,0.0251472276903331));
#7413=CARTESIAN_POINT('',(0.00599925629875474,-0.046,0.0251472276903331));
#7414=CARTESIAN_POINT('',(0.00615430617509916,-0.0452,0.0250529305299602));
#7415=CARTESIAN_POINT('',(0.00615430617509916,-0.046,0.0250529305299602));
#7416=CARTESIAN_POINT('',(0.005823893397745,-0.0452,0.0253643347888202));
#7417=CARTESIAN_POINT('',(0.005823893397745,-0.0452,0.0253643347888202));
#7418=CARTESIAN_POINT('',(0.005823893397745,-0.0452,0.0253643347888202));
#7419=CARTESIAN_POINT('',(0.00592173136058253,-0.0452,0.0251943762705195));
#7420=CARTESIAN_POINT('',(0.00615430617509916,-0.0452,0.0250529305299602));
#7421=CARTESIAN_POINT('',(0.00572605543490747,-0.0452,0.0257992944178921));
#7422=CARTESIAN_POINT('',(0.00572605543490747,-0.046,0.0257992944178921));
#7423=CARTESIAN_POINT('',(0.00572605543490747,-0.0452,0.0256226270107112));
#7424=CARTESIAN_POINT('',(0.00572605543490747,-0.046,0.0256226270107112));
#7425=CARTESIAN_POINT('',(0.00575866808918665,-0.0452,0.0254776404676873));
#7426=CARTESIAN_POINT('',(0.00575866808918665,-0.046,0.0254776404676873));
#7427=CARTESIAN_POINT('',(0.005823893397745,-0.0452,0.0253643347888202));
#7428=CARTESIAN_POINT('',(0.005823893397745,-0.046,0.0253643347888202));
#7429=CARTESIAN_POINT('',(0.00572605543490747,-0.0452,0.0257992944178921));
#7430=CARTESIAN_POINT('',(0.00572605543490747,-0.0452,0.0257992944178921));
#7431=CARTESIAN_POINT('',(0.00572605543490747,-0.0452,0.0257992944178921));
#7432=CARTESIAN_POINT('',(0.00572605543490747,-0.0452,0.0255342933071208));
#7433=CARTESIAN_POINT('',(0.005823893397745,-0.0452,0.0253643347888202));
#7434=CARTESIAN_POINT('',(0.00599161561975219,-0.0452,0.0263617229356896));
#7435=CARTESIAN_POINT('',(0.00599161561975219,-0.046,0.0263617229356896));
#7436=CARTESIAN_POINT('',(0.00581457549652238,-0.0452,0.026226799725986));
#7437=CARTESIAN_POINT('',(0.00581457549652238,-0.046,0.026226799725986));
#7438=CARTESIAN_POINT('',(0.00572605543490747,-0.0452,0.0260393235533869));
#7439=CARTESIAN_POINT('',(0.00572605543490747,-0.046,0.0260393235533869));
#7440=CARTESIAN_POINT('',(0.00572605543490747,-0.0452,0.0257992944178921));
#7441=CARTESIAN_POINT('',(0.00572605543490747,-0.046,0.0257992944178921));
#7442=CARTESIAN_POINT('',(0.00599161561975219,-0.0452,0.0263617229356896));
#7443=CARTESIAN_POINT('',(0.00599161561975219,-0.0452,0.0263617229356896));
#7444=CARTESIAN_POINT('',(0.00599161561975219,-0.0452,0.0263617229356896));
#7445=CARTESIAN_POINT('',(0.00572605543490747,-0.0452,0.0261593381211342));
#7446=CARTESIAN_POINT('',(0.00572605543490747,-0.0452,0.0257992944178921));
#7447=CARTESIAN_POINT('',(0.00672903432251047,-0.0452,0.0265641077502449));
#7448=CARTESIAN_POINT('',(0.00672903432251047,-0.046,0.0265641077502449));
#7449=CARTESIAN_POINT('',(0.00641446197723476,-0.0452,0.0265641077502449));
#7450=CARTESIAN_POINT('',(0.00641446197723476,-0.046,0.0265641077502449));
#7451=CARTESIAN_POINT('',(0.006168655742982,-0.0452,0.0264966461453932));
#7452=CARTESIAN_POINT('',(0.006168655742982,-0.046,0.0264966461453932));
#7453=CARTESIAN_POINT('',(0.00599161561975219,-0.0452,0.0263617229356896));
#7454=CARTESIAN_POINT('',(0.00599161561975219,-0.046,0.0263617229356896));
#7455=CARTESIAN_POINT('',(0.00672903432251047,-0.0452,0.0265641077502449));
#7456=CARTESIAN_POINT('',(0.00672903432251047,-0.0452,0.0265641077502449));
#7457=CARTESIAN_POINT('',(0.00672903432251047,-0.0452,0.0265641077502449));
#7458=CARTESIAN_POINT('',(0.00625717580459691,-0.0452,0.0265641077502449));
#7459=CARTESIAN_POINT('',(0.00599161561975219,-0.0452,0.0263617229356896));
#7460=CARTESIAN_POINT('',(0.00795899728389653,-0.0452,0.0262991066394736));
#7461=CARTESIAN_POINT('',(0.00795899728389653,-0.046,0.0262991066394736));
#7462=CARTESIAN_POINT('',(0.00753708271653622,-0.0452,0.0264757740466545));
#7463=CARTESIAN_POINT('',(0.00753708271653622,-0.046,0.0264757740466545));
#7464=CARTESIAN_POINT('',(0.00712709506274087,-0.0452,0.0265641077502449));
#7465=CARTESIAN_POINT('',(0.00712709506274087,-0.046,0.0265641077502449));
#7466=CARTESIAN_POINT('',(0.00672903432251047,-0.0452,0.0265641077502449));
#7467=CARTESIAN_POINT('',(0.00672903432251047,-0.046,0.0265641077502449));
#7468=CARTESIAN_POINT('',(0.00795899728389653,-0.0452,0.0262991066394736));
#7469=CARTESIAN_POINT('',(0.00795899728389653,-0.0452,0.0262991066394736));
#7470=CARTESIAN_POINT('',(0.00795899728389653,-0.0452,0.0262991066394736));
#7471=CARTESIAN_POINT('',(0.00732612543285607,-0.0452,0.0265641077502449));
#7472=CARTESIAN_POINT('',(0.00672903432251047,-0.0452,0.0265641077502449));
#7473=CARTESIAN_POINT('',(0.00805180358007385,-0.0452,0.0265573988613646));
#7474=CARTESIAN_POINT('',(0.00814460987625116,-0.0452,0.0268156910832557));
#7475=CARTESIAN_POINT('',(0.00814460987625116,-0.0452,0.0268156910832557));
#7476=CARTESIAN_POINT('',(0.00805180358007385,-0.0452,0.0265573988613646));
#7477=CARTESIAN_POINT('',(0.00674357024841776,-0.0452,0.0270952281199344));
#7478=CARTESIAN_POINT('',(0.00674357024841776,-0.046,0.0270952281199344));
#7479=CARTESIAN_POINT('',(0.00725120950702619,-0.0452,0.0270952281199344));
#7480=CARTESIAN_POINT('',(0.00725120950702619,-0.046,0.0270952281199344));
#7481=CARTESIAN_POINT('',(0.00771822271630398,-0.0452,0.0270020491077082));
#7482=CARTESIAN_POINT('',(0.00771822271630398,-0.046,0.0270020491077082));
#7483=CARTESIAN_POINT('',(0.00814460987625115,-0.0452,0.0268156910832557));
#7484=CARTESIAN_POINT('',(0.00814460987625115,-0.046,0.0268156910832557));
#7485=CARTESIAN_POINT('',(0.00674357024841776,-0.0452,0.0270952281199344));
#7486=CARTESIAN_POINT('',(0.00674357024841776,-0.0452,0.0270952281199344));
#7487=CARTESIAN_POINT('',(0.00674357024841776,-0.0452,0.0270952281199344));
#7488=CARTESIAN_POINT('',(0.0075050291363304,-0.0452,0.0270952281199344));
#7489=CARTESIAN_POINT('',(0.00814460987625115,-0.0452,0.0268156910832557));
#7490=CARTESIAN_POINT('',(0.00556895562029407,-0.0452,0.0267458068240861));
#7491=CARTESIAN_POINT('',(0.00556895562029407,-0.046,0.0267458068240861));
#7492=CARTESIAN_POINT('',(0.00586451944707563,-0.0452,0.0269787543546516));
#7493=CARTESIAN_POINT('',(0.00586451944707563,-0.046,0.0269787543546516));
#7494=CARTESIAN_POINT('',(0.00625605765645019,-0.0452,0.0270952281199344));
#7495=CARTESIAN_POINT('',(0.00625605765645019,-0.046,0.0270952281199344));
#7496=CARTESIAN_POINT('',(0.00674357024841776,-0.0452,0.0270952281199344));
#7497=CARTESIAN_POINT('',(0.00674357024841776,-0.046,0.0270952281199344));
#7498=CARTESIAN_POINT('',(0.00556895562029407,-0.0452,0.0267458068240861));
#7499=CARTESIAN_POINT('',(0.00556895562029407,-0.0452,0.0267458068240861));
#7500=CARTESIAN_POINT('',(0.00556895562029407,-0.0452,0.0267458068240861));
#7501=CARTESIAN_POINT('',(0.00601230136046641,-0.0452,0.0270952281199344));
#7502=CARTESIAN_POINT('',(0.00674357024841776,-0.0452,0.0270952281199344));
#7503=CARTESIAN_POINT('',(0.00512560988012173,-0.0452,0.0258060033067725));
#7504=CARTESIAN_POINT('',(0.00512560988012173,-0.046,0.0258060033067725));
#7505=CARTESIAN_POINT('',(0.00512560988012173,-0.0452,0.026199591454416));
#7506=CARTESIAN_POINT('',(0.00512560988012173,-0.046,0.026199591454416));
#7507=CARTESIAN_POINT('',(0.00527339179351251,-0.0452,0.0265128592935205));
#7508=CARTESIAN_POINT('',(0.00527339179351251,-0.046,0.0265128592935205));
#7509=CARTESIAN_POINT('',(0.00556895562029407,-0.0452,0.0267458068240861));
#7510=CARTESIAN_POINT('',(0.00556895562029407,-0.046,0.0267458068240861));
#7511=CARTESIAN_POINT('',(0.00512560988012173,-0.0452,0.0258060033067725));
#7512=CARTESIAN_POINT('',(0.00512560988012173,-0.0452,0.0258060033067725));
#7513=CARTESIAN_POINT('',(0.00512560988012173,-0.0452,0.0258060033067725));
#7514=CARTESIAN_POINT('',(0.00512560988012173,-0.0452,0.0263963855282378));
#7515=CARTESIAN_POINT('',(0.00556895562029407,-0.0452,0.0267458068240861));
#7516=CARTESIAN_POINT('',(0.00543142339824818,-0.0452,0.0248941534931267));
#7517=CARTESIAN_POINT('',(0.00543142339824818,-0.046,0.0248941534931267));
#7518=CARTESIAN_POINT('',(0.00522754771949721,-0.0452,0.0251271010236922));
#7519=CARTESIAN_POINT('',(0.00522754771949721,-0.046,0.0251271010236922));
#7520=CARTESIAN_POINT('',(0.00512560988012173,-0.0452,0.0254310509615742));
#7521=CARTESIAN_POINT('',(0.00512560988012173,-0.046,0.0254310509615742));
#7522=CARTESIAN_POINT('',(0.00512560988012173,-0.0452,0.0258060033067725));
#7523=CARTESIAN_POINT('',(0.00512560988012173,-0.046,0.0258060033067725));
#7524=CARTESIAN_POINT('',(0.00543142339824818,-0.0452,0.0248941534931267));
#7525=CARTESIAN_POINT('',(0.00543142339824818,-0.0452,0.0248941534931267));
#7526=CARTESIAN_POINT('',(0.00543142339824818,-0.0452,0.0248941534931267));
#7527=CARTESIAN_POINT('',(0.00512560988012173,-0.0452,0.025243574788975));
#7528=CARTESIAN_POINT('',(0.00512560988012173,-0.0452,0.0258060033067725));
#7529=CARTESIAN_POINT('',(0.00644949728583182,-0.0452,0.0242897944198274));
#7530=CARTESIAN_POINT('',(0.00644949728583182,-0.046,0.0242897944198274));
#7531=CARTESIAN_POINT('',(0.00597465703952702,-0.0452,0.0244597529381281));
#7532=CARTESIAN_POINT('',(0.00597465703952702,-0.046,0.0244597529381281));
#7533=CARTESIAN_POINT('',(0.00563529907699914,-0.0452,0.0246612059625612));
#7534=CARTESIAN_POINT('',(0.00563529907699914,-0.046,0.0246612059625612));
#7535=CARTESIAN_POINT('',(0.00543142339824818,-0.0452,0.0248941534931267));
#7536=CARTESIAN_POINT('',(0.00543142339824818,-0.046,0.0248941534931267));
#7537=CARTESIAN_POINT('',(0.00644949728583182,-0.0452,0.0242897944198274));
#7538=CARTESIAN_POINT('',(0.00644949728583182,-0.0452,0.0242897944198274));
#7539=CARTESIAN_POINT('',(0.00644949728583182,-0.0452,0.0242897944198274));
#7540=CARTESIAN_POINT('',(0.00573723691637462,-0.0452,0.0245447321972784));
#7541=CARTESIAN_POINT('',(0.00543142339824818,-0.0452,0.0248941534931267));
#7542=CARTESIAN_POINT('',(0.00720927895152439,-0.0452,0.0239649723832069));
#7543=CARTESIAN_POINT('',(0.00720927895152439,-0.046,0.0239649723832069));
#7544=CARTESIAN_POINT('',(0.00704267487766392,-0.0452,0.0240607604077754));
#7545=CARTESIAN_POINT('',(0.00704267487766392,-0.046,0.0240607604077754));
#7546=CARTESIAN_POINT('',(0.00678941432243306,-0.0452,0.0241690344199823));
#7547=CARTESIAN_POINT('',(0.00678941432243306,-0.046,0.0241690344199823));
#7548=CARTESIAN_POINT('',(0.00644949728583182,-0.0452,0.0242897944198274));
#7549=CARTESIAN_POINT('',(0.00644949728583182,-0.046,0.0242897944198274));
#7550=CARTESIAN_POINT('',(0.00720927895152439,-0.0452,0.0239649723832069));
#7551=CARTESIAN_POINT('',(0.00720927895152439,-0.0452,0.0239649723832069));
#7552=CARTESIAN_POINT('',(0.00720927895152439,-0.0452,0.0239649723832069));
#7553=CARTESIAN_POINT('',(0.00695937284073368,-0.0452,0.0241086544200597));
#7554=CARTESIAN_POINT('',(0.00644949728583182,-0.0452,0.0242897944198274));
#7555=CARTESIAN_POINT('',(0.00756596821032635,-0.0452,0.0236518909021268));
#7556=CARTESIAN_POINT('',(0.00756596821032635,-0.046,0.0236518909021268));
#7557=CARTESIAN_POINT('',(0.00749477944498552,-0.0452,0.023764823864945));
#7558=CARTESIAN_POINT('',(0.00749477944498552,-0.046,0.023764823864945));
#7559=CARTESIAN_POINT('',(0.00737588302538486,-0.0452,0.0238691843586383));
#7560=CARTESIAN_POINT('',(0.00737588302538486,-0.046,0.0238691843586383));
#7561=CARTESIAN_POINT('',(0.00720927895152439,-0.0452,0.0239649723832069));
#7562=CARTESIAN_POINT('',(0.00720927895152439,-0.046,0.0239649723832069));
#7563=CARTESIAN_POINT('',(0.00756596821032635,-0.0452,0.0236518909021268));
#7564=CARTESIAN_POINT('',(0.00756596821032635,-0.0452,0.0236518909021268));
#7565=CARTESIAN_POINT('',(0.00756596821032635,-0.0452,0.0236518909021268));
#7566=CARTESIAN_POINT('',(0.0074591850623151,-0.0452,0.023821290346354));
#7567=CARTESIAN_POINT('',(0.00720927895152439,-0.0452,0.0239649723832069));
#7568=CARTESIAN_POINT('',(0.00767275135833759,-0.0452,0.0232174903471281));
#7569=CARTESIAN_POINT('',(0.00767275135833759,-0.046,0.0232174903471281));
#7570=CARTESIAN_POINT('',(0.00767275135833759,-0.0452,0.023394157754309));
#7571=CARTESIAN_POINT('',(0.00767275135833759,-0.046,0.023394157754309));
#7572=CARTESIAN_POINT('',(0.00763715697566718,-0.0452,0.0235389579393086));
#7573=CARTESIAN_POINT('',(0.00763715697566718,-0.046,0.0235389579393086));
#7574=CARTESIAN_POINT('',(0.00756596821032635,-0.0452,0.0236518909021268));
#7575=CARTESIAN_POINT('',(0.00756596821032635,-0.046,0.0236518909021268));
#7576=CARTESIAN_POINT('',(0.00767275135833759,-0.0452,0.0232174903471281));
#7577=CARTESIAN_POINT('',(0.00767275135833759,-0.0452,0.0232174903471281));
#7578=CARTESIAN_POINT('',(0.00767275135833759,-0.0452,0.0232174903471281));
#7579=CARTESIAN_POINT('',(0.00767275135833759,-0.0452,0.0234824914578995));
#7580=CARTESIAN_POINT('',(0.00756596821032635,-0.0452,0.0236518909021268));
#7581=CARTESIAN_POINT('',(0.00737196950687137,-0.0452,0.0225896501627479));
#7582=CARTESIAN_POINT('',(0.00737196950687137,-0.046,0.0225896501627479));
#7583=CARTESIAN_POINT('',(0.00757249074118218,-0.0452,0.0227398547304566));
#7584=CARTESIAN_POINT('',(0.00757249074118218,-0.046,0.0227398547304566));
#7585=CARTESIAN_POINT('',(0.00767275135833759,-0.0452,0.0229491347919166));
#7586=CARTESIAN_POINT('',(0.00767275135833759,-0.046,0.0229491347919166));
#7587=CARTESIAN_POINT('',(0.00767275135833759,-0.0452,0.0232174903471281));
#7588=CARTESIAN_POINT('',(0.00767275135833759,-0.046,0.0232174903471281));
#7589=CARTESIAN_POINT('',(0.00737196950687137,-0.0452,0.0225896501627479));
#7590=CARTESIAN_POINT('',(0.00737196950687137,-0.0452,0.0225896501627479));
#7591=CARTESIAN_POINT('',(0.00737196950687137,-0.0452,0.0225896501627479));
#7592=CARTESIAN_POINT('',(0.00767275135833759,-0.0452,0.0228149570143109));
#7593=CARTESIAN_POINT('',(0.00767275135833759,-0.0452,0.0232174903471281));
#7594=CARTESIAN_POINT('',(0.00647745098949968,-0.0452,0.0223643433111849));
#7595=CARTESIAN_POINT('',(0.00647745098949968,-0.046,0.0223643433111849));
#7596=CARTESIAN_POINT('',(0.00687327543343665,-0.0452,0.0223643433111849));
#7597=CARTESIAN_POINT('',(0.00687327543343665,-0.046,0.0223643433111849));
#7598=CARTESIAN_POINT('',(0.00717144827256055,-0.0452,0.0224394455950392));
#7599=CARTESIAN_POINT('',(0.00717144827256055,-0.046,0.0224394455950392));
#7600=CARTESIAN_POINT('',(0.00737196950687137,-0.0452,0.0225896501627479));
#7601=CARTESIAN_POINT('',(0.00737196950687137,-0.046,0.0225896501627479));
#7602=CARTESIAN_POINT('',(0.00647745098949968,-0.0452,0.0223643433111849));
#7603=CARTESIAN_POINT('',(0.00647745098949968,-0.0452,0.0223643433111849));
#7604=CARTESIAN_POINT('',(0.00647745098949968,-0.0452,0.0223643433111849));
#7605=CARTESIAN_POINT('',(0.00707118765540514,-0.0452,0.0223643433111849));
#7606=CARTESIAN_POINT('',(0.00737196950687137,-0.0452,0.0225896501627479));
#7607=CARTESIAN_POINT('',(0.00648514728141857,-0.0452000000000004,0.0259509503018246));
#7608=CARTESIAN_POINT('',(0.00574394580525491,-0.0452,0.0224414955333082));
#7609=CARTESIAN_POINT('',(0.00574397559584244,-0.0452,0.0224416396638302));
#7610=CARTESIAN_POINT('',(0.00648514728141857,-0.0452,0.0259509503018246));
#7611=CARTESIAN_POINT('',(0.00649159189509021,-0.0452000000000004,0.0261309022454896));
#7612=CARTESIAN_POINT('',(0.00505852099131886,-0.0452,0.0226502717928595));
#7613=CARTESIAN_POINT('',(0.00505852099131886,-0.0452,0.0226502717928595));
#7614=CARTESIAN_POINT('',(0.00649159189509021,-0.0452,0.0261309022454896));
#7615=CARTESIAN_POINT('',(0.00505852099131886,-0.0452,0.0223643433111849));
#7616=CARTESIAN_POINT('',(0.00505852099131886,-0.0452,0.0220780973856259));
#7617=CARTESIAN_POINT('',(0.00505852099131886,-0.0452,0.0220780973856259));
#7618=CARTESIAN_POINT('',(0.00505852099131886,-0.0452,0.0223643433111849));
#7619=CARTESIAN_POINT('',(0.00645620617471211,-0.0452,0.0218432862748159));
#7620=CARTESIAN_POINT('',(0.00645620617471211,-0.046,0.0218432862748159));
#7621=CARTESIAN_POINT('',(0.0058509153112906,-0.0452,0.0218432862748159));
#7622=CARTESIAN_POINT('',(0.0058509153112906,-0.046,0.0218432862748159));
#7623=CARTESIAN_POINT('',(0.00538502025015952,-0.0452,0.0219215566450859));
#7624=CARTESIAN_POINT('',(0.00538502025015952,-0.046,0.0219215566450859));
#7625=CARTESIAN_POINT('',(0.00505852099131886,-0.0452,0.022078097385626));
#7626=CARTESIAN_POINT('',(0.00505852099131886,-0.046,0.022078097385626));
#7627=CARTESIAN_POINT('',(0.00645620617471211,-0.0452,0.0218432862748159));
#7628=CARTESIAN_POINT('',(0.00645620617471211,-0.0452,0.0218432862748159));
#7629=CARTESIAN_POINT('',(0.00645620617471211,-0.0452,0.0218432862748159));
#7630=CARTESIAN_POINT('',(0.00554826987957985,-0.0452,0.0218432862748159));
#7631=CARTESIAN_POINT('',(0.00505852099131886,-0.0452,0.022078097385626));
#7632=CARTESIAN_POINT('',(0.0077840070989357,-0.0452,0.0222212203484055));
#7633=CARTESIAN_POINT('',(0.0077840070989357,-0.046,0.0222212203484055));
#7634=CARTESIAN_POINT('',(0.00745788055614394,-0.0452,0.0219692642993457));
#7635=CARTESIAN_POINT('',(0.00745788055614394,-0.046,0.0219692642993457));
#7636=CARTESIAN_POINT('',(0.00701528024806941,-0.0452,0.0218432862748159));
#7637=CARTESIAN_POINT('',(0.00701528024806941,-0.046,0.0218432862748159));
#7638=CARTESIAN_POINT('',(0.00645620617471211,-0.0452,0.0218432862748159));
#7639=CARTESIAN_POINT('',(0.00645620617471211,-0.046,0.0218432862748159));
#7640=CARTESIAN_POINT('',(0.0077840070989357,-0.0452,0.0222212203484055));
#7641=CARTESIAN_POINT('',(0.00729481728474806,-0.0452,0.0218432862748159));
#7642=CARTESIAN_POINT('',(0.00645620617471211,-0.0452,0.0218432862748159));
#7643=CARTESIAN_POINT('',(4.85722573273506E-17,-0.0452,0.0159139608291145));
#7644=CARTESIAN_POINT('',(0.0043691826588693,-0.0452,0.0270225484903979));
#7645=CARTESIAN_POINT('',(0.00404995136298229,-0.0452,0.0270225484903979));
#7646=CARTESIAN_POINT('',(0.00404995136298229,-0.0452,0.0270225484903979));
#7647=CARTESIAN_POINT('',(0.0043691826588693,-0.0452,0.0270225484903979));
#7648=CARTESIAN_POINT('',(0.00468841395475632,-0.0452,0.0270225484903979));
#7649=CARTESIAN_POINT('',(0.00468841395475632,-0.0452,0.0270225484903979));
#7650=CARTESIAN_POINT('',(0.00346627803039727,-0.0452,0.0253799888628742));
#7651=CARTESIAN_POINT('',(0.00288260469781224,-0.0452,0.0237374292353505));
#7652=CARTESIAN_POINT('',(0.00288265104978679,-0.0452,0.023737412494492));
#7653=CARTESIAN_POINT('',(0.00346627803039727,-0.0452,0.0253799888628742));
#7654=CARTESIAN_POINT('',(0.0116745140462024,-0.0452000000000009,0.0205620713127538));
#7655=CARTESIAN_POINT('',(0.00255386914267815,-0.0452,0.0226092177553154));
#7656=CARTESIAN_POINT('',(0.00255387334205466,-0.0452,0.0226096597954879));
#7657=CARTESIAN_POINT('',(0.0116745140462024,-0.0452,0.0205620713127538));
#7658=CARTESIAN_POINT('',(-0.00653516980535036,-0.045200000000001,0.020572675837074));
#7659=CARTESIAN_POINT('',(0.00223296062457106,-0.0452,0.0237173025687096));
#7660=CARTESIAN_POINT('',(0.00223282722320067,-0.04520000025,0.0237172547252704));
#7661=CARTESIAN_POINT('',(-0.00653516980535036,-0.0452,0.020572675837074));
#7662=CARTESIAN_POINT('',(0.00164593284754589,-0.0452,0.0253699255295537));
#7663=CARTESIAN_POINT('',(0.00105890507052073,-0.0452,0.0270225484903979));
#7664=CARTESIAN_POINT('',(0.00105890507052073,-0.0452,0.0270225484903979));
#7665=CARTESIAN_POINT('',(0.00164593284754589,-0.0452,0.0253699255295537));
#7666=CARTESIAN_POINT('',(0.000744146367220567,-0.0452,0.0270225484903979));
#7667=CARTESIAN_POINT('',(0.000429387663920406,-0.0452,0.0270225484903979));
#7668=CARTESIAN_POINT('',(0.000429387663920406,-0.0452,0.0270225484903979));
#7669=CARTESIAN_POINT('',(0.000744146367220567,-0.0452,0.0270225484903979));
#7670=CARTESIAN_POINT('',(0.00134515099607966,-0.0452,0.0244681390492285));
#7671=CARTESIAN_POINT('',(0.00226091432823893,-0.0452,0.021913729608059));
#7672=CARTESIAN_POINT('',(0.00226091432823893,-0.0452,0.021913729608059));
#7673=CARTESIAN_POINT('',(0.00134515099607966,-0.0452,0.0244681390492285));
#7674=CARTESIAN_POINT('',(0.00255442821675151,-0.0452,0.021913729608059));
#7675=CARTESIAN_POINT('',(0.00284794210526409,-0.0452,0.021913729608059));
#7676=CARTESIAN_POINT('',(0.00284794210526409,-0.0452,0.021913729608059));
#7677=CARTESIAN_POINT('',(0.00255442821675151,-0.0452,0.021913729608059));
#7678=CARTESIAN_POINT('',(0.0037681780300102,-0.0452,0.0244681390492285));
#7679=CARTESIAN_POINT('',(0.0037681780300102,-0.0452,0.0244681390492285));
#7680=CARTESIAN_POINT('',(4.85722573273506E-17,-0.0452,0.0159139608291145));
#7681=CARTESIAN_POINT('',(-0.000611608260670886,-0.0452,0.021913729608059));
#7682=CARTESIAN_POINT('',(-0.000272809372216362,-0.0452,0.021913729608059));
#7683=CARTESIAN_POINT('',(-0.000272809372216362,-0.0452,0.021913729608059));
#7684=CARTESIAN_POINT('',(-0.000611608260670886,-0.0452,0.021913729608059));
#7685=CARTESIAN_POINT('',(-0.00095040714912541,-0.0452,0.021913729608059));
#7686=CARTESIAN_POINT('',(-0.00095040714912541,-0.0452,0.021913729608059));
#7687=CARTESIAN_POINT('',(-0.000272809372216362,-0.0452,0.0244681390492285));
#7688=CARTESIAN_POINT('',(-0.000272809372216362,-0.0452,0.0270225484903979));
#7689=CARTESIAN_POINT('',(-0.000272809372216362,-0.0452,0.0270225484903979));
#7690=CARTESIAN_POINT('',(-0.000272809372216362,-0.0452,0.0244681390492285));
#7691=CARTESIAN_POINT('',(-0.000550669186674941,-0.0452,0.0270225484903979));
#7692=CARTESIAN_POINT('',(-0.00082852900113352,-0.0452,0.0270225484903979));
#7693=CARTESIAN_POINT('',(-0.00082852900113352,-0.0452,0.0270225484903979));
#7694=CARTESIAN_POINT('',(-0.000550669186674941,-0.0452,0.0270225484903979));
#7695=CARTESIAN_POINT('',(-0.00082852900113352,-0.0452,0.0255566562700551));
#7696=CARTESIAN_POINT('',(-0.00082852900113352,-0.0452,0.0240907640497123));
#7697=CARTESIAN_POINT('',(-0.000828998061028367,-0.0452,0.0240907665762952));
#7698=CARTESIAN_POINT('',(-0.00082852900113352,-0.0452,0.0255566562700551));
#7699=CARTESIAN_POINT('',(0.0106133140524789,-0.0452000000000034,0.024029132761909));
#7700=CARTESIAN_POINT('',(-0.000810638630786086,-0.0452,0.0233583770136142));
#7701=CARTESIAN_POINT('',(-0.00081029912080772,-0.0452,0.023358397977475));
#7702=CARTESIAN_POINT('',(0.0106133140524789,-0.0452,0.024029132761909));
#7703=CARTESIAN_POINT('',(0.0537156694666939,-0.0452,0.0258337374301782));
#7704=CARTESIAN_POINT('',(-0.000779598199412395,-0.0452,0.0227523407180949));
#7705=CARTESIAN_POINT('',(-0.000779598199412396,-0.0452,0.0227523407180949));
#7706=CARTESIAN_POINT('',(0.0537156694666939,-0.0452,0.0258337374301782));
#7707=CARTESIAN_POINT('',(-0.000793307334512009,-0.0452,0.0227523407180949));
#7708=CARTESIAN_POINT('',(-0.000807284186345942,-0.0452,0.0227523407180949));
#7709=CARTESIAN_POINT('',(-0.000807284186345942,-0.0452,0.0227523407180949));
#7710=CARTESIAN_POINT('',(-0.000793307334512009,-0.0452,0.0227523407180949));
#7711=CARTESIAN_POINT('',(-0.00219993770307898,-0.0452,0.0248874446042464));
#7712=CARTESIAN_POINT('',(-0.00359259121981201,-0.0452,0.0270225484903979));
#7713=CARTESIAN_POINT('',(-0.00359259121981201,-0.0452,0.0270225484903979));
#7714=CARTESIAN_POINT('',(-0.00219993770307898,-0.0452,0.0248874446042464));
#7715=CARTESIAN_POINT('',(-0.00392803566382639,-0.0452,0.0270225484903979));
#7716=CARTESIAN_POINT('',(-0.00426348010784077,-0.0452,0.0270225484903979));
#7717=CARTESIAN_POINT('',(-0.00426348010784077,-0.0452,0.0270225484903979));
#7718=CARTESIAN_POINT('',(-0.00392803566382639,-0.0452,0.0270225484903979));
#7719=CARTESIAN_POINT('',(-0.00426348010784077,-0.0452,0.0244681390492285));
#7720=CARTESIAN_POINT('',(-0.00426348010784077,-0.0452,0.021913729608059));
#7721=CARTESIAN_POINT('',(-0.00426348010784077,-0.0452,0.021913729608059));
#7722=CARTESIAN_POINT('',(-0.00426348010784077,-0.0452,0.0244681390492285));
#7723=CARTESIAN_POINT('',(-0.00398897473782234,-0.0452,0.021913729608059));
#7724=CARTESIAN_POINT('',(-0.00371446936780391,-0.0452,0.021913729608059));
#7725=CARTESIAN_POINT('',(-0.00371446936780391,-0.0452,0.021913729608059));
#7726=CARTESIAN_POINT('',(-0.00398897473782234,-0.0452,0.021913729608059));
#7727=CARTESIAN_POINT('',(-0.00371446936780391,-0.0452,0.0233656449765678));
#7728=CARTESIAN_POINT('',(-0.00371446936780391,-0.0452,0.0248175603450768));
#7729=CARTESIAN_POINT('',(-0.00371426280271824,-0.0452,0.0248175612472835));
#7730=CARTESIAN_POINT('',(-0.00371446936780391,-0.0452,0.0233656449765678));
#7731=CARTESIAN_POINT('',(-0.0226254377464578,-0.0452000000000027,0.0247349636041694));
#7732=CARTESIAN_POINT('',(-0.00377076294787749,-0.0452,0.0262007096025627));
#7733=CARTESIAN_POINT('',(-0.00377037677513963,-0.0452,0.0262007096025627));
#7734=CARTESIAN_POINT('',(-0.0226254377464578,-0.0452,0.0247349636041694));
#7735=CARTESIAN_POINT('',(-0.00375639992330571,-0.0452,0.0262007096025627));
#7736=CARTESIAN_POINT('',(-0.00374242307147177,-0.0452,0.0262007096025627));
#7737=CARTESIAN_POINT('',(-0.00374242307147177,-0.0452,0.0262007096025627));
#7738=CARTESIAN_POINT('',(-0.00375639992330571,-0.0452,0.0262007096025627));
#7739=CARTESIAN_POINT('',(-0.00234641511029859,-0.0452,0.0240572196053108));
#7740=CARTESIAN_POINT('',(-0.00234641511029859,-0.0452,0.0240572196053108));
#7741=CARTESIAN_POINT('',(4.85722573273506E-17,-0.0452,0.0159139608291145));
#7742=CARTESIAN_POINT('',(-0.006819007697157,-0.0452,0.021913729608059));
#7743=CARTESIAN_POINT('',(-0.00539504603231595,-0.0452,0.021913729608059));
#7744=CARTESIAN_POINT('',(-0.00539504603231595,-0.0452,0.021913729608059));
#7745=CARTESIAN_POINT('',(-0.006819007697157,-0.0452,0.021913729608059));
#7746=CARTESIAN_POINT('',(-0.00824296936199804,-0.0452,0.021913729608059));
#7747=CARTESIAN_POINT('',(-0.00824296936199804,-0.0452,0.021913729608059));
#7748=CARTESIAN_POINT('',(-0.00539504603231595,-0.0452,0.0221792897929037));
#7749=CARTESIAN_POINT('',(-0.00539504603231595,-0.0452,0.0224448499777484));
#7750=CARTESIAN_POINT('',(-0.00539504603231595,-0.0452,0.0224448499777484));
#7751=CARTESIAN_POINT('',(-0.00539504603231595,-0.0452,0.0221792897929037));
#7752=CARTESIAN_POINT('',(-0.00652213936420427,-0.0452,0.0224448499777484));
#7753=CARTESIAN_POINT('',(-0.00764923269609259,-0.0452,0.0224448499777484));
#7754=CARTESIAN_POINT('',(-0.00764923269609259,-0.0452,0.0224448499777484));
#7755=CARTESIAN_POINT('',(-0.00652213936420427,-0.0452,0.0224448499777484));
#7756=CARTESIAN_POINT('',(-0.00764923269609259,-0.0452,0.023384653495062));
#7757=CARTESIAN_POINT('',(-0.00764923269609259,-0.0452,0.0243244570123756));
#7758=CARTESIAN_POINT('',(-0.00764923269609259,-0.0452,0.0243244570123756));
#7759=CARTESIAN_POINT('',(-0.00764923269609259,-0.0452,0.023384653495062));
#7760=CARTESIAN_POINT('',(-0.00659034640115386,-0.0452,0.0243244570123756));
#7761=CARTESIAN_POINT('',(-0.00553146010621513,-0.0452,0.0243244570123756));
#7762=CARTESIAN_POINT('',(-0.00553146010621513,-0.0452,0.0243244570123756));
#7763=CARTESIAN_POINT('',(-0.00659034640115386,-0.0452,0.0243244570123756));
#7764=CARTESIAN_POINT('',(-0.00553146010621513,-0.0452,0.0245866627527802));
#7765=CARTESIAN_POINT('',(-0.00553146010621513,-0.0452,0.0248488684931848));
#7766=CARTESIAN_POINT('',(-0.00553146010621513,-0.0452,0.0248488684931848));
#7767=CARTESIAN_POINT('',(-0.00553146010621513,-0.0452,0.0245866627527802));
#7768=CARTESIAN_POINT('',(-0.00659034640115386,-0.0452,0.0248488684931848));
#7769=CARTESIAN_POINT('',(-0.00764923269609259,-0.0452,0.0248488684931848));
#7770=CARTESIAN_POINT('',(-0.00764923269609259,-0.0452,0.0248488684931848));
#7771=CARTESIAN_POINT('',(-0.00659034640115386,-0.0452,0.0248488684931848));
#7772=CARTESIAN_POINT('',(-0.00764923269609259,-0.0452,0.0256718255291667));
#7773=CARTESIAN_POINT('',(-0.00764923269609259,-0.0452,0.0264947825651487));
#7774=CARTESIAN_POINT('',(-0.00764923269609259,-0.0452,0.0264947825651487));
#7775=CARTESIAN_POINT('',(-0.00764923269609259,-0.0452,0.0256718255291667));
#7776=CARTESIAN_POINT('',(-0.00652213936420427,-0.0452,0.0264947825651487));
#7777=CARTESIAN_POINT('',(-0.00539504603231595,-0.0452,0.0264947825651487));
#7778=CARTESIAN_POINT('',(-0.00539504603231595,-0.0452,0.0264947825651487));
#7779=CARTESIAN_POINT('',(-0.00652213936420427,-0.0452,0.0264947825651487));
#7780=CARTESIAN_POINT('',(-0.00539504603231595,-0.0452,0.0267586655277733));
#7781=CARTESIAN_POINT('',(-0.00539504603231595,-0.0452,0.0270225484903979));
#7782=CARTESIAN_POINT('',(-0.00539504603231595,-0.0452,0.0270225484903979));
#7783=CARTESIAN_POINT('',(-0.00539504603231595,-0.0452,0.0267586655277733));
#7784=CARTESIAN_POINT('',(-0.006819007697157,-0.0452,0.0270225484903979));
#7785=CARTESIAN_POINT('',(-0.00824296936199804,-0.0452,0.0270225484903979));
#7786=CARTESIAN_POINT('',(-0.00824296936199804,-0.0452,0.0270225484903979));
#7787=CARTESIAN_POINT('',(-0.006819007697157,-0.0452,0.0270225484903979));
#7788=CARTESIAN_POINT('',(-0.00824296936199804,-0.0452,0.0244681390492285));
#7789=CARTESIAN_POINT('',(-0.00824296936199804,-0.0452,0.0244681390492285));
#7790=CARTESIAN_POINT('',(4.85722573273506E-17,-0.0452,0.0159139608291145));
#7791=MECHANICAL_DESIGN_GEOMETRIC_PRESENTATION_REPRESENTATION('',(#4528),
#7792);
#7792=(
GEOMETRIC_REPRESENTATION_CONTEXT(3)
GLOBAL_UNCERTAINTY_ASSIGNED_CONTEXT((#7793))
GLOBAL_UNIT_ASSIGNED_CONTEXT((#7796,#7795,#7794))
REPRESENTATION_CONTEXT('Part 1','TOP_LEVEL_ASSEMBLY_PART')
);
#7793=UNCERTAINTY_MEASURE_WITH_UNIT(LENGTH_MEASURE(2.E-5),#7796,
'DISTANCE_ACCURACY_VALUE','Maximum Tolerance applied to model');
#7794=(
NAMED_UNIT(*)
SI_UNIT($,.STERADIAN.)
SOLID_ANGLE_UNIT()
);
#7795=(
NAMED_UNIT(*)
PLANE_ANGLE_UNIT()
SI_UNIT($,.RADIAN.)
);
#7796=(
LENGTH_UNIT()
NAMED_UNIT(*)
SI_UNIT($,.METRE.)
);
#7797=PRODUCT_DEFINITION_SHAPE('','',#7798);
#7798=PRODUCT_DEFINITION('','',#7800,#7799);
#7799=PRODUCT_DEFINITION_CONTEXT('',#7806,'design');
#7800=PRODUCT_DEFINITION_FORMATION_WITH_SPECIFIED_SOURCE('','',#7802,
 .NOT_KNOWN.);
#7801=PRODUCT_RELATED_PRODUCT_CATEGORY('','',(#7802));
#7802=PRODUCT('Part 1','Part 1','Part 1',(#7804));
#7803=PRODUCT_CATEGORY('','');
#7804=PRODUCT_CONTEXT('',#7806,'mechanical');
#7805=APPLICATION_PROTOCOL_DEFINITION('international standard',
'ap242_managed_model_based_3d_engineering',2020,#7806);
#7806=APPLICATION_CONTEXT('managed model based 3d engineering');
ENDSEC;
END-ISO-10303-21;
